smiles,label,prediction,score
Nc1cccc([N+](=O)[O-])c1CO,0,0,0.2807184312096713
O=[N+]([O-])c1cccc(O)c1[N+](=O)[O-],1,1,0.814737316392002
Cc1cc(Cl)ccc1O,0,0,0.005560799441175578
CNC(=O)Oc1ccccc1OC(C)C,1,1,0.8580092890648311
Cc1cc([N+](=O)[O-])cc([N+](=O)[O-])c1C,0,0,0.3856750347958703
Nc1ccc(Cl)cc1Cl,1,0,0.4556803333388113
Cc1cccc([N+](=O)[O-])c1C,1,1,0.9484699066432107
O=[N+]([O-])c1ccccc1SSC(F)=C(Cl)Cl,1,1,0.9731402633554465
CN(Cc1ccc(F)cc1)N=O,1,1,0.9634787571375912
Clc1cccc(Cl)c1Cl,0,0,0.006894922017085474
N#Cc1cc(I)c(O)c([N+](=O)[O-])c1,0,0,0.0522314504180625
OCCOc1ccccc1,0,0,0.022624538649307174
CC(C)OC(=O)COc1ccc(Cl)cc1Cl,0,0,0.010174805671635583
CCCCCCOC(=O)c1ccccc1,0,0,0.010798812196713343
CC(C)C(=O)Nc1ccccc1,0,0,0.04413558079756807
Nc1cc(Cl)c(N)c(Cl)c1,1,1,0.9140264466495541
Nc1cc(Cl)ccc1Cl,0,0,0.16385388654137248
Cc1ccc([N+](=O)[O-])cc1NO,0,0,0.09110409302051614
Cc1c(C)c(Br)c(Br)c(Br)c1Br,0,0,0.01677004927604858
O=CN(O)c1ccccc1,0,0,0.0569730237463251
Nc1cc([N+](=O)[O-])cc(Cl)c1O,1,1,0.9791118626898853
O=[N+]([O-])c1cccc(O)c1,1,1,0.689213010567465
O=NN(O)c1ccccc1,1,1,0.9668435523046861
CCOc1ccc(N)cc1,1,1,0.9333546541967035
CON(C)C(=O)Nc1ccc(Br)cc1,0,0,0.0760112731095538
Nc1ccc([N+](=O)[O-])cc1Cl,1,1,0.9935811959978988
Nc1cccc(O)c1,1,1,0.8532534336503049
C[C@@H](O)c1ccccc1,0,0,0.0018562040974101275
COP(=S)(OC)Oc1ccc([N+](=O)[O-])cc1,1,1,0.9119611784217058
CCOS(=O)(=O)c1ccccc1,1,1,0.9560420854073642
O=[N+]([O-])c1cc([N+](=O)[O-])c(Cl)c([N+](=O)[O-])c1,1,1,0.989292436684715
CCO[P@](=S)(CC)Sc1ccccc1,0,0,0.005887154291340189
Nc1ccc([N+](=O)[O-])c(N)c1,1,1,0.9928552533597325
O=[N+]([O-])c1cccc([N+](=O)[O-])c1,1,1,0.9934764985787773
Cc1ccccc1C(=O)O,0,0,0.002023741880848717
Brc1ccccc1,0,0,0.036647566175570974
Cc1cc(N)c(S(=O)(=O)O)cc1Cl,0,0,0.2778128481418012
Nc1ccc(O)c(N)c1,1,1,0.9529261210834563
O=C/C=C/c1ccccc1[N+](=O)[O-],1,1,0.9730322864372803
O=[N+]([O-])c1ccc(I)c([N+](=O)[O-])c1,1,1,0.9730295408383567
Cc1cccc(O)c1N,0,0,0.3694576334055256
Cc1c(N)ccc(N)c1C,0,0,0.27484961000110375
O=C(O)c1ccccc1,0,0,0.006894922017085475
CCCCCCCCCCCCCOC(=O)c1ccccc1C(=O)OCCCCCCCCCCCCC,0,0,0.008759846831208168
Cc1cc(Cl)ccc1OCC(=O)O,0,0,0.012290836769837488
CC(CN=[N+]=[N-])c1ccccc1,1,1,0.974742519550676
Cc1cc(N)c(C)c([N+](=O)[O-])c1N,1,1,0.7239799126706116
CN(C)C(=O)Nc1ccc(Cl)cc1,0,0,0.05476388047477854
Cc1ccccc1C=O,0,0,0.011137336654362036
COc1cc(F)ccc1[N+](=O)[O-],1,1,0.9640024302038311
CCC(=O)OCc1cccc([N+](=O)[O-])c1,0,0,0.05161784111087658
CC(C)(C)C(Br)C(=O)Nc1ccccc1,0,0,0.049964020090590255
Cc1cc(Cl)ccc1O[C@H](C)C(=O)O,0,0,0.004799781243080222
Cc1cc([N+](=O)[O-])ccc1[N+](=O)[O-],1,1,0.9987412685652824
CCc1cc(C(C)(C)C)c(O)c(C(C)(C)C)c1,0,0,0.00448214710962818
Cc1cccc(NO)c1C,1,1,0.9958199208968299
Oc1cc(Cl)c(Cl)cc1Cl,0,0,0.0021825589475747372
Nc1ccccc1C(F)(F)F,0,0,0.013513483465611797
CC(=O)c1ccc(Cl)c(Cl)c1Cl,1,1,0.9131581872725272
COc1cc(N)ccc1NC(C)=O,1,1,0.9675604721978568
CC(=O)Oc1ccc(CO)cc1,0,0,0.028956427221048794
Cc1ccccc1N,1,1,0.8618592802244073
O=C(O)Cc1ccc([N+](=O)[O-])cc1,1,1,0.8146199825460029
CC(=O)c1cc(NC(N)=O)ccc1OC[C@H](O)CNC(C)(C)C,1,1,0.9370273501772741
CCOP(=O)(NC(C)CC)Oc1cc(C)ccc1[N+](=O)[O-],0,0,0.08653958422355335
NCCc1cc(O)c(O)cc1O,1,1,0.9508349725574868
O=C(O)COc1ccccc1,0,0,0.014681411269987213
CCNc1ccccc1,0,0,0.03938059394740633
O=[N+]([O-])c1ccccc1Br,1,1,0.9683517751773921
O=C(NO)c1ccccc1O,1,1,0.9185803158989821
Nc1c(O)cccc1[N+](=O)[O-],0,0,0.10093284704757481
COc1c(N)cc(C)c(N)c1C,0,0,0.09249240722805831
N#Cc1ccc(CCl)cc1,0,0,0.0332319419226533
COC(=O)c1ccccc1,0,0,0.017460488591634606
CN(Cc1cccc(C(F)(F)F)c1)N=O,1,1,0.9206103448644537
CCCCOc1ccc(N=O)cc1,1,1,0.9801000429706908
Cc1cc(S(=O)(=O)O)c(N)cc1Cl,1,1,0.5763412021191361
CCCCCc1cc(O)cc(O)c1,0,0,0.015594743766864703
O=Cc1cccc(Cl)c1Cl,0,0,0.012468806135256907
CCOc1ccc(NC(N)=O)cc1,0,0,0.062410693111421785
Cc1ccc([N+](=O)[O-])cc1C(=O)O,1,1,0.9939914509283043
Nc1ccc(CO)c([N+](=O)[O-])c1,1,1,0.8279342673722556
COP(=S)(OC)Oc1ccc(N)c(C)c1,1,1,0.9323561458650391
O=CN(O)c1ccc(Cl)c(Cl)c1,0,0,0.031236427938162503
COc1ccc(C=O)cc1,0,0,0.02918445816095586
Cc1ccc(C=O)cc1,0,0,0.004528291718304775
COP(=O)(OC)O/C(=C\Cl)c1cc(Cl)c(Cl)cc1Cl,0,0,0.025300075160973344
N#[N+]c1ccc([N+](=O)[O-])cc1,1,1,0.9392701620409981
Cc1ccc([N+](=O)[O-])cc1S(=O)(=O)O,0,0,0.02055770603695423
O=[N+]([O-])c1cccc(S(=O)(=O)O)c1,0,0,0.003996975192737551
COc1ccc(O)c(C(C)(C)C)c1,0,0,0.0050199664031392935
O=C(O)Cc1ccc(O)c(O)c1,1,1,0.815391738058206
CCc1ccccc1O,0,0,0.011289136665789744
CCc1cccc(CC)c1NC(=O)CO,1,1,0.8706125923605305
O=C(CNC(=O)c1ccccc1)NO,1,1,0.9322109109313678
N#Cc1ccccc1C#N,0,0,0.01317110933503424
CC(C)C(=O)N(O)c1ccc(Cl)cc1,1,1,0.8836237588590754
CC(=O)NNc1ccccc1,1,1,0.9271961159947018
O=C(O)CCC(=O)Nc1cc(Cl)cc(Cl)c1,0,0,0.006424973584851301
Cc1cc(Cl)ccc1/N=C/N(C)C,0,0,0.0647657070985337
CN(C)N=Nc1ccc(C(=O)O)cc1,0,0,0.0729441639814611
ClC(Cl)(Cl)c1ccccc1,1,1,0.9301528741801599
Cc1c(N=O)cccc1[N+](=O)[O-],0,0,0.23467600194455837
Cc1cccc(N)c1,0,0,0.2691912432170812
Nc1ccc(Cl)c(C(F)(F)F)c1,0,0,0.006689960341682859
Cc1ccc(C#N)cc1,0,0,0.005912408575820129
Cc1ccc(NC(=O)CBr)cc1,0,0,0.090964962496219
COc1ccc(CNC(=O)C(C)Br)cc1OC,1,1,0.9460109044707002
CN(C)S(=O)(=O)N(SC(F)(Cl)Cl)c1ccccc1,0,0,0.06519676327347677
CC(=O)c1cccc([N+](=O)[O-])c1,1,1,0.9291192490672567
Oc1cccc(Cl)c1,0,0,0.0023161217298208166
NC(=S)Nc1ccccc1,0,0,0.06725840896955496
O=[N+]([O-])c1ccccc1CBr,0,0,0.10601568871454127
[N-]=[N+]=NC(c1ccccc1)C(O)CO,1,1,0.9695194739824193
Cc1cccc(O)c1,0,0,0.0026633669041820794
CCCC(=O)OCc1ccccc1[N+](=O)[O-],0,0,0.042021213228133215
BrCc1ccccc1,1,1,0.8031183496224743
Cc1ccccc1C(=O)Cl,1,1,0.9921903740519193
NCc1cccc(CN)c1,0,0,0.017009267461045766
CC(C)CCOC(=O)/C=C\c1ccccc1,0,0,0.024386347650496708
FC(F)(F)c1ccccc1Cl,0,0,0.004267668921756504
Cc1ccc(S(=O)(=O)NN)cc1,1,1,0.9133598392547889
CCCON(OC(C)=O)C(=O)c1ccccc1,1,1,0.9918640192017545
Cc1ccccc1S(N)(=O)=O,0,0,0.04191599297162847
CC(=O)c1ccccc1,0,0,0.03399910111499608
O=[N+]([O-])c1ccc(Cl)c([N+](=O)[O-])c1,1,1,0.9905511681194326
C=CCc1ccc(O)c(O)c1,1,1,0.811756766574532
N[C@H](Cc1ccc(O)c(O)c1)C(=O)O,1,1,0.9371158535341407
Oc1ccccc1,0,0,0.0217869618020155
Cc1c([N+](=O)[O-])c(C)c([N+](=O)[O-])c(C(C)(C)C)c1[N+](=O)[O-],0,0,0.03461035180798125
Cc1ccc(N)c(C)c1,1,1,0.9935933656053829
CC(=O)N(O)c1ccc(Cl)cc1,0,0,0.017726794145479556
CC(C)(C)NCC(O)c1cc(Cl)c(N)c(C(F)(F)F)c1,0,0,0.03932536797250703
Oc1ccc(O)cc1,0,0,0.007292161473052196
N#Cc1ccc(CO)cc1,0,0,0.0067513284350159105
O=[N+]([O-])/C=C/c1ccccc1,1,1,0.9330617747761756
CCCNc1c([N+](=O)[O-])ccc(Cl)c1C(=O)O,0,0,0.06952445727666222
Cc1ccc(C(=O)O)cc1[N+](=O)[O-],1,1,0.99783061823333
O=C(O)/C=C/c1ccc(Cl)cc1,0,0,0.0254593331425039
CCc1ccc([N+](=O)[O-])cc1,0,0,0.08724255786566425
CC(=O)Nc1ccccc1,0,0,0.036190274477940314
CCc1c(Br)c(Br)c(Br)c(Br)c1Br,0,0,0.010668698305238781
CCCCOC(=O)c1ccccc1C(=O)OCCCC,0,0,0.014097447367799503
CC(C)CC(NC(=O)C(Cc1ccccc1)NC(=O)CNC(=O)CN)C(=O)O,0,0,0.023442560980452297
COc1cccc(N)c1,1,1,0.9806350007689988
CCCCC(CC)COC(=O)COc1ccc(Cl)cc1Cl,0,0,0.0056696222262961424
O=C(O)c1ccccc1O,0,0,0.008410890791578647
CN(C)c1ccc(N=O)cc1,1,1,0.9624566809967015
CN(C)N=Nc1ccc(Br)cc1,1,1,0.9682190181294533
COP(=O)(OC)Oc1ccc([N+](=O)[O-])c(C)c1,1,1,0.9657367769103228
CCc1ccccc1,0,0,0.02296825579178884
N#Cc1cc([N+](=O)[O-])ccc1N,1,1,0.9811893831815944
Cc1cccc(N)c1N,1,1,0.9822589832168288
O=C(O)CCc1ccccc1,0,0,0.01137972222172868
Cc1ccc([N+](=O)[O-])c(N)c1,0,0,0.31155084951211953
Cc1cccc(C)c1O,0,0,0.06859749753101313
C=Cc1ccc(OC)cc1,0,0,0.01940420592147878
Cc1cccc(N)c1C,1,1,0.9798282486829353
O=[N+]([O-])c1ccc(O)cc1[N+](=O)[O-],1,1,0.8725797530444582
Cc1ccccc1C#N,0,0,0.0031023942123961142
FC(F)(F)c1cccc(Cl)c1,0,0,0.002023741880848717
CC(C)c1cc(N)cc([N+](=O)[O-])c1N,0,0,0.27784669810067997
O=C(Cl)c1cccc([N+](=O)[O-])c1,1,1,0.9945040159373355
C=CCc1ccc(OC)cc1,0,0,0.034753859045088736
COP(=S)(OC)Oc1ccc(N=O)c(C)c1,1,1,0.9336576632682808
CN(C)N=Nc1ccc(Cl)cc1,1,1,0.9584056385276211
O=C(O)c1ccccc1Cl,0,0,0.0021825589475747372
Nc1ccccc1,0,0,0.10386927398747797
CCOc1ccccc1C(N)=O,0,0,0.03776062865455722
CS(=O)c1ccc(Cl)cc1,0,0,0.04017082960810757
CCOP(=O)(NC(C)C)Oc1ccccc1C(=O)OC(C)C,1,1,0.8323225792813909
C=CCc1ccc(O)cc1,0,0,0.03593662140018916
O=C(Cl)Cc1ccccc1,1,1,0.9408246319648403
CCN(CC)C(=O)Cc1ccccc1,0,0,0.013953853785729936
NC(=O)c1ccccc1C(N)=O,0,0,0.036356897191867125
O=C(CBr)c1ccccc1,0,0,0.05713783649749461
Cc1ccccc1NO,1,1,0.9901854761915153
Cc1ccc(Cl)cc1[N+](=O)[O-],0,0,0.11860771767493629
COc1cc(/C=C/C(=O)O)ccc1O,0,0,0.027230257874005147
FC(F)(F)c1ccc(Cl)cc1,0,0,0.002483659513259405
O=[N+]([O-])c1ccc(Cl)cc1Cl,1,1,0.911718682533332
CCCCCCCCCCCCc1ccccc1,0,0,0.02982928194878989
CCc1cccc(CC)c1N(COC)C(=O)CO,0,0,0.06172444820051826
Cc1cccc(C(=O)O)c1,0,0,0.004771513214075108
COc1ccccc1NCSC,1,1,0.9280826527335581
O=Cc1cccc(Cl)c1,0,0,0.01245187178533219
C/C=C/c1cc(OC)c(OC)cc1OC,1,1,0.9178552977874714
CC(C)COC(=O)c1ccccc1N,0,0,0.019620462267500912
O=[N+]([O-])c1cccc(Cl)c1,0,0,0.33511760693640996
Cc1ccc(C(=O)O)cc1N,1,1,0.87573182828115
Oc1ccc(Cl)cc1,0,0,0.005536059444050063
ONc1ccc(Cl)cc1,0,0,0.07855880737717101
O=CC(=O)c1ccccc1,1,1,0.8375913320587878
COC(=O)C(N)Cc1ccc(Cl)cc1,0,0,0.04339977675130545
O=[N+]([O-])c1cc(Cl)c(Cl)c(Cl)c1,1,1,0.9426672159539022
COC(=O)/C(C#N)=C/c1ccccc1Br,0,0,0.045749906411111964
COc1ccc(N)c(C)c1,1,1,0.9950044113388825
C=Cc1ccccc1,1,1,0.7651693569024437
O=C(O)c1ccc([N+](=O)[O-])c([N+](=O)[O-])c1,1,1,0.9881054357227542
Cc1cccc(CN(C)N=O)c1,1,1,0.7324425340764898
CCCCN(CC(CO)OCc1ccccc1)N=O,1,1,0.8979293115526703
Nc1ccc(C(=O)O)cc1,0,0,0.03809341177592952
O=C(O)/C=C/c1ccccc1,0,0,0.029651713365527816
N#Cc1cccc([N+](=O)[O-])c1,1,1,0.630741218807427
Cc1c(NO)cc([N+](=O)[O-])cc1[N+](=O)[O-],1,1,0.9803649272850625
CCN(CC)c1ccc([N+](=O)[O-])cc1,1,1,0.962588330593159
CCCCON(OC(C)=O)C(=O)c1ccc(C(C)(C)C)cc1,1,1,0.9536898097360434
CCCCC(CC)COC(=O)c1ccccc1C(=O)OCC(CC)CCCC,0,0,0.0004599176324106887
O=C(O)CC(NC(=O)COc1cc(Cl)c(Cl)cc1Cl)C(=O)O,0,0,0.003941314071591895
N#Cc1c(Cl)cccc1Cl,0,0,0.018643615665775767
Cc1ccc(NCCO)cc1O,0,0,0.0766574800419391
OCc1ccc(C(F)(F)F)cc1,0,0,0.02125433519333736
CNc1ccccc1,0,0,0.04843718458786989
Cl/C=C(/Cl)SCc1ccccc1,1,1,0.9319425777262242
Clc1cc(Cl)c(Cl)c(Cl)c1,0,0,0.004942064742038869
O=[N+]([O-])c1cccc(I)c1,0,0,0.12413764220440665
CCOc1ccc(NC(C)=O)cc1[N+](=O)[O-],1,1,0.9443198214027082
COC(=O)c1ccc(C(=O)OC)cc1,0,0,0.0168451785683787
CNC(C)C(O)c1ccccc1,0,0,0.0006187346991367092
NNc1ccccc1[N+](=O)[O-],1,1,0.968162378504797
Cc1c(N)cccc1Cl,0,0,0.042940568569689155
NON(N=O)c1ccccc1,1,1,0.9568706890994514
N=C(N)NNc1ccc(N=NC(N)=S)cc1,1,1,0.9278283806727031
NC(Cc1ccc(N(CCCl)CCCl)cc1)C(=O)O,1,1,0.9876260632819599
CCCCCCCCCCCCCC[N+](C)(C)Cc1ccccc1,0,0,0.006568567166920864
CC(C)CCCCCOC(=O)COc1ccc(Cl)cc1Cl,0,0,0.0038799459782588443
O=[N+]([O-])c1c(Cl)cc(Cl)cc1Cl,0,0,0.13789944603304338
Cc1cccc(C(=O)Cl)c1,1,1,0.9853023249094316
O=C(O)CCC(=O)Nc1ccc(Cl)cc1,0,0,0.018231553507309928
OCc1ccc(Cl)cc1,0,0,0.003913920979451354
O=S(=O)(O)c1ccccc1,0,0,0.03892463949312158
N=C(N)NS(=O)(=O)c1ccc(N)cc1,0,0,0.04048275676937221
ONc1ccc(Cl)c(Cl)c1,0,0,0.04978335749750859
CCCC[C@@H](CC)COC(=O)c1ccccc1C(=O)OC[C@H](CC)CCCC,0,0,0.0004599176324106887
CC(=O)Oc1ccccc1C(=O)O,0,0,0.02139226193586673
COc1cc([N+](=O)[O-])ccc1N,1,1,0.9865355729225287
Clc1cccc(Br)c1,0,0,0.007162047581577634
CC(C)c1ccccc1,0,0,0.01860971980569133
CCCCCCOC(=O)c1ccccc1C(=O)OCCCCCC,0,0,0.00655639755943678
O=[N+]([O-])c1cc(C(F)(F)F)ccc1Cl,0,0,0.03098968561436657
Cc1ccc(N)cc1,1,1,0.8530291295475289
O=[N+]([O-])c1ccc(O)c([N+](=O)[O-])c1,0,0,0.2548109294812403
Clc1ccc(C(Cl)(Cl)Cl)cc1,1,1,0.9526340266017699
CCN(CC)c1ccc(N=O)c(O)c1,0,0,0.1264340084860827
CNCC(O)c1cccc(O)c1,0,0,0.0057448707923815415
CSc1cc(SC)c(N)c(C)c1N,1,1,0.9411625339241163
CCN(N)c1ccccc1,1,1,0.9079827645258061
Cc1cc(C)cc(C)c1,0,0,0.07006792628157682
COP(=S)(NC(C)C)Oc1ccccc1C(=O)OC(C)C,0,0,0.04795815478941302
O=[N+]([O-])c1ccccc1Cl,1,1,0.8679177405309438
Nc1cc([N+](=O)[O-])ccc1O,1,1,0.9749973695499559
Cc1ccc(N)cc1N,1,1,0.9698786763674009
N/C(=N\OS(=O)(=O)O)c1ccccc1,0,0,0.06744382333266503
O=C(CBr)c1ccc(Br)cc1,0,0,0.07128237647227571
CC(=O)OCc1ccc([N+](=O)[O-])cc1,1,1,0.8363923749193745
Clc1ccccc1Cl,0,0,0.007074629408008148
CCc1cccc(CC)c1NC(C)=O,0,0,0.05868961041220387
O=[N+]([O-])c1ccc(S(=O)(=O)O)c([N+](=O)[O-])c1,0,0,0.04766399101373223
CC(O)c1ccccc1,0,0,0.0018562040974101275
CCCCNC(=O)NS(=O)(=O)c1ccc(C)cc1,0,0,0.014153622776299585
Fc1ccccc1,1,1,0.8133287867063171
O=C(O)c1ccc(Cl)cc1Cl,0,0,0.0004599176324106887
OCCCc1ccccc1,0,0,0.007534547040418838
COc1ccc(N)cc1N,1,1,0.9887679276900717
ClCc1cccc(CCl)c1,0,0,0.016721165227394866
CC(C)CC(NC(=O)COc1ccc(Cl)cc1Cl)C(=O)O,0,0,0.008805991439884765
Cc1ccc(O)c(N)c1,1,1,0.913138745069952
Cc1cc(N)ccc1N,1,1,0.9396863123288844
C/C=C/c1cc(OC)ccc1OC,0,0,0.11965564596984676
Nc1c(Cl)cc([N+](=O)[O-])cc1[N+](=O)[O-],1,1,0.9847473689454754
N#Cc1ccccc1,0,0,0.027708927022951895
CCOc1ccccc1N,0,0,0.29323789924062293
CCOP(=O)(OCC)O/C(=C\Br)c1ccc(Cl)cc1Cl,0,0,0.016210424588829042
Nc1ccc(O)cc1,0,0,0.28141677609557975
O=C(CCl)c1ccccc1,0,0,0.07368814152828865
ClCc1ccc(Cl)cc1,0,0,0.024379765741444737
O=[N+]([O-])c1cccc([N+](=O)[O-])c1CO,0,0,0.21183842418523452
CCCCCCCCCCCCCCCCCC[N+](C)(C)Cc1ccccc1,0,0,0.002483659513259405
CC(=O)Nc1cccc(N)c1,1,1,0.974378330087839
O=C/C=C/C=C/c1ccc([N+](=O)[O-])cc1,1,1,0.9749566004716588
CC(C)Oc1ccccc1OC(=O)N(C)N=O,1,1,0.9714135299141857
C=CCc1ccc(OC)c(OC)c1,0,0,0.06652462924387322
[N-]=[N+]=Nc1ccc(F)c([N+](=O)[O-])c1,1,1,0.975141271410274
CN(N=O)c1ccccc1,1,1,0.9345593364483529
CCCC[C@@H](CC)COC(=O)c1ccc(N(C)C)c([N+](=O)[O-])c1,1,1,0.9684505464257366
Cc1ccc(C)c(N)c1,1,1,0.991444207626233
Cc1c(O)cc([N+](=O)[O-])cc1[N+](=O)[O-],0,0,0.08067177851853287
CC(C)CC[C@@H](C)Nc1ccc(N[C@H](C)CCC(C)C)cc1,0,0,0.006154279855832345
O=C(O)c1cc(Cl)cc(Cl)c1,0,0,0.001917572190743179
CN(C)c1ccc(CCO)cc1,1,1,0.9335178327971063
O=Cc1cccc([N+](=O)[O-])c1,1,1,0.9964276266798663
Cc1ccc(C(C)(C)C)cc1,0,0,0.007037205516044121
Cc1ccc([N+](=O)[O-])c([N+](=O)[O-])c1,1,1,0.9952082323229013
O=[N+]([O-])c1cccc([N+](=O)[O-])c1O,0,0,0.23747128967143388
CCOc1ccc(NC(=O)CC(C)O)cc1,1,1,0.9672967380320128
COc1cc(CNC(=O)C(C)Br)ccc1O,1,1,0.9265873486613896
Cc1cccc([N+](=O)[O-])c1,0,0,0.017797678751281666
OCc1ccc(F)cc1,0,0,0.049376206515473656
COc1cc(Cl)c(OC)cc1Cl,1,1,0.8855549339198256
NCC(=O)Nc1ccccc1,1,1,0.93410075845037
N#Cc1cccc(C#N)c1,0,0,0.020541172469186863
CC(C)CC(NC(=O)COc1cc(Cl)c(Cl)cc1Cl)C(=O)O,0,0,0.009763250596670171
CSCCC(NC(=O)COc1ccc(Cl)cc1Cl)C(=O)O,0,0,0.009365536985996223
Cc1c(N=C=O)cccc1N=C=O,1,1,0.9340079742035647
O=[N+]([O-])c1ccccc1SS/C(Cl)=C(\Cl)C(Cl)=C(Cl)Cl,1,1,0.9405043022126435
N/C(=N\O)c1ccc(O)c(O)c1,1,1,0.9790916389023651
CC(=O)Nc1ccc(C)c(N)c1,1,1,0.9606647198506281
Cc1ccc(C(C)(C)O)cc1,0,0,0.014709679298992325
[O-][N+](O)=C=Cc1ccccc1,1,1,0.9029786307896687
O=[N+]([O-])c1ccc(S(=O)(=O)O)cc1,0,0,0.018567424869943602
CC(N)(Cc1ccc(O)c(O)c1)C(=O)O,0,0,0.16174747033806658
Cc1ccc(C(=O)O)cc1,0,0,0.0
Cc1c(N)cccc1[N+](=O)[O-],1,1,0.9883939559602465
CC(=O)/C=C\c1ccccc1,1,1,0.7744187974465643
NC(CCC(=O)NNc1ccccc1)C(=O)O,1,1,0.9907480454207029
CC(C)(C)OOC(=O)c1ccccc1,1,1,0.8625389076975423
CCOc1ccc(N=O)cc1,1,1,0.9595880831473292
O=C(CCl)NCc1ccccc1,1,1,0.9037643109679675
CCCCCOc1ccc(N=O)cc1,1,1,0.9705394710610623
Cc1ccc(NCCCl)cc1,1,1,0.9239015561184162
Cc1ccccc1O,0,0,0.004373838611862043
CC(Br)c1ccccc1,0,0,0.055565376442010296
O=Cc1ccccc1Cl,0,0,0.01644104133086894
Cc1ccc(N)cc1[N+](=O)[O-],1,1,0.9875665024166871
COc1cc(N)ccc1N,1,1,0.9845089488095243
Nc1cccc(N)c1C(=O)O,1,1,0.8995010840234166
NC(CCC(=O)NNc1ccc(CO)cc1)C(=O)O,1,1,0.9933975988014
Cc1ccc(Br)cc1,0,0,0.008458746265523502
N[C@H](Cc1ccc(N(CCCl)CCCl)cc1)C(=O)O,1,1,0.9894271401583449
CCNS(=O)(=O)c1ccccc1C,1,1,0.7252851147419138
CC(=O)ON(OC(C)C)C(=O)c1ccccc1,1,1,0.9820074127165935
S=C=NCCc1ccccc1,1,1,0.9333574202799841
Nc1ccc([N+](=O)[O-])cc1,1,1,0.9233353408392406
Clc1cccc(Cl)c1,0,0,0.0032821016033187885
[N-]=[N+]=NCc1ccccc1,1,1,0.9648993595162075
O=[N+]([O-])c1ccc(Br)c([N+](=O)[O-])c1,1,1,0.9932807317747944
CCc1ccc(C)cc1,0,0,0.016269139587147062
N=C(N)c1ccccc1,0,0,0.048079627105283074
Cc1cccc(Br)c1,0,0,0.007513656716222183
COc1ccc(N)cc1,1,1,0.9864588789020794
Cc1ccc([N+](=O)[O-])c(C(=O)O)c1,1,1,0.9951688952451486
Nc1ccccc1S(=O)(=O)O,1,1,0.6734553215588165
O=C(NO)c1ccccc1,1,1,0.891283332495447
Cc1ccc(N(CCO)CCO)cc1,1,1,0.9034320802352958
Cc1ccc(N(CCCl)CCCl)cc1,0,0,0.08575446931043101
Clc1cc(Cl)c(Cl)c(Cl)c1Cl,0,0,0.02009639918032455
Nc1cccc(S(=O)(=O)O)c1,0,0,0.05729293896570356
C=Cc1ccc(C)cc1,0,0,0.02079307454902256
Cc1c(NO)cc(NO)cc1[N+](=O)[O-],1,1,0.9723278444298424
FC(F)(F)c1ccccc1,0,0,0.043577378263360736
CC(Br)C(=O)Nc1ccccc1,1,1,0.7976242081496021
[N-]=[N+]=NCC(O)c1ccccc1,1,1,0.9775565568376394
CCC(C)(C)c1ccc(O)cc1,0,0,0.005822772453481964
N#CSc1ccc([N+](=O)[O-])cc1[N+](=O)[O-],1,1,0.9820494953932697
CN(C)c1ccc(N=NS(=O)(=O)O)cc1,1,1,0.921012376223096
CCCCCCCCCCCOC(=O)c1ccccc1C(=O)OCCCCCCCCCCC,0,0,0.0032951862803146446
CC(NC(=O)COc1ccc(Cl)cc1Cl)C(=O)O,0,0,0.020105594051744342
CCCCCCCC(=O)CCc1ccc(O)c(OC)c1,0,0,0.13722364789499425
CC(N)Cc1ccccc1,0,0,0.009737996312190229
O=C(Cl)c1ccccc1C(=O)Cl,1,1,0.9775543021336998
CN(N=O)C(=O)c1ccccc1,1,1,0.9584959087392497
CN(C)C(=O)Nc1ccc(Cl)c(Cl)c1,1,1,0.814328387401554
Nc1ccc(Cl)cc1N,1,1,0.993745679904165
Cc1cc(N)c(C)cc1N,1,1,0.764772200706796
Cc1cc(O)ccc1Cl,0,0,0.005803185008542221
OCc1ccc(Br)cc1,0,0,0.008989548503736301
Cc1cc(N)cc([N+](=O)[O-])c1N,1,1,0.9908896925770813
CC(C)N=C(NC(C)C)OCc1ccc([N+](=O)[O-])cc1,1,1,0.9220588742353306
Nc1ccc(S(=O)(=O)O)cc1,0,0,0.05316838947130939
CCCCCCCCCc1ccc(O)cc1,0,0,0.013052770037444617
Cc1ccccc1,0,0,0.015273548672739872
N[C@@H](CCC(=O)NNc1ccc(CO)cc1)C(=O)O,1,1,0.9923426883507014
CC(=O)c1cc(NC(N)=O)ccc1OCC(O)CNC(C)(C)C,1,1,0.9370273501772741
Cc1ccc(C(C)C)c(O)c1,0,0,0.0023161217298208166
Nc1ccc(NCCO)c([N+](=O)[O-])c1,1,1,0.9826544555773826
CCCCC(CC)COC(=O)c1ccc(N(C)C)c([N+](=O)[O-])c1,1,1,0.9677856671179232
CNc1ccccc1N,1,1,0.9573812680315513
CC(C)CCCCCOC(=O)Cc1cc(Cl)c(Cl)cc1Cl,0,0,0.0168026021242289
Oc1c(Br)cc(Br)cc1Br,0,0,0.02254017435291006
Nc1ccc([N+](=O)[O-])cc1O,1,1,0.9586072977930159
Cc1cccc(O)c1C,0,0,0.06306944610145782
Nc1cc(Cl)c([N+](=O)[O-])cc1O,1,1,0.9795729210136797
O=C(O)CCCOc1ccc(Cl)cc1Cl,0,0,0.018507914075869086
CCC(CCCC(=O)O)COC(=O)c1ccccc1C(=O)O,0,0,0.013678007504525214
Cc1ccc(C)c([N+](=O)[O-])c1,1,1,0.974264649574962
CCCCC/C=C/C(=O)CCc1ccc(O)c(OC)c1,1,1,0.8197310595672571
Nc1ccc(S(N)(=O)=O)cc1,0,0,0.023536561063073756
Nc1c([N+](=O)[O-])cccc1[N+](=O)[O-],1,1,0.9885462702590286
CCCN(CCC)c1c([N+](=O)[O-])cc(C(F)(F)F)cc1[N+](=O)[O-],1,1,0.9005534623052224
CCc1cccc(C)c1N,1,1,0.9347385529442918
O=C(O)/C=C/c1ccc([N+](=O)[O-])cc1,1,1,0.91787369949334
O=C(O)CCC(=O)OC[C@H](NC(=O)C(Cl)Cl)[C@@H](O)c1ccc([N+](=O)[O-])cc1,0,0,0.015825241235149324
CCN(N=O)c1ccccc1,0,0,0.2017999636967135
Oc1cc(Cl)c(Cl)c(Cl)c1Cl,0,0,0.0041557922594635715
CC(=O)Nc1ccc(S(=O)(=O)Cl)cc1,0,0,0.040410161298301855
Oc1ccccc1Cl,0,0,0.004553546002784716
Nc1c(Cl)cc(Cl)cc1Cl,0,0,0.015065130902711726
CCOP(=O)(OCC)Oc1ccc([N+](=O)[O-])cc1,1,1,0.9058953672269814
O=C(CBr)NCc1ccccc1,1,1,0.8863411039599417
O=C(O)CCC(=O)Nc1cc(Cl)c(Cl)c(Cl)c1,0,0,0.006564203206637577
O=[N+]([O-])c1cc(CCl)cc([N+](=O)[O-])c1,1,1,0.9869038778128136
CCCCOC(=O)c1ccccc1N,0,0,0.0038381581260115297
CCc1cccc(CC)c1N(COC)C(=O)CCl,1,1,0.796051076700915
Cc1ccc(N(C)C)cc1,1,1,0.8238407598924796
O=C(O)CCCc1ccc(N(CCCl)CCCl)cc1,1,1,0.9655629619808122
NC(CCC(=O)NC(CSc1ccc([N+](=O)[O-])cc1[N+](=O)[O-])C(=O)NCC(=O)O)C(=O)O,1,1,0.9707561341311168
Nc1cc([N+](=O)[O-])cc([N+](=O)[O-])c1O,1,1,0.9441346849859577
CC(=O)CC(=O)Nc1ccc(C)cc1,0,0,0.006045971358066208
O=[N+]([O-])c1ccccc1SS/C(Cl)=C(\Cl)C(F)(F)F,1,1,0.924934728124674
O=C(Cl)c1ccccc1F,1,1,0.9282931031802015
O=C(O)Cc1ccccc1Cl,0,0,0.007873071498067534
CC(=O)OCNC(=O)c1ccc(Cl)cc1,0,0,0.04899327547465163
COc1cccc(C=O)c1O,0,0,0.028657030316778388
CC(Br)C(=O)NCc1ccc(Cl)cc1,1,1,0.920309267289011
COC(=O)c1ccccc1N,0,0,0.042573573715741365
O=Cc1ccc([N+](=O)[O-])cc1,1,1,0.9864428194890192
O=C(O)c1ccc(S(=O)(=O)N(Cl)Cl)cc1,1,1,0.8876887920079082
C=C(C)c1ccccc1,0,0,0.032848107660545384
O=C(O)COc1ccc(N(CCCl)CCCl)cc1,1,1,0.9448058414398431
CC(=O)Nc1cccc(N)c1C(=O)O,1,1,0.8877920206713142
Cc1cccc([N+](=O)[O-])c1[N+](=O)[O-],1,1,0.9961164953143582
CCCCCN(CCCOC)C(=O)C(CCC(=O)O)NC(=O)c1ccc(Cl)c(Cl)c1,0,0,0.034129135865362564
O=C(O)/C=C/c1ccc(O)c(O)c1,0,0,0.07627839867404597
N#CCCC(=O)CCc1ccc(C(=O)O)cc1,1,1,0.8148105391506364
CCCC[C@@H](CC)COC(=O)c1ccc(C(=O)OC[C@H](CC)CCCC)c(C(=O)OC[C@H](CC)CCCC)c1,0,0,0.03490155087969604
N[C@H](CCC(=O)N[C@H](CSc1ccc([N+](=O)[O-])cc1[N+](=O)[O-])C(=O)NCC(=O)O)C(=O)O,1,1,0.9718408250144518
COc1cc(C(C)=O)cc(OC)c1O,0,0,0.03621473296666377
C=COc1ccc([N+](=O)[O-])cc1,1,1,0.9684125302294962
CCCCCCCCON(OC(C)=O)C(=O)c1ccccc1,1,1,0.9361178259182582
Cc1cccc([N+](=O)[O-])c1N,1,1,0.945884927655658
NC(Cc1ccc(O)c(O)c1)C(=O)O,1,1,0.9330880887297527
ICCc1ccccc1,0,0,0.062030026231683306
ClC(Cl)c1ccccc1,1,1,0.8224338358363934
CN(C)c1ccccc1,0,0,0.08565444061457289
ClC(Cl)=C(Cl)c1c(Cl)c(Cl)c(Cl)c(Cl)c1Cl,0,0,0.014767993515153005
O=C(O)c1ccc(C(=O)O)cc1,0,0,0.0018562040974101275
O=Cc1ccc([N+](=O)[O-])cc1[N+](=O)[O-],1,1,0.9947078369213543
CCN(CC)c1ccc([N+]#N)cc1,1,1,0.9510377319912302
Cc1ccc([N+](=O)[O-])cc1[N+](=O)[O-],1,1,0.9909468661018582
Fc1c(F)c(F)c(Cl)c(F)c1F,0,0,0.027193708918905695
N[C@@H](Cc1ccc(O)c([N+](=O)[O-])c1)C(=O)O,0,0,0.013826753638780546
CCCCC(CC)COC(=O)C=Cc1ccc(OC)cc1,0,0,0.0061795341403122865
O=C(O)c1cccc([N+](=O)[O-])c1,1,1,0.9878798884861351
Nc1cc(C(F)(F)F)ccc1Cl,0,0,0.011272209519719033
O=C(CBr)Nc1ccccc1,0,0,0.06402276672321744
CSCNc1ccccc1C(C)=O,0,0,0.06394280651975087
O=C(CO)N(O)c1ccc(Cl)cc1,0,0,0.03978183671414619
CS(=O)(=O)c1ccc(O)c(N)c1,0,0,0.019710894185595566
COc1ccc(N=O)cc1,1,1,0.9645990279296591
O=[N+]([O-])c1ccccc1C(F)(F)F,0,0,0.021475316149152924
COc1c(Cl)c(Cl)c(Cl)c(Cl)c1Cl,1,1,0.7874846860944688
COc1ccc([N+](=O)[O-])cc1[N+](=O)[O-],1,1,0.976472532490981
O=C/C=C/c1ccc([N+](=O)[O-])cc1,1,1,0.9938899400229111
NC(CO)C(=O)NNCc1ccc(O)c(O)c1O,1,1,0.9392118383676936
Cc1ccccc1N=O,1,1,0.7403597924309605
Cc1ccccc1Cl,0,0,0.009829778446043
O=C=Nc1ccc(N=C=O)cc1,0,0,0.11923857325210738
O=[N+]([O-])c1ccc(NO)cc1,1,1,0.9335209674677538
CC(=O)Nc1ccc(N)cc1,1,1,0.964692484655016
CCOP(O)(=NC(C)C)Oc1ccc(SC)c(C)c1,0,0,0.025669961657446717
Cc1cc(C(C)(C)C)c(O)c(C(C)(C)C)c1,0,0,0.0023248424465333846
Cc1ccc([N+](=O)[O-])cc1N,1,1,0.9684610319845726
CCC(CC)c1cccc(OC(=O)N(C)N=O)c1,1,1,0.9439924612324125
O=[N+]([O-])/C(Br)=C/c1ccccc1,1,1,0.9607699511698703
C/C=C/c1ccc(OC)cc1,0,0,0.030515452362957194
CCOC(=O)C(SP(=S)(OC)OC)c1ccccc1,0,0,0.004967319026518811
N=C(N)N=C(N)NCCc1ccccc1,0,0,0.06138798340942209
N#CC(O)c1ccccc1,0,0,0.00321942342687482
CC(C)(C)c1ccc(O)c(O)c1,0,0,0.01759929898493102
Nc1cc([N+](=O)[O-])ccc1CO,1,1,0.9041795138704167
Cc1ccc(C)cc1,0,0,0.011564075081336707
NC(CSc1ccc([N+](=O)[O-])cc1[N+](=O)[O-])C(=O)O,1,1,0.9588038564870986
COc1cc(C(C)=O)ccc1O,0,0,0.029890650042122942
Cc1ccc(C)c(O)c1,0,0,0.11019630011223847
CCCCC(CC)COC(=O)c1ccccc1C(=O)O,0,0,0.0018396705296427544
O=C(O)c1cc([N+](=O)[O-])ccc1[N+](=O)[O-],1,1,0.9955589263880341
Nc1cccc([N+](=O)[O-])c1,1,1,0.8802969990551044
O=C(O)Cc1ccccc1[N+](=O)[O-],1,1,0.8396172603766303
O=[N+]([O-])c1ccc(F)c([N+](=O)[O-])c1,1,1,0.9740356902027426
Nc1ccc(N)c(S(=O)(=O)O)c1,0,0,0.08215298977959873
Nc1ccc(Cl)c(Cl)c1,0,0,0.12452786920709985
COc1ccc(CNC(=O)C(C)Br)cc1,1,1,0.9441783131328515
CCCC(=O)OCc1cccc([N+](=O)[O-])c1,0,0,0.09084179116330648
Clc1c(Cl)c(Cl)c(Cl)c(Cl)c1Cl,0,0,0.017839466603528982
Cc1ccc(NC(N)=O)cc1,0,0,0.047481985097637
O=[N+]([O-])c1cccc(CCl)c1,1,1,0.9466239188348489
CC(CC=O)c1ccc(C(C)(C)C)cc1,0,0,0.010808842996536826
O=[N+]([O-])c1cccc(C(F)(F)F)c1,0,0,0.028746587298008473
O=C/C(Br)=C/c1ccccc1,1,1,0.9254384916235173
O=[N+]([O-])c1ccc(O)cc1,0,0,0.15030750402812568
Nc1c(O)cccc1C(=O)CC(N)C(=O)O,0,0,0.03558279431677592
CCC(C)Nc1ccc(NC(C)CC)cc1,0,0,0.006321817639270937
CCOc1ccccc1[N+](=O)[O-],1,1,0.8890696928003776
Nc1cc(S(=O)(=O)O)ccc1O,0,0,0.03621116480213697
CCCCCCCCCCCCCCCCCCOC(=O)CCc1cc(C(C)(C)C)c(O)c(C(C)(C)C)c1,0,0,0.01296880075464665
O=C(O)CCC(=O)OCC(NC(=O)C(Cl)Cl)C(O)c1ccc([N+](=O)[O-])cc1,0,0,0.013462974896651913
COc1c(Cl)ccc(Cl)c1C(=O)O,0,0,0.02843081766766896
CC(=O)c1cc(N)ccc1OCC(O)CNC(C)(C)C,0,0,0.0344899398714269
O=[N+]([O-])c1cc(F)ccc1F,1,1,0.9241562631522011
Cc1cc(Cl)ccc1OC(C)C(=O)O,0,0,0.005418515942216932
CC(=O)O[C@H](c1ccccc1)N(C)N=O,1,1,0.9760280734222425
N[C@@H](CCC(=O)NNc1ccccc1)C(=O)O,1,1,0.9921293107215662
N#Cc1cc(Br)c(O)c(Br)c1,0,0,0.01980754736323205
CCOC(=O)[C@H](SP(=S)(OC)OC)c1ccccc1,0,0,0.004967319026518811
C[C@@H](N)[C@@H](O)c1ccccc1,0,0,0.006179534140312289
Cc1cc(N)cc(N)c1,0,0,0.31255025798373925
Cc1ccc([N+](=O)[O-])c(C)c1,1,1,0.9791522245627423
CCCCCCCCOC(=O)c1ccccc1C(=O)OCCCCCCCC,0,0,0.0012836140069500135
Cc1ccc(C(C)C)cc1O,0,0,0.004507401394108122
O=[N+]([O-])c1ccc([N+](=O)[O-])c(O)c1,1,1,0.8043987980140206
C=C(C)c1cc(O)c(C)cc1O,0,0,0.02690092828777625
CCOc1ccc(N)cc1N,1,1,0.949821083233189
COc1cccc([N+](=O)[O-])c1,0,0,0.2759378069096564
O=Cc1ccc(Cl)c(Cl)c1,0,0,0.005439406266413585
COC(=O)c1ccc(CN(C)N=O)cc1,0,0,0.16957062253991206
CCc1cccc(CC)c1NC(=O)CCl,1,1,0.9027902589121781
C=CC(C)(CCC=C(C)C)OC(=O)c1ccccc1N,0,0,0.005376728089969618
Cc1cc(Cl)ccc1OCCCC(=O)O,0,0,0.02529972028002139
Nc1cc(Cl)c(Cl)c(Cl)c1,0,0,0.007701570536503001
N/C(=N\O)c1cc(O)c(O)c(O)c1,1,1,0.9568859125841077
O=Cc1ccccc1[N+](=O)[O-],1,1,0.9689392939280794
O=C(O)c1ccc(O)cc1,0,0,0.009166242150133804
Cc1c(Br)c(Br)c(Br)c(Br)c1Br,0,0,0.002508913797739346
O=C(O)c1cc([N+](=O)[O-])cc([N+](=O)[O-])c1,1,1,0.9957112406868163
CC(C)CCC(C)Nc1ccc(NC(C)CCC(C)C)cc1,0,0,0.006154279855832345
CCC(C)c1ccccc1O,0,0,0.004933344025326301
NC(Cc1ccc(F)cc1)C(=O)O,0,0,0.006321817639270936
[N-]=[N+]=NCC(CO)Cc1ccccc1,1,1,0.9751808341098984
O=C/C=C/c1ccccc1Cl,1,1,0.9246045293701388
CON(C)C(=O)Nc1ccc(Cl)c(Cl)c1,1,1,0.8600236350093864
Nc1ccc(O)c(C(=O)O)c1,0,0,0.022490382438598588
Oc1cc(Cl)c(O)cc1Cl,0,0,0.036933443256599176
O=[N+]([O-])c1ccc(CBr)cc1,1,1,0.7688337971227928
CC(C)OC(=O)Cc1ccccc1,0,0,0.018738411544153705
CCOC(=O)c1ccccc1N,0,0,0.01666467538169953
CC(=O)Nc1ccccc1C,1,1,0.791083716572603
CC(O)Cc1cc(N)cc([N+](=O)[O-])c1N,0,0,0.11438664035632863
COC(=O)NC(=S)Nc1ccccc1NC(=S)NC(=O)OC,1,1,0.9146034371443598
Nc1cc(Cl)ccc1O,1,1,0.8860948479826936
CCCCCC(CC)OC(=O)c1cccc(C(=O)OC(CC)CCCCC)c1,0,0,0.0004599176324106887
Cc1ccc(C(=O)Cl)cc1,1,1,0.9763043281708658
Nc1ccccc1[N+](=O)[O-],0,0,0.22023592892625848
Cc1ccc(OC(=O)N(C)N=O)c(C)c1C,1,1,0.9561148333920926
Cc1c(N)cc([N+](=O)[O-])cc1N,1,1,0.9976863581145838
CC(=O)NNc1ccc(CO)cc1,1,1,0.9282011611117658
ClCc1ccccc1,1,1,0.8311707600104045
COc1ccc(O)cc1C(C)(C)C,0,0,0.005464660550893526
O=CN(O)c1ccc([N+](=O)[O-])cc1,1,1,0.9705050413008574
NNc1ccc([N+](=O)[O-])cc1,1,1,0.9934071554465163
CC(=O)OCc1cccc([N+](=O)[O-])c1,0,0,0.09820753654949073
O=[N+]([O-])c1ccc(CCO)cc1,1,1,0.9703980891777959
CC(=O)Nc1cccc(O)c1,0,0,0.03449767934993183
CC(=O)c1ccc(N=O)cc1,1,1,0.9489836261878337
CC(C)(OO)c1ccccc1,1,1,0.9185482307822266
CCC(CCC(C)=O)COC(=O)c1ccccc1C(=O)O,0,0,0.012859977969526086
CCN(CC)C(=O)c1cccc(C)c1,0,0,0.022669373174872852
Oc1cc(O)cc(O)c1,0,0,0.21430071192942268
CNC(=O)c1ccccc1,0,0,0.033160582037957645
NC(CSCc1ccccc1)C(=O)O,0,0,0.005418515942216931
O=[N+]([O-])c1ccc(Cl)c(Cl)c1,1,1,0.9363887851610402
CC(Br)C(=O)N(C)Cc1ccccc1,0,0,0.04081510010012629
CCCC(=O)Nc1ccc(OCC(O)CNC(C)C)c(C(C)=O)c1,0,0,0.004808501959792791
NCc1ccc(CN)cc1,0,0,0.019058263626374427
CCCCON(OC(C)=O)C(=O)c1ccccc1,1,1,0.9936312002180552
Cc1cccc(OCC(O)CNC(C)(C)C)c1C,0,0,0.00818674245339363
NC(Cc1ccc(O)c([N+](=O)[O-])c1)C(=O)O,0,0,0.012543139631830532
CC(=O)N(O)c1ccccc1C,1,1,0.7117567210136353
CCCCC/C(C=O)=C/c1ccccc1,0,0,0.051718010472166745
COc1ccc(CCl)cc1,0,0,0.05617676059657353
COc1cc(N)ccc1C,1,1,0.9940842043618137
CCCCCCc1ccc(O)cc1O,0,0,0.013313392833992885
CCC(=O)OCc1ccccc1[N+](=O)[O-],0,0,0.030851244584482778
ClCc1ccc(Br)cc1,0,0,0.030674704575929558
C=CN=Nc1ccccc1,1,1,0.9445291457764153
O=C(Cl)c1ccccc1,1,1,0.8784478084621996
CCCCOC(=O)c1ccc(N)cc1,0,0,0.005719616507901599
O=C(O)CC(NC(=O)COc1ccc(Cl)cc1Cl)C(=O)O,0,0,0.014395534188959003
O=[N+]([O-])c1cc(Cl)c(Cl)cc1Cl,1,1,0.9438758286656234
Oc1ccc(O)c(O)c1,1,1,0.8545529993811458
Cc1ccc(S(=O)(=O)O)c(C)c1,0,0,0.01994111014547812
O=C(NC(CO)C(O)c1ccc([N+](=O)[O-])cc1)C(Cl)Cl,0,0,0.0699359650151264
CCCCC(CC)COC(=O)c1cccc(C(=O)OCC(CC)CCCC)c1,0,0,0.0006187346991367092
Cc1ccc([N+](=O)[O-])cc1C,1,1,0.974841072460282
CC(N)C(O)c1ccccc1,0,0,0.0075845413220242954
Clc1ccc(Cl)c(Cl)c1Cl,0,0,0.003244677711354762
O=Cc1c([N+](=O)[O-])cccc1[N+](=O)[O-],1,1,0.9839253566195839
Cc1ccc([N+]#N)cc1,1,1,0.9002110998850787
CN(C)OC(=O)COc1ccc(Cl)cc1Cl,0,0,0.060808576113822836
O=[N+]([O-])c1ccccc1CCl,1,1,0.9359358578815202
O=C(O)c1cccc(Cl)c1Cl,0,0,0.002023741880848717
N#CCc1ccc(Cl)cc1,0,0,0.015859216236341834
O=C(O)c1cc(Cl)ccc1Cl,0,0,0.0
CC(=O)Oc1ccc(CCl)cc1,1,1,0.9050044630125734
O=C(O)/C=C(\Br)C(=O)c1ccccc1,1,1,0.8836946044564169
Nc1ccccc1O,1,1,0.846761610140398
CCOP(=O)(NC(C)C)Oc1ccc(SC)c(C)c1,0,0,0.009307182637188344
CCCCCCCCCCCCc1ccc(S(=O)(=O)O)cc1,0,0,0.01732741588185224
CN[C@@H](C)Cc1ccccc1,0,0,0.0021573046630947957
Cc1ccc([N+](=O)[O-])cc1,0,0,0.016455349746013627
COc1cc(N)c([N+](=O)[O-])cc1N,1,1,0.977518589588411
O=C(O)c1ccc(Cl)cc1,0,0,0.0019023487060867228
COc1ccc(CN(C)N=O)cc1,0,0,0.31187713360561875
Cc1ccc(C(O)(P(=O)(O)O)P(=O)(O)O)cc1N(CCCl)CCCl,1,1,0.9271519982940822
CCCCC(CC)COC(=O)c1ccc(C(=O)OCC(CC)CCCC)c(C(=O)OCC(CC)CCCC)c1,0,0,0.03490155087969604
CCOC(=O)C(C)(C)Oc1ccc(Cl)cc1,0,0,0.023724917233454913
Nc1ccc(N)c([N+](=O)[O-])c1,1,1,0.9994576545583325
Oc1cccc(O)c1,0,0,0.0058619000068602465
COc1ccccc1N,1,1,0.9529928512533495
O=C(O)c1c(Cl)cccc1Cl,0,0,0.005163559985208858
CC(=O)Nc1ccc(C(=O)O)cc1,0,0,0.023322878670958565
O=C(NCO)c1ccc(Cl)cc1,0,0,0.03212007025302269
ClC(Cl)=C(Cl)/C(Cl)=C(\Cl)SCc1ccccc1,1,1,0.8998034060739598
CNC(C)Cc1ccccc1,0,0,0.0021573046630947957
C/C=C/c1ccc(OC)cc1OC,0,0,0.10556386544158747
O=C(NO)c1ccc(O)c(O)c1,1,1,0.9558172414625928
CN(Cc1cccc(Br)c1)N=O,1,1,0.9886034437838055
Nc1cc(CCO)c(N)c([N+](=O)[O-])c1,1,1,0.940230993267967
Cc1ccccc1C(N)=O,0,0,0.024704770375851236
Oc1c(Br)c(Br)c(Br)c(Br)c1Br,0,0,0.01498342690518365
N#CC(C#N)=Cc1ccccc1Cl,1,1,0.8964270710808865
Clc1ccccc1,0,0,0.03232078724189729
Nc1ccc(S(=O)(=O)O)cc1C(=O)O,0,0,0.02731033735122706
Cc1cccc(C)c1[N+](=O)[O-],0,0,0.16440508315344526
O=[N+]([O-])c1ccccc1SSC(Cl)=C(Cl)Cl,1,1,0.9722812126940462
Cc1cc(NOS(=O)(=O)O)ccc1N,1,1,0.9919052659500273
Cc1c(N)cc([N+](=O)[O-])cc1[N+](=O)[O-],1,1,0.9929067600449691
Cc1ccc(S(=O)(=O)OCC(C)C)cc1,0,0,0.13098287578027937
O=C(O)CCCc1ccc(NCCCl)cc1,1,1,0.9388486664168281
Cc1ccc(Cl)cc1,0,0,0.011598564369883643
BrCc1ccccc1CBr,0,0,0.01268977988721846
COC(=O)c1ccccc1O,1,1,0.6739809869939012
BrCC(Br)c1ccccc1,1,1,0.8439815438732094
N#CCCC(=O)/C=C/c1ccc(C(=O)O)cc1,0,0,0.0939301498721575
Oc1c(Cl)cc(Cl)cc1Cl,0,0,0.0028626617400444978
O=C(Cl)c1cccc(Cl)c1,1,1,0.8342912974690228
Cc1cc([N+](=O)[O-])cc([N+](=O)[O-])c1O,0,0,0.04431778044180748
CCc1cccc(CC)c1N=O,1,1,0.9362437719200041
O=C(O)c1ccc(O)cc1O,0,0,0.030411309410610987
Nc1ccc(F)cc1,1,1,0.8971117729126555
CC(C)(Br)C(=O)Nc1ccccc1,0,0,0.050443477831439466
COc1cc(N)c(OC)cc1N,1,1,0.7133996113060924
Cc1c(C)c(N)c(C)c(C)c1N,0,0,0.08832261239384279
C=CCOc1ccccc1OCC(O)CNC(C)C,0,0,0.019290658526564787
CC(=O)N(O)c1ccccc1,0,0,0.040367752857357046
CCCOc1ccc(N)cc1N,1,1,0.9495017650510891
Cc1ccccc1[N+](=O)[O-],0,0,0.029303158108055637
Nc1ccc(Cl)cc1,1,1,0.7010356296006645
C=CC(OC(C)=O)c1ccc(OC)cc1,1,1,0.9620186542313711
CSCCC(NC(=O)COc1cc(Cl)c(Cl)cc1Cl)C(=O)O,0,0,0.008479636589720157
COC(=O)/C(Cl)=C(\OP(=O)(OC)OC)c1cc(Cl)ccc1Cl,0,0,0.015303159713649091
Nc1ccc(N)c(Cl)c1,1,1,0.9983729636749974
Nc1ccc(NOS(=O)(=O)O)cc1Cl,1,1,0.9623463167380397
Cc1ccc(NO)cc1C,1,1,0.9942646150445841
CC(=O)c1ccc([N+](=O)[O-])cc1,1,1,0.9528448339655834
COc1cccc(C(=O)CBr)c1,0,0,0.04802027854585535
CN(NO)C(=O)c1ccccc1,1,1,0.9216301725513691
Nc1cc([N+](=O)[O-])c(N)cc1F,1,1,0.9725768949530261
Cc1cc(N)ccc1NOS(=O)(=O)O,1,1,0.9910541764833475
Cc1ccc(C)c(O)c1C,0,0,0.032046216679714475
NC(=O)c1ccccc1O,0,0,0.053669478522994384
COP(=O)(OC)Oc1c(Cl)cc(C)cc1Cl,0,0,0.016126856088188417
Nc1cc(Cl)cc(Cl)c1O,0,0,0.07880959202020096
O=C(Cl)c1ccc(Cl)cc1Cl,1,1,0.9706060745362741
Cc1c([N+](=O)[O-])cc([N+](=O)[O-])c(N)c1[N+](=O)[O-],1,1,0.9732654101839597
Cc1ccc(O)c(C)c1,1,0,0.46471786610400767
CC(O)CC(=O)Nc1ccc(O)cc1,0,0,0.04123731233217088
O=C(O)c1ccc([N+](=O)[O-])cc1,1,1,0.9928826464518731
O=C(O)c1cccc(C(=O)O)c1,0,0,0.0033138586557426176
COP(=O)(OC)O/C(C)=C/C(=O)OC(C)c1ccccc1,0,0,0.005427236658929498
CC(=O)N(CC(O)CO)c1c(I)c(C(=O)NCCO)c(I)c(C(=O)NCC(O)CO)c1I,0,0,0.051865533992459606
COc1cc(N)c(C)cc1N,0,0,0.13552086529777987
Oc1c(Cl)ccc(Cl)c1Cl,0,0,0.0012836140069500135
CC(=O)Nc1cccc(C)c1,0,0,0.31847635660446794
COP(=O)(OC)O/C(C)=C\C(=O)O[C@@H](C)c1ccccc1,0,0,0.005427236658929498
Sc1c(Cl)c(Cl)c(Cl)c(Cl)c1Cl,0,0,0.029698773043716174
OCc1ccc(O)cc1,0,0,0.009357691206148227
O=[N+]([O-])c1ccccc1CCO,1,1,0.9618648193337923
CC(C)(C)CC(C)(C)c1ccc(O)cc1,0,0,0.004227191152620108
COP(=O)(OC)O/C(=C\Br)c1ccc(Cl)cc1Cl,0,0,0.01706456793268128
Cc1cc(C)c(N)cc1C,1,1,0.9904190776081705
CS(=O)(=O)c1ccc(Cl)cc1,0,0,0.02449422100201651
CCOP(=S)(CC)Sc1ccccc1,0,0,0.005887154291340189
CC(=O)Nc1ccc(S(N)(=O)=O)cc1,0,0,0.010431979577412334
CCOCCOC(=O)/C=C\c1ccc(OC)cc1,0,0,0.05197045976815008
CNc1ccc(N(CCO)CCO)cc1[N+](=O)[O-],1,1,0.9773649054611047
CCOc1ccc(NO)cc1,1,1,0.9551443965729955
Nc1cccc([N+](=O)[O-])c1N,1,1,0.9658437730716883
CCO[P@](=O)(NC(C)C)Oc1ccc(SC)c(C)c1,0,0,0.0077433583887503155
Nc1ccc(Br)cc1,0,0,0.11087357177438985
Cc1c(N)cccc1N,1,1,0.9611308743586711
CNC[C@@H](O)c1cccc(O)c1,0,0,0.0057448707923815415
O=[N+]([O-])c1c(Cl)c(Cl)c(Cl)c(Cl)c1Cl,0,0,0.02536751087600394
CCCCON(OC(C)=O)C(=O)c1ccc([N+](=O)[O-])cc1,1,1,0.9696750677802457
NC(CSc1c(Cl)c(Cl)c(Cl)c(Cl)c1Cl)C(=O)O,0,0,0.06611449986328478
O=C(O)c1c(Br)c(Br)c(Br)c(Br)c1C(=O)O,0,0,0.0285738969623841
OC/C=C/c1ccccc1,0,0,0.03859432146483103
Nc1ccccc1C(=O)CC(N)C(=O)O,0,0,0.038238355573757196
Nc1cc(C(=O)O)c(O)c(S(=O)(=O)O)c1,0,0,0.021004024705014643
COC(=O)c1ccc(O)cc1,0,0,0.09069319459736487
CC(=O)N(O)c1ccc(C)cc1,0,0,0.20997353725538645
ClCCSCc1ccccc1,1,1,0.9096385637714733
Cc1cc(C)cc(NO)c1,1,1,0.9893641671574718
Brc1c(Br)c(Br)c(Br)c(Br)c1Br,0,0,0.010164854012920178
CC(=O)c1cc(NC(=O)NC(C)(C)C)ccc1OCC(O)CNC(C)(C)C,0,0,0.00931590335390091
CC(=O)Nc1ccc(OCC(O)CNC(C)C)cc1,0,0,0.022703269034957282
CCNc1cccc(O)c1,1,1,0.9477164515013561
[N-]=[N+]=NCCc1ccccc1,1,1,0.9817698285090464
OCCOc1cc(Cl)c(Cl)cc1Cl,0,0,0.04981784070638785
CN(Cc1ccc(Cl)cc1)N=O,1,1,0.9732604466362671
Cc1ccc(N)c(O)c1,1,1,0.8732443935291757
Cc1ccc(N)c(N)c1,1,1,0.9810637024529604
O=Cc1ccc(Cl)cc1,0,0,0.012506230027220936
CCCC(=O)OCc1ccc([N+](=O)[O-])cc1,1,1,0.8452135855076336
CC(C)(C)c1cccc(C(C)(C)C)c1O,0,0,0.006083395250030236
CC(=O)ON(C(C)=O)c1ccccc1C,0,0,0.05904505624736502
CC(=O)c1ccc(CC(C)C)cc1,0,0,0.01137972222172868
CCN(CC)S(=O)(=O)c1ccc(N)cc1,0,0,0.029092128810955475
C/C=C\c1ccc(O)c(OC)c1,0,0,0.013062286549913675
Clc1cc(Cl)c(Cl)cc1Cl,0,0,0.0059124085758201295
CNc1ccc(O)cc1,1,1,0.9188540095283182
c1ccccc1,0,0,0.05369264598068683
CC(C)COC(=O)COc1cc(Cl)c(Cl)cc1Cl,0,0,0.009554760889387958
Oc1cc(Cl)cc(Cl)c1Cl,0,0,0.0020763892574691997
CC(=O)/C(=N/O)C(=O)N(c1ccccc1)N(C)N=O,1,1,0.9519983375963271
COP(=S)(OC)Oc1ccc(SC)c(C)c1,0,0,0.06163044811789681
C=CCOC(=O)c1ccccc1N,0,0,0.030519336399975058
CC(C)NCC(O)c1ccc(O)c(O)c1,0,0,0.04006073110396507
O=[N+]([O-])c1ccc(Cl)c(Cl)c1Cl,1,1,0.8992223000019695
ClC(Cl)=Cc1c(Cl)c(Cl)c(Cl)c(Cl)c1Cl,0,0,0.004833756244272731
Cc1c([N+](=O)[O-])cc([N+](=O)[O-])cc1[N+](=O)[O-],1,1,0.9880076819863812
CCOC(=O)c1ccccc1C(=O)OCC,0,0,0.029231398565388943
C=CCc1ccc(O)c(OC)c1,0,0,0.031037152296683704
Nc1ccccc1Cl,0,0,0.11660968892126565
Cc1ccc(S(=O)(=O)O)cc1C,0,0,0.013617942290449072
O=C(Cl)OCc1ccccc1,0,0,0.06926470941697853
Oc1ccccc1O,0,0,0.018640126642357053
O=C(O)COc1ccc(Cl)cc1Cl,0,0,0.009369860813632313
CCCCCCCCOc1ccc(C(=O)O)cc1,0,0,0.013796346802114839
O=[N+]([O-])c1cc(Cl)c(Cl)c(Cl)c1Cl,0,0,0.04161056857830771
Cc1cc(C#[N+][O-])cc(C#[N+][O-])c1,1,1,0.9339506499085161
CC(C)COC(=O)Cc1ccccc1,0,0,0.013639668543049417
O=C(O)COc1ccc(Cl)cc1,0,0,0.006736104950359454
O=C(Cl)c1ccc(C(=O)Cl)cc1,1,1,0.9500384436532162
O=CN(O)c1cccc(Cl)c1,0,0,0.015043839796357733
Nc1c(O)cccc1C(=O)O,0,0,0.029822700039737922
CCCCN(CC(O)c1ccc(O)cc1)N=O,0,0,0.10604187663196543
O=[N+]([O-])c1cc(N(CCO)CCO)ccc1NCCO,1,1,0.9613539383734095
CC(C)COC(=O)c1ccccc1C(=O)OCC(C)C,0,0,0.020140404981340537
CC(=O)OCc1cc(C(C)=O)ccc1OC(C)=O,1,1,0.8958310499522253
CCN(CC)C(=O)Nc1ccc(OCC(O)CNC(C)(C)C)c(C(C)=O)c1,0,0,0.009874612971608679
Clc1ccc(Br)cc1,0,0,0.005657452618812056
NC(=O)c1ccccc1[N+](=O)[O-],1,1,0.9856203662483234
CCCCC[C@@H](CC)OC(=O)c1cccc(C(=O)O[C@H](CC)CCCCC)c1,0,0,0.0004599176324106887
FC(F)(F)c1ccc(CCl)cc1,0,0,0.030149095022549723
COc1ccc(CO)cc1,0,0,0.01343391107189031
O=[N+]([O-])c1cc([N+](=O)[O-])cc([N+](=O)[O-])c1,1,1,0.9805657506220538
O=[N+]([O-])c1ccc(S)cc1,1,1,0.9438155820967907
COc1ccc([N+](=O)[O-])cc1N,1,1,0.9888218217158042
Nc1ccccc1C(=O)O,0,0,0.03810344257575302
CSCNc1ccccc1,1,1,0.908886690855007
Nc1cccc([N+](=O)[O-])c1O,0,0,0.05269906019247689
CCCCOP(=O)(OCCCC)Oc1ccccc1,0,0,0.022168589963580627
CC(=O)OCc1ccccc1[N+](=O)[O-],0,0,0.07454946880645788
CN(C)N=Nc1ccccc1,1,1,0.967236504688188
N#Cc1ccccc1[N+](=O)[O-],0,0,0.15641735014054964
O=C(O)/C=C/c1ccccc1[N+](=O)[O-],0,0,0.3066762132812575
NC(Cc1ccc(O)cc1)C(=O)O,0,0,0.02902044840939687
CC(C)CCCCCOC(=O)c1ccccc1C(=O)OCCCCCC(C)C,0,0,0.0
CCCCON(OC(C)=O)C(=O)c1ccc(C)cc1,1,1,0.9685084232423611
CC(=O)CC(=O)Nc1ccc(O)cc1,0,0,0.02049981976318589
O=C(O)CCC(=O)Nc1ccc(Cl)c(Cl)c1Cl,0,0,0.003077139927916173
Cc1cccc(C)c1,0,0,0.009407678283899674
Nc1ccc(Cl)cc1[N+](=O)[O-],1,1,0.9940544239291773
BrCc1ccc(CBr)cc1,0,0,0.01720935088881067
Sc1ccccc1,0,0,0.040951882387918644
NC(CCC(=O)Nc1ccc([N+](=O)[O-])cc1)C(=O)O,0,0,0.08603558164901857
C=Cc1c(Cl)c(Cl)c(Cl)c(Cl)c1Cl,0,0,0.03553018707280264
OCCc1ccccc1,0,0,0.01163904213902004
COc1c(Cl)c(Cl)c([N+](=O)[O-])c(Cl)c1Cl,0,0,0.035323046457092215
O=[N+]([O-])c1cc([N+](=O)[O-])c(O)c([N+](=O)[O-])c1O,0,0,0.10379592285329833
CNc1ccccc1C(=O)OC,0,0,0.019133111410302484
CCOc1cccc([N+](=O)[O-])c1,0,0,0.20179281044281733
Cc1ccc(N=NN(C)C)cc1,1,1,0.9691259112923858
C=C[C@](C)(CCC=C(C)C)OC(=O)c1ccccc1N,0,0,0.006321817639270936
COc1cc(OC)c(OC)cc1C=O,0,0,0.05840230397430944
CN(Cc1cccc(C#N)c1)N=O,1,1,0.9625643496366189
CN(Cc1ccccc1)N=O,1,1,0.9324551823864954
C=C(CC)C(=O)c1ccc(OCC(=O)O)c(Cl)c1Cl,0,0,0.02810668076627304
CNC(=O)Nc1ccccc1,0,0,0.04636689731618723
Cc1cc(C)c(N)c(C)c1N,1,1,0.8555478070881523
CSCCC(NC=O)C(=O)NC(Cc1ccccc1)C(=O)O,0,0,0.01628872703208681
Cc1ccc(Cl)cc1N,0,0,0.031514701739283904
COc1c(C(C)(C)C)cc([N+](=O)[O-])c(C)c1[N+](=O)[O-],0,0,0.03371446074452891
O=C(O)c1ccccc1C(=O)O,0,0,0.0034287490625607236
CCc1ccccc1[N+](=O)[O-],0,0,0.05177879698526318
O=C(Cl)C(Cl)c1ccccc1,1,1,0.9500013612794036
Nc1ccc(CC(=O)O)cc1,1,1,0.8319127193645841
CC(=O)OC(c1ccccc1)N(C)N=O,1,1,0.9747991224201614
CC(=O)N(O)c1ccc(Br)cc1,0,0,0.02647712446421867
Cc1cccc(C)c1NO,1,1,0.9945040159373355
Nc1cccc(O)c1[N+](=O)[O-],0,0,0.06255543593490394
CCC(CCC(C)O)COC(=O)c1ccccc1C(=O)O,0,0,0.005498635552086036
Cc1cccc(OC[C@@H](O)CNC(C)(C)C)c1C,0,0,0.00818674245339363
Cc1cc(C)c([N+](=O)[O-])cc1[N+](=O)[O-],1,1,0.820251083229613
ClCc1ccccc1CCl,0,0,0.012836427346460396
CN(C)c1ccc(N(C)C)cc1,1,1,0.924293045688078
Nc1cc([N+](=O)[O-])cc(S(=O)(=O)O)c1O,0,0,0.043331499028203484
CC(C)COS(=O)(=O)c1ccccc1,1,1,0.927727624902238
CN(Cc1ccc(Br)cc1)N=O,1,1,0.9909170856692217
O=[N+]([O-])c1ccc(Br)cc1,1,1,0.9819712621525692
CC(=O)Nc1ccc(CC(=O)O)cc1,0,0,0.014837575241698207
COc1ccccc1O,0,0,0.012586357060842386
CCON(OC(C)=O)C(=O)c1ccccc1,1,1,0.9741632243717517
NC(=O)c1ccc([N+](=O)[O-])cc1,1,1,0.99411398479445
C/C=C/c1cccc(OC)c1OC,1,1,0.6590085678303262
O=[N+]([O-])c1ccc([N+](=O)[O-])cc1,1,1,0.9883938233236905
O=Cc1ccccc1,0,0,0.05025124018352254
NC(=O)c1ccccc1,0,0,0.024680030378725713
CC(=O)OCc1ccccc1,0,0,0.031688539923372394
COC(=O)c1ccccc1C(=O)OC,0,0,0.018718824099213965
Nc1ccc([N+](=O)[O-])cc1[N+](=O)[O-],1,1,0.9973084965791825
BrCc1cccc(CBr)c1,0,0,0.01548104273410642
Oc1c(Cl)cccc1Cl,0,0,0.0014050071817120074
Cc1c([N+](=O)[O-])cc(N)cc1[N+](=O)[O-],1,1,0.9839101331349276
NC(=S)c1c(Cl)cccc1Cl,1,1,0.8726693111262949
N[C@@H](CSCc1ccccc1)C(=O)O,0,0,0.005552078724463011
O=[N+]([O-])c1ccc(N(CCO)CCO)c(O)c1,1,1,0.9568864464842286
CN(c1c([N+](=O)[O-])cc([N+](=O)[O-])cc1[N+](=O)[O-])[N+](=O)[O-],1,1,0.9637895302446716
CCCCCCCOc1ccccc1NC(=O)OC(C)CN(CC)CC,0,0,0.02033533585691967
Cc1cc(C(=O)O)ccc1[N+](=O)[O-],1,1,0.9921605936192828
COc1cc(NC(C)=O)ccc1NC(C)=O,0,0,0.0583243621805618
Cc1ccc(CCl)cc1,0,0,0.022570581189575775
Cc1ccccc1C,0,0,0.02017818952281471
Nc1ccc([N+](=O)[O-])c(O)c1,1,1,0.9479462335769712
CCOc1ccc(NC(=O)C[C@@H](C)O)cc1,1,1,0.9665803520389629
CN(Cc1ccc(C(=O)O)cc1)N=O,0,0,0.08955909222586828
CNNCc1ccc(C(=O)NC(C)C)cc1,0,0,0.07611581107549917
O=C(O)/C=C/c1cccc([N+](=O)[O-])c1,1,1,0.8732057954652742
O=C(O)COc1cc(Cl)c(Cl)cc1Cl,0,0,0.02083355231815896
COc1ccc(NOS(=O)(=O)O)cc1N,1,1,0.9711939088483436
O=[N+]([O-])c1cccc(CO)c1,0,0,0.027503530201302934
Cc1ccc(O)cc1C,0,0,0.09291352359251188
CSc1ccc(Cl)cc1,0,0,0.029304468191166555
CC(=O)c1ccc(NO)cc1,1,1,0.9210622507027654
O=C(O)c1cc(O)c(O)c(O)c1,0,0,0.05983871220330701
CCCOC(=O)c1ccc(O)cc1,0,0,0.01284689329253023
Nc1cc(Cl)cc(Cl)c1,0,0,0.08050098584122915
COC(=O)/C(Br)=C(\OP(=O)(OC)OC)c1ccc(Cl)cc1Cl,0,0,0.009598766690403953
Nc1ccc([N+](=O)[O-])cc1N,1,1,0.9973478336569351
COc1cc([N+](=O)[O-])c(O)c(C(C)(C)C)c1,0,0,0.04706527747048582
CC(Cl)c1ccccc1,0,0,0.04914293667841874
CCCCc1cc(C)cc(CCCC)c1O,0,0,0.014242383961773178
CC(CCN=[N+]=[N-])c1ccccc1,1,1,0.9767545867157003
CCOc1ccc(N(O)C(C)=O)cc1,1,1,0.8943514970148686
Cc1ccc(NO)cc1[N+](=O)[O-],0,0,0.07643270534649843
C=Cc1ccc(O)c(OC)c1,0,0,0.03070998988013133
CCOC(=O)c1ccc(N(O)C=O)cc1,0,0,0.05974951122721519
CCCCC(CC)COC(=O)c1ccc(N(C)N=O)cc1,0,0,0.11317553295835206
CC(=O)c1ccccc1[N+](=O)[O-],0,0,0.18671248898424245
Cc1cccc([N+](=O)[O-])c1C(O)O,1,1,0.931771850383251
Nc1cc([N+](=O)[O-])c(N)cc1Cl,1,1,0.9893343867248355
O=C(O)c1ccccc1[N+](=O)[O-],1,1,0.981273190276519
Cc1ccc(O)c(O)c1,0,0,0.01674559078732513
CC(C)CCCCCCCOC(=O)c1ccccc1C(=O)OCCCCCCCC(C)C,0,0,0.0009198352648213772
Cc1c(C)c([N+](=O)[O-])c(C(C)(C)C)c([N+](=O)[O-])c1C,0,0,0.027745836627561495
CCCC[C@@H](CC)COC(=O)/C=C/c1ccc(OC)cc1,0,0,0.0061795341403122865
Nc1cccc(Cl)c1,0,0,0.09536053344034905
CCCCOC(=O)c1ccc(O)cc1,0,0,0.008240699913125031
N/C(=N\O)c1ccccc1,1,1,0.9097298484492676
Nc1cc(Cl)cc(C(=O)O)c1Cl,1,1,0.855142588694138
Oc1ccc(Cl)c(Cl)c1Cl,0,0,0.0004599176324106886
C=Cc1ccccc1C=C,0,0,0.05301986170829837
CC(=O)Nc1ccc([N+](=O)[O-])cc1,0,0,0.1777632646117982
CNc1ccc([N+](=O)[O-])cc1,1,1,0.9685429856391222
Cc1c(N)cc(N)cc1[N+](=O)[O-],1,1,0.9942486882680801
O=C(Cl)c1c(Cl)cccc1Cl,1,1,0.967350317837621
Cc1cccc(N=O)c1,0,0,0.31939734345782445
CC(Oc1cc(Cl)c(Cl)cc1Cl)C(=O)O,0,0,0.017998283670255005
CC[C@@H](C)c1ccccc1O,0,0,0.004933344025326301
O=[N+]([O-])c1ccccc1O,0,0,0.1216294569095416
Cc1ccc(O)cc1,0,0,0.0004599176324106886
COc1c([N+](=O)[O-])cc([N+](=O)[O-])cc1[N+](=O)[O-],1,1,0.9865299060829885
CN(C)c1ccc(N)cc1,1,1,0.9506809301717523
CCCN(CCC)S(=O)(=O)c1ccc(C(=O)O)cc1,0,0,0.04077905358415536
O=C(O)c1ccc(Cl)c([N+](=O)[O-])c1,1,1,0.9523343420769242
CC[C@@H](C)Nc1ccc(N[C@H](C)CC)cc1,0,0,0.006321817639270937
Cc1c(N)cc([N+](=O)[O-])c(N)c1C,1,1,0.817726739858832
Cc1ccc(CN(C)N=O)cc1,0,0,0.34278901921585614
Cc1ccc([N+](=O)[O-])cc1N=O,1,1,0.8296829169422001
Cc1cccc(C)c1N,1,1,0.9791577025355818
Cc1cc([N+](=O)[O-])ccc1N,1,1,0.9766230360464344
OCc1ccccc1,0,0,0.009064396287664355
NNc1ccccc1,1,1,0.9326599322842339
CCCC[C@H](CC)COC(=O)c1cccc(C(=O)OC[C@@H](CC)CCCC)c1,0,0,0.0006187346991367092
CC(C)(C)c1cc(O)ccc1O,0,0,0.009125764380997407
C=CCc1ccccc1OCC(O)CNC(C)C,0,0,0.01996291553918655
Cc1ccc(N)c([N+](=O)[O-])c1,1,1,0.8781292391650626
CCN(CC)c1ccc(N)cc1,1,1,0.9549026083397479
O=[N+]([O-])c1cc(Cl)ccc1Cl,1,1,0.8968341307472201
CCCCOCCOC(=O)COc1ccc(Cl)cc1Cl,0,0,0.017092835961686394
O=CNc1ccccc1,0,0,0.021866060041029766
Oc1c(Cl)c(Cl)cc(Cl)c1Cl,0,0,0.0009198352648213773
CCN(CC)S(=O)(=O)c1ccc(NC(C)=O)cc1,0,0,0.019959861662014175
COC(=O)COc1ccc(Cl)cc1Cl,0,0,0.03281896469467569
C=Cc1ccc([N+](=O)[O-])cc1,1,1,0.9583959492459487
CCCCCCCCCc1ccccc1C(CO)OS(=O)(=O)O,0,0,0.01860099908897877
CCC(=O)OCc1ccc([N+](=O)[O-])cc1,1,1,0.8765666694680688
CCC(C)c1cc([N+](=O)[O-])cc([N+](=O)[O-])c1O,0,0,0.04817048696577006
COc1ccccc1/C=C\C=O,1,1,0.8423625617282425
CC(C)NCC(O)c1ccc(NS(C)(=O)=O)cc1,0,0,0.014360723259362801
CCNc1cc(O)ccc1C,1,1,0.9242334848228054
C=C[C@@H](OC(C)=O)c1ccc(OC)cc1,1,1,0.9620186542313711
COc1ccc(OC)cc1,0,0,0.05226840015531931
SCc1ccccc1,0,0,0.07621713688205593
O=[N+]([O-])c1cccc(Cl)c1Cl,0,0,0.3364362205892165
CC(=O)Nc1ccc(C)cc1,1,1,0.7697323856463019
Nc1ccccc1N,1,1,0.9807698368791846
Cc1cc(C)cc(O)c1,0,0,0.07325479686027135
Clc1cc(Cl)cc(Cl)c1,0,0,0.00658945749111752
CC(C)(Br)C(=O)NCc1ccccc1,0,0,0.0882852156621138
CC(C)CCCCCCOC(=O)c1ccccc1C(=O)OCCCCCCC(C)C,0,0,0.0014050071817120074
CC(=O)NS(=O)(=O)c1ccc(N)cc1,0,0,0.02287553142818931
Nc1ccc(Cl)c(N)c1,1,1,0.9983729636749974
O=C(/C=N/O)Nc1ccccc1,0,0,0.058839660549902396
CC(Br)C(=O)NCc1ccccc1,1,1,0.8489331153157095
Oc1cc(Cl)cc(Cl)c1,0,0,0.0021573046630947957
O=[N+]([O-])c1ccccc1,0,0,0.06038596166432506
Cc1cc(C)c(C)cc1C,0,0,0.026418972482704785
Nc1ccc(O)c([N+](=O)[O-])c1,1,1,0.9393459711860317
CC(c1ccccc1)N(C)C,0,0,0.023036126653065776
CCCC[C@@H](CC)COC(=O)c1ccccc1C(=O)O,0,0,0.0018396705296427544
CC(C)CCCCCOC(=O)Cc1ccc(Cl)cc1Cl,0,0,0.014414285705495054
C=CCOC(=O)c1ccccc1C(=O)OCC=C,0,0,0.03946376166588961
CCC(=O)Nc1ccc(Cl)c(Cl)c1,0,0,0.05564367311670986
Cc1c([N+](=O)[O-])cccc1[N+](=O)[O-],1,1,0.9864669330821155
CN(C)C(=O)Nc1cccc(C(F)(F)F)c1,0,0,0.04017427849887908
COCCc1ccc(OCC(O)CNC(C)C)cc1,0,0,0.016987502199984544
Cc1ccc(NC(=O)N(C)C)cc1Cl,0,0,0.05679716602833127
Cc1cccc(NO)c1,1,1,0.982030823017842
Nc1c(Cl)cc([N+](=O)[O-])cc1Cl,1,1,0.9736873834781055
CNC(=O)Oc1ccccc1,0,0,0.04788814512047546
Fc1c(F)c(Cl)c(F)c(Cl)c1F,0,0,0.017705389533928476
C=Cc1ccc(N)cc1,1,1,0.9196599624411492
O=C(O)c1ccc([N+](=O)[O-])cc1[N+](=O)[O-],1,1,0.996275312381084
Nc1cc([N+](=O)[O-])ccc1C(=O)O,1,1,0.9718798478720806
O=C(O)c1cc(Cl)ccc1O,0,0,0.017491425633411228
Nc1cc(Cl)ccc1[N+](=O)[O-],1,1,0.9864268927125149
COc1ccc([N+](=O)[O-])cc1,1,1,0.8489004641442797
CN(C)N=Nc1ccc([N+](=O)[O-])cc1,1,1,0.9673027009579604
Nc1cccc(N)c1,1,1,0.9512493061601692
Cc1ccc(C)c(NO)c1,1,1,0.9989153091166649
C[N+](C)(C)Cc1ccccc1,0,0,0.036884284903397416
O=C(Cl)c1cc([N+](=O)[O-])cc([N+](=O)[O-])c1,1,1,0.9935933656053828
N#CCc1ccccc1[N+](=O)[O-],1,1,0.936765309693852
CC(C)(C)NCC(O)c1ccc(O)c(NC(N)=O)c1,0,0,0.05517437243340816
O=[N+]([O-])c1ccc(CCl)cc1,1,1,0.9858763604542555
OC(=S)c1ccccc1,0,0,0.008421322373559475
COc1ccc(C=O)cc1OC,0,0,0.03869169129711593
ClCc1ccc(CCl)cc1,0,0,0.017139381352520328
O=C(O)CNC(=O)c1ccc([N+](=O)[O-])cc1,1,1,0.9528780573471161
COCCOC(=O)c1ccccc1C(=O)OCCOC,1,1,0.8732173112156617
O=C(CCl)c1ccc(Cl)cc1Cl,1,1,0.9457793321361128
CCOP(=S)(OCC)Oc1ccc(S(C)=O)cc1,0,0,0.03877018638667886
CCCCON(OC(C)=O)C(=O)c1ccc(OC)cc1,1,1,0.985205814306902
O=[N+]([O-])c1cccc(CBr)c1,0,0,0.16497792929613023
COc1cc(C=O)ccc1O,0,0,0.01983145143195387
C=Cc1ccccc1Cl,0,0,0.035538907789515205
CCNS(=O)(=O)c1ccc(C)cc1,0,0,0.21917435503902907
Nc1cc([N+](=O)[O-])cc([N+](=O)[O-])c1,1,1,0.9950044113388825
Cc1ccc(C)c(C)c1C,0,0,0.028748178889521456
CCN(CC)c1ccc(N=O)cc1,1,1,0.9609991288808287
O=[N+]([O-])c1ccccc1[N+](=O)[O-],1,1,0.9907671587109356
Cc1cccc(C(=O)O)c1[N+](=O)[O-],1,1,0.9942880253458325
CC(=O)Nc1ccc(O)cc1,0,0,0.030004118295928858
O=C(O)Cc1cccc([N+](=O)[O-])c1,0,0,0.33438741743770495
BrCc1ccc(Br)cc1,0,0,0.025439745697564162
O=Cc1c(Cl)cccc1Cl,0,0,0.01222601978573292
Cc1cc(C)c(C)c(C)c1,0,0,0.01474749676925969
CC(Oc1ccc(Cl)cc1Cl)C(=O)O,0,0,0.006577287883633434
O=[N+]([O-])c1c(Cl)c(Cl)cc(Cl)c1Cl,0,0,0.012784215116086258
CCOS(=O)(=O)c1ccc(C)cc1,1,1,0.9545346617078914
CCCCOc1ccc(CC(=O)NO)cc1,1,1,0.9289684802386914
Cc1cc(S(=O)(=O)O)ccc1N,0,0,0.03151612389229609
Cc1cc(N)c([N+](=O)[O-])c(C)c1N,0,0,0.3942223146432817
NC(=O)c1cccc([N+](=O)[O-])c1,1,1,0.9953727162291675
ONc1ccccc1,1,1,0.932464165480251
Cc1ccc(NO)cc1,1,1,0.9882794762741367
COc1ccccc1[N+](=O)[O-],1,1,0.8979661967672667
NNc1ccc(C(=O)O)cc1,0,0,0.06287754753383637
Cc1cc(C)c(N)c(C)c1,1,1,0.9932452845026178
CSc1ccc([N+](=O)[O-])cc1[N+](=O)[O-],1,1,0.9918575164338107
CCCCC(CC)COC(=O)c1ccc(C(=O)OCC(CC)CCCC)cc1,0,0,0.0
CC(C)NCC(O)COc1ccc(CC(N)=O)cc1,0,0,0.012567598120553984
Cc1cccc(C#N)c1,0,0,0.006922315109226016
O=C(O)c1cccc(Cl)c1,0,0,0.0006187346991367092
Clc1ccc(Cl)cc1,0,0,0.004373838611862042
O=[N+]([O-])c1cc([N+](=O)[O-])c(O)c([N+](=O)[O-])c1,1,1,0.8864500924482038
O=Cc1ccc(Cl)cc1Cl,0,0,0.0150447548658695
COc1cc(CCC(C)=O)ccc1O,0,0,0.04258221529134588
CN[C@H](C)[C@@H](O)c1ccccc1,0,0,0.0006187346991367092
NCCc1ccc(O)c(O)c1,1,1,0.9173309276793495
O=C(Cl)c1ccc([N+](=O)[O-])cc1,1,1,0.9946684998436015
O=Cc1ccccc1O,0,0,0.012347412960494915
CCOc1cccc(N)c1,1,1,0.8865702508576039
CCOC[C@@H](O)COc1ccc(NC(=O)CC[S+](C)C)cc1,0,0,0.037521811251717364
O=C(Cl)c1ccccc1Cl,1,1,0.8866901869990286
Oc1ccc(Cl)c(Cl)c1,0,0,0.0015385699639580866
CCOCN(C(=O)CCl)c1c(C)cccc1CC,0,0,0.20855263848628156
O=[N+]([O-])c1ccccc1S(=O)(=O)O,0,0,0.018189364872905272
COc1ccc(C)cc1N,1,1,0.9865501298705084
Oc1c(Cl)c(Cl)c(Cl)c(Cl)c1Cl,0,0,0.020502833507711062
COC(=O)C(CSCC(Br)c1ccccc1)NC(C)=O,0,0,0.061630561623093875
CC(=O)Nc1ccc(C(=O)CCl)cc1,1,1,0.9130912314807618
Oc1cccc(O)c1O,1,1,0.8533591873729924
CCN(CC)c1cccc(O)c1,1,1,0.9293837751232006
O=[N+]([O-])c1ccc(CO)cc1,0,0,0.049340006361658445
O=S(O)c1ccc(Cl)cc1,0,0,0.01515084541486696
O=[N+]([O-])c1cc(C(F)(F)F)cc([N+](=O)[O-])c1O,0,0,0.04075377213944043
Nc1ccc(F)cc1F,1,1,0.94479044856346
O=[N+]([O-])c1cc(C(F)(F)F)cc([N+](=O)[O-])c1Cl,0,0,0.061202762816803515
NNc1ccc([N+](=O)[O-])cc1[N+](=O)[O-],1,1,0.9906922417244501
Cl/C=C(\Cl)c1c(Cl)c(Cl)c(Cl)c(Cl)c1Cl,0,0,0.01273858479476409
COc1cc(N)cc(OC)c1N,0,0,0.23694670756857664
COc1ccc(N)c(OC)c1,1,1,0.9392379575126946
CC(=O)N(O)c1ccc([N+](=O)[O-])cc1,1,1,0.976600902588394
Clc1ccc(C(Cl)(Cl)Cl)cc1Cl,1,1,0.9735119803813319
O=Nc1ccc(O)cc1,1,1,0.890804347785119
CCCCOC(=O)COc1ccc(Cl)cc1Cl,0,0,0.006144763343363286
Nc1ccc(Cl)c(Cl)c1Cl,0,0,0.014485958903199647
Cc1ccc([N+](=O)[O-])c(C)c1[N+](=O)[O-],1,1,0.8682897821058926
CCCNC(=O)NS(=O)(=O)c1ccc(Cl)cc1,0,0,0.026463611844830478
O=Cc1ccc(O)cc1,0,0,0.014186295118133524
CC(Cc1ccc(O)c(O)c1)(NN)C(=O)O,1,1,0.8775096733940482
Nc1cc(Cl)cc(S(=O)(=O)O)c1O,0,0,0.06296787315058797
CC(C)(C)OC(=O)O/N=C(\C#N)c1ccccc1,0,0,0.05074684368239402
COc1cc(CNC(=O)CCCCCCC(C)C)ccc1O,1,1,0.8134260687145898
N#C[C@@H](O)c1ccccc1,0,0,0.00321942342687482
Cc1ccc(NO)c(C)c1,1,1,0.9994576545583325
Clc1ccc(Cl)c(Cl)c1,0,0,0.004022229477217492
Cc1cccc(C)c1C,1,1,0.6234757318799778
COc1cccc(CN(C)N=O)c1,1,1,0.7371157952382822
N[C@H](Cc1ccc(F)cc1)C(=O)O,0,0,0.006321817639270936
Cc1cc(C)cc(N)c1,1,1,0.9529416896015328
Oc1c(Cl)cc(Cl)c(Cl)c1Cl,0,0,0.0014050071817120076
CC(Cl)C(=O)NCc1ccccc1,0,0,0.1599853673447101
CC(=O)C(=O)c1ccccc1,0,0,0.1005232915501337
Oc1cc(Cl)ccc1Cl,0,0,0.001917572190743179
Nc1c(Br)cc([N+](=O)[O-])cc1[N+](=O)[O-],1,1,0.9909590357093423
CC(=O)N(O)c1ccc(Cl)c(Cl)c1,0,0,0.03497369540386355
Clc1ccc(C(Cl)(Cl)Cl)c(Cl)c1,1,1,0.9704788986256933
Cc1ccc(N)cc1C,1,1,0.9955589263880342
Oc1ccc(Cl)cc1Cl,0,0,0.0010786523315473979
O=C(Cl)c1ccc(Cl)cc1,0,0,0.27997702254013407
O=C(Cl)CCc1ccccc1,1,1,0.9611382560601552
COc1ccc(O)cc1,0,0,0.015661271616237534
CC(=O)CC(=O)Nc1ccccc1,0,0,0.018725841154512275
O=C(O)CCC(NC(=O)COc1cc(Cl)c(Cl)cc1Cl)C(=O)O,0,0,0.0040936283703740285
Cc1ccccc1Br,0,0,0.007846514334330682
Nc1ccc(N)cc1,1,1,0.9299955595785138
Nc1ccc(/C=C/C(=O)O)cc1,0,0,0.08076625275586151
Fc1ccc(CCl)cc1,0,0,0.04912161120797572
Cc1ccc(C)c(C)c1,0,0,0.0897080150024784
CN(Cc1ccc([N+](=O)[O-])cc1)N=O,1,1,0.9753572620017771
Oc1cccc(Cl)c1Cl,0,0,0.0004599176324106886
NC(Cc1ccccc1)C(=O)O,0,0,0.014580908419421874
O=C(Cl)c1ccccc1[N+](=O)[O-],1,1,0.9841322314807753
CCNC(=O)Nc1ccc(OCC(O)CNC(C)(C)C)c(C(C)=O)c1,0,0,0.023624921466389996
CC(C)c1cc(N)c([N+](=O)[O-])cc1N,1,1,0.7196415483644123
CCCC(=O)c1cc(O)c(O)cc1O,1,1,0.8812614825820274
Cc1c(O)cccc1O,0,0,0.005360716233309017
CCCCON(OC(C)=O)C(=O)c1ccc(Br)cc1,1,1,0.9851421380141813
Cc1cc(N)c([N+](=O)[O-])cc1N,1,1,0.9944322854645787
CN(CCO)C(=O)Nc1ccc(Cl)c(Cl)c1,0,0,0.07910469113288396
Cc1ccc(S(=O)(=O)OC(C)C)cc1,1,1,0.9278457350626879
O=[N+]([O-])c1ccc(Cl)cc1,1,1,0.8084392771765959
Nc1ccc(C=O)cc1,0,0,0.05751466555253012
O=S(=O)(O)ONNCCc1ccccc1,1,1,0.9148875704313263
O=[N+]([O-])c1ccc(CO)c([N+](=O)[O-])c1,1,1,0.8316286870473591
CCN(CC)c1ccccc1,0,0,0.0757470420158315
Cl/C=C/c1c(Cl)c(Cl)c(Cl)c(Cl)c1Cl,0,0,0.008751126114495602
Oc1cc(Cl)c(Cl)c(Cl)c1,0,0,0.0032821016033187885
CCCCOCN(C(=O)CCl)c1c(CC)cccc1CC,1,1,0.8724394023559989
CN(CCO)C(=O)Nc1ccccc1,0,0,0.024640388537993003
COc1ccc(/C(Br)=C\C(=O)O)cc1,1,1,0.8593613842395899
COC(=O)c1ccc(C)cc1,0,0,0.011582030802116268
CC(C)(C)OOC(C)(C)c1cccc(C(C)(C)OOC(C)(C)C)c1,0,0,0.02440509916703276
CNS(=O)(=O)c1ccc(N)cc1,0,0,0.0213491310717153
CC(=O)c1c(C)c([N+](=O)[O-])c(C(C)(C)C)c([N+](=O)[O-])c1C,0,0,0.03740514268674882
CCc1ccccc1N,0,0,0.1717821622187098
Cc1ccc(N)cc1O,1,1,0.9145457121311746
N#Cc1ccc([N+](=O)[O-])cc1,0,0,0.27135591908966267
CC(C)Nc1ccccc1,0,0,0.041690212909283264
Cc1cc(C)cc([N+](=O)[O-])c1,1,1,0.9486206695299008
CCCOC(=O)c1cc(O)c(O)c(O)c1,0,0,0.06475861090212733
Cc1ccc(N=C=O)cc1N=C=O,1,1,0.9338372131512265
O=C(O)c1ccc(Cl)c(Cl)c1,0,0,0.0006187346991367092
Cc1c(C(=O)O)cccc1[N+](=O)[O-],1,1,0.99037712756805
O=Nc1ccc(NO)cc1,1,1,0.9681875096098649
N#Cc1c(Cl)c(Cl)c(Cl)c(C#N)c1Cl,0,0,0.04303987484234066
O=[N+]([O-])c1c(O)c(Cl)cc(Cl)c1Cl,0,0,0.03274407677810045
CCOP(=S)(OCC)Oc1ccc([N+](=O)[O-])cc1,0,0,0.16918956064657445
NC(=O)c1ccc(N)cc1,0,0,0.06300937229057918
CCOc1ccc([N+](=O)[O-])cc1,1,1,0.8854012057542153
CC(C)Cc1ccc(C(C)C(=O)O)cc1,0,0,0.013822944098498886
COC(=O)c1ccc(C=O)cc1,0,0,0.01944943546064361
O=C(O)CCC(=O)Nc1ccc(Cl)c(Cl)c1,0,0,0.002536306889879888
Cc1ccc(CO)cc1,0,0,0.0033947740613682145
CCCCON(OC(C)=O)C(=O)c1ccc(Cl)cc1,1,1,0.9783721990321427
CCCCC(CC)COC(=O)c1ccc(C(=O)O)cc1,0,0,0.001379752897232066
CCOc1cc(C=O)ccc1O,0,0,0.015778300830716237
Nc1cccc(C(F)(F)F)c1,0,0,0.011588533570060159
COc1cc([N+](=O)[O-])ccc1NC(C)=O,1,1,0.9585275058570903
CNS(=O)(=O)c1ccc(NC(C)=O)cc1,0,0,0.026014988883039297
CC(=O)CC(=O)Nc1ccccc1C,0,0,0.011368348410001087
CC/C=C/C=C/C=C/C=C/C=C/OCC(O)c1ccccc1,1,1,0.9397805653314053
O=[N+]([O-])c1cccc(Br)c1,1,1,0.8873160408911465
CC(=O)OCN(N=O)c1ccccc1,1,1,0.9542610066966273
O=C(O)Cc1ccc(Cl)cc1,0,0,0.005004742918482837
CN(C)c1cccc(O)c1,1,1,0.9454851083039092
C=CC(O)c1ccc(OC)cc1,0,0,0.03735165938172464
O=[N+]([O-])c1ccc(S(=O)(=O)Cl)cc1,1,1,0.945679227814415
Nc1ccccc1S,1,1,0.8920465880380055
Cc1ccc(N)c(S(=O)(=O)O)c1,0,0,0.06241502158342973
CCc1cccc(CC)c1N,1,1,0.9235120026455067
CN(Cc1ccccc1)C(=O)CBr,0,0,0.05555315485365314
CCC(=O)NCc1ccccc1,0,0,0.044565519535705395
CN(C)c1ccc(/C=C/C=O)cc1,0,0,0.08143371209724945
O=C(O)/C=C/c1ccc(/C=C/C(=O)O)cc1,0,0,0.048106426768961125
CCOc1ccc(NC(C)=O)cc1N,1,1,0.9571610231260785
CN(C)Cc1ccccc1,0,0,0.030313064641461527
N#CCc1ccccc1,0,0,0.016024971217258092
CCCCOC(=O)COc1cc(Cl)c(Cl)cc1Cl,0,0,0.008628422856622691
CCCC(=O)Nc1ccc(OC[C@H](O)CNC(C)C)c(C(C)=O)c1,0,0,0.004808501959792791
C/C(C=O)=C/c1ccccc1,0,0,0.15975788474513705
O=[N+]([O-])c1ccccc1CO,0,0,0.0326039320868024
[N-]=[N+]=CC(=O)NCC(=O)NN,1,1,0.9505911420171637
[N-]=[N+]=CC(=O)NCC(N)=O,1,1,0.9614928399308642
[N-]=[N+]=CC(=O)OCC(N)C(=O)O,1,1,0.9403837484815539
CCC[N+](=O)[O-],0,0,0.10248879979122559
CCN(N=O)/C(C=O)=N/O,1,1,0.9945040159373355
C=CC(=O)NCNC(=O)C=C,1,1,0.9087609733712019
CC(=O)NC(CSC(Cl)=C(Cl)Cl)C(=O)O,1,1,0.9775348305850391
CCN=NNCC,1,1,0.9210427791541048
CCOC(=O)C(C)Br,1,1,0.9380677560108129
CCSCCSP(=O)(OC)OC,0,0,0.05506711984812381
COCCl,0,0,0.13669551536552985
C=C(C)C(=O)OCCCCC,0,0,0.0016973870306841072
COC(C)CCO,0,0,0.01665163083735088
CCCCCCCC(=O)Cl,1,1,0.8405854155201283
C=C(C)C(=O)OC,0,0,0.044704709024844455
COC(N)=O,0,0,0.10155472804851365
C=CC(=O)OC,0,0,0.03751392533922218
CCCCN(COC(C)=O)N=O,1,1,0.9979175721907432
NP(=O)(OCCC(=O)O)N(CCCl)CCCl,1,1,0.9829834233899151
O=C(O)C[C@H](C(=O)O)[C@@H](CC(=O)O)C(=O)O,1,1,0.9498057892839964
CNC(=O)ON,1,1,0.9023945609297527
C=CC(=O)O,0,0,0.017862067792993895
O=C(O)CC(=O)O,0,0,0.01597109289863477
CCCCC=O,0,0,0.0799392209957478
CSC(C)(C)C(=O)NC(CS)C(=O)O,0,0,0.04014070427984392
[N-]=[N+]=NCC(O)C(O)C(O)C(O)C=O,1,1,0.9810344559204445
CCCCCCCCCCCC(=O)OOC(=O)CCCCCCCCCCC,0,0,0.012119850095627382
C=CC(=O)OCCCCCC,0,0,0.0012374693982734183
CCCCCCCC/C=C/CCCCCCCCCCCC(=O)NCCCCCCCCCCCCCCCCCC,0,0,0.011038544669064959
CCC(CC)[N+](=O)[O-],0,0,0.04976876757396185
CCCCN(N=O)C(=N)N[N+](=O)[O-],1,1,0.9965089137977393
CCCON=O,1,1,0.9783461757685264
N#CCCN,0,0,0.06266659737784429
CCCCC,0,0,0.007342670042012078
[N-]=[N+]=NCCC(N)C(=O)O,1,1,0.9858909174022353
FC(F)C(F)(F)F,0,0,0.010810981804197428
CC(C)N(C(=O)SCC(Cl)=C(Cl)Cl)C(C)C,1,1,0.9368219228922761
CN(C[C@H](O)CO)N=O,1,1,0.9994576545583325
C=CC(=O)OCC(CC)(COC(=O)C=C)COC(=O)C=C,1,1,0.7971143646978084
NC(=O)CCCCC(N)=O,0,0,0.03942796949808574
NC(CS/C(Cl)=C(\Cl)C(Cl)(Cl)Cl)C(=O)O,1,1,0.9789773848381272
C=C(C)C(=O)OC(C)(C)C,0,0,0.009477373515641957
CCOC(=O)C[C@H](SP(=S)(OC)OC)C(=O)OCC,0,0,0.004038763044984865
N#CCCNCCC#N,0,0,0.03523554914241465
CC(C)C=O,0,0,0.018759816155704788
N=C(N)S(=O)O,0,0,0.08407642002089145
C=CCOC(=O)COCCC(C)C,0,0,0.027165440889900583
CNC(=O)CSP(=S)(OC)OC,1,1,0.8697340730465389
CCCCCCCC/C=C\CCCCCCCCN,1,1,0.6592218089574846
NCCCNCCCN,0,0,0.03972387737893744
NCCNCCO,1,1,0.7647848537125774
CCOS(=O)(=O)OCC,1,1,0.9390687846276197
CCCCCCCCC=O,0,0,0.009916400823855993
CS(=N)(=O)CCC(N)C(=O)O,0,0,0.04207968108213817
CC(C)(CO)CO,0,0,0.017250838744639483
C/C=C(\C)CCl,1,1,0.9226843234800756
COCCO,0,0,0.02734419307866429
CC(C)C(C)C,0,0,0.007522377432934752
O=C(O)C(=O)C(=O)O,0,0,0.02363666313148174
C=C(Br)C=O,1,1,0.9611627279116793
CCCCCCCCCCO,0,0,0.0021825589475747372
CCCCCCCCCCCCCCCCCC[N+](C)(C)CCCCCCCCCCCCCCCCCC,0,0,0.011668138892574835
CCCCOP(=O)(OCCCC)OCCCC,0,0,0.006761359234839396
CC(C)(CO)C(O)C(=O)NCCC(=O)O,0,0,0.02138568002681476
OCCBr,1,1,0.9667836331809856
OCCCCl,1,1,0.9933048453678907
CC(=O)OC[C@H](O)CO,1,1,0.9678284163312765
COCC(=O)O,0,0,0.016692147614948156
C=CC(=O)OCCOCCOCCOCCOC(=O)C=C,0,0,0.07220825363385541
CCOCCOCCOCC,0,0,0.08382380523883796
CC(C)(C)OOC(C)(C)C,0,0,0.038866325276960906
CNC(=O)NOC(=O)NC,1,1,0.9102588800767987
CCCCCC(N)=O,0,0,0.026748613988994113
CS(=O)(=O)OCCCCOS(C)(=O)=O,1,1,0.9531861348354514
COP(=O)(OC)OC,1,1,0.882920471387229
C/C=C/CC,0,0,0.016417925854049595
C=C(C)C(=O)OCCCCCCOC(=O)C(=C)C,0,0,0.004979488634002896
O=C/C(=C(/Cl)C(=O)O)C(Cl)Cl,1,1,0.9843711914587219
NC(CCC(=O)NC(CSC(=O)NCCCl)C(=O)NCC(=O)O)C(=O)O,1,1,0.9355249913033253
CCCCCCCCCCCCCCCCCC(N)=O,0,0,0.018834550434435767
CC(C)(O)C#N,0,0,0.03334944529183923
CC(C)C[C@@H](C)N,0,0,0.0021573046630947957
CN(C)NC(=O)CCC(=O)O,0,0,0.057238050635803873
CCOC(=O)N(CCC=O)N=O,1,1,0.9962535861284838
CCOC(C)C(=O)C(O)O,1,1,0.897648186241671
C=CC(=O)OCC(C)O,0,0,0.021678139016894936
CCCOS(C)(=O)=O,1,1,0.9932331148951339
C=CC(=O)OCCCC,0,0,0.015110407778377763
C=CC(=O)NCCCN(C)C,0,0,0.03689086681244938
NCCS,0,0,0.04646172612335837
CC(C)(N=O)[N+](=O)[O-],1,1,0.9641573574649808
CCOP(=O)(OCC)[C@@H](C)NC(=O)N(CCCl)N=O,1,1,0.9867260800924109
C[C@@H](O)C(=O)O,0,0,0.0028012936467114464
C[N+]([O-])(CCCl)CCCl,1,1,0.9438173029006097
CCCCCCCCC,0,0,0.0018649248141226961
CCN(CC)C(=S)SSCC(NC(=O)CCC(N)C(=O)O)C(=O)NCC(=O)O,0,0,0.05581512786595952
CC/C=C/C=C/C=C/C=C/C=C/OCCC,1,1,0.962556162820027
CC/C=C/C=C/C=C/C=C/C=C/OCC(O)CO,1,1,0.9799316203118363
C=C(C)C(C)Cl,1,1,0.9225760504755016
CCOC(=O)C(N)CS,1,1,0.9195800451518006
NC(N)=S,0,0,0.050830799992779764
C=CCN(CC=C)CC=C,0,0,0.04210756031951556
O=C(Cl)C(Cl)Cl,1,1,0.9785421241560773
COC(=O)C(C)CN=[N+]=[N-],1,1,0.9651710211674068
FC(F)OC(Cl)C(F)(F)F,0,0,0.014222289433333016
CC(C)=CCC/C(C)=C\CC/C(C)=C\CC/C=C(/C)CC/C=C(/C)CCC=C(C)C,0,0,0.02721281644058001
CC/C(C)=N\O,1,1,0.9052677887138257
CCCCOO,1,1,0.9277557212862264
O=C(OCCBr)C(=O)OCCBr,1,1,0.9528547356441192
C[C@@H](O)CO,0,0,0.010093455119763641
CC(=O)NC(CS/C(Cl)=C/Cl)C(=O)O,1,1,0.975827210434011
C=CC(=O)OCC(C)C,0,0,0.009257188355582886
CC(Cl)(Cl)C(=O)O,0,0,0.09882187548373732
C=CC(=O)OCCOC,0,0,0.07167096858407972
C=CCO,0,0,0.06228057809576086
BrCCCCCBr,1,1,0.9429930461997181
CCN,0,0,0.041321676628568
OCCCl,1,1,0.9398304765662457
CCCCCCCCCCCCO,0,0,0.0
CC(C)CNCC(C)C,0,0,0.019627919113417453
CCOC(=O)CNC(=O)C(C)Br,1,1,0.7759669339941896
C=CC(=O)OCCCCC,0,0,0.0022287035562513326
CC(C)OS(C)(=O)=O,1,1,0.9851623618017014
C=CCCC(C=O)CC,0,0,0.017483231194582703
CCCNCCC,0,0,0.003403494778080783
CCCCCN(CCCC)N=O,1,1,0.9960593217895812
O=C(CO)CO,1,1,0.8825257482197288
ClC(COCC(Cl)C(Cl)(Cl)Cl)C(Cl)(Cl)Cl,1,1,0.9116076633844056
CCNCCN,0,0,0.02256186047286321
CCCCCCCCCCCCCCCCCCO,0,0,0.010540288075178475
CC[C@@H](C)N,0,0,0.0004599176324106886
CCCCN(CCC)N=O,1,1,0.9847473689454754
CCCC[C@@H](CC)COC(=O)CCCCCCCCC(=O)OC[C@H](CC)CCCC,0,0,0.0009198352648213772
CCCO,0,0,0.01420496006980915
ClC(Cl)Cl,0,0,0.10398165773327137
CS(=O)(=O)O,0,0,0.030290068438397454
CCCCCNCCCCC,0,0,0.004047483761697433
[O-][Cl+3]([O-])([O-])[O-],0,0,0.046731104000708186
CC(C)=CCCC(C)CC=O,0,0,0.00363371073796334
CCN(CC)N(O)N=O,1,1,0.9929243708701215
CCOCCO,0,0,0.03298921622622094
ClC=C(Cl)Cl,0,0,0.08294857892448392
C[N+](C)(C)CCO,0,0,0.022604477049660208
CC(C)=CC=O,0,0,0.1680888815019449
O=CC=C(Cl)Cl,1,1,0.9666282650050311
CCC(CO)(CO)CO,0,0,0.017999198739766773
O=[N+]([O-])C(Cl)Cl,1,1,0.982270927202441
CCCCC(C)C(OC(=O)CC(CC(=O)O)C(=O)O)C(CC(C)CCCCCCC(O)CC(O)C(C)N)OC(=O)CC(CC(=O)O)C(=O)O,0,0,0.0023248424465333846
CC(=O)OCN=[N+](C)[O-],0,0,0.11678667543564362
CCCCCON=O,1,1,0.9621603322010452
CCCCOC(=O)CCC,0,0,0.006104285574226889
CC(Br)(CO)CBr,0,0,0.1937141750241973
O=C(CCl)CCl,1,1,0.9238066673925149
CC(C)=CCC/C(C)=C/C=C/C(C)=C/C=C/C(C)=C/C=C/C=C(C)/C=C/C=C(C)/C=C/C=C(\C)CCC=C(C)C,0,0,0.03447980277026036
COP(C)(=O)OC,0,0,0.10860414330468911
CC(C)=O,0,0,0.030021599862001192
OCCS,0,0,0.05728682117926051
CC(C)(C)OC(=O)[C@H](N)CN=[N+]=[N-],1,1,0.9904522701764072
C/C=C/CC#N,0,0,0.016841729677607175
CCBr,1,1,0.9067101367379102
C[C@@H](O)CBr,1,1,0.9974825371305649
CCCN(CCCCO)N=O,1,1,1.0
CN=C=O,0,0,0.061663548182224755
O=C(O)CI,1,1,0.9184860628964612
CCCC,0,0,0.01236263644515137
CC(O)C#N,0,0,0.02023491957121476
O=C(OCCBr)C(O)C(O)C(=O)OCCBr,1,1,0.9688891570713671
OC[C@@H](O)[C@@H](O)[C@H](O)[C@@H](O)CO,0,0,0.00958302891839307
C=C(Br)C(C)=O,1,1,0.9466538759423452
CC(O)/C=C/C=O,1,1,0.902392875590215
CC/C=C/C=C/C=C/C=C/C=O,0,0,0.09489243045914751
C=C(C=O)CC,1,1,0.9383219027182452
ClC(Br)Br,0,0,0.22246132443470798
CC(C)NC(C)C,0,0,0.016040352984130705
C/C=C(/C)C#N,0,0,0.013135824250730812
CCC[C@@H](O)[C@@H](CC)CO,0,0,0.00525969887549091
BrCCCCBr,1,1,0.9379363012229317
CC[C@@H](O)/C=C/C=C/C=C/C=C/C=O,1,1,0.9681752205908329
CCCCCCCCCCC,0,0,0.002943577145670094
OC[C@H](Cl)CCl,1,1,0.9956814602541798
CCOC(=O)OC(=O)OCC,0,0,0.05066112340168059
CCCCCCC(C/C=C/CCCCCCCC(=O)OC)OC(C)=O,0,0,0.008791603883632001
CCOP(=S)(OCC)SCSP(=S)(OCC)OCC,0,0,0.07071280733019475
CCCCCCCCBr,0,0,0.058688695342692034
CCOO,1,1,0.9487725061587075
CC(OP(C)(=O)F)C(C)(C)C,0,0,0.014945087943707856
FC(F)(F)C(F)(F)Cl,0,0,0.012400060337115396
NC(CCC(=O)NC(CS)C(=O)NCC(=O)O)C(=O)O,1,1,0.9105090229635537
CCOP(=O)(CC)OCC,0,0,0.02133294758845209
CN=NO,1,1,0.9275206174044909
NCCCCCCN,0,0,0.017171533418543303
C=CCNC(N)=S,0,0,0.08543426842692603
CC(N)(CN=[N+]=[N-])C(=O)O,1,1,0.977897117660489
CC(=O)OCN(C)N=O,1,1,0.9889863056220703
CCCCNCCCC,0,0,0.0024836595132594055
CCOC(=O)N(CCO)N=O,1,1,0.9929422073171458
CCCC/C=C/C=C/C=C/C=C/C=C/OCC(O)CO,1,1,0.9454051083581838
CC(=O)CN(C)N=O,1,1,0.9922271911526199
COP(=S)(OC)OC,0,0,0.0386152189928817
C/C=C\C=C/C=O,1,1,0.9360061377322776
O=C(O)CCCC(=O)O,0,0,0.004859010528752672
CCC(C)C=O,0,0,0.02237397958137558
CCOP(=S)(OCC)SCSC(C)(C)C,0,0,0.015769580114003673
C=CC(=O)OCC(CO)(COC(=O)C=C)COC(=O)C=C,0,0,0.1612849576711816
NC(CSC/C=C/Cl)C(=O)O,0,0,0.13353712541852666
NC(=O)N(CCC[C@@H](N)C(=O)O)N=O,1,1,0.9852933081063111
C=C(C)C(=O)OCC(CC)(COC(=O)C(=C)C)COC(=O)C(=C)C,1,1,0.881414787966549
O=C(C(Cl)Cl)C(Cl)(Cl)Cl,1,1,0.9590358668404215
NC(=O)N(CCC(=O)O)N=O,1,1,0.9580320740032358
C=C(Br)C(=O)O,0,0,0.13881550387329947
CC(C)CCO,0,0,0.009959892337517562
C/C=C(\Cl)C=O,1,1,0.9870003884153432
CC(=O)CC(=O)CCC(=O)O,0,0,0.01899609973728488
C=C(C)C(=O)OCCCCOC(=O)C(=C)C,0,0,0.008770706355581338
NCCNCCN,0,0,0.11332688597530753
CCC=O,0,0,0.032892034320453296
C[N+](C)(C)CCCl,0,0,0.10186967007848977
C=C(C)C(=O)OCC(C)O,0,0,0.019207564180631388
CN(C)C#N,0,0,0.06429266465647993
BrC(Br)C(Br)(Br)Br,0,0,0.0850028873595103
C[C@@H](O)CCl,1,1,0.9989153091166649
O=[N+]([O-])CCO,1,1,0.8654554469756387
C=CC(=O)OC[C@H](CC)CCCC,0,0,0.0010786523315473979
C=C(Cl)CSC(=S)N(CC)CC,1,1,0.9122878029320463
CCN(C#N)N=O,1,1,0.9888396581628285
CC(C)(C)OCO,0,0,0.03268369104716135
CC(Br)(CBr)COP(=O)(OCC(C)(Br)CBr)OCC(C)(Br)CBr,0,0,0.16698844747314096
CCCCCCCC(=O)O,0,0,0.010519912038336247
CCCCCCCCCCCCCCCCCCN,0,0,0.10268755782387053
CCCCCCC=O,0,0,0.02649318387727882
ClC(Cl)(Cl)Br,1,1,0.8334885186645264
CCCCCCCCCCCCCCCC(=O)O,0,0,0.004172325827230944
C=CCCl,1,1,0.958902276760148
NC(CSC(F)(F)C(F)F)C(=O)O,0,0,0.01730164731001787
CCCCN(CCCC)CCCC,0,0,0.0010786523315473979
CCC/C=C(\C=O)CC,0,0,0.013963884585553425
C/C(Cl)=C\C=O,1,1,0.9844719990722675
CCCCCN,0,0,0.003456142154701266
CCCCOCC(=O)O,0,0,0.01628000631537424
C=C(C)C(C)=O,0,0,0.10293412029623554
CC(C)CCOC(=O)CC(C)C,0,0,0.003916059787111954
O=[N+]([O-])C(Cl)(Cl)Cl,1,1,0.971522524344323
CCC(CCC(C)O)COC(=O)CCCCC(=O)O,0,0,0.008939554222130844
O=C(O)CCCCCCCCCCCCCCCCCO,0,0,0.007417003538585706
CC(C)(C#N)N=NC(C)(C)C#N,0,0,0.062441213453284565
C=CC(=O)NCCC[N+](C)(C)C,0,0,0.042542731732829325
C[N+](C)(C)CC(=O)O,0,0,0.018830700761506895
OCCNCCO,0,0,0.04689821384175445
COP(=O)(OC)[C@H](O)C(Cl)(Cl)Cl,1,1,0.9888550142840411
CCCCOCC=O,0,0,0.048150478782292006
C=C(C)C(=O)OCCOC(=O)C(=C)C,0,0,0.014308075882742317
CCCCCCCCCCCC(=O)O,0,0,0.0006187346991367092
O=C(O)C(Br)(Br)Br,1,1,0.914141271369084
CC(C)CCOS(C)(=O)=O,1,1,0.9547068415357653
COS(=O)(=O)F,1,1,0.9349708285707266
ClCC(Cl)(Cl)Cl,0,0,0.08839396395049813
C=C(C)C=O,1,1,0.9528744328146518
N#CCCC#N,0,0,0.02005604068494343
[N-]=[N+]=NCC(=O)O,0,0,0.17114052343002922
C=COCC(F)(F)F,1,1,0.853503036695064
O=C(O)C[C@H](Cl)C(=O)O,0,0,0.008423461181220076
CC(=O)O[C@@H](C)CN(C[C@H](C)OC(C)=O)N=O,1,1,0.9947708099222274
CC(C)=CCC/C(C)=C/CO,0,0,0.008849918099792681
O=P(O)(NCCCO)N(CCCl)CCCl,1,1,0.9784767638147082
OCC(Cl)(Cl)Cl,1,1,0.9634699037843231
CN=[N+](C)[O-],1,1,0.8445342940802375
C=CC(=O)OC(C)(C)C,0,0,0.0053837451452679284
O[C@H]([C@H](O)[C@@H](O)CBr)[C@H](O)CBr,1,1,0.9774302658024735
CO[PH](=O)OC,1,1,0.8748784708855222
NC(=O)NO,1,1,0.775343174739968
CCCCBr,1,1,0.8160684224651096
CC(F)(F)F,0,0,0.06337945143335774
CCCN(N=O)C(=N)N[N+](=O)[O-],1,1,0.9992836140069501
O=CO,0,0,0.03477297841498894
CBr,1,1,0.924191176524257
CCCC=O,0,0,0.033281896071611555
ClC(Cl)=C(Cl)C(Cl)=C(Cl)Cl,0,0,0.04582554999079652
CC(O)C(C)O,0,0,0.023113278950622946
CCCCCCCCCCCCS,0,0,0.005427236658929498
O=CC(Cl)(Cl)Cl,1,1,0.9794721134001341
CCCCCC/C=C\CCCCCCOC(C)=O,0,0,0.011184791346149551
COC(C)CCOC(C)=O,0,0,0.0473272894912531
O=C(O)C(O)C(O)C(O)C(O)CO,0,0,0.027155924377431518
CC(OP(=O)(OC(C)C(Br)CBr)OC(C)C(Br)CBr)C(Br)CBr,1,1,0.7902921566124717
BrCC(Br)(Br)Br,1,1,0.8355340291046333
CN=NNC,1,1,0.9362625269518088
CN(C)C(=S)N(C)C,0,0,0.040757728113712345
C=C=O,1,1,0.8672426334407202
NC(N)=S(=O)=O,1,1,0.8885978409475893
CCOP(=S)(OCC)OP(=S)(OCC)OCC,1,1,0.8123635758119558
CC(C)CN(CC(C)C)CC(C)C,0,0,0.016284877359157946
NCCN,1,1,0.788973813810658
O=C(O)[C@@H](O)[C@H](O)C(=O)O,0,0,0.0026172222955054844
CC[C@@H](Cl)[N+](=O)[O-],1,1,0.9472030324302054
CCCC/C=C/C=O,1,1,0.9392133100194778
C=COC,0,0,0.05556619939800178
O=C(O)C(Cl)Cl,1,1,0.874795272234228
CC(Br)C(Br)COP(=O)(OCC(Br)C(C)Br)OCC(Br)C(C)Br,1,1,0.8362197668901801
CCCCCCC(=O)OCC,0,0,0.0023622663384974115
CC(C)(Cl)OC(C)(C)Cl,1,1,0.8767769564648603
O=C(CCl)NCO,0,0,0.08223393811401755
OCCI,1,1,0.9663336829143996
COP(=O)(OC)C(OC(=O)CCl)C(Cl)(Cl)Cl,0,0,0.08719832253711925
CCCCN(CCC(=O)O)N=O,1,1,0.9963500967310133
CCCCCCCCCC(=O)O,0,0,0.007571970932382864
NC(CSC(F)(F)C(F)Cl)C(=O)O,0,0,0.04255771666997522
CC(C)(C)OC(=O)C(N)CN=[N+]=[N-],1,1,0.9904522701764072
C=C/C=C\C,0,0,0.03892717908293953
O=C/C(Br)=C(\Br)C(=O)O,1,1,0.9468140187992915
C=CCBr,1,1,0.9564493750588491
C=C(C)C(=O)OCCCCCCCCCC,0,0,0.0010786523315473979
CC(C)S,0,0,0.053062156644046135
C[C@@H](O)[C@@H](N)[C@H](O)[C@H](O)C=O,0,0,0.032292887066256326
C[C@@H](O)CNC[C@@H](C)O,0,0,0.0035623118448068034
COP(=O)(OC)SC,0,0,0.03270058526443887
CCC[CH-][N+](=O)[O-],0,0,0.05053870885606376
CCOCC(=O)O,0,0,0.01560996725152116
CCCC(=O)OCC,0,0,0.0038886666949714127
C=CC(=O)OCC(C)(C)COC(=O)C=C,0,0,0.019008269344768968
O=C(O)/C(Cl)=C(/CCl)C(Cl)Cl,1,1,0.9902698171865608
O=C(O)CC(O)C(=O)O,0,0,0.008258576492796512
CCOC(=O)CCl,0,0,0.10711271611245803
ClCCN(CCCl)CCCl,0,0,0.12413929713637124
[N-]=[N+]=NCC(N)C(=O)O,1,1,0.9932033344624975
CCN=NC(C)(C)OO,0,0,0.27423731018963166
COC(C)=O,0,0,0.035611704463533254
ClCC(Cl)Cl,0,0,0.1288932614914917
CC(=O)NN,1,1,0.9152190214657396
C=C(C)C(=O)OCCCCCOC(=O)C(=C)C,0,0,0.003537057560326862
CN(C#N)N=O,1,1,0.9764623093091881
CC(=O)OC(C)C,0,0,0.02333722721875045
COCCOC(C)=O,1,1,0.849975034876541
C=C(C)C(=O)O,0,0,0.016736870070612562
O=P(OC[C@H](Br)CBr)(OC[C@H](Br)CBr)OC[C@H](Br)CBr,1,1,0.9685448023243265
FC(F)=C(F)F,0,0,0.03360044527457537
C[C@H](CO)[N+](=O)[O-],0,0,0.06780530386073057
CN(C)S(=O)(=O)CCNC(=O)N(CCCl)N=O,1,1,0.9736833120889615
O=C(O)/C=C/Cl,1,1,0.868656461528315
C/C=N/N(C)C=O,0,0,0.061771709081654316
O=C(O)C(F)(F)C(F)(Cl)C(F)(F)C(F)(Cl)C(F)(F)Cl,0,0,0.03114242785554105
CC(C)S(=O)(=O)Cl,1,1,0.913303106644817
NC(CCCCNC=CC=O)C(=O)O,1,1,0.8945126646669193
C=CC(=C)C,0,0,0.028899415884145026
O=C(O)O,0,0,0.04438835781426834
C[C@H](CCl)OP(=O)(O[C@H](C)CCl)O[C@H](C)CCl,0,0,0.011598050082529218
CNC(=O)/C=C(\C)OP(=O)(OC)OC,1,1,0.9206590691955954
CCOC(=O)CC(=O)CCl,0,0,0.04319575730564959
ClC(Cl)(Cl)C(Cl)(Cl)Cl,0,0,0.07806051065063728
CNCCS(=O)(=O)O,0,0,0.031749033079840866
O/N=C/C=N/O,0,0,0.07697642447840042
CCOCCOCCO,0,0,0.02987189852558689
CC(C)CN,0,0,0.008943918182414131
ClCC(Cl)CCl,1,1,0.9238243590111426
O=C(O)CN(CCN(CC(=O)O)CC(=O)O)CC(=O)O,0,0,0.08825971310913447
[N-]=[N+]=NC[C@H](O)CO,1,1,0.9937158994715287
CCCCN(C[C@H](O)CC)N=O,1,1,1.0
O=C/C=C/C=C/C=O,1,1,0.9338524674491788
CCN(CC)CCO,0,0,0.021774792194531423
C=CC(=O)CC,1,1,0.8769160333559176
CON,0,0,0.14533091514480354
C=C(F)F,1,1,0.8405299260439991
CC(=O)CN(C[C@@H](C)O)N=O,1,1,0.99928361400695
FC(F)(F)C(F)(F)C(F)(F)C(F)(F)I,0,0,0.030637280683965533
CCCCN(CC[C@@H](C)O)N=O,1,1,1.0
CCOCC,0,0,0.02510859894472393
CCCCC(C)C(OC(=O)CC(CC(=O)O)C(=O)O)C(CC(C)CC(O)CCCCC(O)CC(O)C(C)N)OC(=O)CC(CC(=O)O)C(=O)O,0,0,0.007806036565194284
CCN=NO,1,1,0.9438420566041505
CCCCN(CCO)CCCC,0,0,0.01015613329620761
BrC(Br)Br,1,1,0.8906748363771222
CNC(=O)N(C)N=O,1,1,0.9950520282185431
CCOC(=O)CC(C)O,0,0,0.02355527357114892
CCCCCCCC/C=C/CCCCCCCC(=O)O,0,0,0.009140987865653864
CN(C)C(=S)SNCCNSC(=S)N(C)C,1,1,0.9350205245126341
N#CCO,0,0,0.05480779993083245
CCN(CC)[N+]([O-])=NO,1,1,0.9229687650452906
C=CC(=O)OCC,0,0,0.09072828998070735
ClC[C@H](Br)CBr,1,1,0.9928254729270961
OCCO,0,0,0.030580269347061755
CCCCN(C[C@H](O)CCO)N=O,1,1,0.9975123175632012
CCCCCN(CCCCC)N=O,1,1,0.9812884137611757
CCCCCCCCCCCCCl,0,0,0.012347412960494915
CC(=O)OC/C=C(/C)CCC=C(C)C,0,0,0.0043860082193461275
COC(=O)C(Cl)Cl,1,1,0.9258774654362834
NC(=O)N(CCO)N=O,1,1,0.9609496023306481
CC(C)(C)OO,1,1,0.8714611647462275
NC(=O)CNC(=O)N(CCCl)N=O,1,1,0.9859069768152956
CCCOP(=S)(OCCC)OP(=S)(OCCC)OCCC,0,0,0.08611749126526402
CC(=O)OCCC(C)C,0,0,0.0037672735202094183
NC(=O)NNC(N)=O,0,0,0.10462175803549828
CCCCN(N)CCCC,0,0,0.11648781997896275
C=CC(N)=O,0,0,0.044812221726854104
O=NN(CC(=O)O)CC(=O)O,1,1,0.9157601727205756
C=C(C#N)C(=O)OCC(C)C,0,0,0.038674361933592055
CCCC(=O)OCCC(C)C,0,0,0.0014576545583324901
O=CC(Cl)=C(Cl)Cl,1,1,0.9569437894007325
NC(=O)N/N=C/C(=O)O,0,0,0.056210069107863116
CCOC(=O)N(CCOC(C)=O)N=O,1,1,0.982154594075956
N#CC(C#N)=C(C#N)C#N,0,0,0.057407259151863524
CCOP(=S)(OCC)OCCSCC,1,1,0.7460412661962795
CC(=O)C(Cl)(Cl)Cl,1,1,0.9681946789144852
CCCC[C@@H](CC)CN,0,0,0.0031023942123961142
C=CC(=C)Cl,0,0,0.10206896491435218
CS(=O)(=O)OCCCNCCCOS(C)(=O)=O,1,1,0.9498155093789649
C=CC=C,1,1,0.8744787636859728
C=CC(=O)NC(C)(C)CC(C)=O,0,0,0.03268230790261005
CCOP(C)(=O)SCCN(C(C)C)C(C)C,0,0,0.03648225354475505
C=CCN(CC=C)N=O,1,1,0.9713303331257924
CN(C)CCN(C)C,0,0,0.016077262588740305
N#CNC(=N)N,1,1,0.9097896349364122
CN(C)CCO,0,0,0.021542437426988262
O=P(OCCC(Br)CBr)(OCCC(Br)CBr)OCCC(Br)CBr,0,0,0.12805928573752004
N#CC(Cl)(Cl)Cl,1,1,0.9399465517027518
CCCCSCCC(N)C(=O)O,0,0,0.026176023898533997
CCS,0,0,0.055629713502849426
FC(F)(Cl)Br,0,0,0.08716756364774589
CC/C=C\C#N,0,0,0.016844382772622204
COC(=O)CCCC(=O)OC,0,0,0.01644449022164046
CNC(=O)NO,0,0,0.13452081435713842
NCCS(=O)(=O)O,0,0,0.03466259119859038
CN(C)N,1,1,0.8453141793830581
[N-]=[N+]=NCCC(=O)O,1,1,0.9066341019710045
CCCCC(S)(CCC)CCCC,0,0,0.007040654406815639
CCOC(=O)CC(C)=O,0,0,0.01591888066826063
CC(C)Br,1,1,0.8940933929333938
NC(CCC(=O)N(CC(=O)O)C(=O)C(N)CSN=O)C(=O)O,1,1,0.9464126539773257
CCCCCCCCCCCCCC(=O)O,0,0,0.0020237418808487164
CC(=O)OCN(CCCCCl)N=O,1,1,0.9953727162291677
BrC(Br)C(Br)Br,0,0,0.13698925150992766
COC(=O)/C=C/C(C)=C\C=C\C(C)=C\C=C\C=C(C)\C=C\C=C(C)\C=C\C(=O)OC,1,1,0.8774551495868106
CSCCC=O,0,0,0.06262168227587471
CCCCCCNCCCCCC,0,0,0.005797518169002022
C=C(Cl)C=O,1,1,0.954782329177542
O=CC(Br)CBr,1,1,0.9705163749799374
CN(C=O)N=O,1,1,0.9825483883297367
OCC(O)C(O)CO,0,0,0.032641870266120844
CC(C)CN(N)CC(C)C,1,1,0.8356957796038162
CC(=O)OO[N+](=O)[O-],1,1,0.9504733460768386
CCOC(=O)CC(C)C,0,0,0.006154794143186771
CN(N=O)C(=N)N[N+](=O)[O-],1,1,0.9890980397092566
C=CC(=O)OC[C@H](Br)CBr,1,1,0.9958852812381986
O=NN(CCO)CCO,1,1,0.995414666269288
C=CC(=O)OCCN(C)C,0,0,0.11065448248192182
ClCCNCCCl,1,1,0.982975143588007
BrCC(Br)CBr,1,1,0.9780626190787267
CC/C=C/C/C=C/C/C=C/CCCCCCCC(=O)O,0,0,0.07227329619305835
CCCCN(CCCO)N=O,1,1,0.9984599176324107
CC(Br)Br,0,0,0.16341693750549088
C=CC(=O)OCCBr,1,1,0.9557680291325361
OCCCCO,0,0,0.024345869881360307
COP(=S)(Cl)OC,0,0,0.05321135089696003
ICI,0,0,0.15327580537026478
CC(C)(C)OC(=O)NC(CN=[N+]=[N-])C(=O)O,1,1,0.9544157523742093
C/C=C\C=O,1,1,0.9570553967932376
CCCCCl,0,0,0.1516463697772615
NNCCO,1,1,0.9310151157423523
C=COC(C)=O,0,0,0.05151740555319341
CCCN(CCCC(=O)O)N=O,1,1,0.9989450895493013
CCCCO,0,0,0.02176912535499122
CS/C(C)=N\OC(=O)N(C)N=O,1,1,0.9779503451495448
C=CCCCCCC,0,0,0.009289471685890756
CNP(=O)(N(C)C)N(C)C,1,1,0.8380066269432971
N#CCCl,0,0,0.09450167845911561
CCCCOC(=O)/C=C\C(=O)OCCCC,0,0,0.013512687669855307
CCCCN(CCCC(=O)O)N=O,1,1,0.9904204474366948
CC(C)(C)[N+](=O)[O-],0,0,0.11371061281188605
C=CCCCCCCCCC,0,0,0.0028474382553880418
CCC[C@@H](C)C[C@H](OC(=O)C[C@@H](CC(=O)O)C(=O)O)[C@H](C[C@H](C)C[C@H](O)CCCC[C@H](O)C[C@H](O)[C@H](C)N)OC(=O)C[C@@H](CC(=O)O)C(=O)O,0,0,0.015986711396890372
OCC(CBr)(CBr)CBr,1,1,0.9539854552398518
N#CCCCCC#N,0,0,0.06635866246461553
CCCCOCCOCCOCCCC,0,0,0.025081633794975716
C=C(C)C(=O)OCCN(C)C,1,1,0.7890169036703669
CC(C)Cl,1,1,0.8670460185164932
CCO,0,0,0.038654346546259974
C[C@@H](CC(=O)O)C(=O)O,0,0,0.0013797528972320664
CC(O)C(=O)NCCO,1,1,0.9319798294917644
CC(=O)OCCOCCOCCOC(C)=O,1,1,0.8599652872604907
CC(C)(C)OOC(C)(C)CCC(C)(C)OOC(C)(C)C,0,0,0.020299301189174643
CCCCCC(=O)OCC,0,0,0.004820671567276876
CC(C)CO,0,0,0.013838188103599783
COS(=O)(=O)C(F)(F)F,1,1,0.9189315762323421
C[C@@H](S)C(=O)NCC(=O)O,0,0,0.05848204762265934
COS(C)(=O)=O,1,1,0.9659518826264102
FC(Cl)C(F)(F)F,0,0,0.01648496799077686
CCCCCCCCCCCCOS(=O)(=O)O,0,0,0.015933268224513398
O=CCCl,1,1,0.863562887567077
CNC(=O)[C@@H](C)SCCSP(=O)(OC)OC,1,1,0.9769578370444277
NC(N)=O,0,0,0.052418857154842895
CSCCC(N)C(=O)O,0,0,0.023668820966062917
O=C(O)C=C(C(Cl)Cl)C(Cl)Cl,1,1,0.9722023129166693
NC(=O)N(CC(=O)O)N=O,0,0,0.19227906156630128
CCCCCC[N+](=O)[O-],0,0,0.04124988272181233
CCOC(=O)N(C)N=O,1,1,0.9953631595840513
CCCN=NC(C)(C)OO,1,1,0.8680858694778152
C=CBr,1,1,0.9499489697187512
CC(C)(C#N)C(C)(C)C#N,0,0,0.03641048679823438
C[C@H](Cl)CN(C)C,1,1,0.9840345766715937
CCOC(=O)C[C@H](S[P@@](=O)(OC)SC)C(=O)OCC,0,0,0.0021573046630947957
CC(=O)N(N)C(C)=O,0,0,0.07352725759115614
CC(=O)OO,0,0,0.047992557732997855
COCCOCCOC,0,0,0.10921232714808965
CNCC(=O)O,0,0,0.012744652416461633
C=CCOC(=O)CC(C)C,0,0,0.005172280701921427
CN(C)C(=O)N(C)C=O,1,1,0.9157303096315622
NC(CSC(=O)NCCCl)C(=O)O,1,1,0.9625703615095785
CCCCOCCOCCSC#N,0,0,0.04085303107559072
CCCCN,0,0,0.007149877974093549
COC(=O)C(C)Cl,1,1,0.8518627202652904
CCN(CCCC(=O)O)N=O,1,1,0.9978603986659663
C=CCN,0,0,0.04550268416405064
CC(=O)N(C)N=O,1,1,0.9845604554947612
CC(C)OP(C)(=O)F,0,0,0.06070462437248597
O=[N+]([O-])CCl,1,1,0.9290120653804481
CC(N)C(=O)O,0,0,0.020908907185587435
BrCCBr,1,1,0.9125748163173948
N#CC(Cl)Cl,1,1,0.942034288093121
CCOP(=S)(OCC)SCSCC,0,0,0.024203072095047237
COC(C)(C)CC(C)=O,0,0,0.01403742228637056
C=C(C)C(=O)OCCOCCOC(=O)C(=C)C,0,0,0.028817986191165004
NC(CSC(Cl)=C(Cl)Cl)C(=O)O,1,1,0.992312907918065
C=CCCCCCCCC,0,0,0.003155041589016597
N#C[C@@H](Cl)Br,1,1,0.9926216519430772
O=C(O)C(Cl)=C(C(Cl)Cl)C(Cl)Cl,1,1,0.9811742923334938
FC(Cl)(Cl)Cl,0,0,0.07166411953198636
FC(F)(F)CCl,0,0,0.0340664175562714
CN(C)C(=N)N(C)C,0,0,0.028333328561628797
CC(=O)CC(C)(C)O,0,0,0.01942774934069046
C=C(Cl)C(Cl)CCl,1,1,0.9546906005391373
CCOC(=O)N(CC)N=O,1,1,0.9937876299442854
CCCCCCCCCCCCCCCCCCOC(=O)CCCCCCCCCCCCCCC,0,0,0.008203276021161004
OCCN(CCO)CCO,0,0,0.04804434202097968
NC(=O)CBr,0,0,0.09339384302905131
C=C(C)C(=O)OC(C)C,0,0,0.0031023942123961147
CCOCCOC(C)=O,1,1,0.82580441141624
CC(Br)C(Br)CCl,1,1,0.9009240032779923
ClC(Cl)C(Cl)Cl,0,0,0.03893356257712814
CC(=O)NO,1,1,0.9081926046659179
CSCCl,1,1,0.9628960130678956
N#C/C(N)=C(\N)C#N,0,0,0.05140779417617038
CS(=O)(=O)OC[C@@H](O)[C@H](O)COS(C)(=O)=O,1,1,0.9853528689715838
CSCC(N)C(=O)O,0,0,0.036215081767948014
CC(=O)[C@@H](C)O,0,0,0.0103605806842558
N[C@@H](CCC(=O)N[C@@H](CS/C(Cl)=C(/Cl)C(Cl)=C(Cl)Cl)C(=O)NCC(=O)O)C(=O)O,1,1,0.9333662217901718
CCOCCOCC,1,1,0.77688730483274
CCCCCC(O)/C=C/C=O,0,0,0.038742085196532425
NC(CSC(F)(F)C(Cl)Cl)C(=O)O,0,0,0.12992993891550692
NC(CCS/C(Cl)=C/Cl)C(=O)O,1,1,0.9702174132219135
CCOC(=O)OCC,0,0,0.05219576455160172
FC(F)(Cl)C(F)(F)Cl,0,0,0.05175314912247993
CCCCCCCCCCCC(=O)N(CCO)CCO,0,0,0.018728895031684643
C=CC(=O)OCCCCOC(=O)C=C,0,0,0.0042271911526201075
OC[PH](CO)(CO)CO,0,0,0.01155110967809613
NC(=O)NCC(=O)O,0,0,0.06402320763802202
CNCCO,0,0,0.043985004524289176
CCN(N)CC,0,0,0.09464561247426906
CCSCC[C@H](N)C(=O)O,0,0,0.008989548503736301
CNC(=O)ON(C(C)=O)C(=O)NC,1,1,0.8786614362765366
CCCCCCCCCCCCCO,0,0,0.0004599176324106886
CCCCCCCCCCCl,0,0,0.012602368917502986
CC(=O)Cl,0,0,0.07456828761587612
COP(=O)(SC)SC,0,0,0.031672441501851355
COCCOCCO,0,0,0.03510035463600839
CCOP(=O)(C#N)N(C)C,0,0,0.048380648529859654
[N-]=[N+]=NCC(O)CN=[N+]=[N-],1,1,0.9654340579832787
O=C(Cl)OCCCl,0,0,0.10645880983421498
CCCCCCCCCCCCCC(=O)[N-][N+](C)(C)CC(C)O,0,0,0.02224728021658354
COC(=O)C(CSCCBr)NC(C)=O,1,1,0.9635540813295166
C=CCCCCCCCCCCCCC,0,0,0.013217253943710833
NC(=S)NNC(N)=S,0,0,0.06907238429991322
CCCCCC,0,0,0.01154512119750667
OCC(Cl)Cl,1,1,0.974791413273545
N[C@@H](CCC(=O)O)C(=O)O,0,0,0.006832243840641505
CC(C)(Br)C(Br)CCl,0,0,0.07860240519217561
C=C[C@](C)(O)CCC=C(C)C,0,0,0.004632769737525675
CCCSC(=O)Cl,1,1,0.8385904711813408
FC(F)(F)[C@H](Cl)Br,0,0,0.008989548503736303
NCCNCCNCCN,1,1,0.9135822958590647
NCCCN,0,0,0.03860133852012936
CC(C)N(C(=O)SC/C(Cl)=C/Cl)C(C)C,1,1,0.9361015541083342
ClCCCl,1,1,0.9463062847013968
C/C(C=O)=C(/Cl)C(=O)O,1,1,0.9422384673355679
CN(N)C=O,0,0,0.10317547728889336
CCCC(=O)O,0,0,0.020108647928916715
NC(=O)N=NC(N)=O,1,1,0.868253187035829
CC(Cl)(Cl)[N+](=O)[O-],1,1,0.9844815557173838
NCCNCCNCCNCCN,1,1,0.9605238718674822
CCCC[C@@H](CC)COC(=O)CCCCC(=O)OC[C@H](CC)CCCC,0,0,0.0
COO,1,1,0.9044122459873056
SC(S)=N/C=C/N=C(S)S,0,0,0.05204737906685654
COC(F)(F)C(Cl)Cl,0,0,0.05977694332781661
O=CC(=O)O,1,1,0.8484167309656384
CC(=O)CCOOCCC(C)=O,0,0,0.046841163496389816
NC(CCCCNCC(N)C(=O)O)C(=O)O,0,0,0.10085765766621649
COP(=O)(OC)OC=C(Cl)Cl,1,1,0.9319688970762486
FCC(F)(F)F,0,0,0.030326149318457382
CCC(=O)O,0,0,0.01739092278284589
CCN=C=S,0,0,0.1120846648070057
C=C(Br)CBr,1,1,0.9736254352723367
CC/C=C/C=C/C=C/C=C/C=C/OCC(C)O,1,1,0.9799725088016814
CCCCN(N=O)/C(C=O)=N/O,1,1,0.9943475862111052
CC(C)CC=O,0,0,0.013776799489822291
CC(C)O,0,0,0.013565335046475788
CCl,1,1,0.9262826833086545
O=C(O)CCl,0,0,0.07672658184521892
ClCC(Br)CCl,1,1,0.9923765842107857
CC(=N)S,0,0,0.0456114997453172
NNC(N)=O,0,0,0.11242485279342143
[N-]=[N+]=NCC(O)C(O)C(O)C(O)CO,1,1,0.977854501083692
CCN(N=O)C(=O)N(C)C,1,1,0.9910636004919078
CC(C)(C)N,0,0,0.023842025589041704
CC/C=C/C=C/C=C/C=C/OCC(O)CO,1,1,0.9722587269194534
O=NN(CCCl)C(=O)NCCO,1,1,0.9933048453678907
[CH2-][N+](=O)[O-],0,0,0.06743454819595082
IC(I)I,1,1,0.8958448165649173
ClCBr,1,1,0.9638711756209727
C=CC(=O)OCCCCCOC(=O)C=C,0,0,0.006213509141504797
CCCCCCCCO,0,0,0.004859010528752672
O=C/C=C/C=O,1,1,0.9516391606281948
C/C=C/C,0,0,0.061758108764515506
C=C(C#N)C(=O)OC,1,1,0.8207890057614128
O=C=S,1,1,0.8616720284779781
NC(CSC(F)(F)C(Cl)Br)C(=O)O,1,1,0.9095016545409156
C[C@@H](O)CN(C[C@@H](C)O)C[C@@H](C)O,0,0,0.0027760393622315053
O=C(C(F)(F)F)C(F)(F)F,0,0,0.015157427323918927
O=C/C(Cl)=C(\Cl)C(=O)O,1,1,0.9745501648822936
CCCCCC(=O)O,0,0,0.006230042709272171
O=C(O)C(F)(F)C(F)(Cl)C(F)(F)C(F)(Cl)C(F)(F)C(F)(Cl)C(F)(F)Cl,0,0,0.030562827913636636
CCCCNCC,0,0,0.006250933033468825
CC(C)CC(=O)CC(C)C,0,0,0.017910865496685517
CCCCN(CCC(=O)OC)N=O,1,1,0.9909099163646014
COCC=O,1,1,0.7927966838889112
O=C(O)[C@@H](Cl)Br,1,1,0.9924273876041748
CC(=O)N[C@@H](CS)C(=O)O,1,1,0.9311987942539699
CCCCON=O,1,1,0.987713017239373
COC(C)(C)C,0,0,0.0043146093261895915
CC(=O)OCN(C)[N+](=O)[O-],1,1,0.9583565191828802
O=[N+]([O-])OCC(CO[N+](=O)[O-])O[N+](=O)[O-],1,1,0.8515229997579081
CCN(CC)C(=O)/C(Cl)=C(/C)OP(=O)(OC)OC,1,1,0.9302014904380759
NC(CS/C(Cl)=C(\Cl)C(Cl)=C(Cl)Cl)C(=O)O,1,1,0.9706858102420556
FC(F)C(F)C(F)(F)F,0,0,0.013810734358367603
CC/C=C/C=C/C=C/C=C/C=C/C=C/OCC(O)CO,1,1,0.9630349646055296
CNC(=O)NC,0,0,0.07843145288205455
CCCC[C@@H](CC)COCCC#N,0,0,0.0031023942123961142
C[C@@H](C#N)CCC#N,1,1,0.9110027762228966
CC(=O)OC(C(C)=O)N(C)N=O,1,1,0.9916182481776153
O=[N+]([O-])C([N+](=O)[O-])([N+](=O)[O-])[N+](=O)[O-],1,1,0.9297271183001449
CC(C)(C)OC(=O)NC(CN=[N+]=[N-])C(=O)OC(C)(C)C,1,1,0.9378157078406019
CC(N)=O,0,0,0.024618702418039862
O=C/C(CCl)=C(\Cl)C(=O)O,1,1,0.9529757180981729
CC(C)(C)O,0,0,0.0298032392923058
NCN,1,1,0.8589177028265597
CCCCOCCOCCO,0,0,0.03144392920338307
O=P(O)(OCC(Br)CBr)OCC(Br)CBr,1,1,0.9519304132396024
C[C@@H](O)CN,1,1,0.8944831236028069
C=CC(=O)OCC(C)(C)C,0,0,0.005004742918482838
C=CCCCC,0,0,0.03457737723938002
FC(Cl)(Cl)C(F)(Cl)Cl,1,1,0.7791699268190206
CC/C=C/CC/C=C/C=O,0,0,0.031171571945597044
COS(=O)(=O)OC,1,1,0.9267474370410784
CCN=[N+](C)[O-],0,0,0.06950737505745141
O=C(O)/C=C/C=C/C(=O)O,0,0,0.023673612868738543
CC(C)CCON=O,1,1,0.9710215891007803
CCNC(=O)CCC(N)C(=O)O,0,0,0.06986483903356948
CCCCC/C=C\C=C/C=O,0,0,0.018476952819201746
CCCN(N=O)C(N)=O,1,1,0.9966314476638851
CCCCCCCC/C=C\CCCCCCCC(=O)OC,0,0,0.023432616525590897
C=C(C=O)CCCC,1,1,0.9237288810084939
CC(=O)N(C)C,0,0,0.04390504319663624
CCOC(=O)C[C@@H](SP(=O)(OC)OC)C(=O)OCC,0,0,0.008203276021161004
CC(=O)O,0,0,0.022045767431952436
CCN(CC)CC,0,0,0.012943032182812283
C=CC(=O)OCCCCCCOC(=O)C=C,0,0,0.010606020128794814
C=CCSSCCC,0,0,0.05193698388460661
ClC(Cl)C(Cl)(Cl)Cl,0,0,0.07016995150682975
CSSC,0,0,0.0690971644296859
NC(CSC(F)(F)C(Br)Br)C(=O)O,1,1,0.9025559023605944
CCCCN(CC)CC,0,0,0.005811905725254789
C=C(C)C(=O)OCC(C)C,0,0,0.0009450895493013187
CC(=O)NC(C(=O)N(CC(=O)O)N=O)C(C)C,1,1,0.9524454096274335
NCC(=O)NCC(=O)NCC(=O)NCC(=O)O,0,0,0.07650818669153621
FC(C(F)(F)F)C(F)(F)F,0,0,0.0065585363670973805
CC(Br)(CCl)CBr,0,0,0.12852161791743524
ClC/C=C/CCl,1,1,0.9509504197753889
[N-]=[N+]=NCCO,1,1,0.901654528684643
CCCCCCN(N=O)C(=N)N[N+](=O)[O-],1,1,0.9815978610780357
CC(OP(C)(=O)Cl)C(C)(C)C,0,0,0.03399078118044086
CN(CCO)CCO,0,0,0.010804479036253537
C/C=C\C=C/C(=O)O,0,0,0.03610622605403427
C[N+](C)(C)NCCC(=O)O,0,0,0.03620073322015613
BrCCC(Br)Br,1,1,0.9318634033799634
O=C(CC(O)C(=O)OCCBr)OCCBr,1,1,0.9736497744873048
CCSC(=O)Cl,0,0,0.18288778082910873
CCCCN(N=O)C(N)=O,1,1,0.9922201544845556
CC(=O)CN(COC(C)=O)N=O,1,1,0.9971440126729163
C[C@H](CCl)O[C@H](C)CCl,1,1,0.9853422018291801
C=CC(=C)CCC=C(C)C,0,0,0.01407655704360285
C=C(Cl)C#N,0,0,0.0699400864754685
CCN(CCO)N=O,1,1,0.9971737931055527
NC(CCC(=O)NC(CSC(=O)NCCCCl)C(=O)NCC(=O)O)C(=O)O,1,1,0.9170294886413201
O=CC(=C(Cl)Cl)C(Cl)Cl,1,1,0.9825414783563531
O=C(O)/C(Cl)=C(\C(=O)O)C(Cl)Cl,1,1,0.8857871033359366
N#CCC[C@](Br)(C#N)CBr,0,0,0.028790874607426537
CCCC[C@H](CC)C(=O)O,0,0,0.0004599176324106887
CCCCCCCCCCCCCOC(=O)C[N+](CC)(CC)CC,0,0,0.008607532532426037
O=C(O)CC(O)(CC(=O)O)C(=O)O,0,0,0.00936814994836405
CCCN(CCC)CCC,0,0,0.006928897018277983
CC(C)C(N)C(=O)O,0,0,0.022881673546623044
C=CCOC(=O)CCCCC,0,0,0.003614959221427286
CNC(=O)O/N=C\C(C)(C)SC,0,0,0.05413503583471028
O=C(O)/C(Cl)=C(\CCl)C(=O)O,0,0,0.11574308261330137
C[C@@H](Cl)CCl,1,1,0.993029293911115
CNC(=O)N(O)C(=O)NC,0,0,0.12030105986925156
N#CCBr,0,0,0.12036315038579122
CCC(=O)C(=O)CC,1,1,0.7375475681979352
ClCCSCCCl,1,1,0.9424768434332144
C/C(C(=O)O)=C(/Cl)C(=O)O,0,0,0.051488630440687896
CCCCCCCCCCCCCCCCCCCCCCCCCCCCO,0,0,0.012627623201982928
C=C(C)C#N,0,0,0.04469345448687215
BrC/C=C\CBr,1,1,0.9482228098288515
CC[C@@H](C)ON=O,1,1,0.9873173192569475
CCN(CCO[N+](=O)[O-])[N+](=O)[O-],1,1,0.9924869484694475
O=CC(O)C(O)C(O)C(O)CO,0,0,0.02312009593586374
O=C(O)CCCCCCCCC(=O)O,0,0,0.016331817763591036
CN(CCO[N+](=O)[O-])[N+](=O)[O-],1,1,0.9881054357227543
NP(=O)(O)N(CCCl)CCCl,1,1,0.9769844309633356
CS(C)(=O)=O,0,0,0.03983310094621538
N#CCl,0,0,0.10259012416248664
CC(C)COP(=S)(OCC(C)C)SCCl,0,0,0.020652969990371715
CN(C)P(=O)(N(C)C)N(C)C,0,0,0.13328774184794157
CNC(=S)N(C)C,0,0,0.03256396860502043
C=CCOC(C)=O,1,1,0.7017008897380543
ClCCOP(OCCCl)OCCCl,1,1,0.8642873336820384
CCS(=O)CCSP(=O)(OC)OC,1,1,0.8904453371629067
COP(=S)(OC)SCC(=O)N(C)C=O,0,0,0.07168830371616178
C[CH-][N+](=O)[O-],0,0,0.051700929688251754
O=[N+]([O-])C(Br)(CO)CO,0,0,0.08197843494086181
C=C(Cl)CCl,1,1,0.9803079793821574
C[C@@H](CCN(C)C)N(C)C,0,0,0.005376728089969616
CCCCCCCCCC,0,0,0.004739756161651279
NCCNCCNCCNCCNCCN,1,1,0.9558198940762005
O=NN(CCO)CC(=O)O,1,1,0.9561213361600366
CC(C)OC(=O)CCl,0,0,0.08686697736941568
CC[C@@H]([C@@H](C)O)[N+](=O)[O-],0,0,0.01843080821052515
OCC(CO)(CBr)CBr,1,1,0.9685213920230779
OC(CCl)CCl,1,1,0.9936231460380192
CCCC(=O)Cl,1,1,0.9249009770929861
OC(O)C(Cl)(Cl)Cl,1,1,0.9243107494985459
CC(=O)CN(CC(C)=O)N=O,1,1,0.9874364409874931
OCC#CCO,0,0,0.059356628527677764
CCN(C)N=O,1,1,0.9897040614436449
CC(C)COC(=O)CCCCC(=O)OCC(C)C,0,0,0.012374806052635457
CCN=[N+]([O-])CC,0,0,0.05313118395058969
NCCCNCCCCN(CCCN)N(O)N=O,1,1,0.9398626883776818
CC(C)=CCl,1,1,0.8885810352375445
CCOCOCC,0,0,0.0899747959214108
CCCCCCCCCCCCOC(=O)CCSCCC(=O)OCCCCCCCCCCCC,0,0,0.01934204203238924
CC(C)(C)N(CCO)CCO,0,0,0.02109032544177837
CCOC(C)(C)C,0,0,0.01576878431824718
CCC(C)(C)C,0,0,0.012266497554869318
C[C@@H](O)CN(C[C@H](O)CO)N=O,1,1,0.9900588268979216
CC(C)COS(C)(=O)=O,1,1,0.9906381220768459
CC(=O)N[C@@H](CS/C(Cl)=C(\Cl)C(Cl)=C(Cl)Cl)C(=O)O,1,1,0.9879848115271287
CN(C)[N+](=O)[O-],1,1,0.9254742471739423
CC(C)=[N+]([O-])[O-],1,1,0.9085621086517419
CC(C)OC(=O)CC(=O)OC(C)C,0,0,0.02140090351147122
CCCC(C)=O,0,0,0.011803526045286259
COCCCN,0,0,0.020068170159780317
C=COC(=O)C=C,0,0,0.04493398275498026
CCCBr,0,0,0.2139697166523673
NCCO,0,0,0.09823479569140577
CCCCCCCCCCCCCCCCN,0,0,0.04661219032673598
O=C(O)/C(Cl)=C(\CO)C(Cl)Cl,1,1,0.9801594222523955
CCCCCCC(=O)O,0,0,0.0028012936467114464
C=C(C)C(=O)OCCCCCCCC(C)C,0,0,0.003021478806770518
NC=O,0,0,0.03791635748002188
C/C=C/C=C/CCCCCCCO,0,0,0.015681287003569615
CC(C)(Br)C(Br)COP(=O)(OCC(Br)C(C)(C)Br)OCC(Br)C(C)(C)Br,0,0,0.11052337902419933
CC(=O)CC(=O)/C=C/C(=O)O,0,0,0.027997857981152476
CN(C)CCCl,1,1,0.969980532306214
N#CCC#N,0,0,0.021023290508905116
OCCOCCO,0,0,0.02391203525797924
C=CC(=O)OCCOCCOC(=O)C=C,0,0,0.03432665254307453
CCCN(CCC)C(=O)SCC,0,0,0.05825232112949303
CN(N=O)C(N)=O,1,1,0.9870287990194553
CC[C@H](CO)NCCN[C@H](CC)CO,0,0,0.006232181516932771
CC(C)(N=NC(C)(C)C(=N)N)C(=N)N,1,1,0.9304013848613475
CSCC(NC(=O)C(C)(C)SC)C(=O)O,0,0,0.03433093736224973
CCC(C)OS(C)(=O)=O,1,1,0.9818300926661667
ClSC(Cl)(Cl)Cl,1,1,0.9111660815179794
CC(=O)CCl,0,0,0.09210110608793556
C=CC(C)C#N,0,0,0.04511255289501992
N[C@@H](CCC(=O)N[C@@H](CSC(Cl)=C(Cl)Cl)C(=O)NCC(=O)O)C(=O)O,1,1,0.9989153091166649
CCOP(=S)(OCC(C)C)SCCl,0,0,0.013145855050554298
O=C(O)CNCP(=O)(O)O,0,0,0.03766183666926014
ClCCC(Br)CBr,0,0,0.15441711682617623
ClC[C@H](Cl)CBr,1,1,1.0
CCCCCCCCCCCCN(C)N=O,1,1,0.9436662757739751
C=C(Cl)C(=O)OC,1,1,0.9379861728065317
CNC(=O)ON(C(=O)NC)C(=O)NC,0,0,0.099879462284029
CCCCOCCO,0,0,0.027433040609099964
CCCCN(CCCC)N=O,1,1,0.9922475475766961
O=C(O)CBr,1,1,0.878939434200022
N#CCCO,0,0,0.0333532949647681
CN(C)C(=O)Cl,1,1,0.9318327870189235
CCC(Br)(CC)C(=O)NC(N)=O,0,0,0.050155461942750675
CCN(CCCO)N=O,1,1,0.9989153091166649
OCCCBr,1,1,0.9733998880357176
C=C(C)C(=O)OCCC,0,0,0.0014050071817120076
CCCC[C@@H](CC)COP(OC[C@H](CC)CCCC)OC[C@H](CC)CCCC,0,0,0.0004599176324106886
ClC(Cl)=C(Cl)Cl,0,0,0.056759662995259204
CCCCOC(=O)CCCCCCCCC(=O)OCCCC,0,0,0.00930333296425948
CCCCN(CC(=O)CC)N=O,1,1,0.9923426883507014
COC(=O)CNC(=O)C(CSCCCl)NC(=O)CCC(N)C(=O)O,1,1,0.9790247760959159
OCC(CO)(CO)CO,0,0,0.02002071546799281
CC(C)CC(C)O,0,0,0.008261630369968884
CCCOO,1,1,0.9325162060656087
CN(CCCCO)N=O,1,1,0.9994576545583325
C=CC(=O)OCCCl,1,1,0.9110350525569934
O=C(CC(O)(CC(=O)OCCBr)C(=O)OCCBr)OCCBr,1,1,0.9280077694564377
CCOC(=O)CNC(=O)CBr,0,0,0.13662590535456334
CC[C@H](O)CN,0,0,0.017433190558358628
COC(=O)CC(C)=O,0,0,0.026784299855454885
CC(C)(Cl)[N+](=O)[O-],1,1,0.9601367619652136
NC(CCC(=O)NC(CSCCCl)NC(=O)CC(=O)O)C(=O)O,1,1,0.9830983807460005
CC(C)CCCCCCOC(=O)CCCCC(=O)OCCCCCCC(C)C,0,0,0.0006187346991367092
NC(=O)N(CCCC(=O)O)N=O,1,1,0.9770104542269517
CCCCN(CC(C)=O)N=O,1,1,0.9948577638796405
NCC(=O)O,0,0,0.02168777480311928
CCCCCCCCCCCC(C)=O,0,0,0.004700193462026652
C=CCOC(=O)C=C,0,0,0.04766612982139283
CCC[C@](C)(COC(N)=O)COC(=O)NC(C)C,0,0,0.009608283202873009
CN(C)C=O,0,0,0.03233680652231024
CCN(C=O)N=O,1,1,0.9898767321665031
C=C(C)C(=O)OCCCC,0,0,0.0010786523315473979
COC=O,0,0,0.05052141385662887
CCOC(=O)[C@H](C)O,0,0,0.03382803529967789
C=CCNC(N)=O,1,1,0.877919296680047
O=CCO,0,0,0.05580684693986514
C=C(C)C(=O)OCCOC(=O)NCCC(C)CC(C)(C)CNC(=O)OCCOC(=O)C(=C)C,0,0,0.0386066103460704
CC(Cl)C(=O)O,0,0,0.0550367130114581
C=C(C)C(=O)OCC(C)(C)C,0,0,0.011243506344467575
CCCC[C@@H](CC)CNC[C@H](CC)CCCC,0,0,0.0027760393622315053
CCCCCCCCCCCCOCCOCCOCCOCCOCCOCCOCCO,0,0,0.025891021754370365
NC(CSCCCl)C(=O)O,1,1,0.9159962055160304
CCOCC=O,0,0,0.0927494532632773
Br/C=C/Br,1,1,0.8715570945142632
Cl/C=C\CCl,1,1,0.9706139471327424
CCC[C@@H](C)C[C@@H](OC(=O)C[C@@H](CC(=O)O)C(=O)O)[C@@H](C[C@H](C)CCCCCC[C@H](O)C[C@H](O)[C@@H](C)N)OC(=O)C[C@@H](CC(=O)O)C(=O)O,0,0,0.00496731902651881
CCC(CCC(C)=O)COC(=O)CCCCC(=O)O,0,0,0.019840647427559983
NC(CC(=O)O)C(=O)O,0,0,0.007292161473052195
BrCCCBr,0,0,0.26747027488291075
C=CC(C)=O,1,1,0.8926110179907014
NC(CO)C(=O)O,0,0,0.04967512206118284
O=C(O)CO,0,0,0.030894889735988633
C=CC(=O)OCCCCCC(C)C,0,0,0.0012836140069500135
CCC(Cl)CC(Cl)CC(C)Cl,0,0,0.05913120447047081
CCCCCN(N=O)C(=N)N[N+](=O)[O-],1,1,0.9984599176324107
O=C(O)/C=C(/CC(=O)O)C(=O)O,0,0,0.026943144082415903
CC(=O)C(Cl)Cl,1,1,0.971836528003436
C[C@@H](O)CN(C[C@@H](C)O)N=O,1,1,0.9980248825722324
N[C@H](CS)C(=O)O,1,1,0.9649926527917125
COC(=O)CCCCC(=O)OC,0,0,0.012859977969526086
C=NO,0,0,0.09257889453145951
CC(C)N(N)C(C)C,1,1,0.8440198861733234
CCCC[C@@H](CC)COCCCN,0,0,0.004498680677395554
O=C(O)CCC(=O)O,0,0,0.006424973584851301
CNC,0,0,0.050191135960985546
N=NCCCO,1,1,0.9351621716690125
CC=O,0,0,0.10869242456689729
O=C(O)C(F)(F)C(F)(F)C(F)(F)C(F)(F)C(F)(F)C(F)(F)C(F)(F)C(F)(F)C(F)(F)F,0,0,0.031718545977880756
C#CCO,1,1,0.8430874855131797
O=NN(CCO)CCCCO,1,1,0.9953333791514148
C[C@@H](O)CN(C)N=O,1,1,1.0
Cl/C=C(/Cl)COCCCl,1,1,0.9700580622550669
COC(=O)CC(=O)OC,0,0,0.026990485269006336
CC(C)(S)C(=O)NC(CS)C(=O)O,0,0,0.05897405813636586
FC(F)(F)I,1,1,0.8196173090775838
CC[C@@H](C)[C@H](C)CO,0,0,0.0041810465439435125
Cl/C=C\Cl,0,0,0.16103698258925528
O=C(O)CN(CC(=O)O)CC(=O)O,0,0,0.014700958582279757
CS(C)=O,0,0,0.047024011329345285
COCCOC,1,1,0.7639165737257042
COP(=O)(O)O,0,0,0.023660093045496346
CCCCOC(C)=O,0,0,0.026433632950557107
O=C(C(Cl)Cl)C(Cl)Cl,1,1,0.9709524715903912
CNC=O,0,0,0.026319617480603564
CC(C)CON=O,1,1,0.9777088711364218
CCOC(/C=C(/C)CCC=C(C)C)OCC,0,0,0.02267587594281674
Cl/C=C(\Cl)C(Cl)Cl,1,1,0.9206966458182886
O=CC(NC(=O)N(CCCl)N=O)C(O)C(O)C(O)CO,1,1,0.9637976284630118
CC(C)(C)NC(=O)SCC(NC(=O)CCC(N)C(=O)O)C(=O)NCC(=O)O,0,0,0.0736069434900747
O=[N+]([O-])OCC(CO[N+](=O)[O-])(CO[N+](=O)[O-])CO[N+](=O)[O-],0,0,0.08195477224789484
C[C@@H](O)COC(C)(C)C,1,1,0.9096323444103578
CC[C@@H](CO)[N+](=O)[O-],0,0,0.021134652883843624
C=CCNCC=C,0,0,0.03531183827373853
CCCCCC[C@H](O)C/C=C\CCCCCCCC(=O)O,0,0,0.002617222295505485
O=NSCCO,1,1,0.9653274508936371
C/C=C/Cl,1,1,0.9132394803322751
CC(C)[N+](=O)[O-],1,1,0.8101761301134882
O=P(O)(O)OCC(O)CO,0,0,0.03363270941049962
CCN(CC)N=O,1,1,0.9919331367121437
ClC(CBr)CBr,1,1,0.989876732166503
CC(C)OC(=O)C[C@@](O)(CC(=O)O)C(=O)O,0,0,0.006058140965550293
NCCCCCCCCCCC(=O)O,0,0,0.008203276021161002
NCCCl,1,1,0.9318730530103954
CCC/C=C/C=O,1,1,0.9581865940589458
O=C(O)C(Cl)CCl,0,0,0.10365811538452427
C=CC=O,1,1,0.9310234719506715
NC(CSC(F)(F)C(F)(F)C(F)F)C(=O)O,0,0,0.022389958729141332
C=CC#N,1,1,0.7904304175378377
CC(C)(C)OC(=O)CN=[N+]=[N-],1,1,0.9659027632816695
C=C(C)C(=O)OCCCCCC,0,0,0.001697387030684107
CCCCCCCCCCCCCCCCCC(=O)OCC(O)CO,0,0,0.012150771219647522
CNCCCC(=O)O,0,0,0.01747834095641537
ClC(Cl)(Cl)Cl,0,0,0.07050209134610354
CN[N+](=O)[O-],0,0,0.09249362813796284
C=C(C)C(=O)OCC(C)(C)COC(=O)C(=C)C,0,0,0.013396961334633509
CCCCOCCCC,0,0,0.0120345707297185
CCNC(=N)N(N=O)[N+](=O)[O-],1,1,0.9849326501906223
CCCCOCCOP(=O)(OCCOCCCC)OCCOCCCC,0,0,0.02265720356738876
C=C(C)C,0,0,0.060158519508508625
CC(Br)C(=O)NC(C)(C)C,0,0,0.05294367091246624
CCN(CC)C(=S)SSC(=S)N(CC)CC,0,0,0.08626361866859333
FC(F)(F)C(F)(F)C(Cl)Cl,0,0,0.013000043519716053
COCCOCCOCCOC,1,1,0.8792825121038544
COC(=O)C(N)CSCCCl,1,1,0.9482466581488354
O=P(OCCCl)(OCCCl)OCCCl,0,0,0.16577914326631266
ClCCl,1,1,0.9241257335265112
CC(=O)CC(C)C,0,0,0.009964684240193188
C=CCOC(=O)CCCCCCCC,0,0,0.002536306889879888
C=C(C)C(=O)N[N+](C)(C)C[C@@H](C)O,0,0,0.005427236658929498
O=P(OC(CCl)CCl)(OC(CCl)CCl)OC(CCl)CCl,1,1,0.9027529581996266
CCOC(=O)C(C)=O,0,0,0.026911875509900023
CCC(C)=O,0,0,0.012617191620002098
N#C/C=C\C#N,0,0,0.028931172936568852
OC[C@H](O)CI,1,1,0.9897763317583972
CCCCCN(CCCCC)CCCCC,0,0,0.00626615651812528
CC(=O)/C(C)=N\O,0,0,0.04955290016187117
BrCBr,1,1,0.9162439258619299
CCN(CC)CCCN,0,0,0.019238011149944303
CC(Cl)C(Br)CBr,1,1,0.8653639366759726
C[C@@H](O)COC[C@@H](C)O,0,0,0.0057196165079015995
C[C@@H](N)CN,0,0,0.012004524542562931
CCC(=O)C(C)=O,0,0,0.09744828930569184
CCCCC#N,0,0,0.018694124234735647
N#CSCSC#N,0,0,0.04710487917857133
C#CCBr,1,1,0.9296221952591516
CC(N)CCN,0,0,0.009718021057505345
CCCC(CCC)C(=O)O,0,0,0.0034409186700448094
CCSCCOP(=S)(OC)OC,0,0,0.08496778884184435
CCNC(=S)NCC,0,0,0.05216176239017422
CCCC[C@@H](CC)CO,0,0,0.0009198352648213772
C=CCCCCCCCCCCCC,0,0,0.004339863610669533
C=CCCCCCCCCCCC,0,0,0.0019984875963687753
CC(O)CN(CCN(CC(C)O)CC(C)O)CC(C)O,0,0,0.03525476873399024
[N-]=[N+]=NCC(O)CO,1,1,0.9944322854645787
O=C(NCO)NCO,1,1,0.8865773183389644
CCNCC,0,0,0.018411260898232605
OC[C@H](Br)CBr,1,1,0.9839200969854835
C=CC(=O)OCCO,0,0,0.044268228510302376
CC(=O)CCC(C)=O,0,0,0.08778038900740123
CC(C)(S)C(N)C(=O)O,1,1,0.8912243257065612
O=NN(CCCl)C(=O)NCCCl,1,1,0.9867813439466679
COC(=O)C(CSCC(C)Br)NC(C)=O,1,1,0.9382548142899241
COP(=O)(O)OC,0,0,0.05559363870245719
N=NCO,1,1,0.8897009845263557
CN(C)C,0,0,0.035274316046282804
CCN(CC)C(=S)SSCC(NC(C)=O)C(=O)O,0,0,0.03546060534625743
CCCCCN(CCCCO)N=O,1,1,0.9868263478639607
CCCC[CH-][N+](=O)[O-],0,0,0.049254806136857676
CC(Br)C(N)=O,1,1,0.8247629910429088
N=C(N)N,0,0,0.050677583596898106
NC(=O)CI,0,0,0.09695051519455289
CCOC(=O)CBr,1,1,0.9493290943282305
CCCCN(CCO)N=O,1,1,0.9989450895493013
O=CC=O,1,1,0.934361407925746
O=C(O)C(=O)O,0,0,0.0244672630561223
O=CCCCC=O,1,1,0.8928674703916355
CN(CCCl)CCCl,1,1,0.9631330633753222
CN(C)C(=S)SSC(=S)N(C)C,1,1,0.8834610519867734
CC(C)(CO)C(O)C(=O)NCCCO,0,0,0.03876407255266642
CC(C)(C)CBr,0,0,0.11641153008564141
CCCCN(N=O)[C@@H](CCC)OC(C)=O,1,1,0.9942486882680799
CC/C=C/C=C/C=C/C=C/C=C/SCC(O)CO,0,0,0.14440814063219315
COP(=O)(NC(C)=O)SC,0,0,0.044243053366930525
CC(Cl)Cl,0,0,0.12334382865818974
CC(=O)C(C)=O,1,1,0.8467079225696535
O=C(O)/C=C\C(=O)O,0,0,0.010101775054318864
ClCCCBr,1,1,0.9556841290522952
CCOP(=S)(OCC)SCCl,0,0,0.0316515511776547
CCCCCO,0,0,0.013635390927728218
CC#N,0,0,0.08983332119062078
NC(CCC(=O)NC(CS/C(Cl)=C/Cl)C(=O)NCC(=O)O)C(=O)O,1,1,0.9879733452114923
N[C@@H](CS/C(Cl)=C/Cl)C(=O)O,1,1,0.997482537130565
OC(C(F)(F)F)C(F)(F)F,0,0,0.011220905155002662
CC(CO[N+](=O)[O-])(CO[N+](=O)[O-])CO[N+](=O)[O-],0,0,0.1080960654821271
ClCCBr,1,1,0.9864566731451514
CC(C)=CCCC(C)CCO,0,0,0.0021825589475747372
CCOC(C)=O,0,0,0.03316700566479346
CC(C)CN(N=O)C(=N)N[N+](=O)[O-],1,1,0.9901935303715513
CCC#N,0,0,0.01932538919086659
CCC/C=N\O,1,1,0.9036035505213565
CSC(C)(C)/C=N\O,0,0,0.0746005990883016
C=C(Br)CCl,1,1,0.9714254738997979
CC(=O)NC(CS/C(F)=C(\F)C(F)(F)F)C(=O)O,0,0,0.05479951436036623
CCCCCCCCCCCCCCCCCCCCCCCCCCCC(=O)OCCC(C)O,0,0,0.0018649248141226961
CC(C)(C)Br,1,1,0.8565771895572831
CN(C)CCCN,0,0,0.013410881940033056
CC(C)(C)OC(=O)OC(=O)OC(C)(C)C,0,0,0.04431048331340291
CCCC[C@@H](CC)COC(=O)CCCCC(=O)O,0,0,0.0010786523315473979
CC(=O)OCN(CCCl)N=O,1,1,0.9955372001354337
CC(=O)OC(C)=O,0,0,0.042597565482213794
C=C(C)C(=O)OC[C@H](Br)CBr,1,1,0.9914224813736324
CC/C=C/[C@H](C=O)CC,0,0,0.007963543548809389
CCCCC/C=C/C/C=C/CCCCCCCC(=O)O,0,0,0.0033947740613682145
COC(=O)CCl,0,0,0.10597145866590708
CC(=O)OCN(CCCCl)N=O,1,1,0.9973478336569351
C[C@@H](Br)CBr,1,1,0.9908205750666922
OCC(CO)(CCBr)CCBr,1,1,0.9587116369537096
O=C(O)C(Cl)(Cl)Cl,0,0,0.1723876929670954
CC/C=C/C=C/C=C/C=C/C=C/OCCCO,1,1,0.9713422771114048
C=CC(=O)NCO,0,0,0.05755545919415756
C=C(C=O)CCC,1,1,0.9512404087685965
CC(C)N,0,0,0.013315531641653488
CCCCN(CCO[N+](=O)[O-])[N+](=O)[O-],1,1,0.9808510281156727
FC(F)OC(F)(F)C(F)Cl,0,0,0.010168302903691695
CC(C)(Cl)Cl,0,0,0.06447654336138077
CCOC(=O)[C@@H](C[C@](C)(C[C@@H](C[C@@](C)(C[C@H](C)C(=O)OCC)C(=O)O)C(=O)OCC)C(=O)O)C[C@](C)(CC)C(=O)O,1,1,0.8723246025078898
CC(C)(C)ON=O,1,1,0.9548108724182102
O=C(O)CS,0,0,0.058417554619200854
CCCCCCCC(=O)OCC(COC(=O)CCCCCCC)OC(=O)CCCCCCC,1,1,0.7181612949674602
CCCCCCCCCCCCCCCCCC(=O)NCCNC(=O)CCCCCCCCCCCCCCCCC,0,0,0.026783384785943123
CCCCC(C)C(OC(=O)CC(CC(=O)O)C(=O)O)C(CC(C)CC(O)CCCCCCC(O)C(C)N)OC(=O)CC(CC(=O)O)C(=O)O,0,0,0.0023248424465333846
[N-]=[N+]=NCC(O)C(O)C(O)C(O)C(=O)O,1,1,0.948265771439068
CCCCN=NC(C)(C)OO,1,1,0.906703175466874
CC(C)[C@](O)(C(=O)O)[C@@H](C)O,0,0,0.019554730213884573
CCCC[C@@H](CC)COS(=O)(=O)O,0,0,0.012066688431652473
NC(CCC(=O)NC(CSC(=O)NCCO)C(=O)NCC(=O)O)C(=O)O,0,0,0.11956486080938979
O=C(O)C(Br)Br,1,1,0.9785614630681816
O=C(O)CC[N+](=O)[O-],1,1,0.9115688099185042
NCCCCC(N)C(=O)O,1,1,0.8336469334345198
FC(Cl)C(F)(F)C(F)(F)Cl,0,0,0.016463162597068433
CCCCN(C)N=O,1,1,0.9982287035562513
CCN(N=O)C(=N)N[N+](=O)[O-],1,1,0.9978901790986027
CCCC[C@H](C=O)CC,0,0,0.0009450895493013187
CCSCCSP(=S)(OC)OC,0,0,0.03287498646533151
CCCCCCN(N=O)C(N)=O,1,1,0.9767691436636804
C=C(C)C(=O)OCC,0,0,0.02529746219860551
CC(C)=CCC/C(C)=C\C=O,0,0,0.009610936297888036
CCCC[C@@H](CC)COP(=O)(OC[C@H](CC)CCCC)OC[C@H](CC)CCCC,0,0,0.0004599176324106886
CCOC(=O)C(Cl)C(C)=O,0,0,0.040682452387391994
CNC(=O)N(O)C(C)=O,1,1,0.9086106881544873
CCC(C)(C)OC,0,0,0.01191052445994148
CC/C=C/C=O,1,1,0.9613371756685019
O=C(O)CCCCC(=O)O,0,0,0.009769753364614059
C=CCN=C=S,1,1,0.9038676582343557
COC(=O)CCC(=O)OC,0,0,0.026078067841640618
CN=NC(C)(C)OO,1,1,0.8699186447498725
CCCCOC(=O)CC(CC(=O)OCCCC)(OC(C)=O)C(=O)OCCCC,0,0,0.07757607859619946
S=C=S,0,0,0.07381385132683273
CCN(N=O)C(N)=O,1,1,0.9951593386000324
O=[N+]([O-])C(Br)(Br)Br,1,1,0.9652378839738561
C=C(C)C(=O)OCCOCCOCCOC(=O)C(=C)C,0,0,0.04959584445938513
CC[N+]([O-])=NC,0,0,0.06925197818563877
ClCCOCCCl,1,1,0.9659808638858141
CC(Cl)CO,1,1,0.9826202454971744
CC/C=C/C=C/C=C/C=C/C=C/OC,1,1,0.9553214910015503
CCCCN(CCC(C)=O)N=O,1,1,0.9950044113388825
CC(O)C(C)[N+](=O)[O-],0,0,0.01489323636284386
C=C(C)OC(C)=O,0,0,0.032099291998727304
CC/C=C\C/C=C\C/C=C\CCCCCCCC(=O)OCC,1,1,0.7731118252925561
C=C(C)C(=O)OCCO,0,0,0.012655016294123468
CCC(C)C,0,0,0.007513656716222184
OCCOCCOCCO,1,1,0.8469258932962125
CCCCCCCCOP(=O)(OCCCCCCCC)OCCCCCCCC,0,0,0.0076811944996607725
CCCCCCCCCCCC(=O)NCCO,0,0,0.01549595178156762
CCN(CCCCO)N=O,1,1,0.9973600032644192
C=C(C#N)C(=O)OCC,0,0,0.08338879308962294
CC(C)N=C=NC(C)C,0,0,0.03246529589347862
OC[C@H](O)CCl,1,1,0.9897561079708771
O=C(O)CCCCCCCBr,1,1,0.8554955374632105
CN(C)CCN(C)N=O,1,1,0.9757229539296941
FC(F)=C(F)Cl,0,0,0.037131000066958346
CCOC(=O)CNC(=O)C=[N+]=[N-],1,1,0.9609096549463635
CCOC(=O)N(C)C,1,1,0.9025569095436266
C=CC,1,1,0.871250738862914
[N-]=[N+]=NC[C@@H](N)C(=O)O,1,1,0.9932033344624975
CC(=O)NC(CSCCCl)C(=O)O,1,1,0.9495321161390168
CCCCCCCCCCCCCCCCCC(=O)O,0,0,0.0024584052287794636
ClCl,0,0,0.10692523600312777
ClCC(CCl)(CCl)CCl,0,0,0.0763496782934472
CCCCCCCCC(Cl)CCC(Cl)CC(Cl)C(Cl)C(Cl)CC(=O)OC,0,0,0.04118636397259278
NC(CS)C(=O)NCC(=O)O,1,1,0.8861124969042745
CNC(=O)ONC(C)=O,1,1,0.9311502968859579
COCOC,0,0,0.1021556078126096
CCOC(=O)CNC(=O)C(C)(C)Br,0,0,0.10144368011077043
OCC(O)CO,0,0,0.04388062484056001
CCCCCCCCCCCCCCCCCCCC,0,0,0.03113327199258214
CCCC/C=C/C=C/C=C/C=C/C=C/OC,1,1,0.9678812928450374
CCCCOS(C)(=O)=O,1,1,0.977638510492189
CCOC(N)=O,1,1,0.8481142700285728
N#CC(Br)Br,1,1,0.9528338893582269
CC(=O)C=O,1,1,0.9451206932192006
CCCN(CCC)N=O,1,1,0.9922475475766962
NNOS(=O)(=O)O,1,1,0.9226991060499273
CCCCC(CC)COC(=O)CCCCC(=O)OCC(CC)CCCC,0,0,0.0
OC(CBr)C(O)C(O)C(O)CBr,1,1,0.977654977110689
CC(CCl)OC(C)CCl,1,1,0.9858547668382112
CC(O)CNCC(C)O,0,0,0.005452490943409441
CCOC(=O)CC(SP(=S)(OC)OC)C(=O)OCC,0,0,0.004038763044984865
CC(O)CN(CC(C)O)CC(C)O,0,0,0.0026172222955054844
OCP(Cl)(CO)(CO)CO,0,0,0.04540142452618966
O=P(OCC(Br)CBr)(OCC(Br)CBr)OCC(Br)CBr,1,1,0.9693183618421533
CCCN(N=O)C(=N)NN(O)O,1,1,0.9966436172713692
CCCCN(N=O)C(=N)NN(O)O,1,1,0.9989153091166649
CCCCCN(N=O)C(=N)NN(O)O,1,1,0.9906381220768459
CCSCCC(N)C(=O)O,0,0,0.006639451772722976
O=S(=O)(O)O,0,0,0.0522841379273302
NC(CCC(=O)O)C(=O)O,0,0,0.006832243840641505
CCOC(=O)CC(SP(=O)(OC)OC)C(=O)OCC,0,0,0.007876921170996393
CN(N=O)C(=O)NC(C=O)C(O)C(O)C(O)CO,1,1,0.9749148760534103
CCCCN(CCCCO)N=O,1,1,0.9966314476638851
CC(C)CN(N=O)C(=N)NN(O)O,1,1,0.9922990542619328
CC(O)CO,0,0,0.01103854466906496
CNN,1,1,0.9005383468937918
CN(C)N=O,1,1,0.9698643318162848
OCC(O)C(O)C(O)C(O)CO,0,0,0.008044458954434983
CN(N=O)C(=N)NN(O)O,1,1,0.9819324027447924
C=CCl,1,1,0.9323257048376011
ClC(Cl)Br,1,1,0.7179574431701462
C=C(Cl)Cl,1,1,0.8288394083726447
CCCCC(CC)COP(=O)(OCC(CC)CCCC)OCC(CC)CCCC,0,0,0.0004599176324106886
CC(Cl)CCl,1,1,0.9912579974673663
ClCC(Br)CBr,1,1,0.9902304801088081
OCC(O)CCl,1,1,0.9904724939639271
ClCC(Cl)CBr,1,1,1.0
CC(=O)NC(CSC(Cl)=C(Cl)C(Cl)=C(Cl)Cl)C(=O)O,1,1,0.9879848115271287
CCOS(C)(=O)=O,1,1,0.9863341392790056
CCCC=CCC=O,1,1,0.9088029571206866
CC(C)=C(Cl)C=O,1,1,0.9695994475019127
NC(CS)C(=O)O,1,1,0.9639079619083775
OCC(O)CI,1,1,0.989111452450584
OCC(Cl)CCl,1,1,0.9963978462472298
N#CC(Cl)Br,1,1,0.9910815695754879
CCC(Cl)=[N+]([O-])O,1,1,0.9133478095669941
O=CCC=O,1,1,0.9288746222497695
CCCNN=O,1,1,0.9776678500100207
CN(CC(O)CO)N=O,1,1,0.9987412685652826
[O-][N+](O)=CCl,1,1,0.9037723283928325
CC(Br)CBr,1,1,0.9908205750666923
O=C(O)CC=[N+]([O-])O,1,1,0.9074716623306153
CC(=O)CN(CC(C)O)N=O,1,1,0.9979023487060866
N=P(O)(OCCC(=O)O)N(CCCl)CCCl,1,1,0.9797589495889784
OCC(Br)=C(Br)CO,1,1,0.957043761085874
C=C(C)C(=O)OCC(Br)CBr,1,1,0.9914224813736324
OCC=CCl,1,1,0.9154838661288712
[O-][N+](O)=C(Cl)Cl,1,1,0.9363337797545896
C=CC(=O)OCC(Br)CBr,1,1,0.9958852812381986
OCCCCCl,1,1,0.9689028780909431
NC(CCC(=O)NC(CSN=O)C(=O)NCC(=O)O)C(=O)O,1,1,0.9714768111933075
CC(O)CBr,1,1,0.9981989231236149
CCC(O)C=CC=CC=CC=CC=O,1,1,0.9697153029584222
CC=CCC=O,1,1,0.9165974085311231
CC(O)CCl,1,1,0.9987412685652824
NC(CSC(Cl)=CCl)C(=O)O,1,1,0.997482537130565
CCOP(=O)(OCC)C(C)NC(=O)N(CCCl)N=O,1,1,0.9842899043408491
NC(CCC(=O)NC(CSCCCl)C(=O)NCC(=O)O)C(=O)O,1,1,0.997482537130565
CC(=O)OC(C)CN(CC(C)OC(C)=O)N=O,1,1,0.9947708099222274
CC(=O)OCC(=O)CN(C)N=O,1,1,0.9953225793724552
NC(CCC(=O)NC(CSC(Cl)=C(Cl)Cl)C(=O)NCC(=O)O)C(=O)O,1,1,0.9973752267490756
O=C(O)C(Cl)Br,1,1,0.9903175667027775
COP(=O)(OC)C(O)C(Cl)(Cl)Cl,1,1,0.9888550142840411
[O-][N+](O)=CCO,1,1,0.8573936342789157
CC(=O)OCC(O)CO,1,1,0.9686795057979564
CC(O)CN(CC(C)O)N=O,1,1,0.9974825371305649
N=P(O)(O)N(CCCl)CCCl,1,1,0.9729533866599032
CC(O)CN(CC(O)CO)N=O,1,1,0.9900588268979216
OCC(Br)CBr,1,1,0.9814541408012852
CC(O)CN,1,1,0.8948883782303487
CC(O)CN(C)N=O,1,1,0.9992836140069501
CN(C)CCCCl,1,1,0.9464940340805149
CC(=O)NC(CS)C(=O)O,1,1,0.930982803662467
CCCN(C(N)=NN=O)[N+](=O)[O-],1,1,0.9950044113388826
CS(=O)(=O)OCC(O)C(O)COS(C)(=O)=O,1,1,0.9837556130792176
CCC(C)ON=O,1,1,0.9862624088062489
C=C(C)C(=O)N[N+](C)(C)CC(C)O,0,0,0.005427236658929498
CC(S)C(=O)NCC(=O)O,0,0,0.0630673506778679
CCCCC(CC)CNCC(CC)CCCC,0,0,0.0027760393622315053
CCC(C)N,0,0,0.0009198352648213772
CCC(CO)=[N+]([O-])O,0,0,0.022275469104480573
CC(C)OC(=O)CC(O)(CC(=O)O)C(=O)O,0,0,0.00477452695860028
CCC(C)=[N+]([O-])O,0,0,0.024540399974782093
CCCCC(CC)C(=O)O,0,0,0.0004599176324106887
C=CC(Cl)CCl,0,0,0.206263730174708
O=C(O)C(O)C(O)C(=O)O,0,0,0.0032359569946421936
C=CS(C)(=O)=O,0,0,0.05255860848773593
OC[P+](CO)(CO)CO,0,0,0.021465799636683866
CC=[N+]([O-])O,0,0,0.05482567651050394
CCCC(C)(COC(N)=O)COC(=O)NC(C)C,0,0,0.011065937761205501
CCCCCC=[N+]([O-])O,0,0,0.022829901106867133
CCCCC(C=O)CC,0,0,0.0009450895493013187
CCC(C(C)O)=[N+]([O-])O,0,0,0.02398779811141907
CCCCC(CC)COC(=O)CCCCCCCCC(=O)OCC(CC)CCCC,0,0,0.0009198352648213772
C=[N+]([O-])O,0,0,0.06065931569221306
CC(C)CC(C)N,0,0,0.0021573046630947957
CC(CO)=[N+]([O-])O,0,0,0.05153572912733715
FC(F)(F)C(Cl)Br,0,0,0.008370813804599595
CCCC(O)C(CC)CO,0,0,0.00525969887549091
COP(=S)(OC)SCC(=O)NCC=O,0,0,0.09001083171334213
CC(N)CN,0,0,0.01217856509394541
CCCCC(CC)COCCCN,0,0,0.004498680677395554
CCCC=[N+]([O-])O,0,0,0.02106590708570212
C=CC(=O)OCCOC(=O)C=C,0,0,0.025180425780272804
CN(C)CC(=O)O,0,0,0.019036577506421282
CC(O)C(=O)O,0,0,0.0028012936467114464
CCOC(=O)CC(SP(=O)(OC)SC)C(=O)OCC,0,0,0.0021573046630947957
C=C(C)C(=O)OCCOC(=O)NNC(=O)OCCOC(=O)C(=C)C,0,0,0.07337009940882529
CC(=O)C(C)O,0,0,0.010360580684255799
C=C(C)C(=O)OCCCCCCCC,0,0,0.0009450895493013187
CC(C)(C)CC(C)(S)CC(C)(C)C,0,0,0.015295354066448295
CC(CC(=O)O)C(=O)O,0,0,0.0013797528972320664
COP(O)(=NC(C)=O)SC,0,0,0.04590864433672991
CCCCC(CC)CN,0,0,0.0031023942123961142
CCC(C)C(C)CO,0,0,0.005126136093244831
N#CC(=N)C(N)C#N,0,0,0.03789859440554747
CCCCC(CC)COP(OCC(CC)CCCC)OCC(CC)CCCC,0,0,0.0014050071817120074
CC(=O)CC(C)=O,0,0,0.038397165436629216
CCCCC(CC)CO,0,0,0.0009198352648213772
C=CC(C)(O)CCC=C(C)C,0,0,0.004632769737525675
C=CC(=O)OCC(CC)CCCC,0,0,0.0010786523315473979
CCOP(=O)(OCC)OCC,0,0,0.04321138157246341
CC(O)COCC(C)O,0,0,0.006664706057202918
O=C(O)CC(Cl)C(=O)O,0,0,0.006347071923750876
CCC=[N+]([O-])O,0,0,0.047997710285183605
CCCCC(CC)COCCC#N,0,0,0.002483659513259405
CC(CCN(C)C)N(C)C,0,0,0.004916810457558927
CCCCCCCCCCCC(=O)OCCS(=O)(=O)O,0,0,0.024914650431538756
CCC(O)CN,0,0,0.016609494183819306
CC(CCl)OP(=O)(OC(C)CCl)OC(C)CCl,0,0,0.013841977123437004
CCCCC(CC)COS(=O)(=O)O,0,0,0.01301177798095379
CCC(CO)NCCNC(CC)CO,0,0,0.004155792259463571
CCCCCCC(O)CC=CCCCCCCCC(=O)O,0,0,0.002617222295505485
CCN(CC)C(=S)S,0,0,0.04694349550409609
O=C(O)CC(C(=O)O)C(CC(=O)O)C(=O)O,1,1,0.9529583510286085
CNC(=O)C(C)SCCSP(=O)(OC)OC,1,1,0.9764154916027602
CCOP(=S)(OCC)SCCSCC,0,0,0.06592686642721969
NC(=O)N(CCCC(N)C(=O)O)N=O,1,1,0.9852933081063111
CN(C)C(=O)N(C)N=O,1,1,0.989001529106727
N#CCCC(Br)(C#N)CBr,0,0,0.029735964156727857
CCCCN(CCC(C)O)N=O,1,1,1.0
CCCCC(CC)COC(=O)CCCCC(=O)O,0,0,0.0004599176324106887
CC(C#N)CCC#N,1,1,0.9125428585904859
CC(Cl)CN(C)C,1,1,0.9840345766715937
CCCCN(CC(O)CC)N=O,1,1,1.0
CCCCN(N=O)C(CCC)OC(C)=O,1,1,0.9942486882680799
CC(O)COC(C)(C)C,1,1,0.9115261747202522
CCCCN(CC(O)CCO)N=O,1,1,0.9969699721215337
CCCCC(=O)N(C)C,0,0,0.016177364657148304
[O-][Cl+2]([O-])O,0,0,0.05490698692972867
CC(=O)NBr,0,0,0.07631447235025186
CCCCCCCCCCCCOCCO,0,0,0.0070437082839880085
OC1C2=C(C3OC3C1O)C1c3cccc4cccc(c34)C1C=C2,1,1,0.9534733679007964
CC(=O)Nc1ccc(N=Nc2cc(C)ccc2O)cc1,1,1,0.9444657259188625
Cc1cc(N(CCO)CCO)ccc1N=Nc1ccc(N)cc1,0,0,0.06934779655905793
O=C(O)c1cc(N=Nc2ccc([N+](=O)[O-])cc2)ccc1O,1,1,0.9408010400800239
CN(C)c1ccc(N=Nc2ccc(C=O)cc2)cc1,1,1,0.9648174058616577
CN(C)c1ccc(N=Nc2ccccc2CO)cc1,1,1,0.9522453090572639
Nc1ccc(N=Nc2ccccc2)cc1,1,1,0.9887210141022589
COc1cc(N=Nc2ccccc2)ccc1N,1,1,0.9899701888918601
CCN(CC)c1ccc(N=Nc2ccc([N+](=O)[O-])cc2)cc1,1,1,0.9810354734324161
Cc1c(N)ccc(N=Nc2ccccc2)c1N,1,1,0.9992836140069501
O=C(O)c1ccc(N=Nc2ccc(O)c(C(=O)O)c2)cc1,0,0,0.06696289610230238
CCN(CC)c1cc(NC(C)=O)c(N=Nc2ccc([N+](=O)[O-])cc2)cc1OC,1,1,0.9588092091065148
CC(=O)N(C)c1ccc(N=Nc2ccc(N(C)C(C)=O)cc2)cc1,0,0,0.0979872174392062
CN(C)c1ccc(N=Nc2cccc(CCl)c2)cc1,1,1,0.9491404968288685
CN(C)c1ccc(N=Nc2ccccc2C(=O)O)cc1,1,1,0.9195429138309757
CC(=O)Nc1ccc(N=Nc2ccc(N(C)C)cc2)cc1,1,1,0.9561880663299296
O=[N+]([O-])c1ccc(N=Nc2ccc(O)cc2O)cc1,0,0,0.13213139742644175
CC(=O)Nc1cc(N=Nc2ccc(C)c(NC(C)=O)c2)ccc1C,0,0,0.005995462789106326
O=[N+]([O-])c1ccc(N=Nc2ccccc2)cc1,1,1,0.9614585031559749
N#Cc1cc([N+](=O)[O-])ccc1N=Nc1ccc(N(CCO)CCO)cc1,1,1,0.9881352161553906
CC(=O)OCc1ccc(N=Nc2ccc(COC(C)=O)cc2)cc1,1,1,0.9146776875941681
CCN(CC)c1ccc(N=Nc2ccc([N+](=O)[O-])cc2C#N)cc1,1,1,0.992598016019957
O=[N+]([O-])c1ccc(N=Nc2ccc(N(CCO)CCO)cc2)c([N+](=O)[O-])c1,1,1,0.9855879728533192
Cc1cc(N=Nc2ccccc2)c(N)cc1N,1,1,0.9986187346991366
ONc1ccc(N=Nc2ccccc2)cc1,1,1,0.9871374792294688
Cc1ccc(N=Nc2ccc(C)c(N)c2)cc1N,1,1,0.9994576545583325
Cc1ccc(N)cc1N=Nc1cc(N)ccc1C,1,1,0.9994576545583325
CCN(CCC#N)c1ccc(N=Nc2c(Cl)cc([N+](=O)[O-])cc2Cl)cc1,1,1,0.9808573614918895
Cc1cc(N=Nc2ccc(S(=O)(=O)O)cc2)c(N)cc1N,1,1,0.9309732024574029
CC(=O)Nc1cccc(N=Nc2cccc(NC(C)=O)c2C)c1C,0,0,0.014871978185283055
Cc1cc(N=Nc2ccccc2C)c(N)cc1N,1,1,0.9979023487060866
Cc1ccccc1N=Nc1ccc(N)c(C)c1N,1,1,0.9985672280139
Cc1ccccc1N=Nc1ccc(N(C)C)cc1,0,0,0.4202969971469622
COc1cc(N=Nc2ccccc2)ccc1[N+](=O)[O-],1,1,0.9651420766631741
Cc1ccc(N=Nc2ccc(N(CCO)CCO)cc2)cc1,0,0,0.07132801399745184
CCN(CC)c1cc(NC(C)=O)c(N=Nc2c(Br)cc([N+](=O)[O-])cc2[N+](=O)[O-])cc1OC,1,1,0.97887826127323
Cc1cc(N(C)C)ccc1N=Nc1ccccc1,1,1,0.8230262224907265
CC(=O)OCc1ccc(N=Nc2ccc(N(C)C)cc2)cc1,1,1,0.9927956924944598
CC(=O)Nc1ccc(C)c(N=Nc2cc(NC(C)=O)ccc2C)c1,0,0,0.006940552338407645
CNc1ccc(N=Nc2ccccc2)cc1,1,1,0.9678788096231566
O=[N+]([O-])c1cc(Cl)c(N=Nc2ccc(N(CCO)CCO)cc2Cl)c(Cl)c1,1,1,0.9628654775003308
CN(CCC#N)c1ccc(N=Nc2ccccc2)cc1,1,1,0.9532911405328217
Nc1ccc(/N=N/c2ccc(S(=O)(=O)O)cc2)c(N)c1,1,1,0.9403771190189292
CCN(CC[N+](C)(C)C)c1ccc(N=Nc2ccc([N+](=O)[O-])cc2Cl)cc1,1,1,0.9873744927817245
Nc1ccc(N=Nc2cccc(N)c2N)cc1,1,1,0.9822546862058131
CC(=O)N(C)c1ccc(N=Nc2ccc(N(C)C)cc2)cc1,1,1,0.937103042261401
CN(C)c1ccc(N=Nc2ccccc2)cc1,1,1,0.9258037058814591
CC(=O)ON(C)c1ccc(N=Nc2ccccc2)cc1,1,1,0.9752797320529241
Nc1ccc(N=Nc2ccc(N)cc2)cc1,1,1,0.9894569205909812
c1ccc(N=Nc2ccccc2)cc1,1,1,0.8788825733405581
CN(C)c1ccc(N=Nc2ccc(N(C)C)cc2)cc1,0,0,0.12646676551768457
COC(=O)c1ccc(N=Nc2ccc(N(C)OC(C)=O)cc2)cc1,1,1,0.9477318384358646
C[N+](C)(C)CCNCCc1ccc(N=Nc2ccc([N+](=O)[O-])cc2Cl)cc1,1,1,0.9682583552072062
OCCNc1ccc(N=Nc2ccc(N(CCO)CCO)cc2)cc1,0,0,0.04857470334438789
Cc1cc(N=Nc2ccccc2C)ccc1N,1,1,0.9874679495070816
C=CCN(CC=C)c1cc(NC(C)=O)c(N=Nc2c(Br)cc([N+](=O)[O-])cc2[N+](=O)[O-])cc1OC,1,1,0.9724929948727853
CN(C)c1ccc(N=Nc2ccc(S(=O)(=O)O)cc2)cc1,0,0,0.07581514565606087
CC(=O)OCc1ccccc1N=Nc1ccc(N(C)C)cc1,1,1,0.9882916458816208
CCN(CC)c1ccc(N=Nc2ccc([N+](=O)[O-])cc2Cl)cc1,1,1,0.9957329669394166
Cc1c(N)cccc1N=Nc1cccc(N)c1C,1,1,0.9984027441076337
CNc1ccc(N=Nc2ccc(N(C)C(C)=O)cc2)cc1,1,1,0.9782096247963967
Cc1cccc(N=Nc2ccc(N(C)C)cc2)c1,1,1,0.8076604007851418
Clc1ccc(N=Nc2ccc(Cl)c(Cl)c2)cc1Cl,0,0,0.04588822816724049
CCN(CC)c1ccc(N=Nc2ccccc2)cc1,0,0,0.0960406044282119
CNc1ccc(N=Nc2ccc(NC)cc2)cc1,0,0,0.1359478292998529
Nc1ccc(N=Nc2ccccc2)c(N)c1,1,1,0.9950978680642397
OCCNc1ccc(N=Nc2ccc(NCCO)cc2)cc1,1,1,0.8193852119889102
COc1ccc(N=Nc2ccc(N(C)C)cc2)cc1,1,1,0.9539302281407663
Nc1ncnc2c1ncn2-c1ccc([N+](=O)[O-])cc1[N+](=O)[O-],1,1,0.9799968480166495
Nc1ncnc2c1ncn2-c1ccc([N+](=O)[O-])cc1,1,1,0.9889863056220706
O=C(ON(OCc1ccccc1)C(=O)c1ccccc1)c1ccc(Cl)cc1,1,1,0.9924754821538112
O=C(ON(OCc1ccccc1)C(=O)c1ccccc1)c1cccc([N+](=O)[O-])c1,1,1,0.9842500274211006
CC(C)(C)c1ccc(C(=O)ON(OCc2ccccc2)C(=O)c2ccccc2)cc1,1,1,0.9258855196163195
O=C(ON(OCc1ccccc1)C(=O)c1ccccc1)c1ccc([N+](=O)[O-])cc1,1,1,0.991309504152603
COc1cccc(C(=O)ON(OCc2ccccc2)C(=O)c2ccccc2)c1,1,1,0.9980248825722325
Cc1ccc(C(=O)ON(OCc2ccccc2)C(=O)c2ccccc2)cc1,1,1,0.993961670495668
COc1ccc(C(=O)ON(OCc2ccccc2)C(=O)c2ccccc2)cc1,1,1,0.9969699721215338
N#Cc1ccc(C(=O)ON(OCc2ccccc2)C(=O)c2ccccc2)cc1,1,1,0.9891278201418928
O=C(ON(OCc1ccccc1)C(=O)c1ccccc1)c1ccccc1,1,1,0.9807257118954321
O=Cc1ccc(C(=O)ON(OCc2ccccc2)C(=O)c2ccccc2)cc1,1,1,0.9867488179151077
CN1CCN=C(c2ccccc2)c2cc(Cl)ccc21,0,0,0.05212358283510094
C1CSCCS1,1,1,0.9216299969096764
c1ccc(OC2CO2)cc1,1,1,0.949727179651152
O=[N+]([O-])c1ccc(O[C@H]2CO2)cc1,1,1,0.997482537130565
O=[N+]([O-])c1ccc(OC2CO2)cc1,1,1,0.9964276266798663
CC(=O)N(OC1OC(CO)C(O)C(O)C1O)c1ccc(Oc2ccc(Cl)cc2)cc1,1,1,0.9798840523791879
CC(=O)N(O[C@@H]1O[C@H](CO)[C@@H](O)[C@H](O)[C@H]1O)c1ccc(Oc2ccc(Cl)cc2)cc1,1,1,0.9797100118278054
Nc1ccc(C(=O)OCCCOC(=O)c2ccc(N)cc2)cc1,0,0,0.11398824909946714
O=C(CCBr)N1CCN(C(=O)CCBr)CC1,1,1,0.9351135372773804
CN1CCNCC1,0,0,0.01745661470381503
C[C@@H]1CN(N=O)C[C@H](C)N1N=O,1,1,1.0
C[C@@H]1CN(N=O)[C@@H](C)CN1N=O,1,1,0.9992836140069501
CC1CN(N=O)CCN1N=O,1,1,1.0
C1CNCCN1,0,0,0.036291679425605225
OCCN1CCNCC1,0,0,0.02913348151695645
CN1CCN(N=O)CC1,1,1,0.9873599725889156
C[C@H]1CN(N=O)CCN1N=O,1,1,1.0
NCCCN1CCN(CCCN)CC1,0,0,0.0728315316560589
NCCN1CCNCC1,0,0,0.03813483897866668
CN1CCN(C)CC1,0,0,0.022107135525285492
CC1CN(N=O)CC(C)N1N=O,1,1,1.0
O=NN1CCN(N=O)CC1,1,1,0.9850074345405515
CC1CN(N=O)C(C)CN1N=O,1,1,0.9992836140069501
O=NN1CCNCC1,1,1,0.9658840023079894
CN(C)CCNC(=O)n1c2ccccc2c(=O)c2ccccc21,1,1,0.9552257766761842
CC(=O)Nc1ccc2[nH]c3c(C)c4ccncc4c(C)c3c2c1,0,0,0.10302411819227024
Cc1c2ccncc2c(C)c2c1[nH]c1ccc(N)cc12,1,1,0.9889863056220706
Cc1c2ccncc2c(C)c2c1[nH]c1ccccc12,1,1,0.9818429288103274
O=[N+]([O-])c1cc2c(cc3ccc4cccc5ccc2c3c45)o1,1,1,0.9923426883507013
c1cc2ccc3cc4occc4c4ccc(c1)c2c34,1,1,0.9910427101677112
Nc1ccccc1SCSc1ccccc1N,1,1,0.9757433103537702
C1=Cc2c3ccccc3cc3cccc1c23,1,1,0.9937754603368014
CC1CC(C)C(=O)C(C(O)CC2CC(=O)NC(=O)C2)C1,0,0,0.013755354745624013
C[C@H]1C[C@@H](C)C(=O)[C@@H]([C@@H](O)CC2CC(=O)NC(=O)C2)C1,0,0,0.01516036192733602
CCC1OC(CO)C(COCC2OC(COC3OC(CO)C(O)C(O)C3O)C(OC)C(O)C2O)C(O)C1O,0,0,0.03541009677729755
C1=C\CCC2OC2CC/C=C/CC/1,0,0,0.05659355456868681
O=C1c2ccccc2-c2ccc3c4ccc5c6c(ccc(c7ccc1c2c73)c64)C(=O)c1ccccc1-5,1,1,0.8395567863230249
O=C(OOC(=O)c1ccccc1)c1ccccc1,0,0,0.036016233926557846
CC(=O)Nc1ccc(OC(=O)c2ccccc2OC(C)=O)cc1,0,0,0.07354145393639953
O=C(Oc1ccccc1)c1ccccc1O,0,0,0.027885066249347775
CC(=O)Oc1ccccc1C(=O)Oc1ccccc1C(=O)O,0,0,0.05130904119933421
O=C1CN(/N=C/C=C/c2ccc([N+](=O)[O-])o2)C(=O)N1,1,1,0.9853726855536641
O=[N+]([O-])c1ccc2[nH]ncc2c1,1,1,0.9949092705648772
CC(C)=CCC1CCCC1=O,0,0,0.013777674426686865
CCCCCC(C)(O)/C=C/C1C(O)CC(=O)C1C/C=C/CCCC(=O)O,0,0,0.018768536872417352
c1ccc2cc3cc4ccccc4cc3cc2c1,1,1,0.9738409790071599
c1ccc2cc(OCC3CO3)ccc2c1,1,1,0.9937158994715286
CC(=O)C1=C(O)C2C3c4c[nH]c5cccc(c45)CC3C(C)(C)N2C1=O,1,1,0.9285786184875332
COC(=O)C1=C(C)NC(C)=C(C(=O)OCC(C)=O)C1c1ccccc1[N+](=O)[O-],0,0,0.052101777441392494
COC(=O)C1=C(C)NC(COC(N)=O)=C(C(=O)OC(C)C)C1c1cccc(Cl)c1Cl,0,0,0.03707485902254726
CCOc1ccc2c(c1)C(C)=CC(C)(C)N2,0,0,0.032598779534616616
CC1=CC(C)(C)Nc2ccccc21,0,0,0.02716238701272821
C1=C[C@H]2O[C@H]2c2cc3ccc4cccc5ccc(c21)c3c45,1,1,1.0
C1=CC2OC2c2cc3ccc4cccc5ccc(c21)c3c45,1,1,1.0
Cc1cc(O)c2c(c1)C(=O)c1cc(O[C@@H]3O[C@H](C)[C@@H](O)[C@H](O)[C@H]3O)cc(O)c1C2=O,1,1,0.9940842043618137
Cc1cc(O)c2c(c1)C(=O)c1cc(OC3OC(C)C(O)C(O)C3O)cc(O)c1C2=O,1,1,0.9940842043618137
CN1CCC(=C2c3ccccc3C=Cc3ccccc32)CC1,0,0,0.06497693299436962
CNC(=O)c1cccc(NCC(=O)NCCc2ccc(OC)c(OC)c2)c1,0,0,0.03451286270194108
N[C@@H]1C[C@H]1c1ccccc1,0,0,0.034722616280019325
CC(C)(Oc1ccc(C2CC2(Cl)Cl)cc1)C(=O)O,0,0,0.0060712256425461495
CC(C)(Oc1ccc([C@@H]2CC2(Cl)Cl)cc1)C(=O)O,0,0,0.0060712256425461495
c1ccc2c(c1)ccc1cc3ccc4ccccc4c3cc12,1,1,0.7921756113533531
COc1ccc(Cc2nccc3cc(OC)c(OC)cc23)cc1OC,0,0,0.06650991525989561
CCCCCn1cc2c3c(cccc31)[C@H]1C=C(C)CN(C)[C@@H]1C2,1,1,0.981481308271554
CC1=C[C@H]2c3cccc4[nH]cc(c34)C[C@H]2N(C)C1,1,1,0.9917407820437611
C=CCn1cc2c3c(cccc31)C1C=C(CO)CN(C)C1C2,1,1,0.9862528521611326
C=CCn1cc2c3c(cccc31)[C@@H]1C=C(CO)CN(C)[C@@H]1C2,1,1,0.9851979417104338
CCCn1cc2c3c(cccc31)C1C=C(C)CN(C)C1C2,1,1,0.9813087701852519
CCCCCn1cc2c3c(cccc31)C1C=C(C)CN(C)C1C2,1,1,0.9825362187222527
CC1=CC2c3cccc4[nH]cc(c34)CC2N(C)C1,1,1,0.9917407820437611
C1=c2ccccc2=C2Cc3ccccc3C3=C4OC4=C1C32,1,1,0.9764444728621638
Cc1cc(C)c2nsnc2c1N,1,1,0.9666572095092638
Cc1cc(C)c2nsnc2c1[N+](=O)[O-],1,1,0.9786268234095507
C1=Cc2cc3c4ccccc4ccc3c3cccc1c23,1,1,0.9987412685652826
CC1CCC2C(C)C3C(CC4C5CC=C6CC(O)CCC6(C)C5CCC43C)N2C1,0,0,0.025244814821985033
C1=COc2c(c3ccccc3c3cc4ccccc4cc23)C=C1,1,1,0.9863875556347623
CC(C)NCC(O)COc1cccc2c1OCC(O[N+](=O)[O-])C2,0,0,0.011280415949077176
CC(C)NCC(O)COc1cccc2c1OCC(O)C2,0,0,0.00525969887549091
CC(=O)Oc1c(C)c(C)c2c(c1C)CCC(C)(CCCC(C)CCCC(C)CCCC(C)C)O2,0,0,0.015797487493498637
CC(C)NC[C@@H](O)COc1cccc2c1OC[C@@H](O[N+](=O)[O-])C2,0,0,0.011740333581487863
Cc1c(C)c2c(c(C)c1O)CCC(C)(CCCC(C)CCCC(C)CCCC(C)C)O2,0,0,0.00905222668018027
CN1C(C(=O)Nc2ccccn2)=C(O)c2sccc2S1(=O)=O,0,0,0.026851650660819206
C=C1C[C@]23C[C@@]1(O)CC[C@@H]2[C@@]12C=C[C@H](O)[C@@](C)(C(=O)O1)[C@H]2[C@@H]3C(=O)O,0,0,0.014374089444760721
C=C1CC23CC1(O)CCC2C12C=CC(O)C(C)(C(=O)O1)C2C3C(=O)O,0,0,0.015611558843034138
O=C1C=Cc2ccc3c4c(ccc1c24)C=CC3=O,1,1,0.98619329129586
COc1ccc(/C=C/c2ccc([N+](=O)[O-])cc2)cc1,1,1,0.9973180532242988
O=[N+]([O-])c1ccc(/C=C/c2ccc(Cl)cc2)cc1,1,1,0.9992836140069501
CC/C(=C(/CC)c1ccc(O)cc1)c1ccc(O)cc1,0,0,0.017655395252323017
CCc1ccc(/C=C/c2ccc([N+](=O)[O-])cc2)cc1,1,1,0.9912999475074865
Cc1ccc(/C=C/c2ccc([N+](=O)[O-])cc2)cc1,1,1,0.9976863581145837
C(=C/c1ccccc1)\c1ccccc1,0,0,0.06813815427498504
O=CN(O)c1ccc(/C=C/c2ccccc2)cc1,1,1,0.9818766920338557
CN(C)c1ccc(/C=C/c2ccc([N+](=O)[O-])cc2)cc1,1,1,0.9873236893883353
N#Cc1ccc(/C=C/c2ccc([N+](=O)[O-])cc2)cc1,1,1,0.9976565776819475
COc1cccc(/C=C/c2ccc(N)cc2)c1,1,1,0.9921686477993187
Nc1ccc(/C=C\c2ccc(N)cc2S(=O)(=O)O)c(S(=O)(=O)O)c1,0,0,0.03900416567452817
Nc1ccc(/C=C/c2cccc(N)c2)cc1,1,1,0.9982287035562513
O=[N+]([O-])c1ccc(/C=C/c2cccc(Cl)c2)cc1,1,1,0.9969699721215337
CC/C(=C(/CC)c1ccc(OP(=O)(O)O)cc1)c1ccc(OP(=O)(O)O)cc1,0,0,0.01959302904271317
CCC(=O)N(O)c1ccc(/C=C/c2ccccc2)cc1,1,1,0.9583637252426719
O=[N+]([O-])c1ccc(/C=C/c2ccc([N+](=O)[O-])cc2)cc1,1,1,0.9913514541927234
N#Cc1cccc(/C=C/c2ccc([N+](=O)[O-])cc2)c1,1,1,0.9966016672312489
CN(C)c1ccc(/C=C/c2ccccc2)cc1,1,1,0.9227023855489715
CC(C)(C)c1cc(C=Cc2cc(C(C)(C)C)c(O)c(C(C)(C)C)c2)cc(C(C)(C)C)c1O,0,0,0.022086245201088834
Cc1ccc(/C=C/c2ccc(N)cc2)cc1,1,1,0.9874259994669611
Nc1ccc(/C=C/c2ccc(Cl)cc2)cc1,1,1,0.9933678183687635
COc1ccc(/C=C/c2ccc(N)cc2)cc1,1,1,0.9942784687007162
CCC(=O)Oc1ccc(/C(CC)=C(\CC)c2ccc(OC(=O)CC)cc2)cc1,0,0,0.021423183059886868
O=[N+]([O-])c1ccc(/C=C/c2ccccc2)cc1,1,1,0.9733656779555093
Nc1ccc(/C=C/c2ccc([N+](=O)[O-])cc2)cc1,1,1,0.9902354804116716
Nc1ccc(/C=C/c2ccccc2)cc1,1,1,0.9904705842934074
Nc1ccc(/C=C/c2cccc(Cl)c2)cc1,1,1,0.9908299990752524
Nc1ccc(/C=C/c2ccc(N)cc2)cc1,1,1,0.9928552533597326
CC(=O)Nc1ccc(/C=C\c2ccccc2)cc1,1,1,0.9431158883441125
CC(C)(C)c1ccc(/C=C/c2ccc(N)cc2)cc1,0,0,0.07351536484770223
N#Cc1cccc(/C=C/c2ccc(N)cc2)c1,1,1,0.9962535861284837
CC(=O)N(O)c1ccc(/C=C/c2ccccc2)cc1,1,1,0.9881111025622946
O=[N+]([O-])c1ccc(/C=C/c2cccc([N+](=O)[O-])c2)cc1,1,1,0.9968054882152676
COc1cccc(/C=C/c2ccc([N+](=O)[O-])cc2)c1,1,1,0.9983729636749974
N#Cc1ccc(/C=C/c2ccc(N)cc2)cc1,1,1,0.9962535861284838
Nc1cc(N)c(N=Nc2ccc(S(=O)(=O)O)cc2)cc1N=Nc1ccc(-c2ccc(N=Nc3ccc(O)c(C(=O)O)c3)cc2)cc1,1,1,0.9719126821818894
C(CCC1CO1)CC1CO1,1,1,0.9834742621463457
C(CC[C@H]1CO1)C[C@H]1CO1,1,1,0.985014344513935
C1CCC2OCCOCCOC3CCCCC3OCCOCCOCCOC2C1,0,0,0.014587771836875903
N#CC1=C(C#N)SCCS1,0,0,0.04028910895897274
c1ccc2c(c1)-c1cccc3cc4ccccc4c-2c13,1,1,0.9989153091166649
Cc1ccc(C(C)(C)C)c(O)c1C(O)c1ncc([N+](=O)[O-])n1C,0,0,0.02212830735788422
COc1cc(C(O)c2ncc([N+](=O)[O-])n2C)c(O)c(C(C)(C)C)c1,1,1,0.8394034661824679
Cc1cc(C(O)c2ncc([N+](=O)[O-])n2C)c(O)c(C(C)(C)C)c1,0,0,0.024391781711084554
Cn1c([N+](=O)[O-])cnc1C(O)c1cc(C(C)(C)C)cc(C(C)(C)C)c1O,0,0,0.029796536454304415
CCCCCCCCCCCCCCCC(=O)OCC1(O)CC23CCC4c5ccoc5C=CC4(C)C2CCC1C3,0,0,0.03811743047403474
O=C(c1ccccc1)C1OC1c1ccc(Oc2ccccc2)cc1,0,0,0.045376966037466236
O=C(O)C1OC(N(O)c2ccc(-c3ccccc3)cc2)C(O)C(O)C1O,1,1,0.9746155252236626
O=C(O)[C@@H]1O[C@H](N(O)c2ccc(-c3ccccc3)cc2)[C@@H](O)[C@H](O)[C@H]1O,1,1,0.9762127811160286
[N-]=[N+]=NCC(O)Cn1ncc2c(N)ncnc21,1,1,0.991150687085877
c1ccc2c(c1)-c1cc3c(cc1C1NC21)-c1ccccc1C1NC31,1,1,0.9776316994459965
OC1C=Cc2ccc3c(sc4ccccc43)c2C1O,0,0,0.336014378705285
Cn1c2ccccc2c(=O)c2c(O)cc3c(c21)CC(C1(C)CO1)O3,1,1,0.9550325298492532
ON1c2ccccc2/C(=N\c2ccccc2)C1(c1ccccc1)c1ccccc1,0,0,0.04137162469785856
CC1(C)O[C@]2(C)CC[C@H]1CC2,0,0,0.008972107070311167
CC12CCC(CC1)C(C)(C)O2,0,0,0.008972107070311167
O=C1CCCCCO1,0,0,0.0849582795332293
CC1(C)SC2C(NC(=O)COc3ccccc3)C(=O)N2C1C(=O)O,0,0,0.009125764380997409
CC1(C)C(=O)[C@@]2(C)CC[C@@H]1C2,0,0,0.0009450895493013187
CC1(C)[C@H]2CC[C@]1(C)C(=O)C2,0,0,0.0
CC12CCC(CC1=O)C2(C)C,0,0,0.0
CC12CCC(C1)C(C)(C)C2=O,0,0,0.0009450895493013187
c1ccc(-c2cccnc2)nc1,1,1,0.9638037421592319
CN(C)CCNC(=O)c1cccc2[nH]c(-c3ccccc3)nc12,1,1,0.8931831624864606
c1cc2c3c(c1)C1NC1c1cccc(c1-3)C1NC21,1,1,0.9495154860706653
OC1c2ccc3nc4c(ccc5ccccc54)cc3c2C2OC2C1O,0,0,0.30738674570254343
Nc1ccc(Oc2cccc(Oc3ccc(N)cc3)c2)cc1,1,1,0.9497145201818514
O=C1C=C2c3cc4ccccc4cc3-c3cccc(c32)C1=O,1,1,0.97655620694935
Cc1cc2nc3ccc(N(C)C)cc3[s+]c2cc1N,1,1,0.9859633144116687
Nc1ccc2nc3ccc(N)cc3[s+]c2c1,1,1,0.9781264280080033
CN(C)c1ccc2nc3ccc(N(C)C)cc3[s+]c2c1,1,1,0.9543867638316726
O=CNc1ccc(Oc2c(Cl)cc(Cl)cc2Cl)cc1,1,1,0.9650132656509567
CC(=O)Nc1ccc(Oc2ccc(N)cc2)cc1,1,1,0.9517808445397441
CC(=O)N(O)c1ccc(Oc2ccc(Cl)cc2)cc1,1,1,0.9904190776081704
COc1cc(Oc2ccc(Cl)cc2Cl)cc([N+](=O)[O-])c1,0,0,0.18249898565806952
CC(=O)Nc1ccc(Oc2ccc([N+](=O)[O-])cc2)cc1,1,1,0.9837578188361454
Nc1ccc(Oc2ccccc2)cc1,1,1,0.8692031304072306
O=CNc1ccc(Oc2ccc(Cl)cc2Cl)cc1,1,1,0.989717915099777
Nc1ccc(Oc2ccc(Cl)cc2Cl)cc1,1,1,0.9885011337051798
COC(=O)c1cc(Oc2ccc(Cl)cc2Cl)ccc1[N+](=O)[O-],1,1,0.9159222570945049
Nc1ccc(Oc2c(Cl)cc(Cl)cc2Cl)cc1,1,1,0.9540676272331402
CC(=O)Nc1ccc(Oc2ccc(NO)cc2)cc1,1,1,0.9663799740038397
CC(=O)Nc1ccc(Oc2ccc(N=O)cc2)cc1,1,1,0.9589196101203477
O=CNc1ccc(Oc2ccc(Cl)cc2)cc1,1,1,0.9806712839695791
O=[N+]([O-])c1ccc(Oc2ccc(N=C=S)cc2)cc1,1,1,0.8625157940043457
CC(=O)Nc1ccc(Oc2ccc(N(O)C=O)cc2)cc1,1,1,0.9601374652570612
O=[N+]([O-])c1ccc(Oc2ccc(Cl)cc2Cl)cc1,1,1,0.934577203708673
Nc1ccc(Oc2ccc([N+](=O)[O-])cc2)cc1,1,1,0.9834280150952095
CC(=O)N(O)c1ccc(Oc2ccc(Cl)cc2Cl)cc1,1,1,0.9629429144638679
Brc1ccc(Oc2cc(Br)c(Br)cc2Br)c(Br)c1,0,0,0.03497500548697446
CC(=O)Nc1ccc(Oc2ccc(NC(C)=O)cc2)cc1,0,0,0.0772670588781169
O=Nc1ccc(Oc2ccccc2)cc1,1,1,0.9632603792055928
CC(=O)N(O)c1ccc(Oc2ccccc2)cc1,1,1,0.98133686656924
c1ccc(Oc2ccccc2)cc1,0,0,0.04479962417697768
Nc1ccc(Oc2ccc(N)cc2)cc1,1,1,0.9819871889290733
ONc1ccc(Oc2ccccc2)cc1,1,1,0.9646077854015429
O=[N+]([O-])c1ccc(Oc2ccccc2)cc1,1,1,0.8953106001548855
Nc1ccc(Oc2ccc(N)c(N)c2)cc1,1,1,0.9797889116051826
CC(=O)Nc1ccc(Oc2ccc(N(O)C(C)=O)cc2)cc1,1,1,0.9655935783418521
CC(=O)Nc1ccc(Oc2ccccc2)cc1,1,1,0.9480330989361325
Nc1ccc(Oc2ccc(N)c(Cl)c2)cc1Cl,1,1,0.9852913984357909
CC(=O)Nc1ccc(Oc2ccc(N(OC(C)=O)C(C)=O)cc2)cc1,1,1,0.9358443475818545
O=CN(O)c1ccc(Oc2ccc(Cl)cc2)cc1,1,1,0.9891877392655934
O=C1c2ccccc2-c2ccc3ccc4ccccc4c3c21,0,0,0.11463636201821356
S=P(N1CC1)(N1CC1)N1CC1,1,1,0.9464335443015222
CN1C(=O)C23CC4=CC=CC(O)C4N2C(=O)C1(CO)SS3,0,0,0.0374243221456772
O=Nc1c(-c2ccc([N+](=O)[O-])cc2)nc2sccn12,1,1,0.9942074415198071
Cc1cn2c([N+](=O)[O-])c(-c3ccc([N+](=O)[O-])cc3)nc2s1,1,1,0.995915061670835
O=Nc1c(-c2ccc(Cl)cc2)nc2sccn12,1,1,0.9681306884016406
O=[N+]([O-])c1c(-c2ccc(Cl)cc2)nc2sccn12,1,1,0.9760597943386948
O=[N+]([O-])c1ccc(-c2nc3sccn3c2[N+](=O)[O-])cc1,1,1,0.9930864674358918
Cc1cn2c(N=O)c(-c3ccc([N+](=O)[O-])cc3)nc2s1,1,1,0.9931010243838717
ClC1=C(Cl)[C@]2(Cl)[C@@H]3[C@@H]([C@@H]4C=C[C@H]3C4)[C@@]1(Cl)C2(Cl)Cl,0,0,0.004047483761697433
ClC1=C(Cl)C2(Cl)C3C4C=CC(C4)C3C1(Cl)C2(Cl)Cl,0,0,0.0031023942123961142
c1ccc2c(c1)cc1c3c2ccc2cccc(c23)C2OC12,1,1,0.9978901790986027
O=[N+]([O-])c1ccc(-c2nc(N(CCO)CCO)c3ccccc3n2)s1,1,1,0.9434298020637154
OCCN(CCO)c1nc(-c2cccs2)nc2ccccc12,0,0,0.09983688583987926
O=[N+]([O-])c1ccc(-c2nc(NCCO)c3ccccc3n2)s1,1,1,0.9676097168960207
O=C(c1ccccc1)[C@@H](O)c1ccccc1,0,0,0.009424211851667048
O=C(c1ccccc1)C(O)c1ccccc1,0,0,0.009884129484077738
CC(=O)OC(C(=O)c1ccccc1)c1ccccc1,0,0,0.05196087596279884
CN1C(=O)CN=C(c2ccccc2)c2cc(Cl)ccc21,0,0,0.030531906789616488
O=C1CN=C(c2ccccc2)c2cc([N+](=O)[O-])ccc2N1,0,0,0.1882317100507715
O=C1Nc2ccc(Cl)cc2C(c2ccccc2)=N[C@@H]1O,0,0,0.009909383768557678
CCN(CC)CCN1C(=O)CN=C(c2ccccc2F)c2cc(Cl)ccc21,0,0,0.035678651698655896
CN1C(=O)CN=C(c2ccccc2F)c2cc([N+](=O)[O-])ccc21,1,1,0.9078858853359093
O=C1Nc2ccc(Cl)cc2C(c2ccccc2)=NC1O,0,0,0.008504376586845672
O=C1CN=C(c2ccccc2)c2cc(Cl)ccc2N1,0,0,0.02911088032749153
c1ccc2[nH]c(-c3cscn3)nc2c1,1,1,0.9475441258119177
CN1CCN(c2ccc3[nH]c(-c4ccc5[nH]c(-c6ccc(O)cc6)nc5c4)nc3c2)CC1,0,0,0.03199526832013637
CN1CCN(c2ccc3[nH]c(-c4ccc5[nH]c(-c6ccc(N(CCCl)CCCl)cc6)nc5c4)nc3c2)CC1,0,0,0.007136793297097691
CCN(CCCl)c1ccc(-c2nc3cc(-c4nc5cc(N6CCN(C)CC6)ccc5[nH]4)ccc3[nH]2)cc1,0,0,0.011031962760012991
Cc1cc2cc3ccccc3cc2c2ccccc12,1,1,1.0
CCc1c2ccccc2cc2ccc3ccccc3c12,0,0,0.3429606720688597
CC(=O)OCc1c2ccccc2cc2c1ccc1ccccc12,1,1,0.9960891022222176
Cc1ccc2c(ccc3cc4ccccc4cc32)c1,1,1,0.9989153091166649
CCc1c2ccccc2c(C)c2c1ccc1ccccc12,0,0,0.038491840605956076
Cc1c2ccccc2cc2ccc3ccccc3c12,1,1,0.9971440126729162
Cc1ccc2ccc3cc4ccccc4cc3c2c1,1,1,0.9989153091166649
OCc1c2ccccc2cc2c1ccc1ccccc12,1,1,0.9893439433699517
Cc1c2ccccc2c(CBr)c2ccc3ccccc3c12,1,1,0.9942784687007163
Cc1cccc2cc3c(ccc4ccccc43)cc12,1,1,1.0
ClCc1c2ccccc2cc2c1ccc1ccccc12,1,1,0.9868371476429204
Cc1c2ccccc2c(CCl)c2ccc3ccccc3c12,1,1,0.9741392374733363
Cc1cccc2c1ccc1cc3ccccc3cc12,1,1,1.0
CCc1c2ccccc2c(CC)c2c1ccc1ccccc12,0,0,0.07915239986172905
Cc1c2ccc3ccccc3c2cc2ccc(O)c(O)c12,1,1,0.9703349835403666
OCc1c2ccccc2c(CO)c2c1ccc1ccccc12,1,1,0.9526617084971851
O=S(=O)(O)OCc1c2ccccc2c(CO)c2c1ccc1ccccc12,1,1,0.9543046407853959
CCc1c2ccccc2c(C)c2ccc3ccccc3c12,0,0,0.03911057530509278
O=[N+]([O-])c1c2ccccc2cc2c1ccc1ccccc12,0,0,0.25534302438907425
BrCc1c2ccccc2cc2ccc3ccccc3c12,1,1,0.9927205498861026
CCc1c2ccccc2cc2c1ccc1ccccc12,1,1,0.7361486392594873
Cc1c2ccccc2c(CBr)c2c1ccc1ccccc12,1,1,0.9942784687007163
Cc1c2ccccc2c(COS(=O)(=O)O)c2ccc3ccccc3c12,1,1,0.9829601457252226
Cc1c2ccccc2c(CO)c2ccc3ccccc3c12,1,1,0.9685491301486383
Cc1ccc2cc3c(ccc4ccccc43)cc2c1,1,1,0.9989153091166649
CC(=O)OCc1c2ccccc2cc2ccc3ccccc3c12,1,1,0.9966016672312488
Brc1cccc2cc3c(ccc4ccccc43)cc12,1,1,0.9944322854645786
BrCc1c2ccccc2cc2c1ccc1ccccc12,1,1,0.9952204019303854
Cc1c2ccccc2cc2c1ccc1ccccc12,1,1,1.0
CC(=O)OCc1c2ccccc2c(C)c2c1ccc1ccccc12,1,1,0.9942880253458326
c1ccc2cc3c(ccc4ccccc43)cc2c1,1,1,0.9979023487060866
Brc1c2ccccc2cc2c1ccc1ccccc12,1,1,0.9905213876867963
Cc1cc2c(O)cccc2c2cc3ccccc3cc12,1,1,0.9957112406868164
Cc1cccc2cc3ccc4ccccc4c3cc12,1,1,1.0
Cc1c2ccccc2c(C)c2c1ccc1ccccc12,1,1,0.9530186488950939
Cc1cccc2ccc3cc4ccccc4cc3c12,1,1,0.9994576545583325
CC(=O)OCc1c2ccccc2c(C)c2ccc3ccccc3c12,1,1,0.9948303707875
Cc1ccc2cc3ccc4ccccc4c3cc2c1,1,1,1.0
Cc1cc2ccccc2c2cc3ccccc3cc12,1,1,1.0
O=S(=O)(O)OCc1c2ccccc2cc2c1ccc1ccccc12,1,1,0.9971440126729162
Clc1c2ccccc2cc2c1ccc1ccccc12,1,1,0.9889539122270664
O=[N+]([O-])c1[nH]cnc1-c1ccccc1,1,1,0.9832621613604191
O=Nc1[nH]cnc1-c1ccccc1,1,1,0.9808001879671127
Cn1cnc(-c2ccccc2)c1[N+](=O)[O-],1,1,0.9792263423759949
Cn1cnc(-c2ccccc2)c1N=O,1,1,0.9828552226842289
CCOCn1cc(F)c(=O)n(C(=O)c2cccc(C(=O)Oc3nc(OC(=O)c4ccccc4)ccc3C#N)c2)c1=O,0,0,0.04578511235430732
c1cnc2ccc3c(c2c1)CCC1OC31,0,0,0.35902568275633395
OC1c2c(ccc3ncccc23)C2OC2C1O,0,0,0.017038364214600563
CC[n+]1c(-c2ccccc2)c2cc(N)ccc2c2ccc(N)cc21,1,1,0.9845248755860284
C[n+]1c(-c2ccc(N)cc2)c2cc(N)ccc2c2ccc(N)cc21,1,1,0.9716599674750014
O=[N+]([O-])c1ccc2c3c1ccc1cccc(c13)[C@@H]1O[C@H]21,1,1,1.0
O=[N+]([O-])c1ccc2ccc3cccc4c3c2c1[C@@H]1O[C@H]41,1,1,0.9989153091166649
O=[N+]([O-])c1ccc2c3c1ccc1cccc(c13)C1OC21,1,1,1.0
O=[N+]([O-])c1ccc2ccc3cccc4c3c2c1C1OC41,1,1,0.9989153091166649
C1OCOCO1,0,0,0.05778404342987996
ClCC1OC(CCl)OC(CCl)O1,1,1,0.982183495575052
ClC[C@H]1O[C@@H](CCl)O[C@@H](CCl)O1,1,1,0.982183495575052
COC(=O)C1=C(c2ccccc2)C(C)OC1=O,0,0,0.061418669237355054
c1cscn1,1,1,0.9100109840892062
CC(C)Cc1nccs1,1,1,0.8888883301826324
CCNC(=O)Nc1ncc([N+](=O)[O-])s1,1,1,0.9920163335005366
Nc1nccs1,1,1,0.9189941982579203
Nc1ncc([N+](=O)[O-])s1,1,1,0.9642390028412818
O=C(NCCCl)Nc1ncc([N+](=O)[O-])s1,1,1,0.9914739880588694
OC1c2ccc3c(c2C2OC2C1O)-c1cccc2cccc-3c12,1,1,0.9978603986659663
O[C@@H]1[C@@H]2O[C@@H]2c2c(ccc3c2-c2cccc4cccc-3c24)[C@H]1O,1,1,0.9978603986659663
O=[N+]([O-])c1ccc(Nc2ncnc3c2ncn3-c2ccc([N+](=O)[O-])cc2)cc1,1,1,0.9493835222540841
CN(C)CCNC(=O)c1cccc2c1ncc1ccccc12,1,1,0.9734851579444828
c1ccc2c(c1)cnc1ccccc12,1,1,0.97963284013738
CCC1=C(CC2NCCc3cc(OC)c(OC)cc32)CC2c3cc(OC)c(OC)cc3CCN2C1,0,0,0.016532816260867708
COc1cc(O)c2c(O)c3c(=O)oc(C)cc3c(OC)c2c1,1,1,0.8942789306137081
c1csc(-c2nc(N3CCOCC3)c3ccccc3n2)c1,1,1,0.9334618964642979
O=[N+]([O-])c1ccc(-c2nc(N3CCOCC3)c3ccccc3n2)s1,1,1,0.9734025009980852
COc1ccc(C=Nn2nnc3c([nH]c4ccccc43)c2=O)cc1,1,1,0.984126790263107
O=C(O)c1ccc(C=Nn2nnc3c([nH]c4ccccc43)c2=O)cc1,1,1,0.97040362338078
O=c1c2[nH]c3ccccc3c2nnn1N=Cc1ccc(O)cc1,1,1,0.9953333791514148
O=c1c2[nH]c3ccccc3c2nnn1N=Cc1ccccc1,1,1,0.9829929800350312
O=c1c2[nH]c3ccccc3c2nnn1N=Cc1ccc(Cl)cc1,1,1,0.9829154500861782
COC(=O)c1ccc(C=Nn2nnc3c([nH]c4ccccc43)c2=O)cc1,1,1,0.9760229772379938
O=c1c2[nH]c3ccccc3c2nnn1N=Cc1ccc([N+](=O)[O-])cc1,1,1,0.9777637899572585
O=C1CCc2c3c(c4c(ccc5ccccc54)c21)CCC3,0,0,0.1598061681614741
O=C1CCc2ccc3c(ccc4ccccc43)c21,1,1,0.9932605079872743
Cc1cc2c(c3ccc4ccccc4c13)C(=O)CC2,1,1,0.9966314476638852
O=NN1CCCCCCCCCCCC1,1,1,0.9431713215900964
C/C=C/c1cc2c(c(=O)o1)C(=O)C(O)C(C)O2,0,0,0.062177976570182154
CC(O)C1C(=O)N2C(C(=O)O)=C(C3CCCO3)SC12,0,0,0.019254504585064478
c1cc[n+]2c(c1)-c1cccc[n+]1CC2,0,0,0.06922588332838325
CN=C1C=CC(=C(c2ccc(N(C)C)cc2)c2ccc(N(C)C)cc2)C=C1,0,0,0.04631579531876485
CN=C1C=CC(=C(c2ccc(NC)cc2)c2ccc(N(C)C)cc2)C=C1,0,0,0.053675585153152766
CN(C)c1ccc(C(=C2C=CC(=N)C=C2)c2ccc(N(C)C)cc2)cc1,0,0,0.03730808152310098
Cc1cc(C(=C2C=CC(=N)C=C2)c2ccc(N)cc2)ccc1N,1,1,0.9757207359809255
N=C1C=CC(=C(c2ccc(N)cc2)c2ccc(N)cc2)C=C1,1,1,0.9797122175847333
O=NN1CN2CN(C1)CN(N=O)C2,1,1,0.9647975833377023
O=S(=O)(O)c1c(N=Nc2c(O)ccc3ccccc23)ccc2ccccc12,0,0,0.05606354092237648
NC1=NCNc2c1ncn2C1OC(CO)C(O)C1=O,0,0,0.025874844191741256
Brc1cc(Br)c(OCCOc2c(Br)cc(Br)cc2Br)c(Br)c1,0,0,0.031267310053721756
CC1c2ccccc2N(C)C2=Nc3ccccc3C21,1,1,0.9856038996298236
Cc1ccc2c(c1)C(C)C1C(=Nc3ccc(C)cc31)N2C,1,1,0.9657209309272939
Cc1cccc2c1N(C)C1=Nc3ccccc3C1C2C,1,1,0.9980763892574691
Cc1ccc2c(c1)C1C(=N2)N(C)c2ccccc2C1C,1,1,0.9994576545583325
Cc1ccc2c(c1)C(C)C1C(=Nc3ccccc31)N2C,1,1,0.9994576545583325
O=c1cc(-c2ccccc2)cc(-c2ccccc2)n1/N=C/c1ccc([N+](=O)[O-])o1,1,1,0.9411435532704395
O=C1CC(c2ccc(O)cc2)Oc2cc(O)cc(O)c21,0,0,0.05730787373810395
CC[C@@H]1OC(=O)[C@H](C)[C@@H](O[C@H]2C[C@@](C)(OC)[C@@H](O)[C@@H](C)O2)[C@H](C)[C@@H](O[C@@H]2O[C@H](C)C[C@H](N(C)C)[C@H]2O)[C@](C)(O)C[C@@H](C)C(=O)[C@H](C)[C@@H](O)[C@]1(C)O,0,0,0.03775713963113851
O=C(COc1ccc(Cl)cc1Cl)NC(Cc1c[nH]c2ccccc12)C(=O)O,0,0,0.016875303896642345
O=C(COc1cc(Cl)c(Cl)cc1Cl)NC(Cc1c[nH]c2ccccc12)C(=O)O,0,0,0.013245442831607866
c1cc2ccc3cc4c(c5ccc(c1)c2c35)C1OC1CC4,1,1,1.0
OC1c2cc3ccc4cccc5ccc(c2C2OC2C1O)c3c45,1,1,0.9965089137977394
c1cc2ccc3cc4c(c5ccc(c1)c2c35)[C@@H]1O[C@@H]1CC4,1,1,0.9994576545583325
CC1=CCC2C(C)=CCC(C(C)(C)C)C2C1,0,0,0.006154279855832348
CC1=CC[C@@H]2C(C)=CC[C@@H](C(C)C)[C@H]2C1,0,0,0.046190350103780003
CC1=CC[C@@H]2C(C)=CC[C@H](C(C)(C)C)[C@H]2C1,0,0,0.006614197488243037
Cn1c(N)nc2nc3ccncc3cc21,0,0,0.4063955124460519
O=C1Nc2cc3ccccc3c3c4c(cc1c23)OCO4,1,1,0.9813029707091556
COc1cccc2c1cc1c3c(cc4c(c32)OCO4)C(=O)N1,1,1,0.9837608727133179
C/C=C(\C)C(=O)OC1CCN2CC=C(CO)C12,0,0,0.035980667333852336
CC=C(C)C(=O)OC1CCN2CC=C(COC(=O)C(O)(C(C)OC)C(C)(C)O)C12,1,1,0.9732472287035157
OCC1=CCN2CC[C@@H](O)[C@@H]12,0,0,0.0332105763195631
CC(C)C(O)(C(=O)OCC1=CCN2CCC(O)C12)C(C)O,0,0,0.02705450645735441
C/C=C(/C)C(=O)O[C@H]1CCN2CC=C(COC(=O)[C@@](O)([C@H](C)OC)C(C)(C)O)[C@H]12,1,1,0.9706491820080553
OC1c2cccc3ccc4cc5ccccc5c(c4c23)C1O,1,1,0.9894365641669052
N=C(Nc1ccccc1)Nc1ccccc1,1,1,0.9316527091777321
c1ccc(-c2nc3ccccc3o2)cc1,0,0,0.01958006363947259
CN(C)CCNC(=O)c1cccc2nc(-c3ccccc3)oc12,0,0,0.04739996805586217
Oc1ccccc1-c1nc2ccccc2o1,0,0,0.044912296635027125
Cc1ccc(-c2nc3ccccc3o2)cc1,0,0,0.009796711310508252
Clc1cccc(-c2nc3ccccc3o2)c1,0,0,0.011525855393616186
Cc1cccc(-c2nc3ccccc3o2)c1,0,0,0.01133528127446634
CN(C)CCNC(=O)c1cccc2oc(-c3ccccc3)nc12,0,0,0.04611635404891216
Cc1ccccc1-c1nc2ccccc2o1,0,0,0.009348963285581649
Clc1ccc(-c2nc3ccccc3o2)cc1,0,0,0.00969835447145752
CNC(=O)Oc1cccc2c1OC(C)(C)C2,0,0,0.07790490109892796
c1ccc(NNc2ccccc2)cc1,1,1,0.8925690484756071
Nc1ccn([C@@H]2CC[C@H](CO)O2)c(=O)n1,1,1,0.8704225628606237
Nc1nc(=O)n(C2OC(CO)C(O)C2O)cc1O,0,0,0.01637443434038803
Nc1ccn([C@H]2O[C@@H](COP(=O)(O)O)[C@H](O)[C@H]2O)c(=O)n1,0,0,0.0077207571992854
Nc1nc(=O)n(C2CC(O)C(CO)O2)cc1CCCl,0,0,0.040478432941736114
Nc1nc(=O)n(C2CC(O)C(CO)O2)cc1O,0,0,0.025248336774196935
Nc1nc(=O)n(C2CC(O)C(CO)O2)cc1I,0,0,0.015617344956329616
Nc1ccn(C2OC(CO)C(O)C2O)c(=O)n1,0,0,0.008640592464106776
Nc1ccn(C2OC(COP(=O)(O)O)C(O)C2O)c(=O)n1,0,0,0.0036958746270528823
O=C(c1ccccc1)n1ncc(Cl)c(Cl)c1=O,0,0,0.03064548711332368
COc1ccc(C(=O)n2ncc(Cl)c(Cl)c2=O)cc1,0,0,0.03176418350305693
Cc1ccc(C(=O)n2ncc(Cl)c(Cl)c2=O)cc1,0,0,0.01776156494242856
O=C(O)C1OC(Oc2ccc3cc4ccc5cccc6ccc(c3c2)c4c56)C(O)C(O)C1O,0,0,0.005305843484167506
Nc1nc(-c2ccc([N+](=O)[O-])s2)cs1,1,1,0.9933975988014
O=CNc1nc(-c2cc([N+](=O)[O-])cs2)cs1,1,1,0.99783061823333
O=CNc1nc(-c2ccc([N+](=O)[O-])s2)cs1,1,1,0.9957207973319325
Nc1nc(-c2cc([N+](=O)[O-])cs2)cs1,1,1,0.9930712439512354
CC(=O)Nc1nc(-c2cc([N+](=O)[O-])cs2)cs1,1,1,0.9901498962827828
Oc1nc2ccccc2o1,0,0,0.019061317503546796
COc1c(O)cc2c3c1-c1ccccc1CC3N(C)CC2,1,1,0.9724367502617282
CCCCCCCCCC(=O)OCCN1CCN(CCCN2c3ccccc3Sc3ccc(C(F)(F)F)cc32)CC1,0,0,0.014320646272383747
OCCN1CCN(CCCN2c3ccccc3Sc3ccc(C(F)(F)F)cc32)CC1,0,0,0.03267672020417793
CCCCCCC(=O)OCCN1CCN(CCCN2c3ccccc3Sc3ccc(C(F)(F)F)cc32)CC1,0,0,0.011034180708781672
CC(C)(C)C1=CC(=O)C=C(C2=CC(=O)C=C(C(C)(C)C)C2=O)C1=O,1,1,0.8893703767034794
CC1=CC2=C(C=O)C(=O)C(C)(O)C(O)C2=CO1,1,1,0.9759433741687691
CC1=CC2=C(C=O)C(=O)[C@](C)(O)[C@H](O)C2=CO1,1,1,0.9780531950701664
CCN1c2cc(N)ccc2-c2ccc(N)cc2C1c1ccccc1,1,1,0.9615401044939721
OC1c2cccc3c2C2(OC2C1O)c1cc2ccccc2cc1-3,1,1,0.966406474937432
C=CC(C)(C)c1cc2cc3c(cc2oc1=O)OC(C(C)(C)O)C3,1,1,0.8947164459996985
C=CC(C)(C)c1cc2cc3c(cc2oc1=O)OC(C(C)(C)OC(C)=O)C3,0,0,0.06684020004828349
CC(C)(O)C1Cc2cc3ccc(=O)oc3cc2O1,1,1,0.9261528353094912
CN1CCN(C2=Nc3ccccc3Oc3ccc(Cl)cc32)CC1,0,0,0.052020849063354684
O=C1CCCCCCCCCCCC(=O)OCCO1,0,0,0.023958187070509843
CCN1CCN(C(=O)NC(C(=O)NC2C(=O)N3C2SC(C)(C)C3C(=O)O)c2ccccc2)C(=O)C1=O,0,0,0.015981044557350173
CC(=O)C1C(=O)C=C(C)OC1=O,0,0,0.04810476211600774
CC1OC(OCC2OC(Oc3c(-c4ccc(OCCO)c(OCCO)c4)oc4cc(OCCO)cc(O)c4c3=O)C(O)C(O)C2O)C(O)C(O)C1O,0,0,0.12359453528429794
CC1OC(OCC2OC(Oc3c(-c4ccc(O)c(O)c4)oc4cc(O)cc(O)c4c3=O)C(O)C(O)C2O)C(O)C(O)C1O,1,1,0.8312979266252138
[N-]=[N+]=NCC(O)Cn1cnc2c(N)nc(N)nc21,1,1,0.9771963061273904
Cn1cnc2c(N)ncnc21,1,1,0.9490263313628823
[N-]=[N+]=NCC(O)Cn1cnc2c(N)ncnc21,1,1,0.9994576545583325
[N-]=[N+]=NCC(O)Cn1cnc2c(Cl)nc(N)nc21,1,1,0.9859641503400723
Cn1cnc2c(NO)ncnc21,1,1,0.9692834852252683
[N-]=[N+]=NC[C@@H](O)Cn1cnc2c(N)ncnc21,1,1,0.9984027441076337
CSc1ncnc2c1ncn2CC(O)CN=[N+]=[N-],1,1,0.9750495795270401
[N-]=[N+]=NCC(O)Cn1cnc2c(Cl)ncnc21,1,1,0.976969074842123
C[C@]12CC[C@H](OC(=O)COc3ccc(N(CCCl)CCCl)cc3)C[C@@H]1CC[C@@H]1[C@@H]2CC[C@]2(C)NC(=O)CC[C@@H]12,1,1,0.9815247607767547
COc1ccc(CCC(=O)c2c(O)cc(O[C@@H]3O[C@H](CO)[C@@H](O)[C@H](O)[C@H]3O[C@@H]3O[C@@H](C)[C@H](O)[C@@H](O)[C@H]3O)cc2O)cc1O,0,0,0.07446175727626043
Cc1c([N+](=O)[O-])cc2c(c1[N+](=O)[O-])C(C)(C)CC2(C)C,0,0,0.037120568484977516
CC(=O)c1cc(C(C)(C)C)cc2c1CCC2(C)C,0,0,0.015141328902397902
CC(=O)c1cc2c(cc1C)C(C)(C)[C@@H](C)C2(C)C,0,0,0.003403494778080783
CC(=O)c1cc2c(cc1C)C(C)(C)C(C)C2C(C)C,0,0,0.005163559985208858
CC(=O)c1cc2c(cc1C)C(C)(C)C(C)C2(C)C,0,0,0.003403494778080783
Nc1nnc(S)s1,0,0,0.0592439159369811
O=c1c2ccccc2sn1CC1CO1,0,0,0.08256003749182873
CC1(C)CCCC2(C)C1CCC1(C)C(C=O)C(C=O)=CCC12,0,0,0.014483031503636563
CN1[C@@H]2C[C@H](OC(=O)[C@@H](CO)c3ccccc3)C[C@H]1[C@H]1O[C@H]12,0,0,0.012577114633023044
CN1C2CC(OC(=O)C(CO)c3ccccc3)CC1C1OC12,0,0,0.013037032265433733
CO[C@@H]1C[C@](C)(O)Cc2cc3c(c(O)c21)C(=O)c1c(O)cc2c(c1C3=O)O[C@@H]1O[C@@]2(C)[C@H](O)[C@@H](N(C)C)[C@H]1O,1,1,0.9411922776015816
Clc1ccc(CSc2ccc(Cl)cc2)cc1,0,0,0.05859081122305274
COc1cc2c(c3oc(=O)c4c(c13)CCOC4=O)C1C=COC1O2,1,1,0.9693741963517017
Cc1ccc2cc3c4c(ccc3c3c2c1CC3)C=CC(O)C4O,1,1,0.9942284644805599
Cc1ccc2cc3c4c(ccc3c3c2c1CC3)C=C[C@@H](O)[C@H]4O,1,1,0.9936861190388924
CN(C)C1C(O)=C(C(N)=O)C(=O)C2(O)C(O)=C3C(=O)c4c(O)cccc4C(C)(O)C3C(O)C12,0,0,0.0036958746270528823
CN(C)C1C(O)=C(C(N)=O)C(=O)C2(O)C(O)=C3C(=O)c4c(O)cccc4C(C)(O)C3CC12,0,0,0.0020763892574691993
C/C=C(C(=C/C)/c1ccc(O)cc1)\c1ccc(O)cc1,0,0,0.0257821989692498
O=C1NCCCN1/N=C/c1ccc([N+](=O)[O-])o1,1,1,0.9932612112791221
COc1c(OC)c2occc2c2oc(=O)ccc12,0,0,0.04447081859909202
O=c1ccc2ccc3occc3c2o1,0,0,0.03698950515990218
Nc1ccc(-c2ccc(-c3ccc(-c4ccc(N)cc4)cc3)cc2)cc1,0,0,0.13131340802408978
CCCCCCC(CCCC)COc1ccc(-c2ccc(-c3ccc(-c4ccc(OCC(CCCC)CCCCCC)cc4)cc3)cc2)cc1,0,0,0.05283594399493673
CCN(CC)c1ccc(-c2ccc(-c3ccc(-c4ccc(N(CC)CC)cc4)cc3)cc2)cc1,0,0,0.0705691747396643
COCC(COC(=O)c1ccccc1)(COC(=O)c1ccccc1)COC(=O)c1ccccc1,0,0,0.01933716378475153
CC(COC(=O)c1ccccc1)(COC(=O)c1ccccc1)COC(=O)c1ccccc1,0,0,0.024177022014810798
CNCc1ccc(CSCCNC(=NCC(O)c2ccc(O)cc2)NS(C)(=O)=O)o1,0,0,0.035707716647603825
CCN(CC)CCCN(c1ccccc1)C1Cc2ccccc2C1,0,0,0.05947804886267472
O=C(O)C1OC(Oc2ccc3ccc4cc5ccccc5c5ccc2c3c45)C(O)C(O)C1O,0,0,0.003456142154701266
CCN(CC)c1ccc2nc3ccc(N(CC)CC)cc3[o+]c2c1,1,1,0.9377021203130406
O[C@@H]1c2ccccc2-c2cc3c(ccc4ccccc43)nc2[C@H]1O,0,0,0.04726145113629368
OC1c2ccccc2-c2cc3c(ccc4ccccc43)nc2C1O,0,0,0.04581902006261765
O=[N+]([O-])c1ccc2c(c1)CCN2,1,1,0.9943395320310692
O=[N+]([O-])c1ccc2c(c1)NCC2,1,1,0.9932846215803706
COC(=COC(N)=O)c1c(O)c(N2CC2)c(C)c(O)c1N1CC1,1,1,0.9418017041884372
COc1ccc(-c2noc(CC(=O)O)c2-c2ccc(OC)cc2)cc1,0,0,0.045195113759215276
c1ccc2cc3c(ccc4c5ccccc5ccc34)cc2c1,0,0,0.44794383721679054
CN(C)CCC=C1c2ccccc2CCc2ccccc21,0,0,0.03622943639540759
COC1=C(N)C(=O)c2nc(-c3nc(C(=O)O)c(C)c(-c4ccc(OC)c(OC)c4O)c3N)ccc2C1=O,1,1,0.913363603706942
O=C(O)C1OC(Oc2c3ccccc3c3ccc4cccc5ccc2c3c54)C(O)C(O)C1O,0,0,0.0015385699639580866
C=C1CC(=O)O1,0,0,0.12055470574314874
CN(C)CCOC(c1ccccc1)c1ccccc1,0,0,0.023133654767566826
Cc1cc(Cc2ccc(N)c(C)c2)ccc1N,1,1,0.9497461603048286
CC(C)(c1ccc(OCC(O)CO)cc1)c1ccc(OCC(O)CO)cc1,0,0,0.0197858211106317
CCc1cc(Cc2cc(C)c(N)c(CC)c2)cc(C)c1N,0,0,0.026354709918601837
CN(C)c1ccc(Cc2ccc(N(C)C)cc2)cc1,1,1,0.8610949571896981
CC(=O)c1cc(Cc2ccc(N)c(C(C)=O)c2)ccc1N,1,1,0.9125083161564371
Oc1ccc(Cl)cc1Cc1ccccc1,0,0,0.0383532861132225
Cc1ccc(Cc2ccccc2)cc1,0,0,0.06061313095088927
CC(=O)Nc1ccc(Cc2ccc(NC(C)=O)c(Cl)c2)cc1Cl,1,1,0.8983157671101036
Nc1ccc(Cc2ccc(N)c(Cl)c2)cc1Cl,1,1,0.9665620687352584
CC(C)(c1ccc(O)cc1)c1ccc(O)cc1,0,0,0.02718498820219312
CC(C)(C)c1cc(Cc2cc(C(C)(C)C)c(O)c(C(C)(C)C)c2)cc(C(C)(C)C)c1O,0,0,0.011874410651088367
CCCOC(=O)c1cc(Cc2ccc(N)c(C(=O)OCCC)c2)ccc1N,0,0,0.020795213356683166
Cc1ccccc1[C@H](OCCN(C)C)c1ccccc1,0,0,0.009992437981843875
CN(C)C(c1ccccc1)(c1ccccc1)N(C)C,0,0,0.06448629265280219
CCOC(=O)C(O)(c1ccc(Cl)cc1)c1ccc(Cl)cc1,0,0,0.03484873406457476
CC(C)OC(=O)c1cc(Cc2ccc(N)c(C(=O)OC(C)C)c2)ccc1N,0,0,0.026417895178546223
Nc1ccc(Cc2ccc(N=O)c(Cl)c2)cc1Cl,0,0,0.11933318256384787
Nc1ccc(Cc2ccc(N)cc2[N+](=O)[O-])c([N+](=O)[O-])c1,1,1,0.9709511017618673
CC(=O)Nc1ccc(Cc2ccc(NC(C)=O)cc2)cc1,0,0,0.07757815123516422
CCN(CC)C(=O)c1cc(Cc2ccc(N)c(C(=O)N(CC)CC)c2)ccc1N,0,0,0.038250157327877135
Nc1ccc(Cc2ccc(N)c(C(=O)O)c2)cc1C(=O)O,0,0,0.07442746063401864
CC(=O)Nc1ccc(Cc2ccc(N)c(Cl)c2)cc1Cl,1,1,0.9095112919795069
CC(=O)Nc1ccc(Cc2ccc(N)cc2)cc1,0,0,0.1364180105110394
Clc1ccc([C@H](c2ccccc2Cl)C(Cl)Cl)cc1,0,0,0.006179534140312288
[N-]=[N+]=NC(c1ccccc1)c1ccccc1,1,1,0.9328762311539855
Cc1ccccc1C(OCCN(C)C)c1ccccc1,0,0,0.01188261708044651
Clc1ccc(C(c2ccc(Cl)cc2)C(Cl)(Cl)Cl)cc1,0,0,0.022407407366420475
CC(C)Sc1cc(Cc2ccc(N)c(SC(C)C)c2)ccc1N,1,1,0.9219573633299376
CC(C)(c1ccccc1)c1ccc(O)cc1,0,0,0.03410337449738219
Oc1ccc(Cc2ccccc2O)cc1,0,0,0.03967947656432231
OC(c1ccc(Cl)cc1)(c1ccc(Cl)cc1)C(Cl)(Cl)Cl,0,0,0.028705748879361923
Clc1ccc(C(c2ccc(Cl)cc2)C(Cl)Cl)cc1,0,0,0.008746762154212316
CC(C)(c1ccc(OP(O)O)cc1)c1ccc(OP(O)O)cc1,0,0,0.03470910366063114
CCc1ccc(C(c2ccc(CC)cc2)C(Cl)Cl)cc1,1,1,0.8705401585959259
Oc1c(Cl)cc(Cl)c(Cl)c1Cc1c(O)c(Cl)cc(Cl)c1Cl,0,0,0.050610147881867504
O=C=Nc1ccc(Cc2ccc(N=C=O)cc2)cc1,0,0,0.08015318489626502
Oc1ccc(Cl)cc1Cc1cc(Cl)ccc1O,1,1,0.8039453397304491
COC(=O)c1cc(Cc2ccc(N)c(C(=O)OC)c2)ccc1N,1,1,0.833520894447458
Cc1cc(Cc2cc(C)cc(C(C)(C)C)c2O)c(O)c(C(C)(C)C)c1,0,0,0.013418687587233852
Clc1ccc(C(c2ccccc2Cl)C(Cl)Cl)cc1,0,0,0.006179534140312288
[N-]=[N+]=NCCC(c1ccccc1)c1ccccc1,1,1,0.9481227544541656
Nc1c(O)cc(Cc2cc(Cl)c(N)c(OS(=O)(=O)O)c2)cc1Cl,0,0,0.06740583925214114
CC(C)(c1cc(Br)c(O)c(Br)c1)c1cc(Br)c(O)c(Br)c1,0,0,0.03189128365000632
Nc1ccc(Cc2cc(O)c(N)c(Cl)c2)cc1Cl,0,0,0.12870707241319254
CCOCCOC(=O)c1cc(Cc2ccc(N)c(C(=O)OCCOCC)c2)ccc1N,0,0,0.025287510539890107
CCSc1cc(Cc2ccc(N)c(SCC)c2)ccc1N,1,1,0.948235550091627
CCCC(c1cc(C(C)(C)C)c(O)cc1C)c1cc(C(C)(C)C)c(O)cc1C,0,0,0.006430640424391498
CC(C)(c1ccc(OCC(O)CCl)cc1)c1ccc(OCC(O)CCl)cc1,0,0,0.040411905092363275
C=C(C)C(=O)OCC(O)COc1ccc(C(C)(C)c2ccc(OCC(O)COC(=O)C(=C)C)cc2)cc1,0,0,0.02408310107329743
CCc1cc(N)cc(C)c1Cc1c(C)cc(N)cc1CC,0,0,0.031884266594708006
COc1ccc(C(c2ccc(OC)cc2)C(Cl)(Cl)Cl)cc1,0,0,0.040101655867573714
Nc1ccc(Cc2ccc(N)cc2)cc1,1,1,0.980539193458317
Nc1ccc(Cc2ccc(NO)c(Cl)c2)cc1Cl,1,1,0.9138769606060727
CN(C)c1ccc(C2CC3(C)C(CCC3(O)C=CCO)C3CC=C4CC(=O)CCC4=C23)cc1,0,0,0.017490082621507117
CN(C)c1ccc(C2CC3(C)C(CCC3(O)CCCO)C3CC=C4CC(=O)CCC4=C23)cc1,0,0,0.017962169861401894
CC(C)(C)S(=O)(=O)CC(Cc1ccccc1)C(=O)NC(Cc1c[nH]cn1)C(=O)NC(CC1CCCCC1)C(O)C(O)C1CC1,0,0,0.03458913984273533
c1ccc2c(COCC3CO3)cccc2c1,1,1,0.9869971089162989
O=C(O)COc1ccc(C(=O)c2cccs2)c(Cl)c1Cl,0,0,0.03227551757008527
c1cc(-c2ccncc2)ccn1,1,1,0.9456047209294388
Cn1cc(CC2(O)C(=O)CC3C(O)COC32O)c2ccccc21,1,1,0.9075363380015914
O=[N+]([O-])C1=Cc2cc3cc4ccccc4cc3c3cccc1c23,1,1,0.9985672280139001
O=[N+]([O-])C1=Cc2cccc3c2c1cc1cc2ccccc2cc13,1,1,0.9962535861284838
Nc1ncnc2c1ncn2C(c1ccccc1)c1ccccc1,1,1,0.9562791357147907
Cc1c(/C=N/OCc2cccc([N+](=O)[O-])c2)c2cc([N+](=O)[O-])ccc2n1Cc1ccccc1,1,1,0.9615709097217131
Cc1c(/C=N/OCc2ccccc2)c2cc([N+](=O)[O-])ccc2n1Cc1cccc([N+](=O)[O-])c1,1,1,0.9625808162551188
Cc1c(/C=N/OCc2ccc(Cl)cc2Cl)c2cc([N+](=O)[O-])ccc2n1Cc1ccc(Cl)cc1,0,0,0.05685231286212253
Cc1c(/C=N/OCc2ccc(Cl)cc2)c2cc([N+](=O)[O-])ccc2n1Cc1ccccc1,0,0,0.08823201386549165
COc1cc(/C=C/C(=O)CC(=O)/C=C/c2ccc(O)c(OC)c2)ccc1O,0,0,0.05417910780442213
OC1c2ccc3c4ccccc4c4ccccc4c3c2C2OC2C1O,1,1,0.9914022575861123
CC(=O)N(Nc1ccc2c(c1)Cc1ccccc1-2)c1ccc2c(c1)Cc1ccccc1-2,1,1,0.9387499500573709
COC1=CC(=O)c2c(nc(C)c3c4c[nH]ccc-4nc23)C1=O,1,1,0.9929365404776056
Cc1ccc2c(C)c3c(nc2c1)-c1ccccc1C(O)C3O,0,0,0.0422116752773818
Cc1ccc2nc3c(c(C)c2c1)C(O)C(O)c1ccccc1-3,0,0,0.039702761479642454
c1ccc2cc(Nc3ccc(Nc4ccc5ccccc5c4)cc3)ccc2c1,1,1,0.8944292525855932
CC(=O)c1ccc(S(=O)(=O)NC(=O)NC2CCCCC2)cc1,0,0,0.023779782558844074
COc1cccc2c1cc1c3c(cc4c(c32)OCO4)C(=O)N1[C@@H]1O[C@H](CO)[C@@H](O)[C@H](O)[C@H]1O,0,0,0.06864465886617269
NC(=O)C1CCCN1C(=O)C(Cc1c[nH]cn1)NC(=O)C1CCC(=O)N1,0,0,0.018483376446037553
OC1C=Cc2ccc3nc4ccc5ccccc5c4cc3c2C1O,1,1,0.9692849436520445
C1=Cc2ccc3nc4ccc5ccccc5c4cc3c2CC1,1,1,0.9761752915367762
O[C@H]1C=Cc2ccc3nc4ccc5ccccc5c4cc3c2[C@@H]1O,1,1,0.9671872923581313
O=[N+]([O-])c1c2c(cc3c1ccc1ccccc13)C=CC(O)C2O,1,1,0.9780430985830544
OC1C=Cc2cc3c(ccc4ccccc43)c(Cl)c2C1O,0,0,0.062385766547658775
OC1C=Cc2cc3c(ccc4ccccc43)c(Br)c2C1O,0,0,0.059552603778622225
Cc1cc2ccccc2c2cc3c(cc12)C(O)C(O)C=C3,1,1,0.9879111713838516
CN1C(=O)C(O)CC1c1cccnc1,0,0,0.026229467070910978
CN1C(=O)CCC1c1cccnc1,0,0,0.021681707181421733
CC(=O)OC1(C(C)=O)CCC2C3C=C(Cl)C4=CC(=O)OCC4(C)C3CCC21C,0,0,0.022450023943217465
O=NN1CCC[C@@H]1c1cccnc1,1,1,0.9880539290375177
CN1CCCC1c1cccnc1,0,0,0.00912311128598238
O=NN1CCCC1c1cccnc1,1,1,0.9840261642331296
CN1CCC[C@@H]1c1cccnc1,0,0,0.00912311128598238
CC1(C)CC2=C(C1)C(C=O)C1(C=O)CC1(C)C2O,1,1,0.8709978107259955
CCn1cc(C(=O)O)c(=O)c2ccc(C)nc21,0,0,0.043299314033387326
CC1(C)C2CCC3(CO3)C1C2,0,0,0.032016632799040254
C=CCC1C(=O)CC(OC(=O)C2C(C=C(C)C)C2(C)C)=C1C,1,1,0.876929758762558
C=C1CC[C@H](O)C/C1=C/C=C1/CCC[C@]2(C)[C@@H]1CC[C@H]2[C@H](C)CCCC(C)C,0,0,0.0009198352648213773
C=C1/C(=C/C=C2\CCCC3(C)C2CCC3C(C)CCC(O)C(C)C)CC(O)CC1O,0,0,0.03613940525947028
C=C1CCC(O)CC1=CC=C1CCCC2(C)C1CCC2C(C)CCCC(C)C,0,0,0.0009198352648213773
Cn1c([N+](=O)[O-])cnc1-c1nnc(N)s1,1,1,0.9736141945785725
CC(/C=C(\C#N)c1ccc(F)cc1)C(c1ccccc1)C(C#N)c1ccc(F)cc1,0,0,0.07886810860365563
CC(/C=C(\C#N)c1ccc(Cl)c(Cl)c1)C(c1ccccc1)C(C#N)c1ccc(Cl)c(Cl)c1,1,1,0.7897624079464414
CC(/C=C(/C#N)c1ccc(Br)cc1)C(c1ccccc1)C(C#N)c1ccc(Br)cc1,0,0,0.14489812702402485
C1=CC2OC2C=CO1,0,0,0.11830602003946801
O[C@@H]1[C@H]2O[C@H]2c2cc3ccc4cccc5ccc(c2[C@@H]1O)c3c45,1,1,1.0
c1cc2ccc3cc4c(c5ccc(c1)c2c35)CCC1OC41,1,1,1.0
c1cc2ccc3cc4c(c5ccc(c1)c2c35)CC[C@H]1O[C@@H]41,1,1,0.9994576545583325
OC1c2c(cc3ccc4cccc5ccc2c3c45)C2OC2C1O,1,1,0.9986187346991366
O=c1ccc2c(cc3ccc4cccc5ccc2c3c45)c1=O,1,1,0.9864580429736757
O=[N+]([O-])c1cccc2c1cc([N+](=O)[O-])c1cccc([N+](=O)[O-])c12,1,1,0.9978603986659663
Nc1cc2ccccc2c2ccccc12,1,1,0.7177015269593405
O=[N+]([O-])c1cccc2c1c([N+](=O)[O-])cc1cccc([N+](=O)[O-])c12,1,1,0.9994576545583325
Cc1ccc2ccc3ccccc3c2c1C,0,0,0.3370150531749378
Nc1ccc2c(ccc3ccccc32)c1,1,1,0.9696557420931493
Clc1cc2ccccc2c2ccccc12,1,1,0.9523531592807486
Cc1ccc2ccc3ccc(C)cc3c2c1,1,1,0.9585848609654353
O=[N+]([O-])c1ccc2ccc3c([N+](=O)[O-])cccc3c2c1,1,1,0.9987412685652826
O=[N+]([O-])c1ccc2c([N+](=O)[O-])cc3c([N+](=O)[O-])cccc3c2c1,1,1,1.0
Cc1ccc2c(ccc3ccccc32)c1,1,1,0.9903747402275545
O=[N+]([O-])c1ccc2ccc3cccc([N+](=O)[O-])c3c2c1,1,1,1.0
CNC(=O)Oc1cc2ccccc2c2ccccc12,1,1,0.960972402325365
O=[N+]([O-])c1ccc2ccc3ccccc3c2c1,1,1,0.99928361400695
Oc1cc2ccccc2c2ccccc12,1,1,0.9250279406067045
O=[N+]([O-])c1ccc2c(ccc3cc([N+](=O)[O-])ccc32)c1,1,1,0.998198923123615
O=[N+]([O-])c1ccc2ccc3ccc([N+](=O)[O-])cc3c2c1,1,1,0.9994576545583325
c1ccc2c(c1)ccc1ccccc12,1,1,0.9188736230093066
O=[N+]([O-])c1ccc2c([N+](=O)[O-])cc3ccccc3c2c1,1,1,1.0
O=[N+]([O-])c1ccc2c(c1)cc([N+](=O)[O-])c1ccccc12,1,1,1.0
O=[N+]([O-])c1cc2cccc([N+](=O)[O-])c2c2ccccc12,1,1,1.0
CNc1ccc2ccc3ccc(O)cc3c2c1,1,1,0.9638444490655087
Cc1ccc(C)c2c1ccc1ccccc12,1,1,0.7991385349112327
O=[N+]([O-])c1cccc2c1ccc1cccc([N+](=O)[O-])c12,1,1,1.0
O=[N+]([O-])c1cccc2c1ccc1ccccc12,1,1,1.0
Cc1cc(C)c2ccc3ccccc3c2c1,1,1,0.9761047184956799
O=[N+]([O-])c1ccc2c(c1)cc([N+](=O)[O-])c1ccc([N+](=O)[O-])cc12,1,1,0.9989450895493013
O=[N+]([O-])c1ccc2c([N+](=O)[O-])cc3cccc([N+](=O)[O-])c3c2c1,1,1,0.9884641839679232
Nc1cccc2ccc3ccccc3c12,0,0,0.49857982823606745
O=[N+]([O-])c1ccc2c(c1)c([N+](=O)[O-])cc1cccc([N+](=O)[O-])c12,1,1,1.0
Nc1cccc2c1ccc1ccccc12,1,1,0.8797040939756355
O=[N+]([O-])c1cc2ccccc2c2c([N+](=O)[O-])cccc12,1,1,0.9989450895493013
Nc1ccc2ccc3ccccc3c2c1,1,1,0.9784168579160158
Cc1cccc2c1ccc1cc(C(C)C)ccc12,0,0,0.08261231862791879
O=[N+]([O-])c1ccc2c(ccc3ccccc32)c1,1,1,0.9987412685652824
O=[N+]([O-])c1cc2ccccc2c2ccccc12,1,1,1.0
O=[N+]([O-])c1ccc2c(ccc3ccc([N+](=O)[O-])cc32)c1,1,1,0.9987412685652826
Cc1cc(C)c2c(ccc3ccccc32)c1,1,1,0.9754181129352663
O=[N+]([O-])c1cccc2c1c([N+](=O)[O-])cc1ccccc12,1,1,0.9994576545583325
O=[N+]([O-])c1ccc2cc([N+](=O)[O-])c3ccc([N+](=O)[O-])cc3c2c1,1,1,0.9986187346991366
O=[N+]([O-])c1ccc2c(c1)c([N+](=O)[O-])cc1c([N+](=O)[O-])cccc12,1,1,1.0
O=[N+]([O-])c1ccc2c(c1)c([N+](=O)[O-])cc1ccccc12,1,1,1.0
Cc1cccc2c1ccc1ccccc12,1,1,0.9951391148125124
Oc1ncc(N(CCCl)CCCl)c(O)n1,1,1,0.9516646440498151
ClCc1cnc(Cl)nc1Cl,1,1,0.9021632846815735
O=C(O)c1cc(O)nc(O)n1,0,0,0.0338876252348605
Cc1cc(O)nc(S)n1,0,0,0.010917151494302963
Cc1cc(C)nc(SC(=O)OC(C)(C)C)n1,0,0,0.05242210367832045
CCCc1cc(O)nc(S)n1,0,0,0.040680340739966354
CCOP(=O)(OCC)Oc1cc(C)nc(C(C)C)n1,1,1,0.8123960896516753
Oc1cc(O)ncn1,0,0,0.015880106560538485
Clc1cc(Cl)nc(Cl)n1,0,0,0.06323610643089707
Nc1nc(Cl)cc(Cl)n1,0,0,0.06366244984427259
Cc1cnc(S)nc1O,0,0,0.015776162023055637
Cc1ncc(CNC(=O)N(CCCl)N=O)c(N)n1,1,1,0.9514546163842604
Oc1ncc(F)c(O)n1,0,0,0.039838333763695555
Oc1ccnc(O)n1,0,0,0.030846092032297007
CCOP(=S)(OCC)Oc1cc(C)nc(C(C)C)n1,0,0,0.12444523581704629
COc1c2ccccc2[n+]([O-])c2occc12,0,0,0.09922381077642867
C1=CC23CCCC2(C=C1)O3,1,1,0.8170558005268764
OC1CC23C=CC=CC2(C1)O3,0,0,0.07049789399607674
Clc1cnc(Oc2ccc(Oc3ncc(Cl)cc3Cl)cc2)c(Cl)c1,0,0,0.047438967738682655
CCCCCCCCCCSCn1cc[n+](C)c1,1,1,0.8744013163934964
OC1c2c(ccc3c2ccc2ccccc23)C2OC2C1O,1,1,0.9973478336569351
N=C(N)c1ccc(OCCCCCOc2ccc(C(=N)N)cc2)cc1,0,0,0.04687378828182419
C1=C[C@@H]2O[C@@H]2c2ncccc21,1,1,0.8298725702573888
C1=CC2OC2c2ncccc21,1,1,0.8165560278311278
CN1CCC(CN2c3ccccc3Sc3ccccc32)C1,0,0,0.019002088217874347
CN1CC[C@@H](CN2c3ccccc3Sc3ccccc32)C1,0,0,0.01802960557643249
OC1c2cccnc2C2OC2C1O,0,0,0.0245134076647989
c1cnc2c(c1)CCC1OC21,0,0,0.059925702434484175
O=C1c2ccccc2-c2c3c(cc4ccnc1c24)OCO3,1,1,0.9782970564237855
COc1ccc2c(c1)C(=O)c1nccc3cc4c(c-2c13)OCO4,1,1,0.988792041283168
c1ccc2c3c4c(ccc5cccc(c54)[C@H]4O[C@@H]34)cc2c1,1,1,1.0
c1ccc2c3c4c(ccc5cccc(c54)C4OC34)cc2c1,1,1,1.0
COc1cc2c(cc1O)CC1c3c(cc(OC)c(O)c3-2)CC[N+]1(C)C,0,0,0.07528459776601511
Nc1snc2ccc(Cl)cc12,1,1,0.9700729407063033
CCN(C(=O)CCCCl)c1snc2ccccc12,0,0,0.20724846530481283
CCCC(=O)Nc1snc2ccc(C)cc12,0,0,0.009838499162755568
CCCCCNc1snc2ccccc12,0,0,0.020938847071399928
CC(C)C(=O)Nc1snc2ccccc12,0,0,0.00937858153034488
CC(C)CN(C(=O)CCCl)c1snc2ccccc12,0,0,0.07994676670376122
CC(C)CCNc1snc2ccccc12,0,0,0.014371154841343629
O=[N+]([O-])c1cccc2csnc12,1,1,0.9987412685652824
CC(=O)N(C)c1snc2ccccc12,0,0,0.03823744050424542
O=C(CCl)Nc1snc2ccccc12,1,1,0.9527279669389779
CC(C)CC(=O)Nc1snc2ccccc12,0,0,0.001917572190743179
CN(C(=O)CCl)c1snc2ccccc12,0,0,0.1673133683220673
CCOC(=O)C(C#N)c1snc2ccc([N+](=O)[O-])cc12,1,1,0.9951906214977491
CCN(C(=O)CCCl)c1snc2ccccc12,1,1,0.75975035048061
Nc1snc2cc(Cl)ccc12,1,1,0.9711278511570021
CCCCNc1snc2ccccc12,0,0,0.007609795606504236
Cc1ccc2nsc(NC(=O)C(Cl)Cl)c2c1,1,1,0.9461645885980065
CCCC(=O)Nc1snc2cc(Cl)ccc12,0,0,0.004640964176354201
CCCCC(=O)Nc1snc2ccc(Cl)cc12,0,0,0.013000122660824133
CCOC(=O)C(C#N)c1snc2c([N+](=O)[O-])cccc12,1,1,0.9927479429782433
O=[N+]([O-])c1ccc2nscc2c1,1,1,0.9958555008055623
CCNc1snc2ccccc12,0,0,0.027479185217776557
CCC(=O)Nc1snc2ccc(C)cc12,0,0,0.014106963880268565
OC(Nc1snc2ccccc12)C(Cl)(Cl)Cl,0,0,0.0908215687643086
CNc1snc2ccccc12,0,0,0.043294035003592274
O=[N+]([O-])c1cccc2nscc12,1,1,0.9948723208276206
CCC(=O)Nc1snc2ccccc12,0,0,0.041650684573747626
Nc1snc2c(Cl)cc(Cl)cc12,1,1,0.880360123622079
CC(=O)Nc1snc2ccc(Cl)cc12,1,1,0.8686272149957989
CCCCCCCC(=O)Nc1snc2ccccc12,0,0,0.035823041076481967
CCC(C)Nc1snc2ccccc12,0,0,0.007551080608186211
CN(C(=O)CCCl)c1snc2ccccc12,1,1,0.7818477870018354
Cc1ccc2nsc(N)c2c1,1,1,0.9053410777997017
O=C(CCl)Nc1snc2cc(Cl)ccc12,1,1,0.9840441333167098
Cc1ccc2nsc(NC(=O)CCl)c2c1,1,1,0.9635528749508444
Cc1ccc2nsc(NC(=O)C(Cl)(Cl)Cl)c2c1,1,1,0.9347861208769402
CCCC(=O)Nc1snc2ccccc12,0,0,0.0015638242484380279
Nc1snc2ccc([N+](=O)[O-])cc12,1,1,0.9908445560232324
CC(C)CC(=O)Nc1snc2ccc(Cl)cc12,0,0,0.006266156518125281
O=C(CCl)Nc1snc2ccc(Cl)cc12,1,1,0.9845864787583773
CC(=O)Nc1snc2ccccc12,1,1,0.8827203708170595
CCCN(C(=O)CCCl)c1snc2ccccc12,1,1,0.676902683095322
CCCNc1snc2ccccc12,0,0,0.006282690085892654
CN(C(=O)CCCCl)c1snc2ccccc12,0,0,0.2736903506214583
CCCC(=O)Nc1snc2ccc(Cl)cc12,0,0,0.0036958746270528823
CC(C)CNc1snc2ccccc12,0,0,0.010330173847590085
CC(C)C(=O)Nc1snc2cc(Cl)ccc12,0,0,0.025518075301056927
CCOC(=O)C(C)(C#N)c1snc2ccc([N+](=O)[O-])cc12,1,1,0.9767965367558208
CC(=O)Nc1snc2c(Cl)cc(Cl)cc12,0,0,0.08350105291728915
CC(C)Nc1snc2ccccc12,0,0,0.016695596505719675
CC[N+](CC)=c1ccc2nc3c(cc(N)c4ccccc43)oc-2c1,1,1,0.9586094962668109
CCCC[C@@H](CC)COP(=O)(Oc1ccccc1)Oc1ccccc1,0,0,0.0058697128579150515
CC(C)CCCCCCCOP(=O)(Oc1ccccc1)Oc1ccccc1,0,0,0.011015943479600046
CCCCC(CC)COP(=O)(Oc1ccccc1)Oc1ccccc1,0,0,0.0058697128579150515
COC(=O)Nc1nc2cc(/C(=N/O)c3ccc(F)cc3)ccc2[nH]1,1,1,0.9495281333481248
COc1cc2c(c3oc(O)c4c(O)ccc-4c13)C1CCOC1O2,1,1,0.9456785245225675
Cc1ccc(S(=O)(=O)OCc2ccccc2)cc1,0,0,0.0480773690238672
Cc1ccc(COS(=O)(=O)c2ccc(C)cc2)cc1,0,0,0.03870433505930722
Cc1ccc(S(=O)(=O)OCc2ccc([N+](=O)[O-])cc2)cc1,1,1,0.9624591491306724
C1CC2OC2CC1C1CO1,1,1,0.981188145989626
C1C[C@@H]2O[C@@H]2C[C@@H]1[C@H]1CO1,1,1,0.981188145989626
NC(=O)OCC1C(NC(=O)/C(=N\OCC(=O)O)c2csc(N)n2)C(=O)N1S(=O)(=O)O,0,0,0.06290414483022043
CC(=O)OCC(=O)[C@@]1(OC(C)=O)CC[C@H]2[C@@H]3C[C@@H](F)C4=CC(=O)C(Br)=C[C@]4(C)[C@@]3(F)[C@@H](O)C[C@@]21C,0,0,0.039883642443968435
CC12C=CC(=O)C=C1CCC1C2C(O)CC2(C)C1CCC2(O)C(=O)CO,0,0,0.0013797528972320661
CC12C=CC(=O)C=C1CCC1C2C(O)CC2(C)C1CCC2(O)C(O)C=O,0,0,0.012467095269988647
C[C@]12C=CC(=O)C=C1CC[C@@H]1[C@@H]2[C@@H](O)C[C@@]2(C)[C@H]1CC[C@]2(O)C(=O)CO,0,0,0.0013797528972320661
C[C@@H]1CC2C3CCC4=CC(=O)C=C[C@]4(C)[C@@]3(F)[C@@H](O)C[C@]2(C)[C@@]1(O)C(=O)CO,0,0,0.024407237974693356
CC(C)=CCC/C(C)=C/CC/C(C)=C/C(=O)OCC(=O)C1(O)CCC2C3CCC4=CC(=O)C=CC4(C)C3C(O)CC21C,0,0,0.03036618617278923
CCC(=O)OCC(=O)C1(OC(=O)CC)C(C)CC2C3C(Cl)CC4=CC(=O)C=CC4(C)C3C(O)CC21C,0,0,0.030385773617728977
CN(C)C(=O)c1nc(CNC(=O)CN)n(-c2ccc(Cl)cc2C(=O)c2ccccc2Cl)n1,0,0,0.04182460585137481
NC(=O)c1cc(N2CC2)c([N+](=O)[O-])cc1[N+](=O)[O-],1,1,0.9793400228888722
O=C1C=CC(=C(Cl)Cl)O1,1,1,0.9761018770153711
O=C1OC(=C(Cl)Cl)C=C1Cl,1,1,0.9893546105123555
O=C1OC(=C(Cl)Cl)C(Cl)=C1Cl,1,1,0.9693437126272175
Nc1nc(-c2ccccc2)cs1,1,1,0.9657188518650468
O=CNc1nc(-c2ccc([N+](=O)[O-])cc2)cs1,1,1,0.9887805749675316
NNc1nc(-c2ccc([N+](=O)[O-])cc2)cs1,1,1,0.9937100999954326
NNc1nc(-c2ccc(N)cc2)cs1,1,1,0.9668755384942507
CCOC(=O)C(CCc1ccccc1)NC(C)C(=O)N(CC(=O)O)C1Cc2ccccc2C1,0,0,0.0041810465439435125
CCOC(=O)[C@H](CCc1ccccc1)N[C@@H](C)C(=O)N(CC(=O)O)C1Cc2ccccc2C1,0,0,0.005464660550893527
CC1=CC(=C(C#N)C#N)C=C(/C=C/c2ccc(N(C)C)cc2)O1,1,1,0.9347999348818324
COc1cc2c(c3oc(=O)c4c(c13)CCC4=O)C1CCOC1O2,1,1,0.9727954617517258
Cc1ccc2cc3c(ccc4ccccc43)c3c2c1C(=O)C3,1,1,0.9874520227305775
Cc1nc2ccc3ccc4ccc(O)cc4c3c2o1,1,1,0.952366862166609
C[C@@H](CCC(=O)O)[C@H]1CC[C@H]2[C@@H]3CC[C@H]4C[C@@H](O)CC[C@]4(C)[C@H]3CC[C@]12C,0,0,0.003403494778080782
CC(C)CCCC(C)C1CCC2C3CC(O)C4(O)CC(O)CCC4(C)C3CCC12C,1,1,0.8324611114217444
CC(CCC(=O)O)C1CCC2C3CCC4CC(O)CCC4(C)C3CCC12C,0,0,0.0038634124104914708
CC(CCC(=O)O)C1CCC2C3C(O)CC4CC(O)CCC4(C)C3CCC12C,0,0,0.01939809208746635
Cc1ccc(/N=C/N=C/N(C)c2ccc(C)cc2C)c(C)c1,0,0,0.050326047834803427
COc1ccc2c(c1OC)CN1CCc3cc4c(cc3C1=C2)OCO4,0,0,0.12871625309678947
O=C(O)C1Cc2c([nH]c3ccccc23)C(CO)N1,0,0,0.009226267231562748
COC(=O)C1Cc2c([nH]c3ccc([N+](=O)[O-])cc23)C(C)N1N=O,1,1,0.9605339991678905
O=C(O)C1Cc2c([nH]c3ccccc23)CN1,0,0,0.015644738048470157
CC1NC(C(=O)O)Cc2c1[nH]c1ccccc21,0,0,0.007158598690806117
Cc1cc(O)c2c(c1)C(=O)c1c(c(O)cc(O)c1-c1c(O)cc(O)c3c1C(=O)c1cc(C)cc(O)c1C3=O)C2=O,0,0,0.056011808615267784
O=C(O)Cc1c[nH]c2ccccc12,0,0,0.011270899436608117
CC(C)NCC(O)COc1cccc2[nH]ccc12,0,0,0.02988843209335426
O=Nn1cc(CC(O)C(=O)O)c2ccccc21,1,1,0.8977466065147203
NCCc1c[nH]c2ccccc12,0,0,0.03212055017628811
NCCc1c[nH]c2ccc(O)cc12,0,0,0.035782208426393625
O=C(O)CCc1c[nH]c2ccccc12,0,0,0.0029810010376341207
O=Nn1cc(CCO)c2ccccc21,1,1,0.9549995139558768
Cn1c(CC(=O)OCCCl)c(C(=O)O)c2ccccc21,1,1,0.8559876090245452
O=C(O)CCCc1c[nH]c2ccccc12,0,0,0.017741188905586326
N=C(N)c1ccc2c(N)c(C(=N)N)[nH]c2c1,0,0,0.06400409547197583
CCOC(=O)Cc1c(C(=O)O)c2ccccc2n1C,0,0,0.0753333954697067
N=C(N)c1cc2ccc(Br)cc2[nH]1,0,0,0.04602229803298697
N=C(N)c1ccc2cc(C(=N)N)[nH]c2c1,0,0,0.0410200617755289
c1ccc2[nH]ccc2c1,0,0,0.03869177043822401
CCc1cccc2c(CCO)c[nH]c12,0,0,0.04386804724706456
NNC(=O)c1[nH]c2ccccc2c1N,1,1,0.939850518770198
Oc1ccc2[nH]ccc2c1,0,0,0.0541169049068717
ONc1cc2ccccc2[nH]1,1,1,0.950800108132443
COc1cc2c(CCNC(C)=O)c[nH]c2cc1O,0,0,0.03484531953789224
COc1ccc2[nH]cc(CCNC(C)=O)c2c1,0,0,0.03966861703994915
O=[N+]([O-])c1ccc2c(CCO)c[nH]c2c1,1,1,0.9846062953404575
O=[N+]([O-])c1ccc2[nH]ccc2c1,1,1,0.9790377816318037
O=C(O)Cc1c[nH]c2ccc(O)cc12,0,0,0.008678931425582573
N#CCc1cn(N=O)c2ccccc12,1,1,0.9695463894045839
NCCCCC(N)C(=O)NC(Cc1c[nH]c2ccccc12)C(=O)NC(CCCCN)C(=O)O,0,0,0.022417351821281878
NC(Cc1c[nH]c2ccc(O)cc12)C(=O)O,0,0,0.013450444639657682
N[C@H](Cc1c[nH]c2ccccc12)C(=O)O,0,0,0.0
NC(Cc1c[nH]c2ccccc12)C(=O)O,0,0,0.0
Cc1ccc(N(CC2(O)OCC(O)C(O)C2O)N=O)cc1,1,1,0.8710182316727323
Cc1ccc(NCC2(O)OCC(O)C(O)C2O)cc1,0,0,0.04893504039959905
O=C1c2cc([N+](=O)[O-])ccc2-c2ccc([N+](=O)[O-])cc21,1,1,0.9893641671574719
O=C1c2ccccc2-c2cc([N+](=O)[O-])ccc21,1,1,0.9892118528586897
O=C1c2ccccc2-c2ccccc21,0,0,0.06588456428761795
O=C1c2cc([N+](=O)[O-])ccc2-c2c1cc([N+](=O)[O-])cc2[N+](=O)[O-],1,1,0.9921006744955823
O=C1c2cc([N+](=O)[O-])cc([N+](=O)[O-])c2-c2c1cc([N+](=O)[O-])cc2[N+](=O)[O-],1,1,0.9683176904506069
CCN(CC)CCOc1ccc2c(c1)C(=O)c1cc(OCCN(CC)CC)ccc1-2,1,1,0.8853050977565085
O=C1c2ccccc2-c2ccc([N+](=O)[O-])cc21,1,1,0.9958852812381987
Oc1cccc2c1ccc1c3ccccc3ccc21,1,1,0.9776100201277693
Nc1cc2c3ccccc3ccc2c2ccccc12,1,1,1.0
O=S(=O)(O)OCc1cc2ccccc2c2ccc3ccccc3c12,1,1,0.9966016672312488
Cc1cc2c3ccccc3ccc2c2ccccc12,1,1,0.9994576545583325
O=Nc1cc2c3ccccc3ccc2c2ccccc12,1,1,0.9775406300611352
Cc1c([N+](=O)[O-])c2ccccc2c2ccc3ccccc3c12,1,1,0.9710961610538457
Oc1cc2c3ccccc3ccc2c2ccccc12,1,1,0.9071147336667196
O=[N+]([O-])c1ccc2c(ccc3c4ccccc4ccc23)c1,1,1,0.9577118921252419
Cc1cc2ccccc2c2ccc3ccccc3c12,1,1,0.9960891022222176
c1ccc2c(c1)ccc1c3ccccc3ccc21,1,1,0.9954813964391811
Cc1cccc2c1cc(C)c1c3ccccc3ccc21,1,1,0.9744308175298763
Cc1cc2ccccc2c2cc([N+](=O)[O-])c3ccccc3c12,1,1,0.9901950328366317
Cc1cccc2c1ccc1c3ccccc3ccc21,1,1,1.0
Oc1ccc2c(ccc3c4ccccc4ccc23)c1,1,1,0.9850894871222918
Cc1ccc2c(ccc3c4ccccc4ccc23)c1,1,1,0.9994576545583325
Cc1cccc2ccc3c4ccccc4ccc3c12,1,1,1.0
Clc1cc2c3ccccc3ccc2c2ccccc12,1,1,0.9926312085881936
Cc1ccc2ccc3c4ccccc4ccc3c2c1,1,1,0.9994576545583325
OCc1cc2ccccc2c2ccc3ccccc3c12,1,1,0.986716116241855
Oc1cc2ccccc2c2ccc3ccccc3c12,0,0,0.36485964362723433
O=[N+]([O-])c1cc2c3ccccc3ccc2c2ccccc12,1,1,0.9246202208909972
Nc1ccc2c(ccc3c4ccccc4ccc23)c1,1,1,1.0
Oc1ccc2ccc3c4ccccc4ccc3c2c1,1,1,0.9850894871222918
Oc1cccc2ccc3c4ccccc4ccc3c12,1,1,0.9608641273081524
C=C1CC23CCC4C(C)(C(=O)O)CCCC4(C)C2CCC1(OC1OC(CO)C(O)C(O)C1O)C3,1,1,0.7880670338093082
O=C1C(Cl)=C(Cl)C(=O)c2ccccc21,1,1,0.9403394600479497
CCC1=C(O)C(=O)c2c(O)c(O)c(O)c(O)c2C1=O,1,1,0.8963715297616769
O=C1C=CC(=O)c2c(O)cccc21,1,1,0.972487553655117
O=C1C=CC(=O)c2c(O)c(Cl)c(Cl)c(O)c21,1,1,0.9212096944391707
O=C1C=CC(=O)c2c(O)ccc(O)c21,1,1,0.9509443193041771
CC(C)=CCC1=C(O)C(=O)c2ccccc2C1=O,0,0,0.06186550219276988
CC1=CC(=O)c2ccccc2C1=O,1,1,0.9389923162290429
CCC1=C(OC)C(=O)c2c(O)c(OC)c(OC)c(O)c2C1=O,0,0,0.08085371714174588
O=C1C=CC(=O)c2ccccc21,1,1,0.9484936233598065
CC1=CC(=O)c2c(O)cccc2C1=O,1,1,0.9576549157596819
O=[N+]([O-])c1cc2c3c(c1)CCc1c4c(cc(c1-3)CC2)CCCC4,1,1,0.9467205988291055
C#CC1(OC(C)=O)CCC2C3CCC4=CC(=O)CCC4(C)C3CCC21C,0,0,0.004590969894748744
CC(=O)[C@H]1CC[C@@H]2[C@@H]3CCC4=CC(=O)CC[C@]4(C)[C@H]3CC[C@]12C,0,0,0.0010786523315473979
C#CC1(O)CCC2C3CCC4=CC(=O)CCC4C3CCC21CC,0,0,0.003537057560326862
CC(=O)OC1(C(C)=O)CCC2C3CC(C)C4=CC(=O)CCC4(C)C3CCC21C,0,0,0.012038934690001788
CC(=O)C1CCC2C3CCC4=CC(=O)CCC4(C)C3CCC12C,0,0,0.0010786523315473979
C#CC1(OC(=O)CCCCCC)CCC2C3CCC4=CC(=O)CCC4C3CCC21C,0,0,0.011426662626161764
CCCCCC(=O)OC1(C(C)=O)CCC2C3CCC4=CC(=O)CCC4C3CCC21C,0,0,0.013238980196311178
C#C[C@]1(OC(C)=O)CC[C@H]2[C@@H]3CCC4=CC(=O)CC[C@@H]4[C@H]3CC[C@@]21C,0,0,0.004765010446131221
C#C[C@@]1(O)CC[C@H]2[C@@H]3CCC4=CC(=O)CC[C@@H]4[C@H]3CC[C@@]21CC,0,0,0.003537057560326862
C#CC1(O)CCC2C3CCC4=CC(=O)CCC4C3CCC21C,0,0,0.012523671460646073
O=C(O)C1=NN(c2ccc(S(=O)(=O)O)cc2)C(=O)C1N=Nc1ccc(S(=O)(=O)O)cc1,0,0,0.012057967714939903
O=C(O)C1=NN(c2ccc(S(=O)(=O)O)cc2)C(=O)[C@H]1N=Nc1ccc(S(=O)(=O)O)cc1,0,0,0.012517885347350592
O=C1C=CC(=O)N1,1,1,0.877600520202844
O=C1NC(=O)C(Cl)=C1Cl,1,1,0.9300513940880625
O=NN1CC=CCC1,1,1,0.9819878922209212
COC(=O)C1=CCCN(C)C1,1,1,0.8782597767094211
COC(=O)C1=CCCN(N=O)C1,1,1,0.9808475792249013
O=NN1CCC=C(C(=O)O)C1,1,1,0.9338300197710149
C1CSCCO1,0,0,0.09995815366121827
OC1CC=Cc2cccnc21,0,0,0.04075693231795588
OC1C=Cc2cccnc2C1O,0,0,0.03597404529215317
O=C1c2cc(O)cc(O)c2C(=O)c2c1cc1c(c2O)[C@@H]2C=CO[C@@H]2O1,1,1,0.9894175835132285
O=C1c2cc(O)cc(O)c2C(=O)c2c1cc1c(c2O)C2C=COC2O1,1,1,0.9887527042054152
CCO[P@](=O)(Oc1ccc([N+](=O)[O-])cc1)c1ccccc1,1,1,0.9939399442430674
CCOP(=O)(Oc1ccc([N+](=O)[O-])cc1)c1ccccc1,1,1,0.9939399442430674
Cc1cc(O)c2c(c1O)C(=O)c1c(O)ccc(O)c1C2=O,1,1,0.945350608343001
CCOCc1c(O)cc2c(c1O)C(=O)c1ccccc1C2=O,1,1,0.9439041742016464
Nc1ccc(O)c2c1C(=O)c1c(O)ccc(N)c1C2=O,1,1,0.9758746457301037
Nc1ccc(O)c2c1C(=O)c1ccccc1C2=O,1,1,0.9842009080763597
O=C1c2ccccc2C(=O)c2c(O)cc(O)cc21,1,1,0.9835868321619355
Cc1cc(O)c2c(c1)C(=O)c1c(O)c(O)cc(O)c1C2=O,1,1,0.9181625367132265
O=C1c2cccc(O)c2C(=O)c2cccc(O)c21,1,1,0.9631775896226394
O=C1c2c(O)ccc(O)c2C(=O)c2c(NCCO)ccc(NCCO)c21,1,1,0.9566393423867359
CN(C)c1ccc(N(C)C)c2c1C(=O)c1c(O)ccc(O)c1C2=O,1,1,0.9567960803912147
COc1cc2c(c(OC)c1CO)C(=O)c1ccccc1C2=O,0,0,0.15494281272451818
Nc1ccc2c(c1N)C(=O)c1ccccc1C2=O,1,1,1.0
CC(=O)OCCC(C=O)c1c(O)cc2c(c1O)C(=O)c1c(O)cc(O)cc1C2=O,1,1,0.983337303968776
Cc1ccc2c(c1O)C(=O)c1ccccc1C2=O,1,1,0.9564105718812171
O=C1c2c(O)ccc(Cl)c2C(=O)c2c(O)ccc(Cl)c21,1,1,0.9222966796776858
O=C1c2ccccc2C(=O)c2c(O)c(O)cc(O)c21,1,1,0.9839405801042408
O=C(O)c1cc(O)c2c(c1)C(=O)c1cc(O)cc(O)c1C2=O,0,0,0.1199179909912418
O=C1c2cc(O)cc(O)c2C(=O)c2c(O)cc(CO)cc21,1,1,0.9766498892965788
O=C1c2c(O)ccc([N+](=O)[O-])c2C(=O)c2c([N+](=O)[O-])ccc(O)c21,1,1,0.9256592509541366
O=C1c2c(O)ccc(O)c2C(=O)c2c(NCCNCCO)ccc(NCCNCCO)c21,1,1,0.9413353313416555
Nc1ccc2c(c1)C(=O)c1ccc(N)cc1C2=O,1,1,0.974183040953832
O=C(O)c1cc(O)c2c(c1)C(=O)c1cccc(O)c1C2=O,1,1,0.703080265280742
COc1c(CO)c(O)cc2c1C(=O)c1ccccc1C2=O,1,1,0.9644291028057246
Cc1cc2c(c(O)c1O)C(=O)c1c(O)cc(O)cc1C2=O,1,1,0.9436899017797861
O=C1c2cccc(O)c2C(=O)c2c(O)cc(CO)cc21,1,1,0.9923224645631813
O=C1c2ccccc2C(=O)c2c1cc(O)c(CO)c2O,1,1,0.974341821265387
COc1cc2c(c(O)c1O)C(=O)c1c(O)cc(C)cc1C2=O,1,1,0.9697486149382067
CC(C)Nc1cccc2c1C(=O)c1ccccc1C2=O,1,1,0.9529032446823285
Nc1cccc2c1C(=O)c1ccccc1C2=O,1,1,0.9879741443847248
O=C1c2ccccc2C(=O)c2cc(CO)ccc21,0,0,0.15346334092425137
O=C1c2cccc(O)c2C(=O)c2c(O)cccc21,1,1,0.9813113831476197
CN(C)CCNC(=O)c1cccc2c1C(=O)c1ccccc1C2=O,1,1,0.9397200237093319
O=Cc1c(O)cc2c(c1O)C(=O)c1ccccc1C2=O,0,0,0.11996092525665741
O=C1c2ccccc2C(=O)c2c(O)ccc(O)c21,1,1,0.9965718867986124
Nc1ccc(N)c2c1C(=O)c1cccc([N+](=O)[O-])c1C2=O,1,1,0.9816141020746636
COc1c(C=O)c(O)cc2c1C(=O)c1ccccc1C2=O,0,0,0.09362595316941617
COCc1c(O)cc2c(c1O)C(=O)c1ccccc1C2=O,1,1,0.9843631372786861
O=C1c2cc(S(=O)(=O)O)ccc2C(=O)c2c1cccc2[N+](=O)[O-],1,1,0.9746894614533472
O=C1c2ccc(O)cc2C(=O)c2ccc(O)cc21,0,0,0.21021693234538202
O=C1c2ccccc2C(=O)c2c1cc(O)c(O)c2O,1,1,0.9898767321665031
Cc1cc(O)c2c(c1O)C(=O)c1ccccc1C2=O,1,1,0.9926514323757137
O=C1c2ccccc2C(=O)c2c1cc(O)c(C(=O)O)c2O,0,0,0.16475519734239927
COc1ccc(N)c2c1C(=O)c1ccccc1C2=O,1,1,0.9953631595840513
Cc1ccc2c(c1[N+](=O)[O-])C(=O)c1cccc([N+](=O)[O-])c1C2=O,1,1,0.9881745532331432
CCc1ccc2c(c1[N+](=O)[O-])C(=O)c1ccccc1C2=O,1,1,0.9859519807325884
CC(=O)OCC[C@@H](C=O)c1c(O)cc2c(c1O)C(=O)c1c(O)cc(O)cc1C2=O,1,1,0.9838796494104436
Cc1cc(O)c2c(c1)C(=O)c1cccc(O)c1C2=O,1,1,0.9877371308324692
O=C1c2ccccc2C(=O)c2ccccc21,1,1,0.7463027412711196
O=C1c2ccccc2C(=O)c2c1ccc(O)c2O,1,1,0.9860471215065936
Cc1cc(O)c2c(c1)C(=O)c1cc(O)c(O)c(O)c1C2=O,0,0,0.30170062384420565
O=C1c2ccc(O)c(O)c2C(=O)c2c(O)ccc(O)c21,1,1,0.9672214138400874
COc1cc(O)c2c(c1)C(=O)c1cc(C)cc(O)c1C2=O,1,1,0.9844555324537674
Cc1ccc2c(c1)C(=O)c1ccccc1C2=O,0,0,0.15698320531965246
CC(=O)c1c(O)cc(O)c2c1C(=O)c1cc(O)cc(O)c1C2=O,0,0,0.09581775896928378
Nc1ccc(N)c2c1C(=O)c1ccccc1C2=O,1,1,0.9980248825722324
Nc1ccc(N)c2c1C(=O)c1c(N)ccc(N)c1C2=O,1,1,0.9865894669482611
COc1cc(O)c2c(c1)C(=O)c1c(O)c(C)cc(O)c1C2=O,1,1,0.9887824846380516
Cc1ccc2c(c1[N+](=O)[O-])C(=O)c1ccccc1C2=O,1,1,0.9860230079134974
COc1cccc2c1C(=O)c1ccccc1C2=O,1,1,0.9173338426700002
O=C1c2ccccc2C(=O)c2c(O)cccc21,1,1,0.9486443984383369
Nc1c(C(=O)O)cc([N+](=O)[O-])c2c1C(=O)c1ccccc1C2=O,1,1,0.9629961981830686
Cc1cc(O)c2c(c1)C(=O)c1cc(O)cc(O)c1C2=O,1,1,0.9755218785445993
CC(=O)Nc1ccc(NC(C)=O)c2c1C(=O)c1ccccc1C2=O,1,1,0.942394180544942
Nc1c(Br)cc(Br)c2c1C(=O)c1ccccc1C2=O,1,1,0.9457632605312122
Nc1cccc2c1C(=O)c1cccc(N)c1C2=O,1,1,0.9971440126729162
CC(=O)OCc1c(O)cc2c(c1O)C(=O)c1ccccc1C2=O,1,1,0.927854178314447
CNc1ccc(NCCO)c2c1C(=O)c1ccccc1C2=O,1,1,0.9540619603936001
N#[N+]c1cccc2c1C(=O)c1ccccc1C2=O,1,1,0.9751751672703584
Nc1ccc2c(c1)C(=O)c1ccccc1C2=O,1,1,0.977746656802082
O=C1c2cccc(S(=O)(=O)O)c2C(=O)c2cccc([N+](=O)[O-])c21,1,1,0.9748778895609823
Cc1cc(O)c2c(c1O)C(=O)c1cc(O)cc(O)c1C2=O,1,1,0.981223923469205
Cc1ccc2c(c1N)C(=O)c1ccccc1C2=O,1,1,0.9946265498034812
Cc1c(O)cc2c(c1O)C(=O)c1ccccc1C2=O,1,1,0.9915965219250149
COc1cc(N)c2c(c1N)C(=O)c1ccccc1C2=O,1,1,0.9841144880190671
Cc1ccc(S(=O)(=O)NC(=O)Nc2ncc([N+](=O)[O-])s2)cc1,0,0,0.060352186513291724
CCOc1ccc(C(C)(C)C)cc1NC(=O)C(=O)Nc1ccccc1CC,0,0,0.03797693698145245
S=C1NCCN1,1,1,0.876891880111581
CCOP(=S)(OCC)Oc1ccc2c(C)c(Cl)c(=O)oc2c1,0,0,0.03178804856331788
CC(=O)Oc1ccc2c(CBr)cc(=O)oc2c1,0,0,0.05617356028541088
Cc1cc(=O)oc2cc(O)ccc12,0,0,0.04057151795484581
Cc1ccc2oc(=O)ccc2c1,0,0,0.08888868674394683
COc1ccc2c(CBr)cc(=O)oc2c1,0,0,0.043872291933592565
O=c1ccc2ccccc2o1,1,1,0.8421792162717576
CCNc1cc2oc(=O)cc(C)c2cc1C,0,0,0.054022904824250234
Cc1cc(=O)oc2cc(N)ccc12,0,0,0.07288223538845874
Cc1cc(=O)oc2cc(O)cc(O)c12,0,0,0.042495271272483606
CCN(CC)c1ccc2c(C(F)(F)F)cc(=O)oc2c1,0,0,0.041778172530442165
CCN(CC)c1ccc2c(C)cc(=O)oc2c1,0,0,0.04609932475722283
CC1C=C(C=O)C(C=O)=CC2CC(C)(C)CC12,0,0,0.04168450706128218
CC1C=C(C=O)C(C=O)=CC2(O)CC(C)(C)CC12,1,1,0.8130874007698018
CCOC(=O)[C@H](CCSC)NC(=O)[C@H](Cc1cccc(N(CCCl)CCCl)c1)NC(=O)[C@@H](N)Cc1ccc(F)cc1,1,1,0.8917941009955404
Cc1ccc2c(c1)C(C)c1ccccc1-2,1,1,1.0
Nc1ccc2c(c1)Cc1cc([N+](=O)[O-])ccc1-2,1,1,0.9962535861284839
CC(=O)Nc1ccc2c(c1)Cc1cc(O)ccc1-2,1,1,0.9162390631043302
O=[N+]([O-])c1ccc2c(c1)Cc1cccc(O)c1-2,1,1,0.9883068693662774
Nc1cccc2c1-c1ccccc1C2,1,1,0.9971440126729163
CC(C)c1c(N)ccc2c1Cc1ccccc1-2,1,1,0.9109797265307165
CC(=O)Nc1ccc2c(c1)Cc1cc(NC(C)=O)ccc1-2,1,1,0.9059204097337978
Cc1cccc2c1C(C)c1ccccc1-2,1,1,0.9930292939111149
CC(=O)Nc1cc2c(cc1O)-c1ccccc1C2,0,0,0.18168375614072305
CC(=O)Nc1cccc2c1-c1ccccc1C2,1,1,0.9856966530633328
O=[N+]([O-])c1ccc2c(c1)C(O)c1ccccc1-2,1,1,0.9951688952451487
CC(=O)N(Cl)c1ccc2c(c1)Cc1ccccc1-2,1,1,0.9826544555773826
CCCCCCCCCCCCCCN(OC(C)=O)c1ccc2c(c1)Cc1ccccc1-2,1,1,0.9371629613851019
CC1(OO)c2ccccc2-c2ccccc21,1,1,0.9464963846658397
Nc1cccc2c1Cc1ccccc1-2,1,1,0.9984027441076337
Cc1ccc2c(c1)[C@H](C)c1ccccc1-2,1,1,0.9957779708567094
O=[N+]([O-])c1ccc2c(c1)Cc1cc([N+](=O)[O-])ccc1-2,1,1,0.9977435316393608
Cc1ccc2c(c1)-c1ccccc1C2C,1,1,0.9994576545583325
CC(=O)Nc1cc2c(cc1Cl)-c1ccccc1C2,1,1,0.9520020947653476
c1ccc2c(c1)Cc1ccccc1-2,0,0,0.06031325989191166
O=[N+]([O-])c1ccc2c(c1)Cc1ccccc1-2,1,1,0.9962535861284838
NC1c2ccccc2-c2ccccc21,0,0,0.11442601366107137
Nc1ccc2c(c1)Cc1cc(N)ccc1-2,1,1,0.9814698419559177
CC(=O)Nc1ccc2c(c1)Cc1cccc(O)c1-2,1,1,0.8148067198095968
CC(=O)N(O)c1ccc2c(c1)Cc1ccccc1-2,1,1,0.9547379917969261
CCCCCCCCCCCCCC(=O)ON(C(C)=O)c1ccc2c(c1)Cc1ccccc1-2,1,1,0.956771791156426
CC(C)(C)c1c(N)ccc2c1Cc1ccccc1-2,0,0,0.14384459785497627
CCCCCCCCCCCCCC(=O)N(O)c1ccc2c(c1)Cc1ccccc1-2,1,1,0.9359025459017358
CC(=O)ON(C(C)=O)c1ccc2c(c1)Cc1ccccc1-2,1,1,0.9060313078925797
Cc1cc2c(cc1C)C(C)c1ccccc1-2,1,1,0.7660335584234264
CC(=O)Nc1ccc2c(c1O)Cc1ccccc1-2,0,0,0.14537155888865752
O=[N+]([O-])c1ccc2c(c1)Cc1cccc([N+](=O)[O-])c1-2,1,1,0.9979023487060867
Cc1cc2c(cc1C)-c1ccccc1C2,0,0,0.0804625796292184
O=Nc1ccc2c(c1)Cc1ccccc1-2,1,1,0.9705181030668896
ONc1ccc2c(c1)Cc1ccccc1-2,1,1,0.9904705842934072
CC(=O)Nc1cc2c(cc1OC(C)=O)-c1ccccc1C2,0,0,0.04932161549463257
ClNc1ccc2c(c1)Cc1ccccc1-2,1,1,0.9842226343289601
CC1c2cc(F)ccc2-c2ccc(F)cc21,1,1,0.9313223837285163
CC(=O)Nc1ccc2c(c1OC(C)=O)Cc1ccccc1-2,0,0,0.04594638874555688
CC(=O)Nc1ccc2c(c1)Cc1ccccc1-2,1,1,0.9917922887289977
Nc1ccc2c(c1)Cc1ccccc1-2,1,1,0.99783061823333
Nc1ccc2c(c1)-c1ccccc1C2,1,1,0.99783061823333
CC1c2ccccc2-c2ccccc21,1,1,0.8711286902579678
O=CNc1ccc2c(c1)Cc1ccccc1-2,1,1,0.9801883667566281
Cc1cccc2c1-c1ccccc1C2C,1,1,0.9953429357965311
O=[N+]([O-])c1ccc2c(c1)-c1ccccc1C2,1,1,0.9980248825722325
CC1c2ccccc2-c2ccc(F)cc21,1,1,0.972189917687313
O=C(Cl)OCC1c2ccccc2-c2ccccc21,1,1,0.9559890200269024
Cc1ccc2c(c1)Cc1cc(C)ccc1-2,0,0,0.07817849646022347
CCN(C(C)=O)c1ccc2c(c1)Cc1ccccc1-2,1,1,0.9607936238481618
O=[N+]([O-])c1ccc2c(c1)Cc1cc(O)ccc1-2,1,1,0.9925441219942244
O=[N+]([O-])c1ccc2c(c1)[C@H](O)c1ccccc1-2,1,1,0.9951688952451487
Cc1ccc2c(c1)C(C)c1cc(C)ccc1-2,0,0,0.21247919589049835
C/C(=C(\CCOC(=O)c1ccccc1)SC(=O)c1ccccc1)N(C=O)Cc1cnc(C)nc1N,0,0,0.013279417832800377
c1ccc2c(c1)ccc1c3cccnc3ccc21,1,1,1.0
O=C1c2c(ccc3ccccc23)-c2cccc3cccc1c23,0,0,0.08841683940216381
CC(C)[C@]12CC(=O)[C@@H](C)[C@H]1C2,0,0,0.0024584052287794636
CC1C(=O)CC2(C(C)C)CC12,0,0,0.0024584052287794636
c1ccc2c(c1)OCCOCCOCCOCCO2,0,0,0.06605744839373377
c1ccc2c(c1)ccc1cc3cnccc3cc12,1,1,0.9985672280139001
O=S(=O)(O)c1ccc(N=NNc2ccc(S(=O)(=O)O)cc2)cc1,0,0,0.04592699507110864
c1ccc(N=NNc2ccccc2)cc1,1,1,0.9609693484481924
Cc1ncc(C[n+]2csc(CCO)c2C)c(N)n1,0,0,0.08549221478972253
CC(=O)N/N=C/C1=CN(O)c2ccccc2N1O,1,1,0.9598925301613255
CC(C)(C)OC(=O)N/N=C/C1=CN(O)c2ccccc2N1O,1,1,0.9422790416052889
COc1cccc2c1CC([N+](=O)[O-])c1ccc3c(c1-2)OCO3,1,1,0.9801288058913555
Oc1cnnc(O)n1,1,1,0.761506898000056
Cc1nnc(O)nc1O,0,0,0.10040420266910245
CC(=O)ON(OCc1ccc(Br)cc1)C(=O)c1ccccc1,1,1,0.9925804051948046
CC(=O)ON(OCc1ccccc1)C(=O)c1ccccc1,1,1,0.9730541056751968
CC(=O)ON(OCc1ccc(Cl)cc1)C(=O)c1ccccc1,1,1,0.9836383388471722
COc1ccc(CON(OC(C)=O)C(=O)c2ccccc2)cc1,1,1,0.9888339913232884
CC(=O)ON(OCc1ccc([N+](=O)[O-])cc1)C(=O)c1ccccc1,1,1,0.9806177349772662
CC(=O)ON(OCc1ccc(C)cc1)C(=O)c1ccccc1,1,1,0.9806437582408826
CC(=O)ON(OCc1ccc(C(C)(C)C)cc1)C(=O)c1ccccc1,1,1,0.9817914221250907
COc1ccc2c(c1OC)C(=O)O[C@@H]2[C@H]1c2cc3c(cc2CCN1C)OCO3,0,0,0.01018432218410464
COc1ccc2c(c1OC)C(=O)OC2C1c2cc3c(cc2CCN1C)OCO3,0,0,0.01112941173340596
CCCCCOc1cccc(NC(=O)OC2CCCCC2N2CCCC2)c1,0,0,0.030910113220645085
Cc1nc2c(c3[nH]c4ccccc4c13)C(=O)C=C(N1CC1)C2=O,1,1,0.9774733600492463
c1ccc2c3c4c(cc5ccccc5c4cc2c1)C1=C3CCCC1,1,1,0.9583353708687045
O=C1C=CC2=[N+]([O-])C(c3ccccc3)(c3ccccc3)/C(=N/c3ccccc3)C2=C1,0,0,0.04559675618392615
CC12C=CC3=C4CCC(=O)C=C4CCC3C1CCC2O,0,0,0.04572468649072104
O=C(Cn1ccnc1[N+](=O)[O-])NCc1ccccc1,1,1,0.9465390379978075
CC1(O)C=Cc2cc3c(ccc4ccccc43)c3c2C1(O)CC3,1,1,0.9551023138963189
COc1nsc2cc(OCC3CO3)ccc12,1,1,0.9937063428264123
Cc1ccc2c(c1O)NC(O)C1CC(/C=C/C(N)=O)=CN1C2=O,1,1,0.9540643917724002
c1ccc(-c2cccc(-c3ccccn3)n2)nc1,1,1,0.9342544425776763
Oc1[nH]nc2ccccc12,0,0,0.020591681258045086
Cn1cc2ccc([N+](=O)[O-])cc2n1,1,1,0.9346044494720387
O=[N+]([O-])c1cccc2c[nH]nc12,1,1,0.9978901790986027
O=[N+]([O-])c1ccc2c[nH]nc2c1,1,1,0.99783061823333
Cn1cc2cccc([N+](=O)[O-])c2n1,1,1,0.9604267049074782
O=C1CCC(=O)N1c1ccc(Cl)cc1,0,0,0.03901732949263212
O=C1CCC(=O)N1c1ccc(Cl)c(Cl)c1,0,0,0.005153529185385373
O=C1CCC(=O)N1c1ccc(Cl)c(Cl)c1Cl,0,0,0.019773572362039533
O=C1CCC(=O)N1c1cc(Cl)cc(Cl)c1,0,0,0.008421322373559475
O=C1CCC(=O)N1c1cc(Cl)c(Cl)c(Cl)c1,0,0,0.014750952863885213
OC1c2ccc3nc4ccc5ccccc5c4cc3c2C2OC2C1O,1,1,0.7085262990427854
O=NN(CC1(O)CCC(O)C(O)C1O)C(Cc1ccccc1)C(=O)O,0,0,0.056821302876005474
ClC1(Cl)C2(Cl)C3(Cl)C4(Cl)C(Cl)(Cl)C5(Cl)C3(Cl)C1(Cl)C5(Cl)C24Cl,0,0,0.006313096922558368
OC1C2(Cl)C3(Cl)C4(Cl)C(Cl)(Cl)C5(Cl)C3(Cl)C1(Cl)C5(Cl)C24Cl,0,0,0.007867404658527337
ClC1(Cl)[C@]2(Cl)[C@@]3(Cl)[C@]4(Cl)C(Cl)(Cl)[C@@]5(Cl)[C@](Cl)([C@]1(Cl)[C@]53Cl)[C@]24Cl,0,0,0.006313096922558368
c1cc2ccc3nc4ccccc4c4ccc(c1)c2c34,1,1,0.9958199208968298
O=[N+]([O-])c1ccc2ccc3c4ccccc4nc4ccc1c2c43,1,1,0.9971142322402798
O=[N+]([O-])c1ccc2ccc3nc4ccccc4c4ccc1c2c34,1,1,0.9932331148951338
[O-][n+]1cc2cccnc2cn1,0,0,0.022795218007668736
OC1c2ccc3c4c5c(cccc5cc3c2C2OC2C1O)C=C4,1,1,0.9764742532948001
c1ccc(CCC2CO2)cc1,1,1,0.9818227050228072
Cc1ccc(CCC2CO2)cc1,1,1,0.9949746309062462
Cc1ccc(CC[C@H]2CO2)cc1,1,1,0.9949746309062462
COc1ccc(CCC2CO2)cc1,1,1,0.9934193250540004
Clc1ccc(CC[C@H]2CO2)cc1,1,1,0.9919648268153
Clc1ccc(CCC2CO2)cc1,1,1,0.9919648268153
OC1C=Cc2c(ccc3ccccc23)C1O,1,1,0.9477328559478359
Nc1ccccc1SCCSc1ccccc1N,1,1,0.9680149715235624
c1ccc(SCCSc2ccccc2)cc1,0,0,0.15134885012863075
CCOC1=CC(=O)C(=NC(C)=O)CC1=O,1,1,0.9454923143637007
CC(=O)c1ccc2c(c1)C(=O)C1(CC1)O2,0,0,0.06430697307162461
CC1(c2ccccc2)/C(=N/c2ccccc2)c2ccccc2N1O,0,0,0.0451245898029233
O=C(O)c1cn(-c2ccc(F)cc2)c2cc(N3CCNCC3)c(F)cc2c1=O,0,0,0.12089806831578795
CC1CN(c2cc3c(cc2F)c(=O)c(C(=O)O)cn3-c2ccc(F)cc2F)CCN1,1,1,0.8802431177089519
CC1=CC(=O)c2[nH]c(C)c3c4ccccc4nc-3c2C1=O,1,1,0.982619008305206
COC1=CC(=O)c2c3nc4ccccc4c-3c[nH]c2C1=O,1,1,0.9903537172668017
COC1=CC(=O)c2[nH]c(C)c3c4ccccc4nc-3c2C1=O,1,1,0.9938174103769218
Cn1c(N)nc2nc3ccccc3cc21,1,1,0.9715461602674434
O=[N+]([O-])c1c(Cl)cc2c(c1Cl)Oc1cc(Cl)c(Cl)cc1O2,0,0,0.2498004802825114
Clc1c(Cl)c(Cl)c2c(c1Cl)Oc1c(Cl)c(Cl)c(Cl)c(Cl)c1O2,0,0,0.07776337903163683
O=[N+]([O-])c1ccc2c(c1)Oc1ccc([N+](=O)[O-])cc1O2,1,1,0.9629842101591526
O=[N+]([O-])c1ccc2c(c1)Oc1cc(Cl)c(Cl)cc1O2,1,1,0.9429291442851255
CN(C)CCNC(=O)c1cccc2c1Oc1ccccc1O2,1,1,0.9328494586973161
Clc1cc2c(cc1Cl)Oc1cc(Cl)c(Cl)cc1O2,0,0,0.039600587896456055
O=[N+]([O-])c1ccc2c(c1)Oc1ccccc1O2,1,1,0.972646370721843
O=[N+]([O-])c1cc2c(cc1Cl)Oc1cc(Cl)c(Cl)cc1O2,1,1,0.891731868895205
O=[N+]([O-])c1ccc2c(c1)Oc1cc([N+](=O)[O-])ccc1O2,1,1,0.9856913934292324
Clc1ccc2c(c1)Oc1ccc(Cl)cc1O2,0,0,0.05801374510240807
c1ccc2c(c1)Oc1ccccc1O2,0,0,0.045831137689228627
O=[N+]([O-])c1c(Cl)c(Cl)c2c(c1Cl)Oc1ccc(Cl)c(Cl)c1O2,1,1,0.7355653216384311
Cc1c2c(nc3ccc(CO)cc13)-c1ccccc1C1OC21,0,0,0.09101027117649187
CC(=O)Nc1nc(NC(C)=O)nc(-c2ccc([N+](=O)[O-])o2)n1,1,1,0.9505634865479802
Nc1nc(N)nc(-c2ccc([N+](=O)[O-])o2)n1,1,1,0.9669359474797677
C1=Cc2cc3ccccc3c3cccc1c23,1,1,0.9953727162291677
O=C1C=C(O)c2ccccc2C1=O,1,1,0.9552002002692481
NC1=CC(=O)C(=O)c2ccccc21,1,1,0.9476040449356183
O=C1C=C(S(=O)(=O)O)c2ccccc2C1=O,1,1,0.9228238578648418
O=C1C=Cc2ccccc2C1=O,1,1,0.9450394990866433
O=c1oc2cccc3ccc4cccc1c4c32,0,0,0.1166083802734505
O=c1oc2ccc([N+](=O)[O-])c3ccc4cccc1c4c23,1,1,0.9963978462472299
O=c1oc2c([N+](=O)[O-])ccc3ccc4cccc1c4c32,1,1,0.9937158994715288
O=S(=O)(Cc1ccccc1)N1C2c3ccccc3-c3ccccc3C21,1,1,0.9616714398703057
C[C@H](CCc1ccccc1)NC[C@@H](O)c1ccc(O)c(C(N)=O)c1,0,0,0.0058531792901476785
CC(CCc1ccccc1)NCC(O)c1ccc(O)c(C(N)=O)c1,0,0,0.00669209914934346
Clc1nc(Cl)nc(Nc2ccccc2Cl)n1,0,0,0.06480602658545397
CSCC(NC(=O)COc1cccc2cnccc12)C(=O)NC(Cc1ccccc1)C(O)C(=O)N1CSCC1C(=O)NC(C)(C)C,0,0,0.03034355782308932
c1ccc2c3c4c(cc5ccccc5c4cc2c1)[C@@H]1O[C@H]31,1,1,1.0
c1ccc2c3c4c(cc5ccccc5c4cc2c1)C1OC31,1,1,1.0
N[C@H]1CC[C@H](C[C@H]2CC[C@H](N)CC2)CC1,0,0,0.015369687563021922
NC1CCC(CC2CCC(N)CC2)CC1,0,0,0.015369687563021922
Cc1c(C(=O)O)c(O)cc2c1C(=O)c1c(O)c([C@H]3O[C@@H](CO)[C@H](O)[C@@H](O)[C@@H]3O)c(O)c(O)c1C2=O,1,1,0.9872684255340786
O=C1c2ccccc2C(=O)c2c1ccc(C1OC(CO)C(O)C(O)C1O)c2O,1,1,0.9907060953805824
Cc1c(C(=O)O)c(O)cc2c1C(=O)c1c(O)c(C3OC(CO)C(O)C(O)C3O)c(O)c(O)c1C2=O,1,1,0.9872684255340786
O=C1c2ccccc2C(=O)c2c1ccc([C@@H]1O[C@H](CO)[C@@H](O)[C@H](O)[C@H]1O)c2O,1,1,0.9923033512729486
OC1C=Cc2c(c3cc4ccccc4cc3c3ccccc23)C1O,1,1,0.9856475337185919
COc1ccc(CNCC(O)COc2ccc3nc(O)ccc3c2)cc1OC,0,0,0.03145359935369639
N=C(N)NN=C(/C=C\c1ccc([N+](=O)[O-])o1)/C=C\c1ccc([N+](=O)[O-])o1,1,1,0.9464787176105424
CC12CCC(C(=O)C1=O)C2(C)C,0,0,0.04462550448448713
CCC1OC(=O)C(C)C(OC2CC(C)(OC)C(O)C(C)O2)C(C)C(OC2OC(C)CC(N(C)C)C2O)C(C)(O)CC(C)CN(C)C(C)C(O)C1(C)O,0,0,0.036366848850582535
O=c1[nH]c(=O)n(C2CC(O)C(CO)O2)cc1COO,1,1,0.9182356438860111
O=c1ccn(C2OC(COP(=O)(O)O)C(O)C2O)c(=O)[nH]1,0,0,0.042676282666849516
CCc1cn(C2CC(O)C(CO)O2)c(=O)[nH]c1=O,0,0,0.04920484013967352
Cc1cn(C2CC(O)C(CO)O2)c(=O)[nH]c1=O,0,0,0.01886682177421401
O=Cc1cn(C2CC(O)C(CO)O2)c(=O)[nH]c1=O,0,0,0.055327021345651796
O=c1[nH]c(=O)n(C2CC(O)C(CO)O2)cc1Br,0,0,0.004047483761697433
Cc1cn(C2CC(N=[N+]=[N-])C(CO)O2)c(=O)[nH]c1=O,1,1,0.9750529476243366
O=c1[nH]c(=O)n(C2CC(O)C(CO)O2)cc1I,0,0,0.004845925851756817
O=c1[nH]c(=O)n(C2CC(O)C(CO)O2)cc1/C=C/Br,0,0,0.027967759813123827
O=c1[nH]c(=O)n([C@H]2C[C@H](O)[C@@H](CO)O2)cc1C(F)(F)F,1,1,0.9687688470958651
O=c1ccn(C2CC(O)C(CO)O2)c(=O)[nH]1,0,0,0.011833973014599172
O=c1[nH]c(=O)n([C@H]2C[C@@H](O)[C@@H](CO)O2)cc1CO,1,1,0.9626541450743406
Cc1cn([C@@H]2C[C@H](N=[N+]=[N-])[C@@H](CO)O2)c(=O)[nH]c1=O,1,1,0.978095145110287
O=c1[nH]c(=O)n(C2CC(O)C(CO)O2)cc1C(F)(F)F,1,1,0.9654002947597503
O=c1[nH]c(=O)n(C2CC(O)C(CO)O2)cc1CCCCl,0,0,0.03320668763817335
O=c1[nH]c(=O)n(C2CCCO2)cc1F,0,0,0.05352426042061863
O=c1[nH]c(=O)n(C2CC(O)C(CO)O2)cc1CO,1,1,0.9544623605798427
CCn1cc(C(=O)O)c(=O)c2cc(F)c(-c3ccc(O)cc3)c(F)c21,1,1,0.9319413405342561
CNP(=S)(N1CC1)N1CC1,1,1,0.9512780617977012
C[C@]12CC[C@H]3[C@@H](CC=C4NC(=O)CC[C@@]43C)[C@@H]1CC[C@@H]2OC(=O)CCCc1ccc(N(CCCl)CCCl)cc1,1,1,0.9774735856711182
CC(=O)C1(C)OC12C(=O)C=Cc1ccccc12,0,0,0.07449752228382933
COc1cc(CC2NCCc3cc(O)c(O)cc32)cc(OC)c1OC,0,0,0.03461863160988928
Cl/C=C\C[N+]12CN3CN(CN(C3)C1)C2,1,1,0.9321686985142043
O=C(OCC1CCC2OC2C1)C1CCC2OC2C1,1,1,0.9399133591345152
NNc1nc2ccc3nc4ccccc4c(O)c3c2s1,1,1,0.981231240236399
COC(=O)[C@H]1[C@H]2C[C@@H]3c4[nH]c5cc(OC)ccc5c4CCN3C[C@@H]2C[C@@H](OC(=O)c2cc(OC)c(OC)c(OC)c2)[C@@H]1OC,0,0,0.003077139927916173
COC(=O)C1C2CC3c4[nH]c5cc(OC)ccc5c4CCN3CC2CC(OC(=O)c2cc(OC)c(OC)c(OC)c2)C1OC,0,0,0.003537057560326862
CC1CC2c3cccc4c3c(cn4C3CCCC3)CC2N(C)C1,1,1,0.9299492166459926
Oc1c2nc3ccccc3c-2nnn1/N=C/c1ccc(-c2ccccc2)cc1,0,0,0.08771960249430477
C=C1CCC2C(c3c(C)c(O)c4c(c31)C(=O)C(C)C4)C2(C)C,0,0,0.033583510924650645
C=C1C2CCC(C2)C1(C)C,0,0,0.0009450895493013187
C=C1[C@H]2CC[C@H](C2)C1(C)C,0,0,0.0009450895493013187
O=C1C=CC(=O)O1,0,0,0.056023182426995374
CCN(CCCl)CCCNc1c2ccccc2nc2c1ccc1cccnc12,1,1,0.9778579499744634
ClCCNCCCNc1c2ccccc2nc2c1ccc1cccnc12,1,1,0.9668979802305395
O=C(O)c1cc2c(c3c1c([N+](=O)[O-])cc1c(O)cccc13)OCO2,1,1,0.9602830952043313
COc1cccc2c1cc([N+](=O)[O-])c1c(C(=O)O)cc3c(c12)OCO3,1,1,0.9520553784845481
COc1cc(O)cc2c1cc([N+](=O)[O-])c1c(C(=O)O)cc3c(c12)OCO3,0,0,0.10780237555004403
COc1cccc2c1ccc1c(C(=O)O)cc3c(c12)OCO3,1,1,0.9613691618580659
COc1cc(OC)c2cc([N+](=O)[O-])c3c(C(=O)O)cc4c(c3c2c1)OCO4,0,0,0.08581695371638354
COC(=O)c1cc2c(c3c1ccc1c(OC)cccc13)OCO2,1,1,0.9490992500805956
COC(=O)c1cc2c(c3c1c([N+](=O)[O-])cc1c(OC)cccc13)OCO2,1,1,0.9296610914220997
O=C(O)c1cc2c(c3c1c([N+](=O)[O-])cc1ccccc13)OCO2,1,1,0.9895534311935108
C[C@H]1CC(=O)O1,1,1,0.9730529643646132
CC1(C)COC1=O,1,1,0.9101107179606358
CC1CC(=O)O1,1,1,0.9723365783715633
O=C1CCO1,1,1,0.8761219298885712
Nc1[nH]cnc2nc(-c3ccc([N+](=O)[O-])cc3)nc1-2,1,1,0.902556683921755
c1cc2c3c(cccc3c1)[C@@H]1N[C@H]21,1,1,0.9865615961861448
c1cc2c3c(cccc3c1)C1NC21,1,1,0.9878203276208622
c1cc(-c2cc3ccc(C4=NCCN4)cc3[nH]2)ccc1C1=NCCN1,0,0,0.07937944987453795
CC1CN(N=O)CC(C)N1C(=O)c1ccccc1,0,0,0.06791269841317125
C1=CC2OC2c2cccnc21,0,0,0.29746626436898055
CN(C)CCCN1c2ccccc2CCc2ccccc21,0,0,0.015545545281015734
CNCCCN1c2ccccc2CCc2ccccc21,0,0,0.03282979129025568
CC(O)CN1CC(C)OC1=O,0,0,0.06392670809822983
CC1(C)CCCC2(C)C(C=O)C(C=O)=CCC12,0,0,0.021702478231863113
C1=Cc2c(ccc3ccc4ccccc4c23)C1,1,1,0.9906858715930625
C1CN1,1,1,0.9578624571575498
OCCN1CC1,1,1,0.8838080593474221
CC1CN1,1,1,0.9750016665609716
C[C@H]1CN1,1,1,0.9786515698299584
Cc1ccc2nc(-c3ccc(N)cc3)sc2c1S(=O)(=O)O,1,1,0.91500896009082
Cc1ccc2nc(-c3ccc(N)cc3)sc2c1,1,1,0.987695048155793
O=NN1CCSCC1,1,1,0.986018044365805
O=C(C(=O)c1ccccc1)c1ccccc1,0,0,0.046521236917432894
c1ccc2c(c1)cc([C@@H]1CO1)c1ccccc12,1,1,0.9973084965791825
c1ccc2c(c1)cc(C1CO1)c1ccccc12,1,1,0.9962535861284838
Nc1nc(O)c2ncn(C3C=CC(CO)C3)c2n1,0,0,0.06547832260653658
O=C(O)c1nn(Cc2ccc(Cl)cc2Cl)c2ccccc12,0,0,0.03264761624676913
Nc1ccc2cc(S(=O)(=O)O)cc(O)c2c1N=Nc1ccc(-c2ccc(N=Nc3cc(S(=O)(=O)O)c4ccccc4c3N)cc2)cc1,1,1,0.9671344598826743
CCOC(=O)C[n+]1csc2ccccc21,0,0,0.02496939648317264
c1ccc(COCC2CO2)cc1,1,1,0.9954242229144042
CO[C@@]12[C@@H](COC(N)=O)C3=C(C(=O)C(C)=C(N)C3=O)N1C[C@@H]1N[C@@H]12,1,1,0.987298205966715
COC12C(COC(N)=O)C3=C(C(=O)C(C)=C(N)C3=O)N1CC1NC12,1,1,0.9894473639458651
Cn1c(=O)c2c(ncn2C)n(C)c1=O,0,0,0.019892305237932496
Cn1cnc2c1c(=O)[nH]c(=O)n2C,0,0,0.025786476584571002
Cn1c(N)nc2c3nc(-c4ccccc4)c(-c4ccccc4)nc3ccc21,0,0,0.06347183671666187
CN(C)C1C(=O)C(C(N)=O)C(=O)C2(O)C(=O)C3C(=O)c4c(O)cccc4C(C)(O)C3C(O)C12,0,0,0.005995462789106327
CN(C)C1C(=O)C(C(N)=O)C(=O)C2(O)C(=O)C3C(=O)c4c(O)cccc4C(C)(O)C3CC12,0,0,0.008883378813630763
Cn1c(N)nc2nc3cnccc3cc21,1,1,0.6628024794574441
CC1C=Cc2c1ccc1c2ccc2ccccc21,1,1,0.8411749767853174
C1=Cc2c(ccc3c2ccc2ccccc23)C1,1,1,0.9888644382926014
C[C@@H]1C=Cc2c1ccc1c2ccc2ccccc21,1,1,0.8491410324596284
CC1(CO)C(O)CCC2(C)C1CCC1CC3CC12CCC3(O)CO,0,0,0.051368619286290884
Oc1ncc2ccc3cccc4ccc1c2c34,0,0,0.23581246717732401
c1cc2ccc3cncc4ccc(c1)c2c34,1,1,0.9635494260600727
N#Cc1ccc(C[C@@]23C[C@H](N=[N+]=[N-])CN2C(=O)N(c2cc(Cl)cc(Cl)c2)C3=O)cc1,1,1,0.9277602806742855
Cc1nc(N)c(C)c2c1[nH]c1ccccc12,1,1,0.9912289203265777
Cc1nccc2c1[nH]c1ccccc12,1,1,0.9258343711895105
Cc1nccc2c1[nH]c1cc(O)ccc12,1,1,0.9233533182153365
COc1ccc2c(c1)[nH]c1c(C)nccc12,1,1,0.9679946150994863
c1ccc2c(c1)[nH]c1cnccc12,1,1,0.7275282750167386
O=[N+]([O-])c1cc([N+](=O)[O-])c2[nH]c3cnc([N+](=O)[O-])cc3c2c1,1,1,0.9944620658972151
Cc1nc([N+](=O)[O-])cc2c1[nH]c1c([N+](=O)[O-])cc([N+](=O)[O-])cc12,1,1,0.9957207973319325
Cc1oc(=O)oc1COC(=O)C1N2C(=O)C(NC(=O)C(N)c3ccccc3)C2SC1(C)C,0,0,0.024603478933383403
COc1cc(C2c3cc4c(cc3C(OC3OC5COC(C)OC5C(O)C3O)C3COC(=O)C23)OCO4)cc(OC)c1O,0,0,0.11559164325138377
c1ccc(OC[C@H]2CO2)cc1,1,1,0.9954871959152773
CC(C)(C)c1ccc(OC[C@H]2CO2)cc1,1,1,0.9671646475207505
Cc1ccccc1OC[C@H]1CO1,1,1,0.99928361400695
c1ccc(OCC2CO2)cc1,1,1,0.9954871959152773
Cc1ccc(OCC2CO2)cc1,1,1,1.0
CC(C)(C)c1ccc(OCC2CO2)cc1,1,1,0.9685459128216138
Cc1ccccc1OCC1CO1,1,1,0.99928361400695
O=[N+]([O-])c1ccc(OCC2CO2)cc1,1,1,0.9976863581145838
Cc1ccc(OC[C@H]2CO2)cc1,1,1,1.0
O=[N+]([O-])c1ccc(OC[C@H]2CO2)cc1,1,1,0.9987412685652826
Cc1cc(C(=C2C=CC(N)C=C2)c2ccc(N)cc2)ccc1N,1,1,0.9505798205299238
CCN(CCCl)c1ccc(OCCCCCNc2c3ccccc3nc3ccccc23)cc1,1,1,0.9360615386101547
O=C1C=CC(=O)N1c1ccc(Cc2ccc(N3C(=O)C=CC3=O)cc2)cc1,0,0,0.05273355668487786
c1ccc2c(c1)ccc1cc3ccc4ccncc4c3cc12,1,1,0.9764993916830009
CN(C)c1ccc(C(=N)c2ccc(N(C)C)cc2)cc1,1,1,0.8932701742288297
Nc1c2c(nc3ccccc13)CCCC2,1,1,0.9833968648340488
Nc1cccc2cc3c(nc12)CCCC3,1,1,0.9789869414832436
CCN(CCCl)CCCNc1c2c(nc3ccccc13)CCCC2,1,1,0.9521876946176823
CC1(C)CCC2(C(=O)O)CCC3(C)C(=CCC4C5(C)CC(O)C(OC6OC(CO)C(O)C(O)C6O)C(C)(C(=O)O)C5CCC43C)C2C1,0,0,0.0892723936241444
Cn1c(N)nc2c3ccncc3ccc21,1,1,0.9887564613744354
COc1ccc([N+](=O)[O-])cc1N=Nc1c(O)c(C(=O)Nc2cccc([N+](=O)[O-])c2)cc2ccccc12,1,1,0.9649743694880085
O=C(Nc1ccccc1)c1cc2ccccc2c(N=Nc2cc(Cl)ccc2Cl)c1O,1,1,0.917478862310739
CC(=O)Oc1ccc2c(c1)C1(C)OOC1(C)O2,1,1,0.9916060785701312
COC12OOC1(C)Oc1ccccc12,1,1,0.9507555329381141
COCC12OOC1(C)c1ccccc1O2,1,1,0.9740001102940097
COc1cccc2c1C1(C)OOC1(C)O2,1,1,0.9938624142942145
COc1cccc2c1OC1(C)OOC21C,1,1,0.9894061171975923
CC12OOC1Oc1ccccc12,1,1,0.9384570471066798
OCC12OOC1(CO)c1ccccc1O2,0,0,0.05477433921699435
CC12OOC1(C)c1ccccc1O2,1,1,0.9516895568161439
CC(=O)Oc1ccc2c(c1)OC1(C)OOC21C,1,1,0.9909411992623179
CC12OOC1(CO)Oc1ccccc12,0,0,0.12729433984957403
CC(=O)OCC12OOC1(C)c1ccccc1O2,1,1,0.9474296339339672
CC(=O)c1cccc2c1OC1(C)OOC21C,1,1,0.9440134769100325
CCC(C)C(C(CC(=O)N1CCCC1C(OC)C(C)C(=O)NC(Cc1ccccc1)c1nccs1)OC)N(C)C(=O)C(NC(=O)C(C(C)C)N(C)C)C(C)C,0,0,0.03598848018490715
[O-][n+]1c2ccc3ccccc3c2cc2c3ccccc3ccc21,0,0,0.07992820783353037
Cc1cc2ncccc2c2ncn(C)c12,0,0,0.14878598191928938
Cc1cc2ncccc2c2nc(N=[N+]=[N-])n(C)c12,1,1,0.9811265428172774
CC(=O)Nc1nc2c3cccnc3cc(C)c2n1C,1,1,0.9834971326055985
Cn1c(N)nc2c3ccc(O)nc3ccc21,1,1,0.9688717278297826
CC(=O)Nc1nc2c3cccnc3ccc2n1C,1,1,0.9901522836232786
Cn1cnc2c3cccnc3ccc21,1,1,0.8426095074642398
Cc1cc2ncccc2c2nc(N)n(C)c12,1,1,0.997482537130565
Cn1c(NO)nc2c3cccnc3ccc21,1,1,0.9940638479377376
CCn1c(N)nc2c3cccnc3ccc21,1,1,0.9976863581145837
Cn1c(N)nc2c3cccnc3ccc21,1,1,0.9984027441076337
CCn1c(N)nc2c3cccnc3cc(C)c21,1,1,0.9966016672312489
Cn1c([N+](=O)[O-])nc2c3cccnc3ccc21,1,1,0.9777008169563856
CN(C)c1nc2c3cccnc3ccc2n1C,1,1,0.9823635479993944
CNc1nc2c3cccnc3ccc2n1C,1,1,0.9884148830396144
C1CSCSC1,1,1,0.9453412064435909
CC(=O)C1=CCC2C3=CCC4=CC(O)C(O)CC4(C)C3CC(O)C12C,0,0,0.018609719805691337
c1scc2c1-c1cscc1C1NC21,1,1,0.9598345207081449
O=C1C2(Cl)C3(Cl)C4(Cl)C(Cl)(Cl)C5(Cl)C3(Cl)C1(Cl)C5(Cl)C24Cl,0,0,0.017337400469360834
COc1cc([N+](=O)[O-])ccc1N=N[C@H](C(C)=O)C(=O)Nc1ccccc1OC,0,0,0.08886815098959262
CC1=CC(=O)C=C2CCC3C4CCC(=O)C4(C)CCC3C12C,0,0,0.008734592546728228
O=C(O)C1Cc2c([nH]c3ccccc23)C(Cc2ccccc2O)N1,0,0,0.0328494506724495
CC(CN1CC(=O)NC(=O)C1)N1CC(=O)NC(=O)C1,0,0,0.04980043828142359
O=C1OCCN1/N=C/c1ccc([N+](=O)[O-])o1,1,1,0.9947078369213543
c1ccc2c(c1)COC2,1,1,0.8478161045477124
CN(C)c1ccc(C(=C2C=CC(=[N+](C)C)C=C2)c2c(O)c(S(=O)(=O)O)cc3cc(S(=O)(=O)O)ccc23)cc1,0,0,0.04697694422740457
O=C1CCC(C(=O)N2CSCC2C(=O)O)N1,0,0,0.04229986624219727
COc1cc2c(c3oc(=O)c4c(c13)CCC4=O)C1C=COC1O2,1,1,0.998198923123615
COc1cc2c(c3oc(=O)c4c(c13)CCC4=O)C1(O)C=COC1O2,1,1,0.987497729939718
COc1cc2c(c3oc(=O)c4c(c13)C(Cl)C(Cl)C4=O)C1C=COC1O2,1,1,0.9835911291729514
COc1cc2c(c3oc(=O)c4c(c13)CCC4=O)[C@@H]1C=CO[C@@H]1O2,1,1,0.998198923123615
COc1cc2c(c3oc(=O)c4c(c13)[C@@H](Cl)[C@@H](Cl)C4=O)[C@@H]1C=CO[C@@H]1O2,1,1,0.9839689907083529
COc1cc2c(c3oc(=O)c4c(c13)C(O)CC4=O)C1C=COC1O2,1,1,0.9886477811644218
COc1c(O)c2c(c3oc(=O)c4c(c13)CCC4=O)C1C=COC1O2,1,1,0.970881275017755
COC1=CC=CC=CC1,1,1,0.8769197581568307
Cc1c(Cn2ccnc2)c2cc([N+](=O)[O-])ccc2n1Cc1ccccc1,1,1,0.9367241999691992
O=c1oc2cc([N+](=O)[O-])ccc2c2ccccc12,1,1,0.9973600032644192
Cc1cc(O)cc2oc(=O)c3c(O)cc(O)cc3c12,0,0,0.06414797056244745
O=c1oc2c([N+](=O)[O-])cccc2c2ccccc12,1,1,0.991054879775195
COc1cc(O)c2c(=O)oc3cc(O)cc(C)c3c2c1,0,0,0.08505338984880248
O=c1oc2ccc([N+](=O)[O-])cc2c2ccccc12,1,1,0.9976863581145837
N=c1cc2oc3cc(N)ccc3nc-2c2ccccc12,1,1,0.9768547277925693
Nc1ccc2cc(S(=O)(=O)O)c(N=Nc3ccc(-c4ccc(N=Nc5ccc(O)c(C(=O)O)c5)cc4)cc3)c(O)c2c1,1,1,0.9788687046281135
c1cc2c3c(c4c(ccc5ccccc54)cc3c1)C1OC21,1,1,1.0
C1CN1c1nc(N2CC2)nc(N2CC2)n1,1,1,0.9253171949493398
C=C/C1=C/C(C)C(C)(OC(C)=O)C(=O)OCC2=CC[N+]3(C)CCC(OC1=O)C23O,1,1,0.932505005023084
Cc1nnc(NS(=O)(=O)c2ccc(N)cc2)s1,0,0,0.04720712725849395
COc1ccc(CN2C3c4ccccc4-c4ccccc4C32)cc1,1,1,0.9957112406868163
Cc1ccc(CN2C3c4ccccc4-c4ccccc4C32)cc1,1,1,0.9895777704084788
Brc1ccc(CN2C3c4ccccc4-c4ccccc4C32)cc1,1,1,0.9906770182397937
Clc1ccc(CN2C3c4ccccc4-c4ccccc4C32)cc1,1,1,0.9904640815254634
FC(F)(F)c1cccc(CN2C3c4ccccc4-c4ccccc4C32)c1,1,1,0.9614465591703633
Fc1ccc(CN2C3c4ccccc4-c4ccccc4C32)cc1,1,1,0.9787557274070844
O=[N+]([O-])c1ccc(CN2C3c4ccccc4-c4ccccc4C32)cc1,1,1,0.9792732927189787
COc1cccc(CN2C3c4ccccc4-c4ccccc4C32)c1,1,1,0.996766151137515
c1ccc(CN2C3c4ccccc4-c4ccccc4C32)cc1,1,1,0.9846200163600338
Cc1cc(C)c(CN2C3c4ccccc4-c4ccccc4C32)c(C)c1,1,1,0.9709961056791595
c1ccc(-c2ccccc2OCC2CO2)cc1,1,1,0.9912701670748503
c1ccc(Nc2ccc(Nc3ccccc3)cc2)cc1,1,1,0.8931464339840115
O=[N+]([O-])c1ccc(Nc2ccc(Nc3ccccc3)c(S(=O)(=O)O)c2)c([N+](=O)[O-])c1,1,1,0.9413645014677599
CNc1ccc2ncc(C)nc2c1N,0,0,0.08165829414638501
Cc1cccc2nc(O)c(O)nc12,1,1,0.9121091252449365
Cc1nc2ccc(N)c(C)c2nc1C,1,1,0.9832647743227869
COc1nc2cc([N+](=O)[O-])cc(CBr)c2nc1OC,1,1,0.9602022916983094
Cc1cnc2ccccc2n1,0,0,0.08670225096320824
CNc1ccc2nc(C)cnc2c1C,1,1,0.9881054357227542
Cc1nc2ccc(N(C)C)c(C)c2nc1C,1,1,0.9653096144466129
Clc1nc2ccccc2nc1Cl,0,0,0.03791992564454867
CNc1ccc2nccnc2c1C,1,1,0.965818289650068
c1ccc2nccnc2c1,1,1,0.7818861526185593
CNc1ccc2nc(C)c(C)nc2c1C,1,1,0.9789660511590469
Cc1nc2ccc(N)cc2nc1C,1,1,0.9768860106902858
CCc1nc2ccc(NC)c(C)c2nc1CC,1,1,0.9464415984815585
CCOP(=S)(OCC)Oc1cnc2ccccc2n1,0,0,0.05918330463094366
CNc1ccc2ncc(C)nc2c1C,1,1,0.9933678183687636
COc1nc2cccc(CBr)c2nc1OC,1,1,0.9481444807067657
C1CC2OC2CC1COCC1CCC2OC2C1,1,1,0.9482783482519918
c1ccc2c(c1)-c1ccc3ccccc3c1[C@H]1N[C@@H]21,1,1,0.997482537130565
c1ccc2c(c1)-c1ccc3ccccc3c1C1NC21,1,1,0.998198923123615
Cn1ccc2ccc3ccc4ccc(O)cc4c3c21,1,1,0.9757554799612543
C1=CC2CCCCC2c2ccccc21,1,1,0.8919471131897231
CC1=CC2CCCCC2c2ccccc21,1,1,0.8965890101386802
COc1ccc2c(c1)C1CCCCC1C=C2,1,1,0.9105346082084341
Brc1ccc2c(c1)C=CC1CCCCC21,0,0,0.14664872508367255
Nc1cc2c(O)c(N=Nc3ccc(N=Nc4ccc(S(=O)(=O)O)cc4)c4ccc(S(=O)(=O)O)cc34)c(S(=O)(=O)O)cc2cc1S(=O)(=O)O,0,0,0.04626984912495161
CC(=O)Nc1ccc(S(=O)(=O)O)c2cc(S(=O)(=O)O)c(N=Nc3ccc(N=Nc4ccc(S(=O)(=O)O)cc4)c4ccc(S(=O)(=O)O)cc34)c(O)c12,0,0,0.03320966125005133
Clc1ccc2c(c1)C(c1ccccc1)=NCc1nncn1-2,0,0,0.0708999325585731
Cc1nnc2n1-c1ccc(Cl)cc1C(c1ccccc1Cl)=NC2,0,0,0.04621893977383437
O=C1c2ccccc2-c2c1c1ccccc1c(=O)n2CCNCCO,0,0,0.08155201238637823
CC(C)(C)NCC(O)COc1nsnc1N1CCOCC1,0,0,0.03317791140148152
O=C(Nc1cccc2c1C(=O)c1cccc(Cl)c1C2=O)c1ccccc1,1,1,0.9071782744268152
ONc1ncnc2c1ncn2Cc1ccccc1,1,1,0.966286291656611
Nc1ncnc2c1ncn2Cc1ccc([N+](=O)[O-])cc1,1,1,0.9799751217640492
Nc1ncnc2c1ncn2Cc1ccccc1,1,1,0.9637125841761185
O=C1c2ccccc2CN2C(=O)c3ccccc3CN12,0,0,0.08579886292119215
O=[N+]([O-])c1cc2c3ccccc3sc2c2ccccc12,1,1,0.992312907918065
c1ccc2c(c1)ccc1c3ccccc3sc21,1,1,0.9697878634177074
CN1C(C(=O)Nc2ccccn2)C(=O)c2sccc2S1(=O)=O,0,0,0.015710350828331218
C[C@@H](Nc1[nH]cnc2nc(-c3ccc(CCl)cc3)cc1-2)c1ccccc1,1,1,0.9456902991164526
C=C1/C(=C/C=C2\CCCC3(C)C2CCC3C(C)/C=C/C(O)C2CC2)CC(O)CC1O,0,0,0.0332184293032651
COc1c2ccoc2nc2c(OC)c(OCC3OC3(C)C)ccc12,0,0,0.07108566166998788
O=S1(=O)c2cccc3ccc4c5ccccc5cc1c4c23,1,1,0.9705906694680502
Nc1cc(N)c(N=Nc2ccc(S(N)(=O)=O)cc2)cc1N=Nc1ccc(S(N)(=O)=O)cc1,1,1,0.9369592657545056
Nc1ccc(N=Nc2cccc(N=Nc3ccc(N)cc3N)c2)c(N)c1,1,1,0.9427006258277105
Cc1oc(=O)oc1CN1CCN(c2cc3c(cc2F)c(=O)c(C(=O)O)c2n3C(C)S2)CC1,0,0,0.03717594809772109
CC1CCCC(C)N1CCCC(O)(c1ccccc1)c1ccccn1,0,0,0.043847592069114254
C1CN(SSN2CCOCC2)CCO1,0,0,0.07466502105880703
CCNCC#CC(C)(C)OC(=O)C(O)(c1ccccc1)C1CCCCC1,0,0,0.02561560341555797
CCN(CC)CC#CC(C)(C)OC(=O)C(O)(c1ccccc1)C1CCCCC1,0,0,0.00878723992334871
CCN(CC)CC#CCOC(=O)C(O)(c1ccccc1)C1CCCCC1,0,0,0.0143046269919708
OC1C=Cc2c(cc3c4c(c5ccccc5cc24)-c2ccccc2-3)C1O,1,1,0.9639057747729048
ClC1=C(Cl)C(Cl)(Cl)C(Cl)=C1Cl,0,0,0.07614277622524734
Cc1c2c(cc3ccccc13)-c1ccccc1C(O)C2O,1,1,0.9659161700811216
OC1c2ccccc2-c2cc3ccccc3c(Cl)c2C1O,0,0,0.039771218565527885
OC1c2ccccc2-c2cc3ccccc3c(Br)c2C1O,0,0,0.042868373880776134
COc1ccc(CN(CCN(C)C)c2ncccn2)cc1,0,0,0.05569456949541488
CCc1ccc2c3c(cccc13)-c1ccccc1-2,0,0,0.16530696157330071
OCc1ccc2c(c1)-c1cccc3cccc-2c13,1,1,0.726983705684427
ClCc1cccc2c1-c1cccc3cccc-2c13,1,1,0.9994576545583325
OCc1cccc2c1-c1cccc3cccc-2c13,0,0,0.02748109124648481
Nc1ccc2cccc3c2c1-c1ccccc1-3,1,1,0.9989153091166649
OCc1ccc2c3c(cccc13)-c1ccccc1-2,0,0,0.036902368494734765
O=[N+]([O-])c1c(O)cc2c3c(cccc13)-c1ccccc1-2,1,1,0.9960795455771013
OCc1ccc2cccc3c2c1-c1ccccc1-3,0,0,0.030976360954564363
OCc1cc2c3c(cccc3c1)-c1ccccc1-2,0,0,0.1537105761437248
ClCc1ccc2cccc3c2c1-c1ccccc1-3,1,1,1.0
BrCc1cccc2c1-c1cccc3cccc-2c13,1,1,0.9983729636749974
BrCc1ccc2c3c(cccc13)-c1ccccc1-2,1,1,0.996847438255388
O=[N+]([O-])c1cc2cccc3c2c(c1[N+](=O)[O-])-c1ccccc1-3,1,1,0.9916834758824282
O=[N+]([O-])c1ccc2c(c1)-c1ccc([N+](=O)[O-])c3cccc-2c13,1,1,1.0
O=[N+]([O-])c1ccc2c(c1)-c1cccc3cccc-2c13,1,1,1.0
O=[N+]([O-])c1cccc2c1-c1cccc3c([N+](=O)[O-])ccc-2c13,1,1,1.0
Nc1cc2c3c(cccc3c1)-c1ccccc1-2,1,1,0.9994576545583325
ClCc1ccc2c(c1)-c1cccc3cccc-2c13,1,1,0.9994576545583325
BrCc1cc2c3c(cccc3c1)-c1ccccc1-2,1,1,1.0
O=[N+]([O-])c1ccc2c3c(c(O)ccc13)-c1ccccc1-2,1,1,1.0
CC(=O)Nc1ccc2c3c(cccc13)-c1ccc(O)cc1-2,1,1,0.9989450895493013
c1ccc2c(c1)-c1cccc3cccc-2c13,1,1,0.9564379087432129
O=[N+]([O-])c1ccc2c3c(ccc([N+](=O)[O-])c13)-c1ccccc1-2,1,1,0.9987412685652826
BrCc1ccc2cccc3c2c1-c1ccccc1-3,1,1,0.9994576545583325
O=[N+]([O-])c1ccc2c3c(cccc13)-c1ccccc1-2,1,1,0.9994576545583325
ClCc1cc2c3c(cccc3c1)-c1ccccc1-2,1,1,0.9946563302361174
Nc1ccc2c(c1)-c1cccc3cccc-2c13,1,1,0.9994576545583325
O=[N+]([O-])c1cc([N+](=O)[O-])c2cccc3c2c1-c1ccccc1-3,1,1,0.9994576545583325
Nc1cccc2c1-c1cccc3cccc-2c13,1,1,0.9992836140069501
Nc1ccc2c3c(cccc13)-c1ccccc1-2,1,1,0.9989153091166649
BrCc1ccc2c(c1)-c1cccc3cccc-2c13,1,1,0.99928361400695
ClCc1ccc2c3c(cccc13)-c1ccccc1-2,1,1,1.0
O=[N+]([O-])c1cc2c3c(cccc3c1)-c1ccccc1-2,1,1,1.0
CC(=O)Nc1c(O)cc2c3c(cccc13)-c1ccccc1-2,1,1,0.9885201143588564
O=[N+]([O-])c1ccc2c3c(cccc13)-c1ccc(O)cc1-2,1,1,1.0
O=[N+]([O-])c1ccc2c3c(cccc13)-c1cc(O)ccc1-2,1,1,0.9992836140069501
O=[N+]([O-])c1cccc2c1-c1cccc3cccc-2c13,1,1,0.9976863581145837
O=[N+]([O-])c1ccc2cccc3c2c1-c1ccccc1-3,1,1,0.9985672280139001
CC(=O)Nc1ccc2c3c(cccc13)-c1cc(O)ccc1-2,1,1,0.9989450895493013
O=C(OC[C@H]1CO1)c1cccc(C(=O)OC[C@H]2CO2)c1,1,1,0.9923033512729486
O=C(OCC1CO1)c1cccc(C(=O)OCC2CO2)c1,1,1,0.9933582617236473
CC(C)(c1ccc(OC[C@H]2CO2)cc1)c1ccc(OC[C@H]2CO2)cc1,1,1,0.9785955405118338
CC(C)(c1ccc(OCC2CO2)cc1)c1ccc(OCC2CO2)cc1,1,1,0.9773368090771163
O=C1CC(=Nc2ccccc2)C(=O)c2ccccc21,1,1,0.9178565349794395
O=C(NCc1ccccc1)C1CO1,1,1,0.9739475860968014
CC1(C(=O)NCc2ccccc2)CO1,1,1,0.9657378384605982
C=C1C[C@@]23CC[C@H]4[C@@](C)(CCC[C@@]4(C)C(=O)O)[C@@H]2CC[C@]1(O[C@@H]1O[C@H](CO)[C@@H](O)[C@H](O)[C@H]1O[C@@H]1O[C@H](CO)[C@@H](O)[C@H](O)[C@H]1O)C3,0,0,0.09760506111357328
CC[N+]([O-])(CC)CCn1nc2c3c(c(CO)ccc31)Sc1cc(Cl)ccc1-2,1,1,0.9538730486741142
CCN(CC)CCn1nc2c3c(c(CO)ccc31)Sc1cc(Cl)ccc1-2,1,1,0.9921090869340462
O=[N+]([O-])c1ccc2c(c1)sc1ccccc12,1,1,0.9981989231236149
O=[N+]([O-])c1ccc2sc3ccccc3c2c1,1,1,0.9981989231236149
O=[N+]([O-])c1ccc2c3cccc4cccc(c5cccc1c52)c43,1,1,0.9982287035562514
c1cc2cccc3c4cccc5cccc(c(c1)c23)c54,1,1,0.9973180532242988
O=[N+]([O-])c1ccc2c3c([N+](=O)[O-])ccc4cccc(c5cccc1c52)c43,1,1,0.9992836140069501
O=[N+]([O-])c1ccc2c3cccc4ccc([N+](=O)[O-])c(c5cccc1c25)c43,1,1,0.9992836140069501
O=[P@@]1(N(CCCl)CCCl)NCCCO1,1,1,0.99928361400695
O=P1(N(CCCl)CCCl)NC(O)CCO1,1,1,0.9964276266798663
O=P1(N(CCCl)CCCl)OCCCN1CCCl,1,1,0.9449485104952573
O=[P@]1(N(CCCl)CCCl)N[C@H](O)CCO1,1,1,0.9964276266798663
O=[P@@]1(NCCCl)OCCCN1CCCl,1,1,0.9985672280139
O=P1(NCCCl)OCCCN1CCCl,1,1,0.9985672280139
O=P1(N(CCCl)CCCl)NCCCO1,1,1,0.99928361400695
C#CC(OC(=O)NC1CCCCC1)(c1ccccc1)c1ccc(C)c(C)c1,1,1,0.9908801359319651
C#C[C@@](OC(=O)NC1CCCCC1)(c1ccccc1)c1ccc(C)c(C)c1,1,1,0.9908801359319651
C#CC(OC(=O)NC1CCCCC1)(c1ccccc1)c1ccccc1,1,1,0.9783194492130626
CC#CC(OC(=O)NC1CCCCC1)(c1ccccc1)c1ccccc1,1,1,0.9819082891516963
Nc1c2ncn(C(c3ccccc3)(c3ccccc3)c3ccccc3)c2nc[n+]1[O-],1,1,0.9334689390742374
c1ccc(-c2ccc(CC3CO3)cc2)cc1,1,1,0.9934788859192731
O=C(NCc1ccccc1)C(Cl)c1ccccc1,1,1,0.7768215731417333
O=C(NCc1ccccc1)C(Br)c1ccccc1,0,0,0.15713853549019677
CC(C)[C@@H]1CC[C@H](C)[C@@H]2CC[C@H](C)C[C@H]21,1,1,0.8105823077128741
CC1CCCC2(C)CCCCC12O,0,0,0.022901300000023675
C1CC[C@H]2CCCC[C@@H]2C1,0,0,0.008486935153420536
C1CCC2CCCCC2C1,0,0,0.008486935153420536
CN1C(=O)CCC1c1ccc[n+]([O-])c1,0,0,0.02306490896942532
N=c1ccn2c(n1)OC1C(O)C(CO)OC12,0,0,0.005552078724463011
N=c1ccn2c(n1)O[C@H]1[C@H](O)[C@@H](CO)O[C@@H]12,0,0,0.007115902972901038
CC(=O)OC1C(OC23C=C(C)C4(CC4)C(C)(O)C2C(=O)C(C)(C)C3)OC(CO)C(OC(=O)/C=C/c2ccc(O)cc2)C1O,1,1,0.8741549777598719
c1cc2ccc3ccc(C4CO4)c4ccc(c1)c2c34,1,1,0.9989153091166649
c1cc2ccc3ccc([C@@H]4CO4)c4ccc(c1)c2c34,1,1,0.9989153091166649
c1cc2ccc3ccc4ccc5cccc6c(c1)c2c3c4c56,1,1,0.9812846565921557
CCC1CN2CCc3cc(OC)c(OC)cc3C2CC1CC1NCCc2cc(OC)c(OC)cc21,0,0,0.006321817639270933
CC[C@H]1CN2CCc3cc(OC)c(OC)cc3[C@H]2C[C@H]1C[C@H]1NCCc2cc(OC)c(OC)cc21,0,0,0.006806989556161562
C1COCC2(C1)CO2,1,1,0.8996508783451466
O=C(NCCCl)Sc1[nH]cnc2ncnc1-2,1,1,0.9461821994231588
CN(C)c1[nH]cnc2ncnc1-2,1,1,0.9399454901524761
ONc1[nH]cnc2ncnc1-2,1,1,0.9426876702720021
Nc1[nH]cnc2ncnc1-2,1,1,0.8130324213317563
CCOC(=O)CNC(=O)CCCCSc1[nH]cnc2ncnc1-2,0,0,0.060134529094824724
Sc1[nH]cnc2ncnc1-2,1,1,0.890976359254433
Nc1nc2ncnc-2c[nH]1,0,0,0.20011164110740956
ClC1=C(Cl)C2(Cl)C3C4CC(C5OC45)C3C1(Cl)C2(Cl)Cl,0,0,0.006372326208230817
ClC1=C(Cl)[C@]2(Cl)[C@H]3[C@@H]4C[C@@H]([C@@H]5O[C@H]45)[C@H]3[C@@]1(Cl)C2(Cl)Cl,0,0,0.0059124085758201295
O=C1C(=O)c2ccccc2-c2ccccc21,0,0,0.14793757127256374
CN(C)c1ccc(N=Nc2ccc3[nH]ncc3c2)cc1,1,1,0.970827324761878
O=NN1CCC(c2ccccc2)CC1,1,1,0.9502022183257596
CC(=O)C1(c2ccccc2)CCNCC1,0,0,0.03301175676259422
O=c1oc2cccc3ccc4c5ccccc5cc1c4c32,1,1,0.9616911756589105
CC(C)(C)C1=CC(=CC=C2C=C(C(C)(C)C)C(=O)C(C(C)(C)C)=C2)C=C(C(C)(C)C)C1=O,0,0,0.03574426447851696
O=c1ccc2cc3c4c(c2o1)CCCN4CCC3,1,1,0.9528578884484827
Cc1cc(=O)oc2c3c4c(cc12)CCCN4CCC3,1,1,0.9510145473118534
CCOC(=O)c1cc2cc3c4c(c2oc1=O)CCCN4CCC3,0,0,0.06671574579249509
O[C@@H]1[C@H]2O[C@H]2c2cc3c(ccc4ccccc43)cc2[C@H]1O,1,1,0.9980763892574691
OC1c2cc3ccc4ccccc4c3cc2C2OC2C1O,1,1,0.9994576545583325
CN1CCc2cc3c(c4c2C1C(O)c1ccccc1-4)OCO3,1,1,0.987564460109611
CN1CC(O)c2cc3c(c4c2C1Cc1ccccc1-4)OCO3,1,1,0.9937456799041651
CN1CCc2cc3c(c4c2C1Cc1ccccc1-4)OCO3,1,1,0.9775363330501193
COc1cc2c(cc1OC)-c1c3c(cc4c1C(C2)N(C)CC4)OCO3,1,1,0.8259568017098039
C=C(C)[C@@H]1CC=C(C)[C@@H](O)C1,0,0,0.0013797528972320661
C=C(C)C1CC=C(C)C(O)C1,0,0,0.0013797528972320661
C=CC1CC=CCC1,0,0,0.00711642925078508
COC(=O)/C(C)=C/C=C/C(C)=C/C=C/C=C(C)/C=C/C=C(C)/C=C/C1=C(C)CCCC1(C)C,0,0,0.023744497474540664
C1=CCCCC1,0,0,0.02581268030265171
CCC(=O)/C=C/C1C(C)=CCCC1(C)C,0,0,0.019508664746316053
C=C(C)[C@@H]1CC=C(C)CC1,0,0,0.0012374693982734183
C=C[C@@H]1CC=CCC1,0,0,0.007735163949921789
CC(=O)OC/C=C(C)/C=C/C=C(C)/C=C/C1=C(C)CCCC1(C)C,0,0,0.06614581600090405
CC1=C(/C=C\C(C)=C/C=C\C(C)=C/C=O)C(C)(C)CCC1,1,1,0.8840244967956046
C=C(C)[C@H]1CC=C(C)[C@@H](OC(C)=O)C1,0,0,0.003077139927916173
O=C(O)C1=CC(O)C(O)C(O)C1,0,0,0.0058784335746276195
CC(=O)/C=C\C1=C(C)CCCC1(C)C,0,0,0.013087540834393618
CC1=C(/C=C/C(C)=C/C=C/C(C)=C/C=C/C=C(C)/C=C/C=C(\C)C=O)C(C)(C)CCC1,0,0,0.026963092176865797
CC1=CCC(C(C)(C)O)CC1,0,0,0.009781922972098143
CCCCCCCCCCCCCCCC(=O)OC/C=C(C)/C=C/C=C(C)/C=C/C1=C(C)CCCC1(C)C,0,0,0.0347100187301429
C=C(C)C1CC=C(C)CC1,0,0,0.0012374693982734183
C=C(C)C1CC=C(C)C(OC(C)=O)C1,0,0,0.004022229477217492
C=C(C)C1CC=C(C=O)CC1,0,0,0.013223756711654723
CC1=C(/C=C\C(C)=C/C=C\C(C)=C/CO)C(C)(C)CCC1,1,1,0.9136878913786095
O=C(O)C1=C[C@@H](O)[C@H](O)[C@@H](O)C1,0,0,0.00525969887549091
C1CCC2(CC1)CO2,0,0,0.09236406754230357
CC(C)(C)C1CCC2(CC1)CO2,0,0,0.02478885316384628
c1ccc2c(c1)CCc1cc3ccc4c(c3cc1-2)CCCC4,1,1,0.9385382945733122
C[C@]12CC[C@H](OC(=O)/C=C/c3cccc(N(CCCl)CCCl)c3)CC1=CC[C@@H]1[C@@H]2CC[C@]2(C)NC(=O)CC[C@@H]12,1,1,0.9651943428704034
CC12C/C(=C/O)C(=O)CC1CCC1C2CCC2(C)C1CCC2(C)O,0,0,0.023862915913238362
CN(C)c1ccc(C(c2ccccc2)c2ccc(N(C)C)cc2)cc1,0,0,0.050607601088195536
c1ccc(C(c2ccccc2)c2ccccc2)cc1,0,0,0.053183403384817855
Oc1c2nc3ccccc3c-2nnn1/N=C/c1ccccc1,1,1,0.9786669567644669
O=[N+]([O-])c1ccc(/C=N/n2nnc3c4ccccc4nc-3c2O)cc1,1,1,0.9739203256412169
Oc1c2nc3ccccc3c-2nnn1/N=C/c1ccc(Cl)cc1,1,1,0.9869610513375906
COC(=O)c1ccc(/C=N/n2nnc3c4ccccc4nc-3c2O)cc1,1,1,0.9652185450617513
O=C(O)c1ccc(/C=N/n2nnc3c4ccccc4nc-3c2O)cc1,1,1,0.9834212040490168
Oc1ccc(/C=N/n2nnc3c4ccccc4nc-3c2O)cc1,1,1,0.9781955455183924
COc1ccc(/C=N/n2nnc3c4ccccc4nc-3c2O)cc1,1,1,0.9840872275634825
CC1(C)OC1COc1c2ccoc2cc2oc(=O)ccc12,0,0,0.08782180900628436
CCOP(=S)(OCC)Oc1nc(Cl)n(C(C)C)n1,1,1,0.8973705279551581
Nc1nc[nH]n1,0,0,0.05984299702248221
Nc1n[nH]c(N)n1,0,0,0.05183888935957433
Cc1cc2nc3cc(C)c(N)cc3[n+](-c3ccccc3)c2cc1N,1,1,0.9789202113133504
O=C(Cn1c(=O)sc2ccccc21)OCc1ccccc1,0,0,0.04586297388276055
OC1C=C2c3ccc4ccccc4c3-c3cccc(c32)C1O,1,1,0.9994576545583325
O[C@H]1C=C2c3ccc4ccccc4c3-c3cccc(c32)[C@@H]1O,1,1,0.9994576545583325
CCN(CC)CCn1nc2ccc(C)c3c2c1Sc1cc(Cl)ccc1-3,1,1,0.9720402163508988
CCN(CC)CCn1nc2ccc(CO)c3c2c1Sc1cc(Cl)ccc1-3,1,1,0.9896729111824842
Fc1cnc2c(ccc3ccccc32)c1,0,0,0.1806690442435821
Fc1cc2ccccc2c2ncccc12,1,1,0.988423736392883
Fc1ccc(F)c2c1ccc1cccnc12,1,1,0.7618862181418823
Fc1cc2cccnc2c2ccccc12,1,1,0.987707350399833
Fc1ccc2ccc3cccnc3c2c1,1,1,0.9438199158629774
Fc1cccc2c1ccc1cccnc12,1,1,0.9871134982729287
c1ccc2c(c1)ccc1cccnc12,1,1,0.9802145226568002
Fc1cnc2c(c1)cc(F)c1ccccc12,0,0,0.17968495410715904
Nc1ccc2ccc3ccccc3c2n1,1,1,0.9792763465961516
c1ccc2cc3c(ccc4ccncc43)cc2c1,1,1,0.9985672280139001
c1ccc(Cn2ccnc2)cc1,1,1,0.9203204180432658
O=NN1CSCC1C(=O)O,0,0,0.1706107607029249
O=C(O)C1CSCN1,0,0,0.011464487300283138
O=C(O)[C@@H]1CSCN1,0,0,0.011924404932693825
O=NN1CCSC1C(O)C(O)C(O)CO,0,0,0.10134866190871741
O=NN1CCSC1,1,1,0.9932331148951338
O=NN1CCSC1C(O)C(O)C(O)C(O)CO,1,1,0.8800939199810058
O=NN1C(C(=O)O)CSC1C(O)C(O)C(O)C(O)CO,0,0,0.08739196472126426
C1CSCN1,1,1,0.8902155296704429
O=NN1CCS[C@@H]1[C@H](O)[C@H](O)[C@H](O)[C@H](O)CO,1,1,0.8920798678632366
CC(O)C(O)C(O)C(O)C1SCCN1N=O,0,0,0.09056373595331466
O=NN1CCSC1CO,1,1,0.9854875724452136
O=NN1CCS[C@H]1CO,1,1,0.9854875724452136
CCOC(=O)c1[nH]c2ccccc2c1/N=C/c1cc(OC)c(OC)c(OC)c1,1,1,0.9115665982197008
CCOC(=O)c1[nH]c2ccccc2c1/N=C/c1ccc([N+](=O)[O-])cc1,1,1,0.9547172341092856
CCOC(=O)c1[nH]c2ccccc2c1/N=C/c1ccc(C)cc1,0,0,0.12000911373123002
CCOC(=O)c1[nH]c2ccccc2c1/N=C/c1ccc(O)cc1,1,1,0.9281460666492356
CCOC(=O)c1[nH]c2ccccc2c1/N=C/c1ccc(NC(C)=O)cc1,1,1,0.9215732642997042
c1ccc2c(c1)-c1cc3c(cc1C1OC21)-c1ccccc1C1OC31,1,1,0.9725262241961932
COC1=CC(=O)c2c3nc4c(c-3c[nH]c2C1=O)CCCC4,1,1,0.966577461611642
CC(=O)OC1CCC2(C)C(=CCC3C2CCC2(C)C(C(C)CCCC(C)C)CCC32)C1,0,0,0.01807840328012411
CC(C)CCCC(C)C1CCC2C3CC=C4CCCCC4(C)C3CCC12C,0,0,0.03574093486150073
CCC(CCC(C)C1CCC2C3CC=C4CC(O)CCC4(C)C3CCC12C)C(C)C,0,0,0.018875463349818503
CC(C)CCCC(C)C1CCC2C3CC=C4CC(OCCOCCO)CCC4(C)C3CCC12C,0,0,0.034972419684841625
CC[C@H](CC[C@@H](C)[C@H]1CC[C@H]2[C@@H]3CC=C4C[C@@H](O)CC[C@]4(C)[C@H]3CC[C@]12C)C(C)C,0,0,0.011639837934776532
CC(C)CCCC(C)C1CCC2C3C(OO)C=C4CC(O)CCC4(C)C3CCC12C,1,1,0.9021067541633097
c1ccc2c(c1)-c1cc3ccc4ccccc4c3cc1[C@H]1O[C@@H]21,1,1,0.997482537130565
c1ccc2c(c1)-c1cc3ccc4ccccc4c3cc1C1OC21,1,1,0.997482537130565
CC(C)CCC[C@@H](C)[C@@H]1CC[C@@H]2[C@@H]3CC4([C@@H]5C[C@@H](Br)CC[C@]5(C)[C@@H]3CC[C@@]21C)S(=O)(=O)CCS4(=O)=O,1,1,0.9140891940285553
CC(C)(C)NCC(O)COc1ccccc1C1=CCCC1,0,0,0.11502685880812452
C=C1C(=O)OC2C1CCC(C)C1C=CC(=O)C12C,0,0,0.023192369765884853
Nn1nnc2c3ccccc3nc-2c1O,1,1,0.9436326941340146
CC1CN(N=O)CC(C)O1,1,1,0.9800368883862497
C1COCCN1,0,0,0.06617410398629008
CCN1CCOCC1,1,1,0.8437190406493676
CC1CNCC(C)O1,1,1,0.9419622674758313
COP(=O)(OC)N1CCOCC1,0,0,0.08420756643950547
CN1CCOCC1,0,0,0.08071055150206867
CCCCCCCCCCCCCN1CC(C)OC(C)C1,0,0,0.01723210571611987
O=NN1CCOCC1,1,1,0.9893641671574717
C[C@@H]1CNC[C@@H](C)O1,1,1,0.9419896605679721
O=NN1CCOC(O)C1,1,1,0.9800072895371813
O=C(/C=C/c1ccccc1)OC/C=C/c1ccccc1,1,1,0.9123290056420152
O=[N+]([O-])c1ccc2c3c(cccc13)CC2,1,1,0.9878362543973667
O=[N+]([O-])c1ccc2cccc3c2c1CC3,1,1,0.9823754919850065
c1cc2c3c(cccc3c1)CC2,0,0,0.05768600823187848
CC1CS1,0,0,0.12652028206261146
C1CS1,1,1,0.91032914179384
c1ccc(N(c2ccccc2)c2ccccc2)cc1,0,0,0.0698432406515269
CC1=Nc2ccccc2C1(C)C,0,0,0.0406994138975517
O=S(c1cc(Cl)cc(Cl)c1O)c1cc(Cl)cc(Cl)c1O,1,1,0.7332909693747506
Cc1cc(O)c2c(c1)C(=O)C(c1c(C)cc3c(c1O)C(=O)C=CC3=O)=CC2=O,0,0,0.059442977993891165
COc1cc(C)cc2c1C(=O)C=C(c1c(C)cc3c(c1OC)C(=O)C=CC3=O)C2=O,0,0,0.047667873615454305
OC1C=Cc2c(ccc3c2-c2cccc4cccc-3c24)C1O,1,1,0.9992836140069501
O[C@H]1C=Cc2c(ccc3c2-c2cccc4cccc-3c24)[C@@H]1O,1,1,0.9992836140069501
O=C(NC(Cc1cc(O)nc2ccccc12)C(=O)O)c1ccc(Cl)cc1,0,0,0.03086741750274001
O=C1c2ccccc2C(=O)N1SC(Cl)(Cl)Cl,1,1,0.9445750726655524
O=C1NC(=O)c2ccccc21,0,0,0.05459724478843951
NN1C(=O)c2ccccc2C1=O,0,0,0.05989572354021078
COP(=S)(OC)SCN1C(=O)c2ccccc2C1=O,1,1,0.8981022019555255
O=C1c2ccc([N+](=O)[O-])cc2C(=O)N1CCl,1,1,0.9766974131909235
O=C1c2ccccc2C(=O)N1CCl,1,1,0.9096354599141219
O=C1NC(=O)c2cc([N+](=O)[O-])ccc21,1,1,0.9862268288975161
O=C(C(Cl)Cl)N1CCN(c2ncc([N+](=O)[O-])s2)C1=O,1,1,0.9715098148948432
O=C1NCCN1c1nccs1,1,1,0.9411568670845764
C[C@@H]1CNC(=O)N1c1ncc([N+](=O)[O-])s1,1,1,0.9949948546937664
CC1CNC(=O)N1c1ncc([N+](=O)[O-])s1,1,1,0.9942784687007165
O=C1NCCN1c1ncc([N+](=O)[O-])s1,1,1,0.9928945904374853
Cc1cc2nc3c(=O)[nH]c(=O)nc-3n(C)c2cc1C,1,1,0.9578268772488172
Cc1cc2c(nc1NO)[nH]c1ccccc12,1,1,0.988156942407991
Cc1cc2c(nc1N)[nH]c1ccccc12,1,1,0.9895560441558785
Nc1ccc2c(n1)[nH]c1ccccc12,1,1,0.9849207062050103
CC1(C)Cc2ncccc2-c2nc(N)sc21,1,1,0.9723151971523827
Nc1nc2c(s1)CCc1ncccc1-2,1,1,0.9465188142102875
c1cnc2c(c1)-c1ncsc1CC2,0,0,0.09645766889474636
O=C(CCc1ccc(O)cc1)c1c(O)cc(O)cc1O,0,0,0.06691231447190209
CN(C)[C@@H]1C(=O)C(C(N)=O)=C(O)[C@@]2(O)C(O)=C3C(=O)c4c(O)cccc4[C@@](C)(O)[C@H]3C[C@H]12,0,0,0.0010786523315473979
CN(C)[C@H]1C(=O)C(C(N)=O)=C(O)[C@]2(O)C(O)=C3C(=O)c4c(O)cccc4[C@](C)(O)[C@H]3[C@@H](O)[C@@H]12,0,0,0.0036958746270528823
[O-][n+]1cccc2c1C1OC1C=C2,0,0,0.06505412376937984
NCC1CCC(C(=O)c2ccc(CCC(=O)O)cc2)CC1,0,0,0.006313096922558367
NC[C@H]1CC[C@H](C(=O)c2ccc(CCC(=O)O)cc2)CC1,0,0,0.006313096922558367
OC1C=Cc2c(ccc3cc4c5c(ccc4cc23)C(O)C(O)C=C5)C1O,0,0,0.08177128824548373
ON=C1CCCCC1,1,1,0.9080169686641394
Oc1cc2c(cc1O)[C@H]1c3ccc(O)c(O)c3OC[C@]1(O)C2,0,0,0.023233524057022465
Oc1cc2c(cc1O)C1c3ccc(O)c(O)c3OCC1(O)C2,0,0,0.024026299307541653
C=CCN(CC=C)C1c2ccccc2-c2ccccc2C1N1C2c3ccccc3-c3ccccc3C21,0,0,0.05335097553234543
O=C(n1ccnc1)n1ccnc1,0,0,0.046816784148774444
C[N@+]1([O-])CCC[C@@H]1c1cccnc1,0,0,0.006170813423599719
C[N+]1([O-])CCCC1c1cccnc1,0,0,0.007115902972901038
CC(=O)C1(O)C=C(OC2CC(N)C(O)C(C)O2)c2c(c(O)c3c(O)c4ccccc4c(O)c3c2O)C1,1,1,0.9380116562281526
O=C1CCC(N2C(=O)c3ccccc3C2=O)C(=O)N1,0,0,0.04336626262129848
COc1cccc2c1C(=O)c1c(O)c3c(c(O)c1C2=O)C[C@@](O)(/C(C)=N/NC(=O)c1ccccc1)C[C@@H]3O[C@H]1C[C@H](N)[C@H](O)[C@H](C)O1,1,1,0.9305882983120619
CN1CCC=C2c3nc(N)sc3CCC21,1,1,0.9485975778358401
C=CCN1CCC=C2c3nc(NC(C)=O)sc3CCC21,0,0,0.057409037310013976
c1ccc2c(c1)-c1ccc3ccccc3c1C1OC21,1,1,0.9932331148951339
CC1C=C(C=O)C(C=O)C(O)C2CC(C)(C)CC12,0,0,0.12371064942926487
N=C1CCC(=N)c2c1c(O)c1ccccc1c2O,1,1,0.9387496358372468
O=C(O)c1cc(=O)c2c(OCC(O)COc3cccc4oc(C(=O)O)cc(=O)c34)cccc2o1,0,0,0.036123667487459404
OC(c1ccc(Cl)cc1)(c1ccc(Cl)cc1)C1CC1,0,0,0.05008936923962416
c1cnc2c(c1)ccc1c3cccnc3ccc12,1,1,0.9883512067468936
c1ccc2c(c1)cc1ccc3cccc4c5ccccc5c2c1c34,1,1,0.9565612080732263
ClCc1cc2cccc3ccc4cc5ccccc5c1c4c32,1,1,0.9558981646773747
O=[N+]([O-])c1ccc2ccc3c4ccccc4c([N+](=O)[O-])c4ccc1c2c43,1,1,0.9987412685652824
O=[N+]([O-])c1ccc2ccc3c4ccccc4cc4ccc1c2c43,1,1,1.0
CC(=O)OCc1c2ccccc2c2ccc3cccc4ccc1c2c43,1,1,0.9876145969663235
O=S(=O)(O)OCc1c2ccccc2c2ccc3cccc4ccc1c2c43,1,1,0.9519653266116582
ClCc1cc2cc3ccccc3c3ccc4cccc1c4c23,1,1,0.9945625507499043
Cc1ccc2ccc3cc4ccccc4c4ccc1c2c34,1,1,1.0
Cc1ccc2c(c1)cc1ccc3cccc4ccc2c1c34,1,1,0.9994576545583325
Oc1c2ccccc2c2ccc3cccc4ccc1c2c43,1,1,0.9885856073367815
Cc1cc2cccc3ccc4cc5ccccc5c1c4c32,1,1,0.9994576545583325
Cc1cc2cccc3ccc4c5ccccc5cc1c4c32,1,1,1.0
Cc1cc2cc3ccccc3c3ccc4cccc1c4c23,1,1,1.0
Oc1ccc2ccc3cc4ccccc4c4ccc1c2c34,1,1,0.9965921105861324
Cc1ccc2cc3ccc4cccc5ccc(c2c1)c3c45,1,1,0.9994576545583325
O=S(=O)(O)Oc1c2ccccc2c2ccc3cccc4ccc1c2c43,0,0,0.154354757839115
Cc1ccc2ccc3c4ccccc4cc4ccc1c2c43,1,1,1.0
O=[N+]([O-])c1ccc2ccc3c([N+](=O)[O-])c4ccccc4c4ccc1c2c34,1,1,0.9987412685652824
O=[N+]([O-])c1cc2ccc3cc4ccccc4c4ccc(c1)c2c34,1,1,0.9952108452852692
OCc1cc2c3ccccc3cc3ccc4cccc1c4c32,0,0,0.15611401988568577
Oc1cc2ccc3cc4ccccc4c4ccc(c1)c2c34,1,1,1.0
O=Nc1ccc2ccc3cc4ccccc4c4ccc1c2c34,1,1,0.996766151137515
Cc1cccc2c1cc1ccc3cccc4ccc2c1c34,1,1,1.0
Nc1ccc2ccc3cc4ccccc4c4ccc1c2c34,1,1,0.9992836140069501
Oc1cc2c3ccccc3cc3ccc4cccc1c4c32,1,1,0.9956612364666598
O=Nc1ccc2ccc3c4ccccc4cc4ccc1c2c43,1,1,0.998198923123615
Cc1cccc2cc3ccc4cccc5ccc(c12)c3c45,1,1,1.0
Oc1ccc2c(c1)cc1ccc3cccc4ccc2c1c34,1,1,0.9994576545583325
OCc1cc2cccc3ccc4cc5ccccc5c1c4c32,0,0,0.1625207562413553
O=S(=O)(O)Oc1ccc2ccc3cc4ccccc4c4ccc1c2c34,1,0,0.34722148278310333
O=S(=O)(O)Oc1ccc2ccc3c4ccccc4cc4ccc1c2c43,0,0,0.29787753884473406
Oc1cc2cccc3ccc4c5ccccc5cc1c4c32,1,1,0.9949448504736098
ClCc1c2ccccc2c2ccc3cccc4ccc1c2c43,0,0,0.18411508740127627
ClCc1ccc2ccc3cc4ccccc4c4ccc1c2c34,0,0,0.1944611130911401
ClCc1cccc2cc3ccc4cccc5ccc(c12)c3c45,1,1,0.9083680769696283
c1ccc2c(c1)cc1ccc3cccc4ccc2c1c34,1,1,0.9948303707875
O=S(=O)(O)Oc1cccc2c1cc1ccc3cccc4ccc2c1c34,0,0,0.0976423451597119
Oc1ccc2cc3ccc4cccc5ccc(c2c1)c3c45,1,1,0.9994576545583325
Cc1cc2ccc3cc4ccccc4c4ccc(c1)c2c34,1,1,0.99928361400695
Oc1cc2cc3ccccc3c3ccc4cccc1c4c23,1,1,0.99928361400695
O=Nc1c2ccccc2c2ccc3cccc4ccc1c2c43,1,1,0.9908960627084691
O=S(=O)(O)Oc1ccc2cc3ccc4cccc5ccc(c2c1)c3c45,0,0,0.07899953253589376
Oc1ccc2ccc3c4ccccc4cc4ccc1c2c43,1,1,0.9973084965791824
BrCc1c2ccccc2c2ccc3cccc4ccc1c2c43,1,1,0.8993274649118647
O=[N+]([O-])c1c2ccccc2c2ccc3cccc4ccc1c2c43,1,1,0.9574147185897668
O=[N+]([O-])c1ccc2ccc3cc4ccccc4c4ccc1c2c34,1,1,1.0
OCc1c2ccccc2c2ccc3cccc4ccc1c2c43,1,1,0.6719703417778001
Cc1cc2c3ccccc3cc3ccc4cccc1c4c32,1,1,1.0
ClCc1cc2c3ccccc3cc3ccc4cccc1c4c32,1,1,0.9810241384957364
Cc1c2ccccc2c2ccc3cccc4ccc1c2c43,1,1,0.9943693124637055
Nc1ccc2ccc3c4ccccc4cc4ccc1c2c43,1,1,0.9992836140069501
ClCc1cc2cccc3ccc4c5ccccc5cc1c4c32,1,1,0.9949106318526694
OC1c2ccc3ccc4c5ccccc5ccc4c3c2C2OC2C1O,1,1,0.9936861190388924
O=C(NC(=O)c1c(F)cccc1F)Nc1ccc(Cl)cc1,0,0,0.05639727347734956
CC(C)CCCC(C)C1CCC2C3C=CC4(OO)CC(O)CCC4(C)C3CCC12C,1,1,0.9228705987070306
NC(=O)C1(C(N)=O)O[C@H]1C(=O)c1ccccc1,1,1,0.9819343124153125
NC(=O)C1(C(N)=O)OC1C(=O)c1ccccc1,1,1,0.9824766578569798
COc1ccc2cc([N+](=O)[O-])c3ccc(=O)oc3c2c1,1,1,0.985942424087472
O=C1CC2SCC=CN12,0,0,0.059273019894389906
c1ccc2cc3c(cc2c1)c1c(c2ccccc23)O1,1,1,0.989585598966643
O=S1(=O)CCCO1,1,1,0.970562440447506
O=C1CC(=O)C1=O,0,0,0.03445069881285155
O=C1C(=O)C(O)C1=O,0,0,0.022539660065555644
Cc1coc2c1CCC(C)C2,0,0,0.022137260853549137
CN(C)c1ccc(C(=C2C=CC(=[N+](C)C)C=C2)c2ccc(N(C)C)cc2)cc1,0,0,0.1605936103728378
CCN(CC)c1ccc(C(=C2C=CC(=[N+](CC)CC)C=C2)c2ccc(N(CC)CC)cc2)cc1,1,1,0.8562696827242388
CN(C)c1ccc(C(=C2C=CC(=[N+](C)C)C=C2)c2ccccc2)cc1,0,0,0.07513045332820945
CCN(CC)c1ccc(C(=C2C=CC(=[N+](CC)CC)C=C2)c2ccccc2)cc1,1,1,0.8924660913352788
CNc1ccc(C(=C2C=CC(=[N+](C)C)C=C2)c2ccc(N(C)C)cc2)cc1,1,1,0.6969513694783734
c1ccc(-c2ccc(OCC3CO3)cc2)cc1,1,1,0.9944742355046989
O=C1OC2(c3ccc(O)cc3Oc3cc(O)ccc32)c2ccccc21,0,0,0.06153478338232199
c1cnc2ccc3c(c2c1)C1OC1CC3,1,1,0.5634237640825789
OC1c2ccc3ncccc3c2C2OC2C1O,0,0,0.019839657861312015
CCN(CC)c1ccc2cc(-c3nc4ccccc4n3C)c(=O)oc2c1,0,0,0.05962026506875119
C1CCNC1,0,0,0.05661658370054408
O=NN1C[C@@H](Cl)[C@H](Cl)C1,1,1,0.9914522618062687
CC1(C)CC(C(N)=O)C(C)(C)N1O,0,0,0.0195708286354056
CC1(C)CC(C(=O)NCCCCCCCCCCCC(=O)O)C(C)(C)N1O,0,0,0.022799922212593755
O=NN1CCC(O)C1,1,1,0.998198923123615
CC1(C)CC(C(=O)O)C(C)(C)N1O,0,0,0.013325562441476974
O=NN1CCCC1,1,1,0.988177166195511
O=NN1CC[C@@H](O)C1,1,1,0.998198923123615
CC(=O)N1CCC[C@H]1C(=O)N(CC(=O)O)N=O,1,1,0.9837353892916973
O=NN1CC(Cl)C(Cl)C1,1,1,0.9907358758132188
CC(=O)N1CCCC1C(=O)N(CC(=O)O)N=O,1,1,0.9842777347333649
COc1cc2c(c3oc(=O)c4c(c13)CCC4=O)C1C(O2)OC2OC21,1,1,0.9314621315433133
COc1cc2c(c3oc(=O)c4c(c13)CCC4=O)C1(C)C3OC3OC1(C)O2,0,0,0.1077865027036214
CC(C)n1c(C=CC(O)CC(O)CC(=O)O)c(-c2ccc(F)cc2)c2ccccc21,0,0,0.007442257823065648
CC(C)n1c(/C=C/[C@H](O)C[C@@H](O)CC(=O)O)c(-c2ccc(F)cc2)c2ccccc21,0,0,0.007442257823065648
O=C(OC1CCCCC1)c1ccccc1C(=O)OC1CCCCC1,0,0,0.014908974134854744
Cc1c(-c2cnccn2)ssc1=S,0,0,0.05904200813875085
CC(C)Oc1ccc(Nc2ccccc2)cc1,0,0,0.05418855814819534
O=NN(c1ccccc1)c1ccccc1,0,0,0.10412870133029876
O=[N+]([O-])c1ccc(Nc2ccc(O)cc2)c([N+](=O)[O-])c1,1,1,0.9912853905595068
CNC(=O)N(c1ccccc1)c1ccccc1,0,0,0.056950237114409066
c1ccc(Nc2ccccc2)cc1,0,0,0.05076496163782037
O=C(O)Cc1ccccc1Nc1c(Cl)cccc1Cl,0,0,0.05210660835252901
O=[N+]([O-])c1ccc(Nc2ccc(Cl)cc2)cc1,1,1,0.9607516738080413
O=[N+]([O-])c1ccc(Nc2ccc(N=C=S)cc2)cc1,0,0,0.20573533011230458
O=Nc1ccc(Nc2ccccc2)cc1,1,1,0.9336482760148914
NC(=O)N(c1ccccc1)c1ccccc1,0,0,0.06322995246423742
O=C(O)c1ccccc1Nc1cc(Cl)ccc1C(=O)O,0,0,0.03015726852311468
Nc1ccc(Nc2ccccc2)cc1,0,0,0.20399120625989212
O=[N+]([O-])c1ccc(Nc2ccccc2O)c([N+](=O)[O-])c1,1,1,0.9790466349850723
Cc1cc(Nc2ccc(O)cc2)ccc1N,1,1,0.9191977599107023
CC(C)CC(C)Nc1ccc(Nc2ccccc2)cc1,0,0,0.0095743082016805
Oc1cccc(Nc2ccccc2)c1,0,0,0.07672274402051593
NC(=O)N(c1ccccc1)c1ccc(C(=O)O)cc1,1,1,0.8916456122877637
O=[N+]([O-])c1ccccc1Nc1ccccc1,0,0,0.09801455903912103
O=C(O)c1ccccc1Nc1cccc(C(F)(F)F)c1,0,0,0.03749517382268613
Cc1ccc(Nc2ccc([N+](=O)[O-])cc2)cc1,1,1,0.9370782621316281
O=[N+]([O-])c1cc([N+](=O)[O-])c(Nc2c([N+](=O)[O-])cc([N+](=O)[O-])cc2[N+](=O)[O-])c([N+](=O)[O-])c1,1,1,0.9551875838050841
CC(C)C[C@@H](C)Nc1ccc(Nc2ccccc2)cc1,0,0,0.0095743082016805
CC(=O)Nc1ccc(Nc2ccc([N+](=O)[O-])cc2)cc1,1,1,0.9756627265277448
Cc1ccc(N(N)c2ccc(C)cc2)cc1,1,1,0.8850990025935758
CC(C)Nc1ccc(Nc2ccccc2)cc1,0,0,0.0473733148261744
COc1ccc(Nc2ccc(OC)cc2)cc1,0,0,0.08491677318938406
O=[N+]([O-])c1ccc(Nc2ccccc2)cc1,0,0,0.15700751656130882
Nc1ccc(Nc2ccc([N+](=O)[O-])cc2)cc1,1,1,0.9711797028756585
CCCCCCCCc1ccc(Nc2ccc(CCCCCCCC)cc2)cc1,0,0,0.04371351499951375
NN(c1ccccc1)c1ccccc1,0,0,0.11695344042783627
c1cc2sncc2cc1OCC1CO1,1,1,0.9906965387354663
COc1nsc2ccc(OCC3CO3)cc12,1,1,0.9937063428264123
c1cc2sncc2cc1OC[C@H]1CO1,1,1,0.9922937946278324
CS(=O)(=O)OCCc1ccc(OCc2ccccc2)cc1,1,1,0.8930137331662175
ICCc1ccc(OCc2ccccc2)cc1,1,1,0.9109785823240641
O=[N+]([O-])c1ccc(COc2ccccc2)cc1,0,0,0.16333058803927739
O=C1C(=O)C(c2ccc(O)c(O)c2)Oc2cc(O)cc(O)c21,1,1,0.8932714981561486
COc1cc(C2Oc3cc(O)cc(O)c3C(=O)C2=O)ccc1O,0,0,0.3113994728551147
O=C1C(=O)C(c2ccccc2)Oc2cc(O)cc(O)c21,0,0,0.09065986582361515
O=C1C(=O)C(c2ccc(O)cc2)Oc2cc(O)cc(O)c21,1,1,0.8808251584867998
COc1cc(O)c2c(c1)OC(c1ccc(O)c(O)c1)C(=O)C2=O,1,1,0.7328496543362478
CCC12OC1O2,1,1,0.8865129633177263
CCN(CCCl)c1ccc(CCCNc2c3ccccc3nc3ccccc23)cc1,1,1,0.9717285510852699
Oc1[nH]cnc2nncc1-2,0,0,0.1047919087813047
COC1=CC(=O)c2c3nc4ccncc4c-3c[nH]c2C1=O,1,1,0.9733092077225803
Nc1cc2nc3ccccc3nc2cc1N,1,1,0.9287896665611288
Nc1cccc2nc3ccccc3nc12,1,1,0.991740782043761
Nc1ccc2nc3ccccc3nc2c1,1,1,0.9951986756777851
O=[N+]([O-])c1cccc2nc3cccc([N+](=O)[O-])c3nc12,1,1,0.7696313949344091
Nc1ccc2nc3c(N)cccc3nc2c1,1,1,0.9699584610201937
Nc1ccc2nc3ccc(N)cc3nc2c1,1,1,0.9823041197706779
COc1cc2nc3cc(N)c(OC)cc3nc2cc1N,1,1,0.9714682231131507
Cc1cc2nc3ccc(C)c(N)c3nc2cc1N,1,1,0.9910243960507111
O=[N+]([O-])c1ccc2nc3c([N+](=O)[O-])cccc3nc2c1,1,1,0.9847105150896034
Nc1ccc2nc3cc(N)ccc3nc2c1,1,1,0.9916907778236047
Nc1cccc2nc3c(N)cccc3nc12,1,1,0.8102761630012983
O=[N+]([O-])c1ccc2nc3cc([N+](=O)[O-])ccc3nc2c1,1,1,0.9542579220061589
O=[N+]([O-])c1ccc2nc3ccc([N+](=O)[O-])cc3nc2c1,1,1,0.9656757268049779
O=[N+]([O-])c1cccc2nc3c([N+](=O)[O-])cccc3nc12,0,0,0.42048610562873856
Cc1cc2nc3ccc(N(C)C)cc3nc2cc1N,1,1,0.9939768939803243
COc1cc2nc3cc(N)ccc3nc2cc1N,1,1,0.9847794999634365
O=[N+]([O-])c1cccc2nc3ccccc3nc12,1,1,0.9873268759020638
Nc1cc2nc3ccccc3nc2cc1O,1,1,0.9491858149662851
Nc1cccc2nc3cccc(N)c3nc12,0,0,0.4065064252106338
Nc1cc2nc3ccc(Cl)cc3nc2cc1N,1,1,0.9727295675102361
O=[N+]([O-])c1ccc2nc3ccccc3nc2c1,1,1,0.9934918546999898
CN(C)CCNC(=O)c1cccc2nc3ccccc3nc12,1,1,0.9856031963379759
BrCc1c2cccc3ccc4cc5cccc6ccc1c(c65)c4c32,1,1,0.9722546114920055
c1cc2ccc3cc4cccc5ccc6cc(c1)c2c3c6c54,1,1,0.9889050185041974
CC(=O)OCc1c2cccc3ccc4cc5cccc6ccc1c(c65)c4c32,1,1,0.9699014509452688
C=C1C(=O)OC2CC(C)C3C=CC(=O)C3(C)C(O)C12,0,0,0.011421791582378061
C=C1C(=O)O[C@@H]2C[C@@H](C)[C@@H]3C=CC(=O)[C@]3(C)[C@@H](O)[C@H]12,0,0,0.012366881131679379
Cc1nn(C)c(N)c1C(=O)c1ccccc1F,1,1,0.9452142429298734
CC(C)N1C(=O)c2ccccc2NS1(=O)=O,0,0,0.04524169238995187
O=C1c2ccccc2C(=O)c2c1cc(OC1COC(OCC3OC(O)C(O)C(O)C3O)C(O)C1O)c(CO)c2O,1,1,0.9000269237407719
O=[N+]([O-])c1ccccc1/C=C/c1ccccn1,1,1,0.9646264577769708
CCN1CCNC(=O)C1=O,0,0,0.07118057074245344
SCCc1cnccn1,0,0,0.04255752862788196
Cc1cncc(C)n1,1,1,0.5180679473798407
c1cnccn1,0,0,0.049088064149175555
Cc1nccnc1C,0,0,0.1388909407705183
Cc1cnc(C)c(C)n1,0,0,0.07359098995014818
N=C(N)NC(=O)c1nc(Cl)c(N)nc1N,1,1,0.9335347770855823
NC(=O)c1cnccn1,0,0,0.04543924920031107
CCc1cnccn1,0,0,0.039501972557200345
Cc1cnc(C)cn1,0,0,0.14650207938892656
Cc1cnccn1,0,0,0.03925523023340443
C1=Cc2cc3cccc4ccc5ccc1c2c5c43,1,1,0.9706804516807639
O=[N+]([O-])C1=Cc2ccc3ccc4cccc5cc1c2c3c45,1,1,0.9909831493024384
Cc1cc(C)nc(NS(=O)(=O)c2ccc(N)cc2)n1,0,0,0.027655364576819642
c1ccc(Cc2ccccc2OCC2CO2)cc1,1,1,0.9816283080473487
CC(CCC(=O)O)C1CCC2C3CCC4CC(O)CCC4(C)C3CC(=O)C12C,0,0,0.00924795335151589
CN(C)CCCN1C=CN(C)C1/C=N/O,0,0,0.02077432303248651
CN1C=CN(COCCC(C)(C)[N+](=O)[O-])C1/C=N/O,0,0,0.028944138339809435
CN(C)CCN1C=CN(C)C1/C=N/O,0,0,0.02548752203040094
CCC(CCOCN1C=CN(C)C1/C=N/O)[N+](=O)[O-],0,0,0.02814783505741065
CN1C=CN(CCS(C)(=O)=O)C1/C=N/O,0,0,0.03213751168644782
CCCCCCCCSCN1C=CN(C)C1,0,0,0.07256385167156514
C#CCOCCN1C=CN(C)C1/C=N/O,0,0,0.032629982167038836
O=NN(Cc1ccccc1)Cc1ccccc1,0,0,0.07875587706041073
NN(Cc1ccccc1)Cc1ccccc1,0,0,0.08288617973930719
CCN=c1cc2oc3cc(NCC)c(C)cc3c(-c3ccccc3C(=O)OCC)c-2cc1C,0,0,0.015151641210623453
N=c1ccc2c(-c3ccccc3C(=O)O)c3ccc(N)cc3oc-2c1,0,0,0.07151956935480937
CC/N=c1\cc2oc3cc(NCC)c(C)cc3c(-c3ccccc3C(=O)OC)c-2cc1C,0,0,0.015921894412785804
c1ccc2c(c1)-c1ccccc1C1C2N1C1CCCCC1,1,1,0.9648196116185856
CNC(=O)Oc1ccc2c(c1)C1(C)CCN(C)C1N2C,0,0,0.05448104429851051
COc1ccc2c(ccc3c4c(ccc32)C(C)=CC4)c1,1,1,0.9913095041526031
CC1=CCc2c1cc(C)c1c2ccc2ccccc21,1,1,0.9743514708958192
Nc1ccccc1C(=O)OCCc1ccccc1,0,0,0.04522719853235605
O=C(N/N=C/c1ccc([N+](=O)[O-])o1)c1ccc(O)cc1,1,1,0.9739855533460299
OP1(N(CCCl)CCCl)=NCCCO1,1,1,0.976637719689095
O=c1ccc2cc3ccoc3cc2o1,0,0,0.04110616986598747
COc1c2occc2cc2ccc(=O)oc12,1,1,0.9219589206839052
COc1c2ccoc2cc2oc(=O)ccc12,1,1,0.9200916475377474
COc1c2ccoc2c(OC)c2oc(=O)ccc12,0,0,0.03965316077634032
CC(C)=CCOc1c2occc2cc2ccc(=O)oc12,1,1,0.9126948345935528
CC(C)=CCc1ccc(O)c2c(=O)c3c(O)c4c(cc3oc12)OC1OC=CC41O,1,1,0.9735938381544963
COc1c(Cl)ccc2oc3cc4c(c(OC)c3c(=O)c12)C1C=COC1O4,1,1,0.9446871577280335
COc1c2c(cc3oc4c(CCC(C)(C)O)ccc(O)c4c(=O)c13)O[C@@H]1OC=C[C@@H]21,1,1,0.9922735708403123
O=c1c2c(O)cccc2oc2cc3c(c(O)c12)C1C=COC1O3,0,0,0.14055951431173927
CC(C)(O)CCc1ccc(O)c2c(=O)c3c(O)c4c(cc3oc12)OC1OC=CC41O,1,1,0.990446470700311
COc1c2c(cc3oc4c(CCC(C)(C)O)ccc(O)c4c(=O)c13)OC1OC=CC21,1,1,0.9922735708403123
CC(C)(O)CCc1ccc(O)c2c(=O)c3c(O)c4c(cc3oc12)OC1OC=CC41,1,1,0.9851566949621611
C(=N/N1Cc2[nH]c3ccccc3c2N=N1)\c1ccc(Oc2ccccc2)cc1,0,0,0.052185853025533545
O=[N+]([O-])c1ccc2c3c4c(cccc4c4ccccc4c13)C(O)C2O,1,1,0.9853822421987803
c1ccc2c(OCC3CO3)cccc2c1,1,1,0.9953131553638949
CC1=Cc2nc3c(ccc4ccccc43)c(C)c2C(O)C1O,1,1,0.8612112570945571
OC1c2ccc3ccc4ccccc4c3c2C2OC2C1O,1,1,0.9966314476638852
c1ccc(CSSCc2ccccc2)cc1,1,1,0.8083738344869406
NC(=O)/C(=C\c1ccc([N+](=O)[O-])o1)c1ccco1,1,1,0.9859633144116687
c1cc2c3c(c1)cc1ccc4cccc5cc(c3c1c45)CC2,1,1,0.982405630676071
OC1C=Cc2ccc3cc4c(ccc5ccccc54)cc3c2C1O,1,1,0.9973600032644191
O=C(c1ccc2c(c1)OCO2)C1CO1,1,1,0.9942784687007162
O=C(c1ccc2c(c1)OCO2)[C@@H]1CO1,1,1,0.9942784687007162
N/N=C1\N=NC=C2C=CC=C[C@@H]21,1,1,0.9528715545791722
c1ccc2c(CC3CO3)cccc2c1,1,1,0.9735431673976633
[O-][n+]1cc2ccncc2cn1,0,0,0.017246988956134586
CC1(C)CC(C(=O)NC(CO)C(O)CO)C(C)(C)[N+]1=O,0,0,0.04166896193557647
O=S1(=O)CCCCO1,1,1,0.9795953505581279
CN(C)c1ccc(N=Nc2ccc3ccccc3c2)cc1,1,1,0.9523386390879399
Cc1cc(C)c(S(=O)(=O)O)cc1N=Nc1cc(S(=O)(=O)O)c2ccccc2c1O,0,0,0.009486890028111017
Cc1cc(C)c(N=Nc2cc(S(=O)(=O)O)c3ccccc3c2O)c(S(=O)(=O)O)c1,0,0,0.012467891065745137
Nc1cc(S(=O)(=O)O)cc2cc(S(=O)(=O)O)c(N=Nc3ccccc3)c(O)c12,0,0,0.03715141046788956
COc1ccc2c(OC)c3c(nc2c1OC)OCC3,1,1,0.9369531520582857
O=C(Nc1cccc2c(=O)c3c(ccc4c5cc(NC(=O)c6ccccc6)c6c(=O)c7ccccc7c(=O)c6c5[nH]c43)c(=O)c12)c1ccccc1,0,0,0.04375566350127121
CS(=O)CCC(=O)N1C(C(=O)O)CSC1c1ccccc1O,0,0,0.010749613710864378
CSCCC(=O)N1C(C(=O)O)CSC1c1ccccc1O,0,0,0.006170017627843228
O=C(O)C1CSC(c2ccccc2O)N1C(=O)CCS,0,0,0.014563031839750391
CC1CCC(C(C)C)C(OC(=O)c2ccccc2N)C1,0,0,0.013990481881937477
Nc1ccccc1C(=O)OC1CCCCC1,0,0,0.023924719152817752
CC1CC(OC(=O)c2ccccc2O)CC(C)(C)C1,0,0,0.0029183228611901523
C[C@H]1C[C@@H](OC(=O)c2ccccc2O)CC(C)(C)C1,0,0,0.0042019368681401655
CCCCOC(=O)c1ccccc1C(=O)OC1CCCCC1,0,0,0.014110532044795359
O=C(C1CCCCC1)N1CC(=O)N2CCc3ccccc3[C@H]2C1,0,0,0.01252660606406316
O=C(C1CCCCC1)N1CC(=O)N2CCc3ccccc3C2C1,0,0,0.011581516514761843
O=c1oc2cc(-n3nc4ccc5ccccc5c4n3)ccc2cc1-c1ccccc1,0,0,0.06087078013555958
CC(C)NC[C@@H]1CCc2cc(CO)c([N+](=O)[O-])cc2N1,1,1,0.9722606365899735
CC(C)NCC1CCc2cc(CO)c([N+](=O)[O-])cc2N1,1,1,0.9750231671917001
CC(=O)OC1C(=O)OC2C(OC(C)=O)C(=O)OC12,0,0,0.06562456928362118
C1CCC2OCCOCCOCCOCCOC3CCCCC3OCCOCCOCCOCCOC2C1,0,0,0.021450976934184754
CC1(C)S[C@@H]2[C@@H](NC(=O)[C@@H](N)c3ccccc3)C(=O)N2[C@H]1C(=O)O,0,0,0.004519571001592206
CC1(C)SC2C(NC(=O)Cc3ccccc3)C(=O)N2C1C(=O)O,0,0,0.0009198352648213773
CC1(C)S[C@@H]2[C@@H](NC(=O)Cc3ccccc3)C(=O)N2[C@H]1C(=O)O,0,0,0.0026633669041820794
CC1(C)SC2C(NC(=O)C(N)c3ccccc3)C(=O)N2C1C(=O)O,0,0,0.0021573046630947957
CNC(=O)CC(N)C(=O)NC(C(=O)NC1C(=O)N2C1SC(C)(C)C2C(=O)O)c1ccc(O)cc1,0,0,0.016615983979350983
CC1CC23CCC4C(C)(C(=O)O)CCCC4(C)C2CCC1(O)C3,0,0,0.03753474229086896
c1cc2c(cc1C[C@@H]1CO1)OCO2,1,1,0.9980248825722325
CC(=O)OC(c1ccc2c(c1)OCO2)C1CO1,1,1,0.9928456967146161
OC(c1ccc2c(c1)OCO2)C1CO1,1,1,0.987442466085461
CC(=O)O[C@@H](c1ccc2c(c1)OCO2)[C@@H]1CO1,1,1,0.9939006071653148
O[C@@H](c1ccc2c(c1)OCO2)[C@@H]1CO1,1,1,0.987442466085461
c1cc2c(cc1CC1CO1)OCO2,1,1,0.9980248825722325
CN(c1nccc(O)n1)C1CCN(c2nc3ccccc3n2Cc2ccc(F)cc2)CC1,0,0,0.023106182534318207
CN1C=CN(CCC[n+]2ccc(C(N)=O)cc2)C1/C=N/O,0,0,0.03166895247843265
C[C@@H]1COc2c(N3CCN(C)CC3)c(F)c(C(=O)O)c3c(=O)ccn1c23,1,1,0.8870964018990143
CC1COc2c(N3CCN(C)CC3)c(F)c(C(=O)O)c3c(=O)ccn1c23,1,1,0.8822240503958904
CC1COc2c(N3CCN(C)CC3)c(F)cc3c(=O)c(C(=O)O)cn1c23,0,0,0.23668562553190772
COc1ccc2c(c1)-c1nccc3cc(OC)c(O)c(c13)C2=O,1,1,0.9753137605495644
COc1ccc2c(c1)-c1nccc3cc(OC)c(OC)c(c13)C2=O,1,1,0.9926514323757136
COc1ccc2c(c1)C(=O)c1c(OC)c(OC)cc3ccnc-2c13,1,1,0.9921090869340461
Oc1cccc2c3cc4ccccc4cc3c3ccccc3c12,1,1,0.8107332459670707
c1ccc2cc3c4ccccc4c4ccccc4c3cc2c1,1,1,0.9255159152360933
Oc1ccc2c3ccccc3c3cc4ccccc4cc3c2c1,1,1,0.9989153091166649
Oc1cccc2cc3c4ccccc4c4ccccc4c3cc12,1,1,0.8694559479406334
Oc1cccc2c3ccccc3c3cc4ccccc4cc3c12,0,0,0.3586663677987413
Oc1ccc2cc3c4ccccc4c4ccccc4c3cc2c1,1,1,0.9943001949533166
Oc1ccc2c(c1)c1ccccc1c1cc3ccccc3cc21,1,1,0.9994576545583325
ClCC1(C(Cl)Cl)C2C(Cl)C(Cl)C1(C(Cl)Cl)C(Cl)C2Cl,0,0,0.07871312540920192
CC1(C)C2CCC1(C)C(O)C2,0,0,0.005811905725254789
ClCC1(C(Cl)Cl)C2CC(Cl)(Cl)C1(CCl)C(Cl)C2Cl,1,1,0.8420026171591551
ClCC1(CCl)C2CC(Cl)(Cl)C1(CCl)C(Cl)C2Cl,0,0,0.12291723089664716
CC1(O)CC2CCC1(C)C2(C)C,0,0,0.01323461623602789
ClCC1(C(Cl)Cl)C2CC(Cl)(Cl)C1(C(Cl)Cl)CC2(Cl)Cl,0,0,0.058661809334051934
CC1(C(Cl)Cl)C2C(Cl)C(Cl)C1(C(Cl)Cl)C(Cl)C2Cl,0,0,0.07280373057790702
ClC[C@]1(C(Cl)Cl)[C@@H]2CC(Cl)(Cl)[C@@]1(CCl)[C@H](Cl)[C@@H]2Cl,1,1,0.8475189576458956
O=C1c2ccc3ccccc3c2-c2c1ccc1ccccc21,1,1,0.6822306241261563
O=c1[nH][nH]c(=O)c2ccccc12,0,0,0.06623066022056658
O=c1[nH][nH]c(=O)c2cc([N+](=O)[O-])ccc12,1,1,0.9653604178400019
O=C(O)c1cc(N=Nc2ccc(-c3ccc(N=Nc4ccc(N=Nc5ccc(O)c(C(=O)O)c5)c5cc(S(=O)(=O)O)ccc45)cc3)cc2)ccc1O,1,1,0.9490907109474508
COC(=O)[C@]12O[C@@]1(C)[C@H](C(C)C)OC2=O,1,1,0.9943082491333526
COC(=O)C12OC1(C)C(C)(O)OC2=O,1,1,0.9696782205846094
COC(=O)[C@]12O[C@@]1(C)[C@@](C)(O)OC2=O,1,1,0.9689618345915595
COC(=O)C12OC1(C)C(C)OC2=O,1,1,0.9829008931381985
CC[C@@]12O[C@]1(C(=O)OC)C(=O)O[C@H]2C,1,1,0.9983729636749974
COC(=O)C12OC1(C)C(C(C)C)OC2=O,1,1,0.9943082491333526
CCC12OC1(C(=O)OC)C(=O)OC2C,1,1,0.9983729636749974
Cc1cc(N)sn1,1,1,0.9302551720669444
O=c1c2ccccc2c(=O)c2c1ccc1c2[nH]c2c3c(=O)c4ccccc4c(=O)c3c3[nH]c4c(ccc5c(=O)c6ccccc6c(=O)c54)c3c12,0,0,0.04015600690560846
CN(CCC#N)c1ccc(N=Nc2ccc3ncsc3c2)cc1,1,1,0.9684373960614523
CNc1ccc(N=Nc2ccc3ncsc3c2)cc1,1,1,0.9800537959195544
CN(C)c1ccc(N=Nc2ccc3ncsc3c2)cc1,1,1,0.9757244563947747
O=[N+]([O-])c1ccc2ccc3ccc([N+](=O)[O-])c4ccc1c2c34,1,1,1.0
O=Nc1ccc2ccc3c([N+](=O)[O-])ccc4ccc1c2c43,1,1,0.9994576545583325
OCc1cc2ccc3cccc4ccc(c1)c2c34,1,1,0.9755696280608158
O=[N+]([O-])c1ccc2c(O)cc3cccc4ccc1c2c43,1,1,1.0
Cc1ccc2ccc3cccc4ccc1c2c34,1,1,0.9907454324583352
O=[N+]([O-])c1ccc2ccc3c([N+](=O)[O-])ccc4ccc1c2c43,1,1,0.9992836140069501
CC(O)c1ccc2ccc3cccc4ccc1c2c34,1,1,0.9981989231236149
CC(=O)N(O)c1ccc2ccc3cccc4ccc1c2c34,1,1,0.9918518495942705
c1cc2ccc3cccc4ccc(c1)c2c34,1,1,0.9581685809370613
O=[N+]([O-])c1ccc2ccc3cccc4cc(O)c1c2c34,1,1,1.0
O=[N+]([O-])c1ccc2ccc3cccc4c(O)cc1c2c34,1,1,1.0
O=[N+]([O-])c1cc2cccc3ccc4cccc1c4c32,1,1,0.9994576545583325
Nc1cc2cccc3ccc4cccc1c4c32,1,1,0.996029541356945
O=[N+]([O-])c1cc([N+](=O)[O-])c2ccc3cccc4ccc1c2c43,1,1,0.9945216267624877
O=[N+]([O-])c1ccc2ccc3c(O)ccc4ccc1c2c43,1,1,1.0
Nc1ccc2ccc3cccc4ccc1c2c34,1,1,0.9962333623409637
O=[N+]([O-])c1ccc2cc(O)c3cccc4ccc1c2c43,1,1,1.0
O=[N+]([O-])c1ccc2ccc3ccc(O)c4ccc1c2c34,1,1,1.0
Clc1ccc2ccc3cccc4ccc1c2c34,1,1,0.9941952719123232
CC(=O)OCc1ccc2ccc3cccc4ccc1c2c34,1,1,0.9763748155097791
CC(O)c1cc2ccc3cccc4ccc(c1)c2c34,1,1,1.0
CC(=O)Nc1ccc2ccc3c(O)ccc4ccc1c2c43,1,1,0.9966886211886621
C[C@@H](O)c1cc2ccc3cccc4ccc(c1)c2c34,1,1,1.0
CC(=O)Nc1cc(O)c2ccc3cccc4ccc1c2c34,1,1,0.9945853030552084
ClCc1ccc2ccc3cccc4ccc1c2c34,1,1,0.9834666856362856
CC(=O)Nc1ccc2ccc3ccc(O)c4ccc1c2c34,1,1,0.9982287035562514
CC(=O)Nc1ccc2ccc3cccc4ccc1c2c34,1,1,0.995915061670835
O=Nc1ccc2ccc3cccc4ccc1c2c34,1,1,0.9908503554993285
O=S(=O)(O)c1ccc2ccc3cccc4ccc1c2c34,1,1,0.9488415277877114
O=[N+]([O-])c1ccc2ccc3cccc4ccc1c2c34,1,1,0.998198923123615
OCc1ccc2ccc3cccc4ccc1c2c34,1,1,0.9760053296576706
Nc1cc2ccc3cccc4ccc(c1)c2c34,1,1,0.9989153091166649
CC(=O)Oc1cc([N+](=O)[O-])c2ccc3cccc4ccc1c2c43,1,1,0.992439198953231
O=S(=O)(O)OCc1ccc2ccc3cccc4ccc1c2c34,1,1,0.9790465023485163
O=[N+]([O-])c1cc2ccc3cccc4ccc(c1)c2c34,1,1,0.9994576545583325
O=[N+]([O-])c1cc2ccc3cccc4ccc(c1O)c2c34,1,1,0.9878920580936192
O=Nc1ccc2ccc3ccc([N+](=O)[O-])c4ccc1c2c34,1,1,0.9994576545583325
C[C@@H](O)c1ccc2ccc3cccc4ccc1c2c34,1,1,0.9981989231236149
Nc1ccc2ccc3ccc([N+](=O)[O-])c4ccc1c2c34,1,1,0.9938269670220381
O=[N+]([O-])c1cc2ccc3cc([N+](=O)[O-])cc4ccc(c1)c2c34,1,1,0.9989153091166649
O=[N+]([O-])c1cc(O)c2ccc3cccc4ccc1c2c34,1,1,0.9994576545583325
O=Cc1ccc2ccc3cccc4ccc1c2c34,1,1,0.9816479979347482
C[N+]1([O-])CC=C(c2ccccc2)CC1,0,0,0.08027112341169729
C/C=C1/C[C@H](C)[C@](O)(CO)C(=O)OCC2=CC[N@@+]3([O-])CC[C@@H](OC1=O)[C@@H]23,0,0,0.024487527023063258
CC=C1CC(C)C(O)(CO)C(=O)OCC2=CC[N+]3([O-])CCC(OC1=O)C23,0,0,0.02527379950563856
C/C=C1\CC(C)C(C)(O)C(=O)OCC2=CC[N+]3(C)CCC(OC1=O)C23O,1,1,0.8671681300892891
ClC1=C(Cl)C(Cl)(C2(Cl)C(Cl)=C(Cl)C(Cl)=C2Cl)C(Cl)=C1Cl,1,1,0.8788011413942884
CCn1c(N)nc2c3nc(C)cnc3ccc21,1,1,0.9992836140069501
Cc1cnc2c(C)c(C)c3c(nc(N)n3C)c2n1,1,1,0.9994576545583325
Cn1c(NS(=O)(=O)O)nc2c3nc(CO)cnc3ccc21,0,0,0.042635704676037736
Cc1cnc2ccc3c(nc(NS(=O)(=O)O)n3C)c2n1,0,0,0.049735621297318997
Cc1cnc2cc(C)c3c(nc(N)n3C)c2n1,1,1,1.0
Cc1cnc2ccc3c(ncn3C)c2n1,0,0,0.11179095774678603
Cc1c(C)c2c(nc(N)n2C)c2nccnc12,1,1,1.0
Cc1cc2nccnc2c2nc(N)n(C)c12,1,1,0.9967959315701513
Cc1nc2cc(C)c3c(nc(N)n3C)c2nc1C,1,1,1.0
Cc1nc2ccc3c(nc(N)n3C)c2nc1C,1,1,0.9982287035562513
Cc1nc2c(C)cc3c(nc(N)n3C)c2nc1C,1,1,1.0
Cc1cnc2c(ccc3c2nc(N)n3C)n1,1,1,0.9994576545583325
Cc1cnc2cc(CO)c3c(nc(N)n3C)c2n1,1,1,0.9724979951756488
Cc1cnc2c(n1)c(C)c(C)c1c2nc(N)n1C,1,1,0.9994576545583325
Cc1cnc2c(n1)c(C)cc1c2nc(N)n1C,1,1,1.0
Cc1nc2c(C)c(C)c3c(nc(N)n3C)c2nc1C,1,1,0.9777434702883536
Cc1cnc2ccc3c(nc(NO)n3C)c2n1,1,1,0.9911804675185133
Cc1cc2c(nc(N)n2C)c2nccnc12,1,1,0.99785084202085
Cc1cnc2c(cc(C)c3c2nc(N)n3C)n1,1,1,1.0
CCn1c(N)nc2c3ncc(C)nc3ccc21,1,1,0.9992836140069501
Cc1cnc2c(C)cc3c(nc(N)n3C)c2n1,1,1,1.0
Cc1cnc2ccc3c(nc(N)n3C)c2n1,1,1,0.9994576545583325
O=C1c2ccc3nc(-c4ccccc4)sc3c2C(=O)c2ccc3nc(-c4ccccc4)sc3c21,0,0,0.05377711657842698
c1ccc2sc(SN3CCOCC3)nc2c1,0,0,0.05552663669837717
NC(=O)c1ncn(C2OC(CO)C(O)C2O)n1,0,0,0.0072956103638237135
NC(=O)c1ncn([C@@H]2O[C@H](CO)[C@@H](O)[C@H]2O)n1,0,0,0.008813290003585146
C[N+]1(C)CCOCC1,0,0,0.07616390328082695
O=P1(Oc2ccccc2)OCc2ccccc2O1,1,1,0.9084892525937885
O=C1COP(=O)(N(CCCl)CCCl)OC1,1,1,0.9628951649476513
CCCCCc1cc(O)c2c(c1)OC(C)(C)C1CCC(C)=CC21,0,0,0.022349600233760213
Oc1ncnc2ccccc12,0,0,0.022234195539587685
COC(=O)C1=C(C)N=C(C)C(=C(O)OCCc2ccc(N3CCN(C(c4ccccc4)c4ccccc4)CC3)cc2)C1c1cccc([N+](=O)[O-])c1,0,0,0.035000608572738665
CC1(C(=O)Nc2ccccc2)CO1,1,1,0.9729307755318872
O=C(Nc1ccccc1)C1CO1,1,1,0.9754288994892178
O=C1c2c(ccc3ccccc23)-c2ccc3ccccc3c21,0,0,0.12346575044331976
O=C1c2ccccc2C(=O)c2c1ccc(OC1OC(COC3OCC(O)C(O)C3O)C(O)C(O)C1O)c2O,0,0,0.24108037928860437
O=C1c2ccccc2C(=O)c2c1cc(OC1OC(COC3OCC(O)C(O)C3O)C(O)C(O)C1O)c(CO)c2O,1,1,0.8908798359723236
Cc1c(N)cnc2c1nc1c(C)cccn12,1,1,0.9951986756777851
Cc1cccn2c1nc1ccc(N)nc12,1,1,0.994596769370845
Cc1cccn2c1nc1ccc(NO)nc12,1,1,0.9908243322357123
Cc1c([N+](=O)[O-])cnc2c1nc1c(C)cccn12,1,1,0.9884832972581556
ONc1cnc2c(c1)nc1ccccn12,1,1,0.9815899884815678
Cc1c(NO)cnc2c1nc1c(C)cccn12,1,1,0.995603930305327
Nc1ccc2nc3ccccn3c2n1,1,1,0.9892328758194425
Nc1cnc2c(c1)nc1ccccn12,1,1,0.9805747733670497
O=[N+]([O-])c1cnc2c(c1)nc1ccccn12,1,1,0.9836032987804355
c1ccc2c(c1)Cc1c-2ccc2ccc3ccccc3c12,1,1,0.9635783216172933
O=C1CCC(=O)N1Br,1,1,0.9248626575272053
O=C1CCC(=O)N1O,0,0,0.06756390065575786
O=CC1C=COC=C1,0,0,0.05460374755638339
O=[N+]([O-])c1ccc(Nc2[nH]cnc3ncnc2-3)cc1,0,0,0.2071196764973488
CC(=O)ON(OCc1ccc(-c2ccccc2)cc1)C(=O)c1ccccc1,1,1,0.97975333169645
c1ccc2c(c1)Cc1c(c3ccccc3c3ccccc13)C2,1,1,0.9476521027300835
O=C1NC(=S)NC(=O)C1C(=O)Nc1ccccc1,0,0,0.051753295556470194
CC(=O)N=C1C=CC(=O)C=C1,0,0,0.04761047446880541
Cn1cnc2c(=N)[n+](=O)[cH-][nH]c21,1,1,0.921807661993523
CSCCC(NC(=O)C(N)Cc1c[nH]c2ccccc12)C(=O)NC(CC(=O)O)C(=O)NC(Cc1ccccc1)C(N)=O,0,0,0.026657667783545034
O=C1CCc2c1cc(C(F)(F)F)c1c2ccc2ccccc21,1,1,0.9399479704782882
Cc1cc2ccccc2c2ccc3c(c12)CCC3=O,1,1,0.9976565776819474
Cc1cc2c(c3ccc4ccccc4c13)C[C@H](O)C2=O,1,1,0.9971440126729162
COc1cc2c3c(cc(C)c2c2ccccc12)C(=O)CC3,1,1,0.974002152601086
Cc1cc2c(c3ccc4ccccc4c13)CC(O)C2=O,1,1,0.9971440126729162
CCOc1cc2c(c3ccc4ccccc4c13)CCC2=O,0,0,0.13779941013333133
CCCCOc1cc2c(c3ccc4ccccc4c13)CCC2=O,0,0,0.037546511116195704
COc1cc2c(c3ccc4ccccc4c13)CCC2=O,1,1,0.9806438908774385
COc1cc2c(c3c(C)cc4ccccc4c13)CCC2=O,1,1,0.9576468615796462
CCCOc1cc2c(c3ccc4ccccc4c13)CCC2=O,0,0,0.04205823633793992
O=C1CCc2c1ccc1c2ccc2ccccc21,1,1,0.9963978462472298
Cc1c2c(c3ccc4ccccc4c3c1C)CCC2=O,1,1,0.9640546401809154
CCc1cc2c(c3ccc4ccccc4c13)CCC2=O,1,1,0.9761294516910796
Cc1cc2c(c3ccc4ccccc4c13)CCC2=O,1,1,0.9987412685652826
OCc1cc2ccc3cccnc3c2[nH]1,0,0,0.10268024741194427
c1cnc2c(c1)ccc1cc[nH]c12,0,0,0.23573472085812583
COC(=O)c1cc2ccc3cccnc3c2[nH]1,0,0,0.09750756592786547
COP(=S)(OC)SCn1nnc2ccccc2c1=O,1,1,0.9286265006403057
C=CC1CN2CCC1CC2C(OC(=O)C(C)O)c1ccnc2ccc(OC)cc12,0,0,0.011075968561028987
C=C[C@H]1CN2CC[C@H]1C[C@H]2[C@H](O)c1ccnc2ccc(OC)cc12,0,0,0.010105624727247726
C=CC1CN2CCC1CC2C(OC(=O)OCC)c1ccnc2ccc(OC)cc12,0,0,0.023065704765181813
C=CC1CN2CCC1CC2C(O)c1ccnc2ccc(OC)cc12,0,0,0.009767100269599031
CC1CCCC(=O)CCCCCc2cc(O)cc(O)c2C(=O)O1,0,0,0.023802383748308995
ClC1c2cccc3ccc4c5ccccc5cc1c4c23,1,1,0.9789663594372955
OC1c2cccc3ccc4c5ccccc5cc1c4c23,1,1,0.9961164953143582
c1ccc2c(c1)cc1c3c2ccc2cccc(c23)C1,1,1,0.9907156520256987
O=[N+]([O-])c1ccc2ccc3cc4c(c5ccc1c2c35)CCC=C4,1,1,0.9784074206824472
O=[N+]([O-])c1c2c(c3ccc4cccc5ccc1c3c45)CCC=C2,1,1,0.7366148932163653
O=[N+]([O-])c1ccc2ccc3c4c(cc5ccc1c2c53)C=CC(O)C4O,1,1,1.0
O=[N+]([O-])c1ccc2ccc3c4c(cc5ccc1c2c53)C=C[C@H](O)[C@H]4O,1,1,1.0
O=[N+]([O-])c1ccc2ccc3c4c(cc5ccc1c2c53)C=CCC4,1,1,0.9958555008055623
O=[N+]([O-])c1ccc2ccc3cc4c(c5ccc1c2c35)C(O)C(O)C=C4,1,1,1.0
CC1CCC(=O)C1=O,0,0,0.06266041625094966
O=[N+]([O-])c1ccc(/C=N/n2cccn2)o1,1,1,0.9735638320999882
COc1cc(O[C@@H]2O[C@H](CO)[C@@H](O)[C@H](O)[C@H]2O)c2c(=O)c3c(O)ccc(O)c3oc2c1,1,1,0.9935716393527826
O=c1c2c(OC3OC(CO)C(O)C(O)C3O)cc(O)cc2oc2c(O)ccc(O)c12,1,1,0.997482537130565
O=c1c2c(O[C@@H]3O[C@H](CO)[C@@H](O)[C@H](O)[C@H]3O)cc(O)cc2oc2c(O)ccc(O)c12,1,1,0.997482537130565
COc1cc(OC2OC(CO)C(O)C(O)C2O)c2c(=O)c3c(O)ccc(O)c3oc2c1,1,1,0.9925167289020839
CC(=O)c1cc2c(cc1C)C(C)(C)C(C)CC2(C)C,0,0,0.003587566129286745
c1ccc2c(c1)CCCC2,0,0,0.026853394454880664
CC(C)(C)NCC(O)COc1cccc2c1CC(O)C(O)C2,0,0,0.02340728310000288
OOC1CCCc2ccccc21,1,1,0.9693531425776534
OO[C@@H]1CCCc2ccccc21,1,1,0.9714507938715666
CC(C)(C)N(CC(=O)c1ccc(O)c(CO)c1)Cc1ccccc1,1,1,0.9105779770240909
Cc1ccc(Nc2ccc(O)c3c2C(=O)c2ccccc2C3=O)cc1,0,0,0.15048598606806587
Nc1c(S(=O)(=O)O)cc(Nc2cccc(S(=O)(=O)CCOS(=O)(=O)O)c2)c2c1C(=O)c1ccccc1C2=O,1,1,0.9232898675444877
O=C1c2c(O)ccc(Nc3ccc(CCO)cc3)c2C(=O)c2c([N+](=O)[O-])ccc(O)c21,1,1,0.9574753350634402
Cc1ccc2c(c1Nc1ccccc1)C(=O)c1ccccc1C2=O,1,1,0.882751646431643
Cc1ccc(Nc2ccc(N)c3c2C(=O)c2ccccc2C3=O)c(S(=O)(=O)O)c1,1,1,0.9344339683850315
CN(Cc1cnc2nc(N)nc(N)c2n1)c1c(Cl)cc(C(=O)N[C@@H](CCC(=O)O)C(=O)O)cc1Cl,0,0,0.02680855992931498
Nc1nc(O)c2nc(CNc3ccc(C(=O)NC(CCC(=O)O)C(=O)O)cc3)cnc2n1,0,0,0.004916810457558927
Nc1nc(O)c2nc(CNc3ccc(C(=O)N[C@@H](CCC(=O)O)C(=O)O)cc3)cnc2n1,0,0,0.006321817639270934
CN(Cc1cnc2nc(N)nc(N)c2n1)c1ccc(C(=O)NC(CCC(=O)O)C(=O)O)cc1,0,0,0.009972061945001647
Nc1ccc(Cc2ccc(N)c(Cc3ccc(N)cc3)c2)cc1,1,1,0.9577433721821754
c1ccc2c(c1)-c1cccc3c1c-2cc1ccccc13,1,1,0.9994576545583325
O=[N+]([O-])c1ccc2c(c1)-c1cc3ccccc3c3cccc-2c13,1,1,0.9915133251366218
CC1COc2c(C3(N)CC3)c(F)cc3c(=O)c(C(=O)O)cn1c23,0,0,0.04714012525441388
Fc1cnc2ccc3cccnc3c2c1,1,1,0.9332925111823593
Fc1cc2cccnc2c2cccnc12,1,1,0.9574182237106833
c1cnc2c(c1)ccc1ncccc12,1,1,0.9624861531510892
Fc1cnc2c(ccc3ncc(F)cc32)c1,0,0,0.14018275416241965
O=S(=O)(c1cc(Cl)cc(Cl)c1O)c1cc(Cl)cc(Cl)c1O,0,0,0.11631607236173253
CC(=O)Nc1ccc(S(=O)(=O)c2ccc(N)cc2)cc1,0,0,0.032221594474442866
O=S(=O)(c1ccc(Cl)cc1)c1ccc(Cl)cc1,0,0,0.024130877406134205
O=S(=O)(c1ccc(Cl)cc1)c1cc(Cl)c(Cl)cc1Cl,0,0,0.039749131663417404
O=S(=O)(c1ccc(O)cc1)c1ccc(O)cc1,0,0,0.031668873337324564
CC(=O)Nc1ccc(S(=O)(=O)c2ccc(NC(C)=O)cc2)cc1,0,0,0.03815826889268128
Nc1ccc(S(=O)(=O)c2ccc(N)cc2)cc1,0,0,0.03706851453681954
c1ccc(Cc2ccc(C[C@H]3CO3)cc2)cc1,1,1,0.9940036205357884
c1ccc(Cc2ccc(CC3CO3)cc2)cc1,1,1,0.996766151137515
Oc1c2ccccc2nc2ccc3c(c12)OCCO3,1,1,0.9614940830647075
COc1cc(C(=O)OCCCN2CCCN(CCCOC(=O)c3cc(OC)c(OC)c(OC)c3)CC2)cc(OC)c1OC,0,0,0.036288665681080044
CC(=O)c1ccc([N+](=O)[O-])s1,1,1,0.9608546871785147
c1ccsc1,0,0,0.024055628840048807
Cc1ccsc1,0,0,0.018240669237621646
NC(=O)c1csc([N+](=O)[O-])c1,1,1,0.9785517737865093
Cc1cccs1,0,0,0.024329355507976554
O=C(NCCCl)Nc1ccc([N+](=O)[O-])s1,1,1,0.9825795385908974
C1=CC2C3C=CC(C3)C2C1,0,0,0.0191117067987514
ClC1=C(Cl)C2(Cl)C3C(Cl)C=CC3C1(Cl)C2(Cl)Cl,0,0,0.005243165307723537
C1=C[C@H]2[C@@H](C1)[C@@H]1C=C[C@H]2C1,0,0,0.017041820309226085
ClC1=C(Cl)[C@]2(Cl)[C@H]3[C@@H](C=C[C@@H]3Cl)[C@@]1(Cl)C2(Cl)Cl,0,0,0.005861900006860246
COc1ccc2cccc3c2c1C(=O)N(C)C3=O,0,0,0.06667181913258721
CC1(C)C=C(C(=O)O)C(C)(C)N1O,0,0,0.014615679216370876
CNC(=O)N(C)c1nc2ccccc2s1,0,0,0.04054848882298857
Nc1nc2c(Cl)cccc2s1,0,0,0.08453034592128932
Nc1nc2ccccc2s1,0,0,0.07918935567865357
Cc1nc2ccccc2s1,0,0,0.029504289304913008
Cc1cccc2sc(N)nc12,0,0,0.15432399055623314
Sc1nc2ccccc2s1,0,0,0.02621648072940683
Nc1ccc2ncsc2c1,1,1,0.8956170957259235
Nc1nc2ccc([N+](=O)[O-])cc2s1,1,1,0.992370081442842
c1ccc2scnc2c1,0,0,0.03235943814863729
COc1ccc2nc(N)sc2c1,1,1,0.982753711778836
CCOc1ccc2nc(N)sc2c1,1,1,0.9684960720513093
Nc1nc2cc(Cl)c(Cl)cc2s1,0,0,0.12452641944755238
COc1cccc2sc(N)nc12,1,1,0.9709880514991239
Cc1cc2nc(N)sc2cc1C,1,1,0.9165559923911232
COC(=O)CC1Cc2cc3cc(OC)c(-c4c(OC)cc5cc6c(c(O)c5c4O)C(=O)OC(CC(=O)OC)C6)c(O)c3c(O)c2C(=O)O1,0,0,0.04958239192902509
O=C1C2CC=CCC2C(=O)N1SC(Cl)(Cl)C(Cl)Cl,0,0,0.08384936567482013
O=C1NC(=O)[C@@H]2CC=CC[C@H]12,0,0,0.011606770799241783
O=C1[C@@H]2CC=CC[C@H]2C(=O)N1SC(Cl)(Cl)Cl,1,1,0.9644907549250852
O=C1C2CC=CCC2C(=O)N1SC(Cl)(Cl)Cl,1,1,0.9601607488636287
O=C1NC(=O)C2CC=CCC12,0,0,0.012526606064063162
COC(=O)[C@H]1[C@H]2C[C@@H]3c4[nH]c5cc(OC)ccc5c4CCN3C[C@@H]2C[C@@H](OC(=O)/C=C/c2cc(OC)c(OC)c(OC)c2)[C@@H]1OC,0,0,0.018625338303946935
O=S(=O)(O)CNc1ccc(N=Nc2cccnc2)cc1,0,0,0.06877691876916187
Cc1cc(N=Nc2cccnc2)c(N)cc1N,1,1,0.9674396591355303
CC(=O)Nc1cc(N(C)C)ccc1N=Nc1cccnc1,0,0,0.08253726383232486
OCCN(CCO)c1ccc(N=Nc2ccc(N(CCO)CCO)nc2)cc1,0,0,0.043570395572151394
CN(C)c1ccc(N=Nc2cccnc2)cc1,0,0,0.12037239146952589
OCCN(CCO)c1ccc(N=Nc2cccnc2)cc1,0,0,0.040841697396510335
COc1ccc(N=Nc2ccc(N(C)C)cc2)cn1,1,1,0.9193045304501961
CCN(CC)c1ccc(N=Nc2cccnc2)cc1,0,0,0.061324154867379195
Cc1cc(N(CCO)CCO)ccc1N=Nc1cccnc1,0,0,0.016455349746013627
CCCCOc1ccc(N=Nc2ccc(N(CC)CC)cc2)cn1,1,1,0.9120895039591713
CC(=O)OC1C2CC(C)(C)CC2=C(C=O)C2(C=O)CC12C,0,0,0.09219132987017806
CC(=O)O[C@H]1[C@@]2(O)CC(C)(C)CC2=C(C=O)[C@@]2(C=O)C[C@@]12C,1,1,0.8478468535453082
CC1(C)CC2=C(C=O)C3(C=O)CC3(C)C(O)C2(O)C1,1,1,0.9037919418738208
OC1C=Cc2c(cc3ccc4cccc5ccc2c3c45)C1O,1,1,0.9984599176324107
O=[N+]([O-])c1c2c(c3ccc4cccc5ccc1c3c45)C=CCC2,0,0,0.40357631131936333
O=[N+]([O-])c1ccc2ccc3c4c(cc5ccc1c2c53)[C@@H](O)[C@H](O)C=C4,1,1,1.0
O=[N+]([O-])c1ccc2ccc3c4c(cc5ccc1c2c53)C(O)C(O)C=C4,1,1,1.0
O=[N+]([O-])c1ccc2ccc3c4c(cc5ccc1c2c53)CCC=C4,1,1,0.9980248825722324
C1=Cc2c(cc3ccc4cccc5ccc2c3c45)CC1,1,1,0.9882794762741368
O=[N+]([O-])c1ccc2ccc3cc4c(c5ccc1c2c35)C=CCC4,1,1,0.9980248825722324
O=[N+]([O-])c1ccc2ccc3cc4c(c5ccc1c2c35)C=CC(O)C4O,1,1,1.0
Oc1ccc2ccc3c4c(cc5ccc1c2c53)C(O)C(O)C=C4,1,1,0.9669559896837201
OC1C=Cc2c(cc3ccc4cccc5ccc2c3c45)C1,1,1,0.9880763585819655
OC1CC=Cc2c1cc1ccc3cccc4ccc2c1c34,1,1,0.9952108452852693
CCN(CC)CCNc1ccc2nc(C)n3c4ccc(O)cc4c(=O)c1c23,1,1,0.9783874225167991
CCN(CC)CCNc1ccc2ncn3c4ccc(O)cc4c(=O)c1c23,1,1,0.9763390721511945
CC1CCc2c(N3CCC(O)CC3)c(F)cc3c(=O)c(C(=O)O)cn1c23,0,0,0.03597535537526409
Oc1nc2ccccc2n1C1CCN(CCCC(c2ccc(F)cc2)c2ccc(F)cc2)CC1,0,0,0.03645881642688645
Cc1cc2c(c3ccc4ccccc4c13)CCC2,0,0,0.13457914852968017
Cc1cc2c(c3ccc4ccccc4c13)CC[C@H]2C,1,1,0.9948005903548637
Cc1cc2c(ccc3ccccc32)c2c1C(C)CC2,1,1,0.9960593217895812
c1ccc2c(c1)ccc1c3c(ccc12)CCC3,0,0,0.09612333556515307
Cc1c2c(c3ccc4ccccc4c3c1C)CCC2C,1,1,0.9701166056083679
COc1cc2c(c3ccc4ccccc4c13)CCC2C,1,1,0.9825440913187209
Cc1cc2c(c3ccc4ccccc4c13)CCC2C,1,1,0.9948005903548637
C[C@@H]1CCc2c1ccc1c2ccc2ccccc21,1,1,0.9557796433223754
CC1CCc2c1ccc1c2ccc2ccccc21,1,1,0.9564566922376726
CC12CCC(=O)C=C1C1CC1C1C2CCC2(C)C1C1CC1C21CCC(=O)O1,0,0,0.03163767070490236
CS(=O)(=O)N1C2c3ccccc3-c3ccccc3C21,1,1,0.9679565211555772
CCCCCN1C2c3ccccc3-c3ccccc3C21,1,1,0.9775485026576033
C=CCN1C2c3ccccc3-c3ccccc3C21,1,1,0.9798498422989796
CCOP(=O)(OCC)N1C2c3ccccc3-c3ccccc3C21,1,1,0.9436517677730067
c1ccc2c(c1)-c1ccccc1C1NC21,1,1,0.9756755626719057
CCCCN1C2c3ccccc3-c3ccccc3C21,1,1,0.9838953505650759
ClN1C2c3ccccc3-c3ccccc3C21,1,1,0.966658353715916
c1cc[nH]c1,0,0,0.04277496722661721
CC(=O)c1cccn1[N+](=O)[O-],1,1,0.9750817105450014
CC(=O)c1ccc[nH]1,1,1,0.8950984921679309
CC(=O)c1ccc([N+](=O)[O-])[nH]1,1,1,0.9717153639658145
CC(=O)c1c([N+](=O)[O-])cc([N+](=O)[O-])n1[N+](=O)[O-],1,1,0.9700198693839664
Cn1cccc1,0,0,0.02134611732719013
Cc1cccc(NC(=O)c2csc([N+](=O)[O-])c2)c1,1,1,1.0
COc1cccc(NC(=O)c2csc([N+](=O)[O-])c2)c1,1,1,1.0
O=C(Nc1ccc(Cl)cc1)c1csc([N+](=O)[O-])c1,1,1,0.9989450895493013
O=C(Nc1ccc([N+](=O)[O-])cc1)c1csc([N+](=O)[O-])c1,1,1,0.9952204019303854
O=C(Nc1cccc(F)c1)c1csc([N+](=O)[O-])c1,1,1,0.9973180532242988
COc1ccccc1NC(=O)c1csc([N+](=O)[O-])c1,1,1,0.9966314476638851
Cc1ccc(NC(=O)c2csc([N+](=O)[O-])c2)cc1,1,1,1.0
O=C(Nc1ccccc1)c1csc([N+](=O)[O-])c1,1,1,0.9989450895493013
O=C(Nc1cccc([N+](=O)[O-])c1)c1csc([N+](=O)[O-])c1,1,1,0.9960593217895812
O=C(Nc1cccc(Br)c1)c1csc([N+](=O)[O-])c1,1,1,0.9994576545583325
O=C(Nc1cccc(Cl)c1)c1csc([N+](=O)[O-])c1,1,1,1.0
CCc1cccc(NC(=O)c2csc([N+](=O)[O-])c2)c1,1,1,0.9961462757469944
COc1ccc(NC(=O)c2csc([N+](=O)[O-])c2)cc1,1,1,0.9992836140069501
O=C(Nc1ccccc1F)c1csc([N+](=O)[O-])c1,1,1,0.9966016672312488
O=C(Nc1ccc(Br)cc1)c1csc([N+](=O)[O-])c1,1,1,1.0
O=C(Nc1ccc(F)cc1)c1csc([N+](=O)[O-])c1,1,1,0.9989153091166649
O=C(Nc1ccccc1Br)c1csc([N+](=O)[O-])c1,1,1,0.9967959315701513
CCc1ccccc1NC(=O)c1csc([N+](=O)[O-])c1,1,1,0.9986187346991366
O=C(Nc1ccccc1Cl)c1csc([N+](=O)[O-])c1,1,1,0.9981989231236149
O=C(Nc1ccccc1[N+](=O)[O-])c1csc([N+](=O)[O-])c1,1,1,0.9902424240944202
Cc1ccccc1NC(=O)c1csc([N+](=O)[O-])c1,1,1,0.9986187346991366
CN(C(=O)c1csc([N+](=O)[O-])c1)c1ccccc1,1,1,0.9899065125991393
CCc1ccc(NC(=O)c2csc([N+](=O)[O-])c2)cc1,1,1,0.9980248825722325
O=C(O)CCCCC1SCC2NC(=O)NC21,0,0,0.03651491846283666
COCC1CN(c2ccc3nc(C(O)CCC#N)sc3c2)C(=O)O1,0,0,0.040921824210233444
CCOC1=CC(c2ccccc2)(c2ccccc2)N(O)c2ccccc21,0,0,0.044514970834098305
O=[N+]([O-])c1ccc2c(c1)CCc1cc3c(cc1-2)CCc1ccccc1-3,1,1,0.9743468215682506
C1CN2CCN1CC2,0,0,0.052348993919895635
C[C@]12CC[C@H](OC(=O)Cc3ccc(N(CCCl)CCCl)cc3)C[C@@H]1CC[C@@H]1[C@@H]2CC[C@]2(C)NC(=O)CC[C@@H]12,1,1,0.9840237768926337
Oc1cc2ccc3cccc4ccc(n1)c2c34,1,1,0.7760871006961059
c1cc2ccc3ccnc4ccc(c1)c2c34,1,1,0.9875389766879906
CC1CN(/N=C/c2ccc([N+](=O)[O-])o2)C(=O)N1,1,1,0.9858294468664426
O=C1NCCN1/N=C/c1ccc([N+](=O)[O-])o1,1,1,0.995198675677785
CC(C)[N+](C)(CCOC(=O)C1c2ccccc2Oc2ccccc21)C(C)C,0,0,0.04375759994163782
OC1c2ccccc2Oc2ccccc21,1,1,0.9060083444480108
CC(C)(C)NCC(O)COc1ccccc1C1CCCC1,1,1,0.698965020423597
CC(C)(C)NCC(O)COc1ccc(O)cc1C1CCCC1,0,0,0.0758371996293781
OC1C=CC2=C(c3cccc4cccc2c34)C1O,1,1,0.9567288725513459
O=C(/C=C/c1ccc(-c2ccccc2)cc1)c1ccccc1,0,0,0.048563804811553854
c1ccc2c(c1)-c1ccc3c4c1c-2cc1cccc(c14)C1OC31,1,1,0.9895300208922623
N1=NC2C3OC3C1C1OC21,0,0,0.0909086190845139
CC1=C2C(=COC(C)C2C)C(=O)C(C(=O)O)C1=O,0,0,0.03405912619642502
O=S(=O)(O)c1ccc2cc(Oc3ccc4cc(S(=O)(=O)O)ccc4c3)ccc2c1,0,0,0.03536831612890424
COC1=CC(=O)CC(C)C12Oc1c(Cl)c(OC)cc(OC)c1C2=O,0,0,0.018438106774225527
COC1=CC(=O)C[C@@H](C)[C@]12Oc1c(Cl)c(OC)cc(OC)c1C2=O,0,0,0.017819372075088817
CC(=O)Nc1nc(-c2ccc([N+](=O)[O-])o2)cs1,1,1,0.997563824248438
O=CNNc1nc(-c2ccc([N+](=O)[O-])o2)cs1,1,1,0.9955372001354338
O=[N+]([O-])c1ccc(-c2cscn2)o1,1,1,0.9911652440338568
CN(C)Nc1nc(-c2ccc([N+](=O)[O-])o2)cs1,1,1,0.9886453938239259
O=C(Nc1nc(-c2ccc([N+](=O)[O-])o2)cs1)C(F)(F)F,1,1,0.9348178477352681
Nc1nc(-c2ccc([N+](=O)[O-])o2)cs1,1,1,0.9952108452852692
O=CNc1nc(-c2ccc([N+](=O)[O-])o2)cs1,1,1,0.9965089137977393
Cc1nc(-c2ccc([N+](=O)[O-])o2)cs1,1,1,0.9868480741165611
O=S1(=O)CC=CC1,0,0,0.04978168676488753
c1ccc2c(c1)ccc1nc3c(ccc4ccccc43)cc12,1,1,0.9764123050890318
c1ccc2c(c1)C1OOC2c2ccccc21,0,0,0.08945517484862037
O=C1C(c2[nH]c3ccccc3c2O)=Nc2ccccc21,1,1,0.9620030665464112
O=C1C(c2[nH]c3ccc(S(=O)(=O)O)cc3c2O)=Nc2ccc(S(=O)(=O)O)cc21,0,0,0.034139962460942544
CC1=CC2OC3C(O)C(O)C(C)(C34CO4)C2(CO)C(O)C1=O,0,0,0.013220228679775124
CC(=O)O[C@H]1[C@H](O)[C@@H]2O[C@H]3C=C(C)C(=O)[C@H](O)[C@@]3(CO)[C@@]1(C)[C@@]21CO1,0,0,0.005765761116578194
CC1=CC2OC3C(O)CC(C)(C34CO4)C2(CO)C(O)C1=O,0,0,0.015778735976962582
C/C=C/C(=O)OC1CC2OC3C=C(C)C(=O)CC3(C)C1(C)C21CO1,0,0,0.039066048055215664
CC(=O)OC1C(O)C2OC3C=C(C)C(=O)C(O)C3(CO)C1(C)C21CO1,0,0,0.005100881808764889
OC1c2cc3c4ccccc4c4ccccc4c3cc2C2OC2C1O,1,1,0.9915762981374948
CC1(Cn2ccnn2)C(C(=O)O)N2C(=O)CC2S1(=O)=O,0,0,0.030204355361538034
OC1c2cccc3ccc4c5ccccc5cc(c4c23)C1O,1,1,0.9918003429090338
O=[N+]([O-])c1c2c3c(ccc4cccc(c43)CC2)c2ccccc12,1,1,0.9103081869469822
CC(C(=O)O)c1ccc(Oc2nccs2)cc1,0,0,0.04345638010219788
Cc1ccc(S(=O)(=O)Oc2ccc(/N=N/c3ccc(-c4ccc(/N=N/c5c(O)ccc6cc(S(=O)(=O)O)cc(S(=O)(=O)O)c56)c(C)c4)cc3C)cc2)cc1,1,1,0.9084650092602046
O=C1c2ccccc2-c2ccc3c4c(ccc1c24)-c1ccccc1C3=O,0,0,0.09683170782192368
CC1(c2ccc(-c3ccccc3)cc2)CO1,1,1,0.9800810563751391
c1ccc(-c2ccc([C@@H]3CO3)cc2)cc1,1,1,0.9960593217895813
c1ccc(-c2ccc(C3CO3)cc2)cc1,1,1,0.9960593217895813
Fc1ccc2c3c(cccc13)-c1c-2ccc2ccccc12,1,1,0.9994576545583325
Fc1ccc2c3c(ccc2c1)-c1cccc2cccc-3c12,1,1,0.996688621188662
Fc1ccc2c3c(cccc13)-c1ccc3ccccc3c1-2,1,1,0.9994576545583325
Fc1cccc2c3c(ccc12)-c1cccc2cccc-3c12,1,1,1.0
c1ccc2c3c(ccc2c1)-c1cccc2cccc-3c12,1,1,0.9984027441076337
CC(C)C1(NC(=O)C2CC3c4cccc5[nH]cc(c45)CC3N(C)C2)OC2(O)C3CCCN3C(=O)C(Cc3ccccc3)N2C1=O,0,0,0.03202099675932354
C[N+]1=CC=C(c2ccccc2)CC1,1,1,0.8870776251422596
C[C@@]12CCC3[C@@](CCC4[C@@]3(C)CCC[C@@]4(C)C(=O)O)(CC1=O)C2,0,0,0.037456439847611184
O=C1C(O)=C(O)O[C@@H]1[C@@H](O)CO,0,0,0.028372970402361503
CCCCCCCCCCCCCCCC(=O)OCC(O)C1OC(O)=C(O)C1=O,0,0,0.009564791689211441
CC1=C(O)C(=O)CO1,1,1,0.9122100533031968
OCc1ccc(-c2[nH]ccc3c4ccccc4nc2-3)o1,1,1,0.9590703851988784
CC(=O)Nc1cc2c(cc1OC(=O)c1ccccc1)-c1ccccc1C2,0,0,0.07393873352501346
CC1CCC2(OC1)OC1CC3C4CC=C5CC(O)CCC5(C)C4CCC3(C)C1C2C,0,0,0.038999013122342406
O=c1oc2cccc(O)c2cc1C1CCc2ccccc2C1,0,0,0.013345945682173206
O=c1oc2cccc(O)c2cc1[C@@H]1CCc2ccccc2C1,0,0,0.013345945682173206
c1ccc2sc(SSc3nc4ccccc4s3)nc2c1,1,1,0.9328465315148243
O=C1NC(=O)C(O)(O)C(=O)N1,0,0,0.05198863690830354
C=CC[C@]1([C@H](C)C#CCC)C(=O)NC(=O)N(C)C1=O,0,0,0.00987540876736517
C=CCC1(C(C)C#CCC)C(=O)NC(=O)N(C)C1=O,0,0,0.010494143466501878
C1=COc2c(c3cc4ccccc4cc3c3ccccc23)C=C1,1,1,0.9863875556347623
CC1=CC(=O)C=CC1=O,0,0,0.01920613482376519
O=C1C=CC(=O)C(Cl)=C1,0,0,0.0779467608884293
CC1=C(C)C(=O)C(C)=C(C)C1=O,0,0,0.060487267514500925
CC1=CC(=O)C=C(C)C1=O,0,0,0.011811732474644402
COC1=CC(=O)C=CC1=O,0,0,0.02745123882982071
O=C1C(Cl)=C(Cl)C(=O)C(Cl)=C1Cl,1,1,0.9197743094907032
CC(C)(C)C1=CC(=O)C=CC1=O,1,1,0.7272936384760396
N#CC1=C(C#N)C(=O)C(Cl)=C(Cl)C1=O,0,0,0.092850181688941
CCOC1=CC(=O)C(NC(C)=O)=CC1=O,1,1,0.9394095148421966
COC1=C(OC)C(=O)C(C)=CC1=O,0,0,0.0620269651506569
CC1=CC(=O)C(C(C)C)=CC1=O,0,0,0.13742817716117056
O=C1C=CC(=O)C=C1,0,0,0.04564147863959055
CC1=CC(=O)C(C)=CC1=O,0,0,0.01142535254305085
CC(C)=C/C(C)=N/Nc1nncc2ccccc12,1,1,0.9321961283615159
CCOC(=O)NNc1nncc2ccccc12,1,1,0.9555172181542931
Nc1cccc2c(O)nnc(O)c12,0,0,0.0715639687341287
NNc1nncc2ccccc12,1,1,0.94413247922903
Clc1nnc(Cl)c2ccccc12,0,0,0.03346029337942332
c1ccc2cnncc2c1,0,0,0.12108701535514949
Clc1nncc2ccccc12,0,0,0.03860514806041101
O=[N+]([O-])c1ccc2c(O)nnc(O)c2c1,1,1,0.9256362111031567
COc1nncc2ccccc12,0,0,0.06862285347246429
Oc1nncc2ccccc12,0,0,0.022882548483487617
NNc1nnc(NN)c2ccccc12,1,1,0.9493453353248587
Oc1nnc(O)c2ccccc12,0,0,0.06230108061021242
O=[N+]([O-])c1ccc(S(=O)(=O)Nc2ccccn2)cc1,0,0,0.06685446833078097
Nc1ccc(S(=O)(=O)Nc2ccccn2)cc1,0,0,0.018251528761994817
CC(=O)Nc1ccc(S(=O)(=O)Nc2ccccn2)cc1,0,0,0.012455721458261048
Cc1cc(-c2ccc(N=Nc3cc(S(=O)(=O)O)c4ccccc4c3N)c(C)c2)ccc1N=Nc1cc(S(=O)(=O)O)c2ccccc2c1N,0,0,0.22060797905103066
Nc1ccc2cc(S(=O)(=O)O)c(N=Nc3ccc(-c4ccc(N=Nc5c(S(=O)(=O)O)cc6cc(S(=O)(=O)O)cc(N)c6c5O)cc4)cc3)c(O)c2c1,1,1,0.9236084824347404
COc1cc(-c2ccc(N=Nc3cc(S(=O)(=O)O)c4ccccc4c3O)c(OC)c2)ccc1N=Nc1cc(S(=O)(=O)O)c2ccccc2c1O,0,0,0.14071509926269576
COc1cc(-c2ccc(N=Nc3c(S(=O)(=O)O)cc4cc(N)ccc4c3O)c(OC)c2)ccc1N=Nc1cc(S(=O)(=O)O)c2ccccc2c1O,1,1,0.9002678324950504
Nc1c(N=Nc2ccc(-c3ccc(N=Nc4cc(S(=O)(=O)O)c5ccccc5c4N)cc3)cc2)cc(S(=O)(=O)O)c2ccccc12,1,1,0.8242878153446811
Cc1ccc2cc3c(c4c2c1CC4)C1OC1c1ccccc1-3,1,1,0.9745143593516891
Cc1c2ccccc2cc2c3c(ccc12)C=C[C@@H](O)[C@H]3O,1,1,0.9958555008055623
Cc1c2ccccc2cc2c3c(ccc12)C=CC(O)C3O,1,1,0.9958555008055623
c1ccc2c(c1)ccc1c3ccncc3ccc21,1,1,0.9994576545583325
O=C(O)c1ccc(/C=C/c2ccc([N+](=O)[O-])o2)cc1,1,1,0.9648859130655149
CS(=O)(=O)OC1CN(C(c2ccccc2)c2ccccc2)C1,1,1,0.9114004792117983
O=NN1CCC(=O)NC1=O,1,1,0.9789321552989625
C[C@H]1CN(N=O)C(=O)NC1=O,1,1,0.998198923123615
CC1CN(N=O)C(=O)NC1=O,1,1,0.997482537130565
O=C(CCCN1CCN(c2ccccn2)CC1)c1ccc(F)cc1,0,0,0.037339924920486885
CC1=NN(c2ccccc2)C(=O)C1,0,0,0.053675632489654
Nc1ccn(C2C=C(CO)C(O)C2O)c(=O)n1,0,0,0.020237018026329826
O=C1C=Cc2ccc3c4c(ccc1c24)C(=O)C=C3,1,1,0.9860409769970778
O=C1OC(=O)c2c(Cl)c(Cl)c(Cl)c(Cl)c21,0,0,0.05010506687898784
O=C1OC(=O)c2cc([N+](=O)[O-])ccc21,1,1,0.9779496418576971
O=C(O)c1ccc2c(c1)C(=O)OC2=O,0,0,0.04293516743789453
O=C1OC(=O)c2ccccc21,0,0,0.03262839057552585
O=C1OC(=O)c2c(Br)c(Br)c(Br)c(Br)c21,0,0,0.03358514264881084
CC(=O)N(O)c1ccc(Sc2ccccc2)cc1,1,1,0.9759156668565047
Nc1ccc(Sc2ccccc2)cc1,1,1,0.9590661871150534
Oc1ccc(Cl)cc1Sc1cc(Cl)ccc1O,0,0,0.0883090524379534
Nc1ccc(Sc2ccc([N+](=O)[O-])cc2)cc1,1,1,0.98261887566865
O=[N+]([O-])c1cc(Cl)cc(Sc2cc(Cl)cc([N+](=O)[O-])c2O)c1O,0,0,0.10184303264945851
Cc1cc(O)c(C(C)(C)C)cc1Sc1cc(C(C)(C)C)c(O)cc1C,0,0,0.008881240005970164
Nc1ccc(Sc2ccc(N)cc2)cc1,1,1,0.9829712537824309
Oc1c(Cl)cc(Cl)cc1Sc1cc(Cl)cc(Cl)c1O,0,0,0.03055846395335334
CC(=O)ON(C(C)=O)c1ccc(Sc2ccccc2)cc1,1,1,0.9485519532830765
O=Nc1ccc(Sc2ccccc2)cc1,1,1,0.9558247617425083
O=[N+]([O-])c1ccc(Sc2ccccc2)cc1,1,1,0.9613479132754413
ONc1ccc(Sc2ccccc2)cc1,1,1,0.9828013286584965
CC(=O)Nc1ccc(Sc2ccccc2)cc1,1,1,0.9517289868792125
CC(C)(C)C(=O)C(Oc1ccc(Cl)cc1)n1ccnc1,0,0,0.04200483329821013
Cc1ccc2ccccc2n1,1,1,0.9646794791191283
Cc1cccc2cccnc12,1,1,0.9954813964391811
CC(=O)Nc1cnc2ccccc2c1,0,0,0.1699924622318734
O=S(=O)(NO)c1cccc2cccnc12,0,0,0.026822947485567745
O=C(O)c1cc([N+](=O)[O-])cc2cccnc12,1,1,0.9552493563691599
Oc1cc(O)c2ccccc2n1,1,1,0.8189723544250762
Fc1ccc2ncccc2c1,1,1,0.9523263764951401
Cc1cc(C(=O)O)c2ncccc2c1,0,0,0.01777638764492767
CCN(CC)CCC[C@@H](C)Nc1ccnc2cc(Cl)ccc12,1,1,0.9905022743965637
Clc1cnc2ccccc2c1,0,0,0.1908820944235761
Fc1cccc2cccnc12,1,1,0.9605124055518461
CCN(CC)CCCC(C)Nc1cc(OC)cc2cccnc12,1,1,0.9893248300797192
Oc1cnc2ccccc2c1,0,0,0.030893546943982865
COc1c(C(=O)O)c(O)nc2ccccc12,0,0,0.026086748425705988
CCc1cccc2cccnc12,1,1,0.6352570581478666
O=S(=O)(O)c1ccc(O)c2ncccc12,1,1,0.8299570662023446
Oc1cccc2ncccc12,1,1,0.7251211714231774
Oc1c(I)cc(Cl)c2cccnc12,0,0,0.0218622103681009
Nc1ccnc2ccccc12,0,0,0.30835192908834347
Cc1ccc2cccnc2c1,1,1,0.9984027441076337
Oc1ccnc2ccccc12,0,0,0.21512408432331578
CNc1c(C)cc2ncccc2c1N,0,0,0.05736579294066545
Cc1cc(C)c2cc(C)c(N)cc2n1,1,1,0.9674220483103779
Cc1cnc2ccccc2c1,1,1,0.9968474382553879
COc1cc(NC(C)CCCN)c2ncccc2c1,1,1,0.9787302439854638
Fc1ccc2ccccc2n1,0,0,0.09345549263078641
Nc1ccc2ncccc2c1,0,0,0.3830943159516821
CN(C)CCNS(=O)(=O)c1cccc2cccnc12,0,0,0.034764804914424
Clc1cccc2ncccc12,1,1,0.9865333182185888
Fc1ccc2ncccc2c1F,1,1,0.9630843856128122
COc1cc(N[C@H](C)CCCN)c2ncccc2c1,1,1,0.9792725894271314
Nc1cccc2ncc(F)cc12,1,1,0.9453804108847879
CC(=O)Nc1ccnc2ccccc12,0,0,0.12433687114033547
Oc1ccc2cccnc2c1,0,0,0.05941618688685565
Fc1cc(F)c2ncccc2c1,1,1,0.9350194665258537
Oc1ccc2ccccc2n1,0,0,0.04098834485575226
CCN(CC)CCCC(C)Nc1ccnc2cc(Cl)ccc12,1,1,0.9899599289548963
CCOC(=O)c1cccc2cccnc12,0,0,0.01832463852041961
Fc1cnc2ccccc2c1,0,0,0.1448762034807475
CC(=O)Nc1cccc2cc(F)cnc12,1,1,0.9197939626229313
Nc1ccc2ccccc2n1,1,1,0.9461004742865504
Fc1cnc2cccc(F)c2c1,0,0,0.28303424232710883
Nc1cccc2ncccc12,1,1,0.7112468450652935
c1ccc2ncccc2c1,1,1,0.9126154009160543
Fc1ccnc2ccccc12,1,1,0.9897873908685939
Nc1cccc2cccnc12,1,1,0.901741073085976
Cc1ccnc2ccccc12,1,1,0.9948208141423838
Clc1ccnc2ccccc12,1,1,0.950998934755473
COc1cc([N+](=O)[O-])c2ncccc2c1,1,1,0.9846786923498911
N#Cc1cccc2cccnc12,1,1,0.9556993188275869
Fc1ccc(F)c2ncccc12,1,1,0.9433517847833738
Fc1ccc2cccnc2c1F,1,1,0.9642139874281243
CNc1ccc2ncccc2c1N,0,0,0.044162018687549646
CC(=O)Nc1ccc2ncccc2c1,1,1,0.8761535138051881
Clc1cccc2cccnc12,1,1,0.8952092708330598
O=C(O)c1cc(Br)cc2cccnc12,0,0,0.014258403242186126
CC(=O)Nc1ccc2ccccc2n1,0,0,0.09320449841660851
NS(=O)(=O)c1cccc2cccnc12,0,0,0.029783966064662985
CC(=O)Oc1cccc2cccnc12,0,0,0.03041234510666656
Fc1cc(F)c2cccnc2c1,1,1,0.924036795714404
Fc1cccc2ncccc12,1,1,0.9889484710093983
O=Cc1cccc2cccnc12,1,1,0.9363340421316328
O=[N+]([O-])c1ccnc2ccccc12,1,1,0.9937971865894016
CCN(CC)CCC[C@@H](C)Nc1cc(OC)cc2cccnc12,1,1,0.99124844082225
NC(=O)Nc1cccc2cccnc12,0,0,0.05519683295744102
O=C(O)c1cc(O)c2ccccc2n1,0,0,0.024195694390238782
Clc1ccc2ccccc2n1,0,0,0.06715977921890463
Nc1ccc2cccnc2c1,1,1,0.7913759714583354
CCc1ccnc2ccccc12,0,0,0.3340291498687848
Oc1c(Cl)cc(Cl)c2cccnc12,0,0,0.02484706107866388
Fc1ccc2cccnc2c1,1,1,0.9470534196920428
O=[N+]([O-])c1cccc2cccnc12,1,1,0.9930712439512354
Cc1ccc2ncccc2c1,1,1,0.9982287035562514
O=S(=O)(O)c1cccc2cccnc12,0,0,0.05034959125401508
CC(=O)Nc1cccc2ncccc12,0,0,0.1684995788336506
CCOc1cccc2cccnc12,0,0,0.04729288790045676
Cc1c(Cl)cnc2ccccc12,0,0,0.09370844324171194
CCCCOC(=O)c1cccc2cccnc12,0,0,0.02377978255884408
OCc1ccnc2ccccc12,0,0,0.05435652387402626
CC(=O)Nc1ccc2cccnc2c1,1,1,0.9041034403357012
Oc1cccc2cccnc12,1,1,0.8050520977705351
O=[N+]([O-])c1ccc2ncccc2c1,1,1,0.9937971865894017
O=C(O)c1cc(O)c2cccc(O)c2n1,0,0,0.03823542097034012
O=C(O)c1cc(I)cc2cccnc12,0,0,0.025600701571950782
Oc1ccc2ncccc2c1,0,0,0.04701823819716585
Nc1cnc2ccccc2c1,1,1,0.9322785910447652
Clc1ccc2ncccc2c1,1,1,0.9078146809584965
O=C(O)c1cccc2cccnc12,0,0,0.017841605411189582
CC(=O)Nc1cccc2cccnc12,1,1,0.6306595289895
Cc1cccc2ncccc12,1,1,1.0
O=C1c2ccccc2-c2cc3ccccc3cc21,1,1,0.9586666330364166
COc1ccc(-c2nc(-c3ccc(OC)cc3)c(-c3ccc(OC)cc3)[nH]2)cc1,1,1,0.9465458549858751
COc1ccc(-c2nc(-c3ccc(C)cc3)c(-c3ccc(C)cc3)[nH]2)cc1OC,1,1,0.9948005903548637
COc1cc(-c2nc(-c3ccccc3)c(-c3ccccc3)[nH]2)ccc1O,1,1,0.9549588897059768
COc1ccc(-c2nc(-c3ccc(C)cc3C)[nH]c2-c2ccc(OC)cc2)cc1,1,1,0.9867965674313242
c1ccc(-c2nc(-c3ccccc3)c(-c3ccccc3)[nH]2)cc1,1,1,0.9513386842132495
COc1ccc(-c2nc(-c3ccccc3)c(-c3ccccc3)[nH]2)cc1OC,1,1,0.97686756393673
COc1ccc(-c2nc(-c3ccccc3)c(-c3ccccc3)[nH]2)cc1,1,1,0.9798945379380235
Cc1ccc(-c2nc(-c3ccc(C)cc3C)[nH]c2-c2ccc(C)cc2)cc1,1,1,0.9600924613397681
CCC(=O)N(c1ccc(Cl)c(Cl)c1)C1CCCC1N(C)C,0,0,0.029905873526779394
CCN(Cc1cccc(S(=O)(=O)O)c1)c1ccc(C(=C2C=CC(=[N+](CC)Cc3cccc(S(=O)(=O)O)c3)C=C2)c2ccc(O)cc2S(=O)(=O)O)cc1,0,0,0.18735782908791845
CCN(Cc1cccc(S(=O)(=O)O)c1)c1ccc(C(=C2C=CC(=[N+](CC)Cc3cccc(S(=O)(=O)O)c3)C=C2)c2ccccc2S(=O)(=O)O)cc1,1,1,0.8966362379466168
CCN(Cc1cccc(S(=O)(=O)O)c1)c1ccc(C(=C2C=CC(=[N+](CC)Cc3cccc(S(=O)(=O)O)c3)C=C2)c2ccc(S(=O)(=O)O)cc2)cc1,1,1,0.9149605386414795
C[n+]1ccc(-c2ccccc2)cc1,0,0,0.053091147096257875
CNC1C(OC2C(OC3C(O)C(O)C(N=C(N)N)C(O)C3N=C(N)N)OC(C)C2(O)C=O)OC(CO)C(O)C1O,1,1,0.88926213740827
CN(C)c1ccc(/C=C/C(=O)c2ccccc2)cc1,0,0,0.0600891459178156
O=C(/C=C/c1ccccc1)c1ccccc1,0,0,0.020529430804095115
COc1ccc(/C=C/C(=O)c2ccccc2)cc1,0,0,0.007609795606504237
O=C(/C=C/c1ccc([N+](=O)[O-])cc1)c1ccccc1,1,1,0.8278045846858457
O=C(/C=C/c1cccc([N+](=O)[O-])c1)c1ccccc1,0,0,0.224346765046804
O=C(/C=C/c1ccccc1[N+](=O)[O-])c1ccccc1,0,0,0.1639839332246593
O=C(/C=C/c1ccc(Br)cc1)c1ccccc1,0,0,0.006480634705996955
COc1ccc(C(=O)/C=C/c2ccccc2)cc1,0,0,0.00525969887549091
O=C(/C=C/c1ccc(O)cc1)c1ccccc1,0,0,0.008257233480892405
CC(=O)Nc1ccc(C(=O)/C=C/c2ccccc2)cc1,0,0,0.2886928567638949
O=C(/C=C/c1ccc(F)cc1)c1ccccc1,0,0,0.011619454694080298
O=C(/C=C/c1ccccc1)c1ccc([N+](=O)[O-])cc1,1,1,0.8419237075405774
O=C(/C=C/c1ccc([N+](=O)[O-])cc1)c1ccc([N+](=O)[O-])cc1,1,1,0.961518015074236
CC(=O)Nc1ccc(/C=C/C(=O)c2ccccc2)cc1,1,1,0.6700807405911882
O=C(/C=C/c1ccccc1)c1ccc(O)cc1,0,0,0.009006082071503673
O=C(/C=C/c1ccccc1)c1ccc(Br)cc1,0,0,0.0075592870375443535
O=C(/C=C/c1ccccc1)c1ccc(F)cc1,0,0,0.01018919322788835
O=C(/C=C\c1ccc(O)c(O)c1)O[C@@H]1C[C@](O)(C(=O)O)C[C@H](O)[C@H]1O,0,0,0.009307182637188343
O=C(C=Cc1ccc(O)c(O)c1)OC1CC(O)(C(=O)O)CC(O)C1O,0,0,0.009307182637188343
CCCCCCCCCCCCCC(=O)O[C@@H]1[C@H](C)[C@]2(O)[C@@H](C=C(CO)C[C@@]3(O)C(=O)C(C)=C[C@@H]23)[C@H]2C(C)(C)[C@@]12OC(C)=O,0,0,0.007417003538585705
CCCCCCCCCCCCCC(=O)OC1C(C)C2(O)C(C=C(CO)CC3(O)C(=O)C(C)=CC32)C2C(C)(C)C12OC(C)=O,0,0,0.007948320064152931
O=C(/C=C/c1ccc(Oc2ccccc2)cc1)c1ccccc1,0,0,0.03595886194014392
O=C(OCC1CO1)C1CCCCC1C(=O)OCC1CO1,1,1,0.9818293893743191
O=C(OC[C@H]1CO1)[C@H]1CCCC[C@@H]1C(=O)OC[C@H]1CO1,1,1,0.9828842998250178
C=CC(=O)N(C[C@H]1CO1)C[C@H]1CO1,1,1,0.985641389209076
C=CC(=O)N(CC1CO1)CC1CO1,1,1,0.983705608859061
Nc1ccc(S(=O)(=O)Nc2cnc3c(Cl)cccc3n2)cc1,0,0,0.03660285092376056
c1ccc2c(c1)cc1c3c2ccc2cccc(c23)C2NC12,1,1,0.9931105810289881
NC1(C(=O)O)CCCC1,0,0,0.03568820834377217
C1CCCC1,0,0,0.016966611875787893
O=[N+]([O-])C1CCCC1,1,1,0.8634580072231298
CC1CCCC1,0,0,0.011690853587236831
C/C(=C(/OCCOc1ccc(Cl)cc1)c1ccc(Cl)cc1Cl)n1ccnc1,0,0,0.05486654929323947
Cn1c(=O)c2nc[nH]c2n(C)c1=O,0,0,0.019023774337827492
O=C1C=Cc2ccc3c(ccc4ccccc43)c2C1=O,1,1,0.9819839094300292
Cc1ccc2cc3c(ccc4ccccc43)c3c2c1CC3=O,1,1,0.98619329129586
OC1C=Cc2c(ccc3cc4c(ccc5ccccc54)cc23)C1O,1,1,0.9950978680642396
O=[N+]([O-])c1cccc(S(=O)(=O)OC[C@H]2CO2)c1,1,1,0.9933773750138799
O=[N+]([O-])c1cccc(S(=O)(=O)OCC2CO2)c1,1,1,0.9944322854645786
Cc1ccc(S(=O)(=O)OCC2CO2)cc1,1,1,0.9507584541787303
Cc1cc([N+](=O)[O-])c(C)c2c1[nH]c1ccc(O)cc12,1,1,0.9818296149961908
Cc1ccc(C)c2c1[nH]c1ccc([N+](=O)[O-])cc12,1,1,0.9978603986659663
Nc1cc2[nH]c3ccccc3c2cc1[N+](=O)[O-],1,1,0.9985672280139
O=[N+]([O-])c1ccc2[nH]c3ccccc3c2c1,1,1,0.9981989231236149
Cn1c2ccccc2c2ccc([N+](=O)[O-])cc21,1,1,0.9983729636749974
Cn1c2ccccc2c2ccccc21,1,1,0.920012421348405
c1ccc2c(c1)[nH]c1ccccc12,0,0,0.10948620982869281
Cc1cc(N)c(C)c2c1[nH]c1ccc(O)cc12,1,1,0.9819559060313567
O=[N+]([O-])c1ccc2[nH]c3c([N+](=O)[O-])cccc3c2c1,1,1,0.9932033344624974
CC(C(=O)O)c1ccc2c(c1)[nH]c1ccc(Cl)cc12,0,0,0.06671927382437469
Cc1cc([N+](=O)[O-])c(C)c2c1[nH]c1ccc([N+](=O)[O-])cc12,1,1,0.9963978462472299
Cc1ccc(C)c2c1c1ccccc1n2C,1,1,0.9613116300748611
Nc1ccc2[nH]c3ccccc3c2c1,1,1,0.9919743834604162
CC(=O)c1ccc2[nH]c3c(C)cc([N+](=O)[O-])c(C)c3c2c1,1,1,0.9794269768462853
O=[N+]([O-])c1cc2c([nH]c3ccccc32)c([N+](=O)[O-])c1O,1,1,0.9641313342013644
Nc1ccc2c(c1)[nH]c1ccccc12,1,1,0.9893793906421282
Cc1cc(N)c(C)c2c1[nH]c1ccccc12,1,1,0.9863652895401662
O=[N+]([O-])c1ccc2[nH]c3c([N+](=O)[O-])c(O)c([N+](=O)[O-])cc3c2c1,1,1,0.9887920412831678
O=[N+]([O-])c1c(O)ccc2c1[nH]c1ccccc12,0,0,0.3408845878387064
Cc1c([N+](=O)[O-])cc(C)c2c1c1ccccc1n2C,1,1,0.9934941094039296
CC(C)NCC(O)COc1cccc2[nH]c3ccccc3c12,0,0,0.062093453991568855
Cc1ccc(C)c2c1[nH]c1ccccc12,1,1,0.9739520157443735
Cn1c2ccccc2c2cc([N+](=O)[O-])ccc21,1,1,0.9983729636749974
O=[N+]([O-])c1cc2c(cc1O)[nH]c1ccccc12,1,1,0.7666612141602961
O=[N+]([O-])c1ccc2c(c1)[nH]c1ccccc12,1,1,0.9981989231236149
Nc1cc2c(cc1[N+](=O)[O-])[nH]c1ccccc12,1,1,0.9989450895493013
O=[N+]([O-])c1ccc2[nH]c3ccc([N+](=O)[O-])cc3c2c1,1,1,0.9923426883507014
Nc1ccc2c([nH]c3ccccc32)c1[N+](=O)[O-],1,1,0.9900018789950165
COc1ccc2[nH]c3c(C)cc(N)c(C)c3c2c1,1,1,0.992312907918065
O=[N+]([O-])c1cccc2c1[nH]c1ccccc12,1,1,0.9889602823584542
CCn1c2ccccc2c2cc(N)ccc21,1,1,0.9968328813074081
Nc1ccc2[nH]c3ccccc3c2c1[N+](=O)[O-],1,1,0.9930197372659987
Cc1ccc2[nH]c3c(C)ccc(C)c3c2c1,1,1,0.956905822151504
Cn1c2ccccc2c2cc(N)ccc21,1,1,0.9883268675319253
Cc1cc([N+](=O)[O-])c(C)c2c1[nH]c1ccccc12,1,1,0.9961188826548539
c1ccc(CNc2[nH]cnc3ncnc2-3)cc1,0,0,0.1257821794911763
O=C1NC2(CCCCC2)C(=O)N1CCN1CC1,1,1,0.9214874148977029
CC(NC(=O)Cc1cnc(C)nc1N)=C(CCOC(=O)c1ccccc1)SC(=O)c1ccccc1,0,0,0.015514624156995598
CCCCCCCCCCCCCCCCCC1=NCCN1CCO,0,0,0.014224507382101697
OC1C=CC=CC1O,1,1,0.8749338336669701
OCC(O)C(O)C(OC1OC(CO)C(O)C(O)C1O)C(O)CO,0,0,0.009232849140614714
CN(N=O)C(=O)NC1C(O)OC(CO)C(O)C1O,1,1,0.9565760184105679
OC[C@@H](O)[C@@H](O[C@H]1O[C@H](CO)[C@@H](O)[C@H](O)[C@H]1O)[C@H](O)[C@@H](O)CO,0,0,0.006397580492710759
O=NN(CC(=O)O)CC1(O)OCC(O)C(O)C1O,0,0,0.022602619750401676
C[N+]([O-])=NC[C@H]1O[C@@H](CO)[C@H](O)[C@@H](O)[C@@H]1O,0,0,0.058958828572041704
[N-]=[N+]=NCC1OC(O)C(O)C(O)C1O,1,1,0.9547894984821629
O=NN(CC(=O)O)C[C@]1(O)OC[C@@H](O)[C@@H](O)[C@H]1O,0,0,0.020746415652991547
CCN(CC)C(=S)SC1OC(CO)C(O)C(O)C1O,0,0,0.029863177808874316
c1ccc(Nc2cccc3ccccc23)cc1,0,0,0.09757020397166226
O=[N+]([O-])c1ccc(-n2nc(-c3ccccc3)n[n+]2-c2ccc(I)cc2)cc1,0,0,0.1024818948058286
CC(Cc1ccc(O)c(O)c1)C(C)Cc1ccc(O)c(O)c1,0,0,0.039173053673724874
c1ccc2c(c1)ccc1c2ccc2ccc3ccccc3c21,1,1,0.8653962970953046
COc1cc([C@@H]2c3cc4c(cc3[C@@H](O[C@@H]3O[C@@H]5CO[C@@H](c6cccs6)O[C@H]5[C@H](O)[C@@H]3O)[C@H]3COC(=O)[C@@H]23)OCO4)cc(OC)c1O,1,1,0.8183830054560863
COC12C(=COC(N)=O)c3c(O)c(N)c(C)c(O)c3N1CC1NC12,1,1,0.95174424711904
C(=N/NC1=NCCN1)\c1c2ccccc2c(/C=N/NC2=NCCN2)c2ccccc12,1,1,0.9209240464952831
c1ccc2c(c1)CCNC2,0,0,0.034491972377744436
COc1cc2c(cc1OC)CN(N=O)CC2,1,1,0.9234219580557499
COC(O)=C1C(C)=NC(C)=C(C(=O)OC/C=C/c2ccccc2)[C@@H]1c1cccc([N+](=O)[O-])c1,0,0,0.04108004064464295
NC1CCN(c2nc3c(cc2F)c(=O)c(C(=O)O)cn3-c2ccc(F)cc2F)C1,1,1,0.9348553373145204
O=NN(c1ccc([N+](=O)[O-])cc1)C1OC(CO)C(O)C1O,1,1,0.988809877730192
O=NN(c1ccc([N+](=O)[O-])cc1)[C@@H]1O[C@H](CO)[C@@H](O)[C@H]1O,1,1,0.9909373094567417
CC12OOC1(C)c1c(ccc3ccccc13)O2,0,0,0.09253105202992691
COc1c(O)c2c(c3cc(C(=O)N4CCc5c4c(O)c(OC)c4[nH]c(C(=O)N6CC7CC78C6=CC(=O)c6[nH]cc(C)c68)cc54)[nH]c13)CCN2C(N)=O,0,0,0.043348071604431736
O=C1OCCN1P(=O)(Cl)N1CCOC1=O,1,1,0.9524229800829855
CC(CNC(=O)c1cccnc1)NC(=O)c1cccnc1,0,0,0.0530234298728252
O=[N+]([O-])c1cc[n+]([O-])cc1,1,1,0.9392351556836259
C[n+]1cccc(C(=O)O)c1,0,0,0.01997163625589912
C#CCOCC[n+]1ccccc1/C=N/O,0,0,0.038688670348736735
CN(C)C(=O)Oc1ccc[n+](C)c1,0,0,0.05032779162886488
CC1C=Cc2ccc3ccc4ccccc4c3c21,0,0,0.3465424402415361
CC1=CC(=O)CC(C)(C)C1,0,0,0.014967288351015424
CC(C)=CCC[C@@](C)(O)[C@H]1CCC=CC1=O,1,1,0.8028159770701072
C=C(C)[C@@H]1CC=C(C)C(=O)C1,0,0,0.004473426392915613
C=C(C)C1CC=C(C)C(=O)C1,0,0,0.004473426392915613
O=C1C=CCCC1,0,0,0.05780976578939943
c1cc(OCC2CO2)cc(OCC2CO2)c1,1,1,0.9939101638104312
c1cc(OC[C@H]2CO2)cc(OC[C@H]2CO2)c1,1,1,0.9944525092520987
O=C1OC(O)C(C(Cl)Br)=C1Cl,1,1,0.995414666269288
O=C1OC(O)C(C(Br)Br)=C1Cl,1,1,0.9973478336569351
O=C1OCC(CBr)=C1Cl,1,1,0.9909099163646012
O=C1OC(O)C(C(Cl)Cl)=C1Cl,1,1,1.0
O=C1OCC(Br)=C1Br,1,1,0.9887824846380516
CCC1=C(C(=O)OC)C(=O)OC1C,1,1,0.9260172650941619
O=C1OCC(C(Cl)Cl)=C1Cl,1,1,0.9954363925218883
COC(=O)C1=C(C)C(C(C)C)OC1=O,1,1,0.9292253163149026
CC(C)OC1OC(=O)C(Cl)=C1Cl,1,1,0.9655569809211483
O=C1OCC(C(Br)Br)=C1Cl,1,1,0.9915826682688827
O=C1C=C(CCl)CO1,1,1,0.9581116770724605
O=C1OC(O)C(Cl)=C1Cl,1,1,0.9790649491020723
O=C1OCC(C(Br)Br)=C1Br,1,1,0.9862657250604643
O=C1OC(O)C(CCl)=C1Cl,1,1,0.9937876299442854
COC(=O)C1=C(C)C(C)(O)OC1=O,0,0,0.12379385007654138
O=C1C=C(CCl)C(O)O1,1,1,0.9770866084054054
O=C1OC(O)C(C(Br)Br)=C1Br,1,1,0.985291398435791
CC1=C(Cl)C(=O)OC1O,1,1,0.9773268452265602
O=C1C=CCO1,0,0,0.08718595451477179
O=C1O[C@@H](O)C(C(Cl)Cl)=C1Cl,1,1,1.0
O=C1OCC(CCl)=C1Cl,1,1,0.9954242229144042
COC1OC(=O)C(Cl)=C1C(Cl)Cl,1,1,0.990662461291814
O=C1OCC(CBr)=C1Br,1,1,0.9900056361640367
O=C1OC(C(O)CO)C(O)=C1O,0,0,0.024264118547331022
O=C1OCC(CCl)=C1Br,1,1,0.9948303707875001
O=C1OCC(Cl)=C1Cl,1,1,0.9900805531505219
O=C1OC(O)C(CBr)=C1Br,1,1,0.9739757710790415
C1COC1,1,1,0.9249694721050027
c1cnc2c(c1)C1OC1C1OC21,0,0,0.04889753736652694
Cn1c([N+](=O)[O-])nc2ccccc21,1,1,0.9660371217218794
Cn1c(N)nc2cc(O)ccc21,0,0,0.12877415932693884
COc1ccc2[nH]c(N)nc2c1,0,0,0.1607929782701406
COC(=O)Nc1nc2ccccc2[nH]1,1,1,0.9103443315691313
NC(=O)Nc1nc2ccccc2[nH]1,1,1,0.9184794274919613
Cc1ccc2c(c1)nc(N)n2C,1,1,0.9788630377885738
Cn1c(N)nc2cc(Cl)ccc21,1,1,0.9606306913539878
Cc1nc2cc(Cl)ccc2[nH]1,1,1,0.9139009415626128
Nc1nc2cc(Cl)ccc2[nH]1,0,0,0.12957470121619802
CCCCNC(=O)n1c(NC(=O)OC)nc2ccccc21,0,0,0.04961157502754199
COc1ccc2c(c1)nc(N)n2C,1,1,0.9252736494588235
Cn1cnc2ccc([N+](=O)[O-])cc21,1,1,0.8122980329414521
Cc1ccc2[nH]c(N)nc2c1,1,1,0.8725572260638139
Cn1c(N=[N+]=[N-])nc2ccccc21,1,1,0.9771858646068584
O=[N+]([O-])c1nc2ccccc2[nH]1,1,1,0.9825498907948174
[N-]=[N+]=Nc1nc2ccccc2[nH]1,1,1,0.9649641095510443
N#Cc1ccc2[nH]c(N)nc2c1,1,1,0.9477626363804726
c1ccc2[nH]cnc2c1,0,0,0.04402722496330072
Cn1c(N)nc2cc(C#N)ccc21,1,1,0.9903080100576611
Cn1c(N)nc2ccc(C#N)cc21,1,1,0.991024396050711
Cn1c(N)nc2ccccc21,1,1,0.9403075178966892
Cn1cnc2cc([N+](=O)[O-])ccc21,0,0,0.435486425160752
Sc1nc2ccccc2[nH]1,0,0,0.03588307814844053
COC(=O)Nc1nc2cc(O)ccc2[nH]1,0,0,0.10492388717589175
Nc1nc2ccccc2[nH]1,0,0,0.10059242515802042
O=[N+]([O-])c1ccc2[nH]cnc2c1,1,1,0.9615645395903254
Nc1nc2cc(O)ccc2[nH]1,1,1,0.8664864958813446
CC1SCC(C(=O)NC(Cc2c[nH]cn2)C(=O)N2CCCC2C(N)=O)NC1=O,0,0,0.015555101926131994
COc1ccc2c(cc3c4c(cc5c(c42)OCO5)C(=O)C(=O)N3C)c1OC,1,1,0.9077553016767917
OC1C=Cc2c(ccc3c2sc2ccccc23)C1O,1,1,0.662832704670305
O=S1(=O)OCCCO1,1,1,0.9683913746321878
CC1CCOS(=O)(=O)O1,1,1,0.9931735540298613
C[C@H]1CCOS(=O)(=O)O1,1,1,0.9924571680368112
OCC1OC(n2cnc3c(NCC(O)COc4cccc5ccccc45)ncnc32)C(O)C1O,0,0,0.03682117878456112
CC(CCC(=O)O)C1CCC2C3C(=O)CC4CC(O)CCC4(C)C3CCC12C,0,0,0.008654472936859123
COC(=O)c1cc2c([nH]c3ccccc32)c(-c2ccc3c(n2)C(=O)C=CC3=O)n1,1,1,0.9466067489245013
c1scc2c1-c1cscc1C1OC21,1,1,0.9485662019528074
CCCc1cc2ccccc2c2ccc3c(c12)C1OC1C(O)C3O,0,0,0.16952423543129447
Cc1c(C)c2c3c(ccc2c2ccccc12)C(O)C(O)C1OC31,1,1,0.9949650742611298
Cc1cc2c3c(ccc2c2ccccc12)C(O)C(O)C1OC31,0,0,0.23895548437318145
OC1c2ccc3c(ccc4ccccc43)c2C2OC2C1O,1,1,0.9994576545583325
CCc1cc2ccccc2c2ccc3c(c12)C1OC1C(O)C3O,1,1,0.8740792953095186
Cc1cccc2c1cc(C)c1c3c(ccc12)C(O)C(O)C1OC31,1,1,0.9951688952451486
Cc1cc2ccccc2c2ccc3c(c12)C1OC1C(O)C3O,1,1,0.538027129801536
Cc1ccc2cc(C)c3c4c(ccc3c2c1)C(O)C(O)C1OC41,1,1,0.9905690045664568
Oc1ccc2ccc3c4c(ccc3c2c1)C(O)C(O)C1OC41,1,1,0.9631769230859628
Cc1cc2c(c3ccc4ccccc4c13)C1OC1C(O)C2O,0,0,0.2775883374457936
Cc1cccc(C)c1Nc1cc(Cl)nc(SCC(=O)NCCO)n1,0,0,0.035844293174375076
Cc1cccc(Nc2cc(Cl)nc(SCC(=O)O)n2)c1C,0,0,0.03443924586001587
CN1CCN(c2cc3c(cc2F)n2c(=O)n(O)c(=O)cc2n3C2CC2)CC1,1,1,0.9530967494992384
CN1CCN(c2cc3c(cc2F)n2c(=O)[nH]c(=O)cc2n3C2CC2)CC1,1,1,0.9527736741481181
CC1(c2ccccc2)C(=O)c2ccccc2N1O,0,0,0.07018116916357825
C=C1C(=O)C23CCC4C(C)(C(=O)O)CCCC4(C)C2CCC1(O)C3,1,1,0.7376696508203372
