smiles,label,prediction,score
O=C(NCCc1cnc[nH]1)c1ccc(-c2ncc3cnc(-c4cccc(F)c4)cn23)cc1,0,0,0.22150207228819496
Cc1cccc(N2CCN(c3nc4ccccc4c4nnc(C)n34)CC2)c1C,1,1,0.9111318557841037
Cc1ccc(S(=O)(=O)Nc2cnccc2C(=O)NCCc2ccccc2)cc1,1,1,0.6712085417877536
COc1ccc2[nH]c(=O)c(-c3noc(-c4ccccc4)n3)cc2c1,1,1,0.9232438028466855
COc1cccc(-c2nc(-c3cc4cc(OC)ccc4[nH]c3=O)no2)c1,1,1,0.9060197881072649
COc1ccc2[nH]c(=O)c(-c3noc(-c4ccc(F)cc4)n3)cc2c1,1,1,0.8946701969027862
N=c1c2c(ccn1CCc1ccccc1)Oc1ccc3ccccc3c1C2c1ccccc1,1,1,0.7347326358536713
CN1CCN(C2=Nc3cc(Cl)ccc3Nc3ccccc32)CC1,1,1,0.899381718263701
COc1cccc(C(=O)Nc2ccc3c(N4CCOCC4)ncnc3c2)c1,1,1,0.9112873140023678
O=C(Nc1ccc2c(N3CCOCC3)ncnc2c1)c1cccc(Br)c1,1,1,0.8732032199278514
Cc1ccc(S(=O)(=O)N2CCN(C(=O)c3cc4c(s3)CCC4)CC2)cc1,1,1,0.91816397446944
CC[C@H](CO)Nc1nc(NCc2ccccc2)c2ncn(C(C)C)c2n1,1,1,0.7670626781611444
Cc1ccc(S(=O)(=O)Nc2ccccc2C(=O)Nc2nccs2)cc1,1,1,0.5617439415096195
NC(=O)C1CCN(c2nc(-c3cccnc3)cs2)CC1,1,1,0.9222307326463919
COc1cccc(-n2nc(C(=O)O)cc2-c2ccc(C3CCCCC3)c(Cl)c2)c1,1,1,0.6513130758274153
CNC(=O)Cn1cc(-c2ccc3c(c2)C(F)CC32NC(=O)N(CC(=O)N(Cc3ccc(F)cc3)[C@@H](C)C(F)(F)F)C2=O)cn1,1,1,0.6336014079246681
Cc1cccc2c(C(=O)O)cc(-c3cccs3)nc12,1,1,0.5770195706099781
CCOC(=O)c1ccc(N2C(=O)c3[nH]nc(-c4ccc(OC)cc4)c3C2c2ccc(C)cc2)cc1,1,1,0.7972190969887376
CC1Oc2cc3c(-c4c(O)cc(O)c5c(O)c6c(cc45)OC(C)C(C)C6=O)c(O)cc(O)c3c(O)c2C(=O)C1C,0,0,0.13071951625944966
CN1CCCC1CCOC(c1cc2nccc(C(=O)O)c2[nH]1)c1ccccc1Cl,0,0,0.11653251667120273
CCOC(=O)Nc1cc(-c2ccc(C)c(NS(C)(=O)=O)c2)nn2c(C)nnc12,1,1,0.7508925884099054
CCCCC1CCC(C(=O)Nc2ccc(S(=O)(=O)Nc3nccs3)cc2)CC1,1,1,0.753673167132718
Cc1ccc(NC(=O)N2CCN(c3nc(N)nc4sc(-c5cccnc5)nc34)CC2)cc1,1,1,0.7583799173300332
CCN(CC)S(=O)(=O)c1ccc(N2CCCC2)c(NS(=O)(=O)c2ccccc2)c1,1,1,0.8524131223717467
CCN(CC)S(=O)(=O)c1ccc(N2CCCC2)c(NS(=O)(=O)c2ccc(C)cc2)c1,1,1,0.8683776361469279
CC(C)(C)OC(=O)N1CCN(c2ccc(NCc3ccc(-c4ccc(C#N)cc4)o3)cc2)CC1,1,1,0.8404877706233258
C[C@H]1CN(C(=O)c2nn(C)c3ccccc23)C[C@@H]1c1nc(-c2cccnc2)no1,1,1,0.9059935745340312
NS(=O)(=O)c1ccc(Cc2c(-c3cccc(-c4ccccc4)c3)nn(-c3nc(C(=O)O)cs3)c2CC2CC2)cc1,0,0,0.10790493539180042
Cc1ccc(S(=O)(=O)Nc2ccccc2C(=O)Nc2nc(-c3ccccc3)co2)cc1,1,1,0.7475336585710538
Cc1ccc(S(=O)(=O)Nc2cnccc2C(=O)Nc2nc(-c3cc4ccccc4o3)cs2)cc1,0,0,0.17725597703190213
Cc1ccc(S(=O)(=O)Nc2ccccc2C(=O)Nc2ccc(-c3ccccc3)nc2)cc1,1,1,0.7372318832432643
S=C(NCCCc1cnc[nH]1)NCCCN(Cc1ccc(Cl)c(Cl)c1)c1ccc(Br)cn1,1,1,0.7506691896726204
Fc1ccc(Nc2ccnc(-c3ccncc3)n2)cc1F,1,1,0.8743396843737224
Cc1ccc(CNc2ccccc2C(=O)Nc2nc(-c3ccccc3)cs2)cc1,1,1,0.6683380238351754
Fc1ccc(Nc2nccc(-c3ccncc3)n2)cc1F,1,1,0.8897185441925122
NC(=O)C1CCN(c2nc(-c3cccc4sc5ccccc5c34)cs2)CC1,1,1,0.822484693334328
Cc1cccc2nc(-c3cccnc3)c(Nc3ccc(C(C)C)cc3)n12,1,1,0.9442255999301206
CS(=O)(=O)c1ccc(-c2nnc(/C=C/c3nnc(-c4ccc(C#N)cc4)o3)n2-c2ccccc2Cl)nc1,1,1,0.7571034703521999
CCN1CCC(N(Cc2ccc3c(c2)OCO3)C(=O)Nc2cc(Cl)ccc2C(=O)OC)CC1,1,1,0.8570515270338407
COc1cccc(CN2CCCC(c3nc(-c4ccncc4)ncc3-c3ccccc3)C2)c1O,1,1,0.8050385781208951
Cc1nc(N2CCN(c3ccccn3)CC2)c2c(C)c(C(=O)Nc3ccc(F)cc3Cl)sc2n1,1,1,0.8024368650569765
CCOc1ccc(S(=O)(=O)NCc2cccnc2)cc1NC(=O)c1ccccc1F,1,1,0.7152697789004254
Cc1cccc(CN2CCN(c3ccccn3)CC2)c1,1,1,0.9037782982933042
Cc1cccc(-c2cc(NC(=O)c3ccccc3C)n(-c3ccccc3)n2)c1,1,1,0.7946447673240615
NC(=O)C1CCN(c2ncnc(-c3ccc4c(c3)OCCCO4)n2)CC1,1,1,0.924105158036921
COc1ccc(-c2nc(CS(=O)CC(=O)N3CCC4(CC3)OCCO4)c(C)o2)cc1,1,1,0.8814062001881036
Cc1noc(C)c1CN1CCNc2cc(Nc3ccccc3)ncc2C1,1,1,0.8050929349786577
CCN(CCCO)CCCOc1ccc2c(Nc3cc(CC(=O)Nc4cccc(F)c4)[nH]n3)ncnc2c1,0,0,0.14103179895253576
CCN(CCCOc1ccc2c(Nc3cc(CC(=O)Nc4cccc(F)c4)[nH]n3)ncnc2c1)CCOP(=O)(O)O,0,0,0.1048422303057645
Cc1ccccc1C(=O)N1CCc2cc(-c3csc(NC(=O)Cc4ccc5c(c4)OCO5)n3)ccc21,1,1,0.6291305495579773
Cc1ccccc1C(=O)N1CCc2cc(-c3nc(NC(=O)Cc4ccc5c(c4)OCO5)sc3C)ccc21,1,1,0.5849072037547307
Cc1cccc(C(=O)N2CCc3cc(-c4nc(NC(=O)Cc5ccc6c(c5)OCO6)sc4C)ccc32)c1,1,1,0.5990600255401597
Cc1sc(NC(=O)Cc2ccc3c(c2)OCO3)nc1-c1ccc2c(c1)CCN2C(=O)c1ccccc1F,0,0,0.2512547565874564
CCOc1ccc(CCNC(=O)c2cccc(C(=O)c3ccccc3)c2)cc1OCC,1,1,0.7517062556778058
Cc1cc(-c2cc3c(nc2-c2ccccc2)nc(C(=O)NCCN(C)C)n3C)ccn1,1,1,0.8530680824103081
O=c1cc(CN2CCCN(c3ccc(C(F)(F)F)cn3)CC2)nc2ccccn12,1,1,0.8747411151211963
CN1CCN(c2ccc(-c3cccc(CN4CCOCC4)c3)cc2NC(=O)c2c[nH]c(=O)cc2C(F)(F)F)CC1,0,0,0.1908298434250335
CC[C@@](C)(Nc1ccnc(-c2c[nH]c3ncccc23)n1)C(=O)NCC(F)(F)F,1,1,0.7910503154552992
CN(C)c1cccc(-c2cnc(N3CCC(C(N)=O)CC3)nc2)c1,1,1,0.9652495218970732
Nc1cc2nc3ccccc3oc-2cc1=O,1,1,0.7951544552336536
CC1(C)CC2CC(C)(CN2S(=O)(=O)c2ccc(C(=O)Nc3ccc(Cl)cc3)cc2)C1,1,1,0.8394027600989898
COc1ccccc1CNc1ccc(N2CCCCC2)cc1,1,1,0.8968716252632593
Cc1noc(C)c1C(=O)N1CCC2(CC1)CCN(C(c1ccccc1)c1ccccc1)CC2,1,1,0.7608355645224464
COc1ccccc1-c1cc2c(ccn2C)c(C(=O)NCC2CCN(C)C(=O)C2)n1,1,1,0.9058059740307308
Cc1cc(S(=O)(=O)Nc2cnccc2C(=O)Nc2nc(-c3ccccc3)cs2)c(C)o1,1,1,0.6392207574029377
CNc1oc(-c2cccc(-c3ccccc3)c2)nc1C#N,1,1,0.9668972391890557
CC(C)c1ccc(S(=O)(=O)c2cnc(SCC(=O)Nc3ccc4c(c3)OCCO4)[nH]c2=O)cc1,0,0,0.13230920380887348
Cc1cccc(N(C)c2nc3ccccc3c3nnc(C)n23)c1,1,1,0.9446373233822782
Cc1ccc(C(=O)Nc2nc(-c3ccccn3)cs2)cc1S(=O)(=O)N1CCOCC1,1,1,0.8302893881888734
O=C(Nc1nc(-c2ccccn2)cs1)c1cccc(S(=O)(=O)N2CCOCC2)c1,1,1,0.7773577663873296
Cc1ccc(S(=O)(=O)n2cc(C(=O)Nc3nc(-c4ccccc4)cs3)c3ccccc32)cc1,0,0,0.18300966889824458
Cc1ccc(-c2[nH]n3c(=O)c4c(nc3c2C)CCCC4)cc1,1,1,0.8468771538341227
C=C1[C@@H](C)C2[C@H](Cc3ccccc3)NC(=O)[C@@]23C(/C=C/C[C@H](C)C[C@@](C)(O)/C=C/[C@@H]3OC(C)=O)[C@@H]1O,1,1,0.7076261447143619
COc1ccc2[nH]c3c(c2c1)CCNC31CCN(S(=O)(=O)c2c(C)noc2C)CC1,1,1,0.8094265362563537
COc1ccc(CNC(=O)Cn2nc3c(cc2=O)CCCC3)cc1,1,1,0.9214964509504422
O=S(=O)(c1ccccc1)N1CCN(c2nc(-c3ccc(Br)cc3)cs2)CC1,1,1,0.7092501535859893
O=C(NC1CC1)c1nc(-c2cccnc2)c2ccccn12,1,1,0.9209664913051518
O=C(Nc1ccc2c(N3CCCCC3)ncnc2c1)c1cc(F)cc(F)c1,1,1,0.926723076646218
Cc1cn2c(N)c(Cl)cc(C(=O)NCC3CCN(CC(C)C)CC3)c2n1,1,1,0.8121460663954992
O=C(c1ccco1)N1CCN(c2nc(-c3ccc(Br)cc3)cs2)CC1,0,0,0.31907988637402585
O=C(CCCN1CCC(O)(c2cccc(C(F)(F)F)c2)CC1)c1ccc(F)cc1,1,1,0.8209102628663859
O=C(NC1CCCN(c2cc(-c3ccc(F)cc3)[nH]n2)C1)c1ccc2ncccc2c1,1,1,0.8283272033630327
O=C(NCc1ccncc1)c1nc(-c2cccnc2)c2cnccn12,0,0,0.33329648634691394
Cc1sc2c(c1C)C(c1ccc(Cl)cc1)=N[C@@H](CC(=O)Nc1ccc(OCCOCCOCCOCCNc3cccc4c3C(=O)N(C3CCC(=O)NC3=O)C4=O)cc1)c1nnc(C)n1-2,0,0,0.07903505566619744
COc1ccc(NC(=O)CCCc2nnc3n(CCC(C)C)c(=O)c4sccc4n23)cc1Cl,1,1,0.7784218222066958
Fc1cc(Nc2nc(-c3ccncc3)nc3ccccc23)ccc1-c1cncnc1,0,0,0.28357549195765186
COc1ccc(OC)c(CNc2ncnc3onc(C)c23)c1,1,1,0.9138282855193487
Oc1ccc(NCc2ccccc2OCc2ccccc2Cl)cc1,1,1,0.6539613699418568
Cc1nc(Sc2nnnn2C)c2c(-c3ccccc3)csc2n1,1,1,0.9659135912490341
Cn1nnnc1Sc1ncnc2scc(-c3ccc(F)cc3)c12,1,1,0.9443251568661286
Cn1nnnc1Sc1ncnc2scc(-c3cccc(S(C)(=O)=O)c3)c12,1,1,0.8771245233695159
CCn1nnnc1Sc1ncnc2scc(-c3ccc(C)cc3)c12,1,1,0.9614574960366814
Cn1nnnc1Sc1ncnc2scc(-c3ccccc3F)c12,1,1,0.9393191471455714
CC(=O)c1cccc(-c2csc3ncnc(Sc4nnnn4C)c23)c1,1,1,0.9258352789160915
O=C(CNC12CC3CC(CC(C3)C1)C2)c1ccc(Cl)cc1,1,1,0.8111755454935968
O=C(Cc1ccc(Cl)c(Cl)c1)Nc1ccc([S+](=O)([O-])Nc2ccccn2)cc1,1,1,0.7190412458827748
Cc1ccc2c(c1)[nH]c1c(N3CCN(Cc4ccccc4)CC3)ncnc12,1,1,0.9180158709632356
O=C(Nc1ccc(N2CCN(C(=O)c3ccccc3F)CC2)cc1)c1cncc(Br)c1,1,1,0.8249093906302385
COc1ccc2c(c1)/C(=C/c1cnc[nH]1)C(=O)N2,1,1,0.8370809137515667
CC(Cc1ccc(O)cc1)NCC(O)c1cc(O)cc(O)c1,0,0,0.15512284872212115
[2H]C([2H])(Nc1nc(-c2ccccc2C([2H])(C([2H])([2H])[2H])C([2H])([2H])[2H])ncc1C)c1ccc(-n2ccnn2)cc1,1,1,0.8218856537389706
Cc1cnc(-c2ccccc2C(C)(C)C)nc1NCc1ccc(-n2ccnn2)cc1,1,1,0.8499381986727385
CC(C)c1ccccc1-c1ncc(F)c(NC(C)(C)c2ccc(-n3ccnn3)cc2)n1,1,1,0.8255704015842024
Cc1cnc(-c2ccccc2C(C)C)nc1NCc1ccc(-n2ccnn2)cc1,1,1,0.8673591287971456
CC(C)c1ccccc1-c1ncc(F)c(NCc2ccc(-n3ccnn3)cc2)n1,1,1,0.8660473138516174
Cc1cnc(-c2ccccc2OC(C)C)nc1NCc1ccc(-n2ccnn2)cc1,1,1,0.8610539187413522
Fc1cnc(-c2ccccc2C(F)F)nc1NCc1ccc(-n2ccnn2)cc1,1,1,0.8559472596707587
Cc1cnc(-c2ccccc2C(F)F)nc1NCc1ccc(-n2ccnn2)cc1,1,1,0.8730758704178864
Cc1ccc(S(=O)(=O)Nc2ccccc2C(=O)Nc2ncc(-c3ccccc3)o2)cc1,1,1,0.7422314618965952
COc1cccc(CNc2ccc(S(=O)(=O)Nc3ncccn3)cc2)c1O,1,1,0.7885912763431269
CN(C)c1ccc2cc(C(=O)N[C@@H](CCCN=C(N)CCl)C(=O)NCc3ccccc3)ccc2c1,0,0,0.15605429594393153
O=C(Nc1nc(-c2ccccc2)cs1)c1ccncc1NS(=O)(=O)c1cccc2cccnc12,1,0,0.4918004396204801
CN1CCCN(C(c2ccccc2)c2ccc(Cl)cc2)CC1,1,1,0.8715106802030911
CC(C)CNc1ncnc2onc(-c3ccc(Cl)cc3)c12,1,1,0.9532756662501941
COCCNc1ncnc2onc(-c3ccc(F)cc3)c12,1,1,0.8800830843877067
NC(=O)C1CCN(c2nc(-c3ccc4ccccc4c3)cs2)CC1,1,1,0.9387369932071878
O=C(NCCc1ccccc1)C1CCN(c2nc(-c3ccc(Br)cc3)cs2)CC1,0,0,0.24521451279055687
CC(C)c1ccccc1-c1nc2c(c(NCc3ccc(-c4cccnc4)cc3)n1)CNC2,1,1,0.8608336286074391
Cc1cccc(-n2cnc3cc(C(=O)N4CCCC(C(C)C)C4)ccc32)c1,1,1,0.9465801267046448
Cc1cccc(-n2cnc3cc(C(=O)N4CCCCC4)ccc32)c1,1,1,0.9882288972430959
O=C(c1ccc2c(c1)ncn2-c1cccc(Cl)c1)N1CCCCC1,1,1,0.9872346190565733
COc1ccccc1-n1cnc2cc(C(=O)N3CCCCC3)ccc21,1,1,0.9659430394951891
CCOC(=O)c1ccc(-n2cnc3cc(C(=O)N4CCCCC4)ccc32)cc1,1,1,0.9070701216215256
Cc1cccc(-n2cnc3cc(C(=O)N4CCCC(C(F)(F)F)C4)ccc32)c1,1,1,0.8856736514106113
COc1ccc(-n2cnc3cc(C(=O)N4CCCCC4)ccc32)cc1,1,1,0.9700118189512119
Cc1cccc(-n2cnc3cc(C(=O)N4CCC(Br)CC4)ccc32)c1,1,1,0.9468214774952244
Cc1cccc(-n2cnc3cc(C(=O)N4CCCC(C)C4)ccc32)c1,1,1,0.976605461567857
Cc1cccc(-n2cnc3cc(C(=O)N4CCCC(C)(C)C4)ccc32)c1,1,1,0.9660010205611657
O=C(c1ccc2c(c1)ncn2-c1ccccc1)N1CCCCC1,1,1,0.9762775241867107
O=C(c1ccc2c(c1)ncn2-c1cccc(C(F)(F)F)c1)N1CCCCC1,1,1,0.9339524975671597
O=C(c1ccc2c(c1)ncn2-c1ccc(C(F)(F)F)cc1)N1CCCCC1,1,1,0.9256525620614431
CC(C)(C)c1ccc(-n2cnc3cc(C(=O)N4CCCCC4)ccc32)cc1,1,1,0.9524264251402438
O=C(c1ccc2c(c1)ncn2-c1ccc(Cl)cc1)N1CCCCC1,1,1,0.9874023255586002
Oc1cccc2nc3ccccc3nc12,1,1,0.8200809646715874
O=C(Nc1ccc([S+](=O)([O-])Nc2nccs2)cc1)c1ccccn1,0,0,0.1515888247549914
COc1ccc(CCN2C(=O)N(c3ccc(F)cc3)C(=O)C2CC(=O)Nc2ccc(F)c(F)c2)cc1,1,1,0.7830524310063695
NC(=O)C1CCN(c2nc(-c3ccc(OCc4ccccc4)cc3)cs2)CC1,0,0,0.33969039356443576
Cc1ccc(C(=O)Nc2cccc(C(F)(F)F)c2)cc1Nc1nc(-c2cccnc2)nc2c1cnn2C,1,1,0.6544563785417604
CC(=O)Nc1ccc(C(=O)Nc2ccccc2N)cc1,0,0,0.23369815134911615
COC(=O)c1ccccc1NC(=O)c1ccccc1OC(F)F,1,1,0.7996541243714361
CCOP(=O)(Cc1ccc(C(=O)Nc2ccc(Br)cc2C#N)cc1)OCC,1,1,0.7930463700199933
CCN(CC)S(=O)(=O)c1cccc(C(=O)Nc2ccc(C#N)cc2)c1,1,1,0.8696550828931668
COc1ccc(NC(=O)c2c(C)cccc2C)cc1[S+](=O)([O-])N(C)C,1,1,0.8749519564901992
Cc1cccc(C)c1C(=O)Nc1cccc([S+](=O)([O-])N(C)C)c1,1,1,0.9014747800685781
Cc1nc(NCc2ccco2)nc2c1C(=O)CC(C)C2,1,1,0.8874279619789873
Cc1cc(C)nc(NC(=S)N2CCN(c3ccncc3)CC2)c1,1,1,0.9314169705398675
CSc1ccc(C(=O)c2[nH]c(=O)[nH]c2C)cc1,1,1,0.7736659703326509
O=C1CCCCc2cc(O)c(O)cc21,1,1,0.6787264882003323
CCOC(=O)c1[nH]c(C)c(CCC(=O)N2CCN(c3cccc(C)c3C)CC2)c1C,1,1,0.9138909979838341
CCOC(=O)c1[nH]c(C)c(CCC(=O)N2CCN(c3cc(C)ccc3C)CC2)c1C,1,1,0.9122546986247199
CCOC(=O)c1[nH]c(C)c(CCC(=O)N2CCN(c3cc(Cl)ccc3C)CC2)c1C,1,1,0.9259330977875763
CCOC(=O)Nc1ccc(NCc2ccc(F)cc2)nc1N,1,1,0.7379480054359479
Cc1noc(C)c1-c1csc(N2CCC(C(N)=O)CC2)n1,1,1,0.9317070821579668
O=C(NCCN1CCOCC1)C1CC(=O)N(c2n[nH]c3cc(Br)ccc23)C1,0,0,0.17783568783626325
CCOC(=O)NNc1ccc(N(CC)CC(C)O)nn1,1,1,0.6577986037117296
CCOC(=O)C1=C(CN(CC)Cc2ccccc2)NC(=O)NC1c1ccc(OC(C)C)cc1,1,1,0.794815125257393
CC(=O)c1ccc(N2CCN(c3ccc(NC(=O)c4ccc(F)cc4)cc3C(=O)O)CC2)cc1,1,1,0.5969995818442296
CCOC(=O)C1CCN(c2ncc(-c3ccc4c(c3)OCCCO4)s2)CC1,1,1,0.8354277365952492
O=C(O)C1CCN(c2ncc(-c3ccc4c(c3)OCCCO4)s2)CC1,1,1,0.7038139987959846
NC1(c2ccc(NC(=O)c3ccnc(-c4cc(C(=O)O)ccn4)c3)cc2)CC1,0,0,0.12065894557219523
COC(=O)c1ccnc(-c2cc(C(=O)Nc3ccc(C4(N)CC4)cc3)ccn2)c1,1,1,0.6897613426213448
Fc1ccc(CN2CCOC[C@H]2c2ncc(-c3ccc(Cl)s3)[nH]2)cc1,1,1,0.8684888989574091
Cc1cc2c(C(N)=O)cccc2n1-c1nc2c(c(NCc3ccccc3)n1)COCC2,1,1,0.7976565916283123
O=c1[nH]nc(Sc2ncc([N+](=O)[O-])s2)n1-c1ccc2c(c1)OCCO2,1,1,0.779951895993851
O=C(NC[C@H]1Cn2c(-c3ccc(Cl)cc3)cnc2CO1)C1CCCC1,1,1,0.921448376986487
Cc1cc2ccccc2n1CC(=O)NC1CCCCC1,1,1,0.937836064224099
Cc1ccc2nc(-c3ccccn3)c(Nc3ccccc3C)n2c1,1,1,0.9673952508368333
Cc1cccc2nc(-c3ccccn3)c(Nc3ccc(F)cc3)n12,1,1,0.9282294235623739
CCN(CC)S(=O)(=O)c1ccc(N2CCOCC2)c(NC(=O)c2[nH]c(C)c(C(C)=O)c2C)c1,1,1,0.7493062070279336
CSc1nnc2c3ccccc3n(CCc3ccccc3)c2n1,1,1,0.9278061320082402
CCc1cccc(NC(=O)C(Cc2ccccc2)NS(=O)(=O)c2cccs2)c1,1,1,0.5995768432043945
C[C@@]12O[C@@H](C[C@]1(O)CO)n1c3ccccc3c3c4c(c5c6ccccc6n2c5c31)CNC4=O,0,0,0.17574200061319256
O=C(c1ccc(C(=O)N2CCC(N3CCCC3)CC2)c(Nc2ccccc2)c1)N1CCC(N2CCCC2)CC1,0,0,0.1925357711787102
CC(C)(C)C1CCc2c(sc(NC(=O)c3ccncc3)c2C(N)=O)C1,1,1,0.815114803676855
CCN(CC)CCNC(=O)c1c(C)[nH]c(/C=C2\C(=O)Nc3ccc(F)cc32)c1C,1,1,0.8164260150472211
O=C1Nc2ccccc2/C1=C/c1ccc[nH]1,1,1,0.8625348938235635
FC(F)(F)c1cccc(Sc2nc(-c3ccccc3)nnc2C(F)(F)F)c1,1,1,0.8177989168886317
COc1cc2nc(N3CCCC3)nc(NCCCCCN3CCCC3)c2cc1OC,0,0,0.21553508325932147
Cc1ccc(-c2cc(C(=O)Nc3ccc(S(=O)(=O)N(C)Cc4nccs4)cc3)c3ccccc3n2)cc1C,0,0,0.11477806858593459
Cc1ccc(-c2cc(C(=O)Nc3ccc(S(=O)(=O)NCc4nccs4)cc3)c3ccccc3n2)cc1C,0,0,0.08002350797695114
NC1(c2ccccc2Cl)CCCCC1=O,1,1,0.8242680530081172
CNC1(c2ccccc2Cl)CCCCC1=O,1,1,0.8719897427623984
CCOC(=O)c1c(NC(=O)CN2CCCCC2)sc2c1CCN(C(=O)OCC)C2,1,1,0.8549416040132989
O=C(NCc1ccco1)c1nc2nc(-c3cccs3)cc(C(F)(F)F)n2n1,1,1,0.8530667077648323
O=c1c2ccccc2nc2n1CCC2,1,1,0.863668076369346
CCCNC(=O)c1ccc2c(c1)N=C(C)c1c(C)ccc(C)c1S2,1,1,0.9325320271194402
CC[C@@H]1C(=O)N(C)c2cnc(Nc3ccc(C(=O)NC4CCN(C)CC4)cc3OC)nc2N1C1CCCC1,1,1,0.687450905806088
Cn1c(=O)cc(C(=O)NC2CCCc3c2[nH]c2c(Cl)cccc32)c2ccccc21,1,1,0.8557309148658989
O=C(NC1CC1)c1nc(-c2cccnc2)c2cnccn12,1,1,0.8455136141635132
Fc1ccc(Nc2nc(-c3ccnc4ccccc34)nc3ccccc23)cc1F,1,1,0.7475886924399773
CC(C)(C)C(=O)N1CCN(c2nccc(Nc3ccccc3Cl)n2)CC1,1,1,0.9329307772663352
CC#CC(=O)N1CCC[C@H]1c1nc(-c2ccc(C(=O)Nc3ccccn3)cc2)c2c(N)nccn12,1,1,0.7850970808253398
CNc1oc(-c2ccc(-c3ccccc3)cc2)nc1C#N,1,1,0.951496497982377
O=C1Nc2ccccc2C12CC2c1cc(Cl)c(O)c(Cl)c1,1,1,0.8646249081170564
Fc1cc(Nc2nc(-c3ccncc3)nc3ccccc23)ccc1-c1cccnc1,0,0,0.3009026972917855
O=C1c2ccccc2-n2c1nc1ccccc1c2=O,1,1,0.8340608289866082
CN(C)CCOC1=Cc2ccccc2Sc2ccc(Cl)cc21,1,1,0.8655300139524013
c1ccc2c(Nc3nccs3)nc(-c3ccncc3)nc2c1,1,1,0.9239175062466585
COc1ccc(OC)c(N2C(=O)C(Cl)=C(N3CCCCC3)C2=O)c1,1,1,0.9072952012885532
O=C(c1cccs1)c1nonc1C(=O)c1cccs1,1,1,0.842312185847926
Cc1ccc(-c2cc(C(=O)NC3CCCCC3)c3ccccc3n2)cc1,1,1,0.9181014871107354
Nc1ncnc2c1C(=O)N(c1ccc(C3CCC(CC(=O)O)CC3)cc1)CCO2,0,0,0.14470465096235438
CCOc1ccc(CCNC(=O)c2cc3sccc3n2CCN2CCN(C)CC2)cc1OCC,1,1,0.8239054713537708
CCN(CCN(C)C)C(=O)C1CCN(S(=O)(=O)c2c(C)noc2/C=C/c2ccccc2F)CC1,1,1,0.8649492348620751
O=C(Cc1c[nH]c2ncc(-c3ccc(Cl)cc3)cc12)NCc1cccnc1,1,1,0.8245835106375575
Cc1ccc(S(=O)(=O)Nc2cnccc2C(=O)Nc2nc(-c3ccc(Oc4ccccc4)cc3)cs2)cc1,1,0,0.2804288469813798
Cc1cccc(-c2noc([C@@H]3Cc4nc[nH]c4CN3C(=O)CC(C)(C)CC(=O)O)n2)c1,1,1,0.6325375593115061
Cc1cccc(-c2noc([C@@H]3Cc4nc[nH]c4CN3)n2)c1,1,1,0.8616405859433258
O=C(Nc1ccc(Cl)c(S(=O)(=O)N2CCOCC2)c1)c1ccc(S(=O)(=O)N2CCOCC2)cc1,1,1,0.7493294157532313
COc1ccc2c(ccn2CCC(=O)Nc2ccc3c(c2)C(=O)N2CCC[C@H]2C(=O)N3)c1,1,1,0.7867953269414911
O=C(Cc1ccc(Cl)c(Cl)c1)Nc1ccc(S(=O)(=O)Nc2nncs2)cc1,0,0,0.09048987316457485
CC(C)N(CCCNC(=O)Nc1ccc(C(C)(C)C)cc1)C[C@H]1O[C@@H](n2ccc3c(N)ncnc32)[C@H](O)[C@@H]1O,1,1,0.6417999311559726
CC(C)N(CCCNC(=O)Nc1ccc(C(C)(C)C)cc1)C[C@H]1O[C@@H](n2cc(Br)c3c(N)ncnc32)[C@H](O)[C@H]1O,1,1,0.6530198692977152
CCCCOc1ccc(C(=O)N2CCC(c3n[nH]c(=O)n3-c3ccc(C)cc3)CC2)cc1,1,1,0.9163188591282793
CCn1c(-c2nonc2N)nc2cnc(Oc3cccc(NC(=O)c4ccc(OCCN5CCOCC5)cc4)c3)cc21,0,0,0.17335911788588207
COc1cc(C(=O)N2CCN(c3cc(Cl)ccc3Cl)CC2)cc(OC)c1OC,1,1,0.8242435539446715
CCNC(=O)c1noc(-c2cc(C(C)C)c(O)cc2O)c1-c1ccc(CN2CCOCC2)cc1,1,1,0.7835472796456816
O=C(O)c1ccccc1-c1ccc(/C=c2\sc3nc4cc(Br)cnc4n3c2=O)o1,1,1,0.6522301223264177
Oc1ccc(-c2nc(C3CC3)nc3c2CCN(Cc2ccc(F)cc2)CC3)cc1,1,1,0.7841429205002421
O=S(=O)(c1ccc2ccccc2c1)N1CCN(c2nc(-c3cccs3)nc3ccccc23)CC1,0,0,0.25186424686931735
COc1ccc(Cl)cc1C(=O)Nc1ccc(NC(=O)c2ccco2)cc1,1,1,0.7912808010385022
OCCn1cc(-c2cnc3nnn(Cc4ccc5ncccc5c4)c3n2)cn1,1,1,0.8257312737447038
CC(C)C[C@H]1C(=O)N2CCC[C@H]2[C@]2(O)O[C@](NC(=O)[C@@H]3C=C4c5cccc6[nH]c(Br)c(c56)C[C@H]4N(C)C3)(C(C)C)C(=O)N12,1,1,0.6757281436152166
Cc1nn2c(c1-c1ccccc1OCc1ccccc1)N(C(=O)Cc1ccc3c(c1)OCO3)CCC2,1,1,0.7893746566164015
Oc1ccc(CNc2ccc(C(F)(F)F)cc2F)c2cccnc12,1,1,0.8118786036981028
Cc1cccc(NCc2ccc(O)c3ncccc23)c1,0,0,0.25229034622614516
Oc1ccc(CNc2ccc(F)cc2F)c2cccnc12,1,1,0.6608770274386215
Oc1ccc(CNc2ccccc2Br)c2cccnc12,0,0,0.2490295423132779
Oc1ccc(CNc2ccccc2C(F)(F)F)c2cccnc12,1,1,0.8132599943665191
Oc1ccc(CNc2cccc(F)c2)c2cccnc12,0,0,0.2451903601273856
Oc1ccc(CNc2ccccc2F)c2cccnc12,1,0,0.4543020834558038
O=C1CN(C(=O)CCC(=O)N2CCc3c(nc4cc(-c5ccccc5)[nH]n4c3=O)C2)c2ccccc2N1,0,0,0.16764632825943646
Cn1ncnc1[C@H]1c2n[nH]c(=O)c3cc(F)cc(c23)N[C@@H]1c1ccc(F)cc1,1,1,0.7806573183349705
CN1CCc2cc3c(cc2C1)OCO3,1,1,0.8017031325857381
Cc1nn(CC(=O)NCCCN2CCC(N3CCCCC3)CC2)c(=O)c2cc(-c3ccccc3)nn12,1,1,0.7344769317032026
Fc1ccc(CNc2nc(-c3ccncc3)nc3ccccc23)cc1F,1,1,0.8711182329146956
CC(C)NC(=O)C1CCN(C(=O)c2cc3sccc3n2Cc2ccc(Cl)cc2)CC1,1,1,0.9127311827738613
CCCc1oc2ccc(NS(=O)(=O)c3ccc(OC)cc3)cc2c1C(=O)OCC,0,0,0.2909096353802977
COc1cc(Cl)cn2c(-c3cccc(NC4CNC4)n3)cnc12,0,0,0.318239371726688
Clc1ccc2ncc(-c3cccc(NC4CNC4)n3)n2c1,1,1,0.6864479367876961
CN(C)CCN1C(=O)c2cccc3cc(N)cc(c23)C1=O,1,1,0.7682152760737455
O=C1CCc2cc(S(=O)(=O)Nc3ccc(F)c(Cl)c3)c(F)cc2N1,1,1,0.8622414419562558
Cc1cc(NS(=O)(=O)c2ccc3c(c2)CCC(=O)N3)ccc1F,1,1,0.8709558263844873
O=C1CCc2cc(S(=O)(=O)Nc3ccc(F)c(Cl)c3)ccc2N1,1,1,0.8579496925238036
Cc1ccc(Cl)cc1NS(=O)(=O)c1cc2c(cc1F)NC(=O)CC2,1,1,0.8723625482759827
Cc1ccc(NS(=O)(=O)c2cc3c(cc2N[C@H](C)CO)NC(=O)CC3)cc1C,1,1,0.7656516463683001
COc1cc2c(Oc3ccc(-c4cnc(Nc5ccc(F)cc5)n(C)c4=O)cc3F)ccnc2cc1OCCCN1CCOCC1,1,1,0.5773713540808421
CC[C@@H](CO)NC(=O)[C@@H]1C=C2c3cccc4c3c(cn4C)C[C@H]2N(C)C1,1,1,0.7751836026552124
O=C(Nc1nc(-c2ccccc2)cs1)c1ccncc1NS(=O)(=O)c1cccs1,1,1,0.5463792444416932
O=C(NCCCCc1ccccc1)C1CCN(c2nc(-c3ccc(Br)cc3)cs2)CC1,0,0,0.20622178224776955
O=C(c1cnccn1)N1CCC2(CCCN(C(c3ccccc3)c3ccccc3)C2)CC1,0,0,0.3185452910746851
COc1ccc(-c2ccc(C(=O)NC3CC(c4cc(=O)[nH]c(N)n4)C3)o2)cc1,1,1,0.7020602018963306
Cn1cc(Cl)c(C2N=C(Nc3nc4ccccc4o3)NC3=C2C(=O)CCC3)n1,1,1,0.8996485078365514
Cn1cc(Br)c(C2N=C(Nc3nc4ccccc4o3)NC3=C2C(=O)CCC3)n1,1,1,0.8836627334784256
COc1ccc2[nH]c(S(=O)Cc3ncc(C)c(OC)c3C)nc2n1,1,1,0.8601594274720626
Cc1ccc(S(=O)(=O)Nc2cnccc2C(=O)Nc2nc(-c3nc4ccccc4s3)cs2)cc1,1,0,0.4470001702789008
COC1C(OC(=O)c2ccc(C)[nH]2)C(O)C(Oc2ccc3c(O)c(NC(=O)c4ccc(O)c(CC=C(C)C)c4)c(=O)oc3c2Cl)OC1(C)C,0,0,0.10494286680076577
CCOc1ccc(-c2nnc(SCC(=O)NCc3ccccc3Cl)o2)cc1,0,0,0.3053526238220946
CC(O)(C#Cc1ccc2c(c1)N(c1nc(N)ncc1Cl)CC2)c1nccs1,1,1,0.8084603319517346
CCOc1ccc(-c2cn3c(n2)sc2cc(C(=O)NCCCN(CC)CC)ccc23)cc1,1,1,0.8674259250114001
Cc1nnc(N2C(=O)c3oc4ccccc4c(=O)c3C2c2ccc(F)cc2)s1,1,1,0.8173195669043817
Cc1cnc(CNc2nc(-c3ccccc3Cl)nc3ccccc23)cn1,1,1,0.927818397135826
Cc1cnc(CNc2nc(-c3cccc(NS(C)(=O)=O)c3)nc3ccccc23)cn1,1,1,0.7968523953370803
COc1ccccc1-c1nc(NCc2cnc(C)cn2)c2ccccc2n1,1,1,0.9195753924200722
CCC(=O)NC(c1ccc(OC)cc1)c1cc(Cl)c2cccnc2c1O,1,1,0.8327412954233441
COc1ccc(C2=Nn3c([n+](C)c4ccccc43)SC2)cc1,0,0,0.30929747864963647
Fc1cc(Nc2nc(-c3ccncc3)nc3ccccc23)ccc1-n1cncn1,1,1,0.7486103083577771
Cc1ccccc1C(=O)N1CCc2cc(-c3nc(NC(=O)Cc4ccc5ccccc5c4)sc3C)ccc21,0,0,0.19647935724179422
N#Cc1nc(-c2cccc3ccccc23)oc1Nc1ccccc1,1,1,0.9201416425668453
O=C(c1cc2ccccc2[nH]1)N1CCc2c(n(Cc3cccnc3)n(CCc3ccccc3)c2=O)C1,1,1,0.7820745522280097
O=c1cc(N2CCOCC2)oc2c1ccc1ccccc12,1,1,0.8651187291640916
Cc1ccc(S(=O)(=O)Nc2cnccc2C(=O)Nc2nc(-c3ccc(-c4ccccc4)cc3)cs2)cc1,0,0,0.07104922945028769
Cc1cc(C)c(C(=O)Nc2cccc([S+](=O)([O-])N3CCCC3)c2)[nH]1,1,1,0.8740287594099634
CC(=O)c1c(C)[nH]c(C(=O)Nc2cccc([S+](=O)([O-])N3CC[C@@H](F)C3)c2)c1C,1,1,0.8164020194091449
CN(C)c1cccc(-c2cc(N3CCC(C(N)=O)CC3)ncn2)c1,1,1,0.9764862035842045
CCN(CC)CCCC(C)Nc1cc(/C=C/c2ccccc2Cl)nc2cc(Cl)ccc12,1,1,0.818353435965094
COc1ccc(C2=Nn3c(nnc3-c3ccncc3)SC2)cc1,1,1,0.8736632848692348
c1ccc(C2=Nn3c(nnc3-c3ccncc3)SC2)cc1,1,1,0.9225473775936406
Clc1ccc(C2=Nn3c(nnc3-c3ccncc3)SC2)cc1,1,1,0.9158193735385499
COc1ccccc1N1CCN(c2ccc3cc(S(=O)(=O)N4CCCCC4)ccc3n2)CC1,1,1,0.8639048157842153
O=C(NCc1ccccc1)C1CCN(c2nc(-c3ccc(Br)cc3)cs2)CC1,1,1,0.6020607507507894
COc1ccc(S(=O)(=O)N(C(=O)C(C)C)c2ccc3oc(=O)sc3c2)cc1,1,1,0.8546595498517585
CC(C)COc1ccc(-c2ccc(=O)n(CC(=O)NCCc3ccccc3)n2)cc1,1,1,0.8882771339727431
CC(C)Oc1ccc(-c2ccc(=O)n(CC(=O)NCCc3ccccc3)n2)cc1,1,1,0.8949170337862482
CC(C)(C)c1ccc(-c2ccc(=O)n(CC(=O)NCCc3ccccc3)n2)cc1,1,1,0.8664835302990036
NC(=O)C1CCN(c2nccc(-c3ccc4c(c3)OCCCO4)n2)CC1,1,1,0.9506366462341349
O=C(Nc1nc(-c2ccccc2)cs1)c1ccncc1NS(=O)(=O)c1ccc(-c2ccccc2)cc1,0,0,0.08001769885531829
COc1ccccc1OCCNCC(O)COc1cccc2[nH]c3ccccc3c12,1,1,0.6986752356953736
Cc1cc(Nc2ccc(Br)c(C)c2)n2nc(C)nc2n1,1,1,0.9274838398349782
NC(=O)C1CCN(c2ncc(-c3ccc4c(c3)OCCO4)s2)CC1,1,1,0.9152966552374551
CCCCN(CC)CCCNC(=O)c1ccc2c(c1)N(Cc1ccc(C)cc1)C(=O)c1ccccc1S2,1,1,0.5405689136918859
N=c1c2ccccc2nnn1-c1ccc(C(F)(F)F)cc1,1,1,0.8527929715150548
Cc1nn2c(c1-c1ccccc1-c1ccccc1)N(CCC(C)C)CCC2,1,1,0.8553923287374344
Cn1cc(Nc2cnccc2C(=O)O)c2cccnc21,0,0,0.1252022865111947
CCOC(=O)N1CCN(Cc2nc3c(c(=O)n(C)c(=O)n3C)n2CCC(C)C)CC1,1,1,0.8387946221796515
COc1cc(Nc2nc(-c3ccncc3)nc3ccccc23)ccc1N1CCN(C)CC1,1,1,0.90739004003428
CN1CCN(c2ccc(Nc3nc(-c4ccncc4)nc4ccccc34)cc2F)CC1,1,1,0.9160846369614041
CCOC(=O)c1ccc(-c2ccc3ncnc(NCCc4cnc[nH]4)c3c2)o1,1,1,0.8105404428453944
COc1cccc(N2CCN(c3ncc4c(n3)CCN(Cc3ccc(Br)cc3)C4)CC2)c1,1,1,0.8593761290158141
COc1ccc(CN2CCc3nc(N4CCN(c5ccc(F)cc5)CC4)ncc3C2)c(OC)c1OC,1,1,0.8234741229812002
Cc1ccc(C(=O)Nc2ccc3oc(-c4cccnc4)nc3c2)cc1[N+](=O)[O-],1,1,0.8130109903596222
O=C(Nc1ncccc1O)c1ccc(S(=O)(=O)Nc2ccccc2)cc1,1,1,0.6086724080941129
O=C1CCCC2=C1C(c1[nH]ncc1Cl)N=C(Nc1nc3cc([S+](=O)([O-])N4CCOCC4)ccc3o1)N2,1,1,0.6949610892539796
CC1=C(C(=O)Nc2nncs2)C(c2[nH]ncc2Cl)N=C(Nc2nc3ccccc3o2)N1,1,1,0.723510627341311
COc1ccc(C)cc1Nc1c2c(nc3ccccc13)CCC2,1,1,0.907959793312981
COc1cc(Cl)c(C)cc1Nc1c2c(nc3ccccc13)CCC2,1,1,0.9277808856347914
COc1ccc(OC)c(Nc2c3c(nc4ccccc24)CCC3)c1,1,1,0.9127254159240162
CNC(=O)C1CCN(C(=O)c2ccc(-c3ncc4cnc(-c5ccccc5)cn34)cc2)CC1,1,1,0.8867785996276116
COc1ccc(-n2nc(C3CCCN(C(=O)Cc4ccc(F)cc4)C3)[nH]c2=O)cc1,1,1,0.8779710432582093
Nc1ccc(-c2cccc3c(=O)cc(N4CCOCC4)oc23)cc1,1,1,0.851334821117657
c1ccc(CNc2nc(NCc3ccccc3)c3ccccc3n2)cc1,1,1,0.8137117976698327
Clc1cccc(-c2ccc(-c3nnc(CCCc4ccc5cccnc5n4)o3)cc2)c1,1,1,0.8071309427493696
O=C(NC1CCCc2c1cnn2-c1ccc(F)cc1F)c1ccc(C2(C(F)(F)F)N=N2)cc1,0,0,0.2541693642022697
N=c1c2c(ncn1-c1ccccc1)Oc1ccc3ccccc3c1C2c1ccc2c(c1)CCO2,1,1,0.7651276430551175
COCCNc1ncc(-c2cccc(O)c2)c2c1OCC2,1,1,0.8034031715894066
CC[C@H]1CN(C)[C@H]2Cc3c([nH]c4ccccc34)C(=O)C[C@H]1[C@H]2C(=O)OC,1,1,0.8269688855636934
CCN1CCN(c2ncc3c(n2)CCN(Cc2cc(Br)cs2)C3)CC1,1,1,0.859722570236584
CCOc1cc2c(cc1OCC)CN(C(=O)c1cc3sccc3n1Cc1ccccc1)CC2,1,1,0.8188334916194034
Cc1cc(C)nc(NC(=S)N2CCN(c3nccc(C(F)(F)F)n3)CC2)c1,1,1,0.9095380644511323
Cc1sc2c(c1C)C(c1ccc(Cl)cc1)=N[C@@H](CC(=O)OC(C)(C)C)c1nnc(C)n1-2,1,1,0.8834983891509226
CC(=O)Nc1nc(-c2ccc3c(c2)CCN3C(=O)c2ccccc2C)c(C)s1,1,1,0.84043381390483
CC[C@H](Nc1ncnc2nc[nH]c12)c1nc2cccc(F)c2c(=O)n1-c1ccccc1,1,1,0.7710362295050263
COc1cccc(-c2noc(Nc3ccc4c(c3)OCCO4)n2)c1,1,1,0.8768800762495826
COc1ncccc1-c1cc2[nH]ccc2c(C(=O)NCc2c(C)cc(C)[nH]c2=O)n1,1,1,0.785755763929552
O=C(Cc1ccc(Cl)c(Cl)c1)Nc1ccc(S(=O)(=O)Nc2ccon2)cc1,0,0,0.15196153138441912
Cc1cc(NS(=O)(=O)c2ccc(NC(=O)Cc3ccc(Cl)c(F)c3)cc2)no1,1,1,0.707515824416248
Cc1cc(NS(=O)(=O)c2ccc(NC(=O)Cc3ccc(F)c(Cl)c3)cc2)no1,1,1,0.691003798804958
Cc1cc(NS(=O)(=O)c2ccc(N(C)C(=O)Cc3ccc(Cl)c(Cl)c3)cc2)no1,1,1,0.8529536804868698
Cc1cc(NS(=O)(=O)c2ccc(NC(=O)Cc3ccc(Cl)c(Cl)c3)cc2)no1,1,1,0.6906172341253266
Cc1ccc(-c2nn(C(C)(C)C)c3ncnc(N)c23)cc1,1,1,0.9164675782530074
CC(C)(C)n1nc(-c2ccc(Cl)cc2)c2c(N)ncnc21,1,1,0.9225568399386113
COc1cccc(C(=O)Nc2ccc3oc(-c4ccc5ccccc5c4)nc3c2)c1,1,1,0.7318193177120365
Fc1cc(Nc2nc(-c3ccncc3)nc3ccccc23)ccc1-c1cn[nH]c1,1,1,0.7317917800012864
N[C@H]1CN(c2c(F)cc3c(=O)c(C(=O)O)cn(C4C[C@@H]4F)c3c2Cl)CC12CC2,0,0,0.13368493846466156
CC(C)c1nc(CN(C)C(=O)N[C@H](C(=O)N[C@@H](Cc2ccccc2)C[C@H](O)[C@H](Cc2ccccc2)NC(=O)OCc2cncs2)C(C)C)cs1,1,1,0.575687454653652
CCC[C@@H]1CN(C(=O)c2ccc(-c3ccc(C)o3)cc2)C[C@H]1NC(C)=O,1,1,0.933276002505513
CCN1C(=O)c2ccccc2S(=O)c2ccc(NC(=O)Cc3ccc(F)cc3)cc21,1,1,0.8958596500110418
CCN1C(=O)c2ccccc2S(=O)c2ccc(NC(=O)Cc3ccc(OC)cc3)cc21,1,1,0.8852274017066254
Cc1cc(F)ccc1-c1nc(NCCN=C(N)NC#N)nc2c1ccc(=O)n2-c1c(F)cccc1F,0,0,0.1580546107701823
Cc1cccc(-n2cnc3cc(C(=O)N4CCCCCC4)ccc32)c1,1,1,0.9823872571757942
CC(=O)N[C@H]1CN(C2CCN(c3ccc(F)cc3C)CC2)C[C@@H]1C1CC1,1,1,0.8493336983247448
O=C1CCCC2=C1C(c1ccncc1Br)N=C(Nc1nc3ccccc3o1)N2,1,1,0.8829668236322464
O=C1CCCC2=C1C(c1ccncc1Cl)N=C(Nc1nc3ccccc3o1)N2,1,1,0.9044831021284112
CNc1nc(-c2ccc3c(N)n[nH]c3c2)cc(N2C[C@@H](C(=O)NC3CCCCC3)CC[C@@H]2C)n1,1,1,0.7821924046870238
O=C(NCCc1ccccn1)C1CC(=O)N(c2n[nH]c3cc(Br)ccc23)C1,0,0,0.1980509838792134
CCOc1ccc(CCNC(=O)c2cc3sccc3n2Cc2ccncc2)cc1OCC,1,1,0.8716475056965437
Cc1ccccc1C(=O)N1CCc2cc(-c3nc(NC(=O)Cc4ccc5c(c4)OCCO5)sc3C)ccc21,1,1,0.537510098559086
CN(C(=O)COC(=O)c1csc(NCc2ccccc2)n1)c1ccccc1,1,1,0.8123173786193987
O=C(Nc1nnc(-c2ccco2)o1)c1ccc(Cl)cc1,1,1,0.8705812822936768
N#Cc1cccc(-c2nccc(-n3ccnc3)n2)c1,1,1,0.9180176008988515
CS(=O)(=O)Nc1cccc(-c2nccc(-n3ccnc3)n2)c1,1,1,0.872801428756319
Clc1ccccc1-c1nccc(-n2ccnc2)n1,1,1,0.92560899194611
O=C(c1cnc(N2CCCCC2)c2ccccc12)N1CCN(c2ccc(Cl)cc2)CC1,1,1,0.8750742632746611
Cc1ncc2c(c1CNC(=O)Cn1cnc3ccccc3c1=O)CCNC2,1,1,0.6958703305793332
COc1cc2c(cc1-c1c(C)noc1C)ncc1[nH]c(=O)n([C@H](C)c3ccccn3)c12,1,1,0.8019389834512904
CN1CCN(c2ccc(Nc3c4ccccc4nc4ccccc34)cc2)CC1,1,1,0.8351450350878084
Cn1ccc2cc(-c3csc(N4CCC(C(N)=O)CC4)n3)ccc21,1,1,0.927874281781678
COc1ccc(CCNC(=O)Cn2c(=O)c3cccn3c3ccc(F)cc32)cc1OC,1,1,0.8360129811871537
COC(=O)CNC(=O)c1nc(-c2ccc([S+](C)(=O)[O-])cc2)c2ccccn12,1,1,0.5577732531431535
COC(=O)CNC(=O)c1nc(-c2ccc(F)cc2)c2ccccn12,1,1,0.8442163906326323
C#CCNC(=O)c1nc(-c2ccc([S+](C)(=O)[O-])cc2)c2ccccn12,1,1,0.6839602751433388
COC(=O)CNC(=O)c1nc(-c2ccccc2OC)c2ccccn12,1,1,0.855835004662454
CCc1[nH]c2ccc(CNC(=O)Cc3cnc4c(C)cccn34)cc2c1C,1,1,0.8730526691421764
NC(=O)C1CCN(c2nc(-c3cccc4ccccc34)cs2)CC1,1,1,0.9408138943224109
O=C(N/N=C/c1ccc(Sc2ccccn2)o1)c1ccncc1,1,1,0.9023472275483161
Cc1ccccc1C(C(=O)NC1CCCC1)N(C(=O)Cn1cnc2ccccc21)c1cccc(F)c1,1,1,0.748757551550307
OC1(c2ccc(Cl)cc2)CCN(Cc2c[nH]c3ccccc23)CC1,1,1,0.8271163080959735
Cc1nnc(-c2ccccc2C(C)C)nc1NCc1ccc(-c2cccnc2)cc1,1,1,0.8751049891115431
Cc1c(-c2cccc(NC(=O)c3ccc(F)c(F)c3)c2)nc2ncccn12,1,1,0.8796424425081152
Cc1cccc(C)c1NC(=O)c1nc(SC(C)C)ncc1Cl,1,1,0.9301398475726284
CSc1ncc(Cl)c(C(=O)Nc2c(C)cccc2C)n1,1,1,0.9178623093265249
CCCc1cc(C)[nH]c(=O)c1CNC(=O)c1cc(-c2ccnc(N3CCN(C)CC3)c2)cc2c1cnn2C(C)C,1,1,0.6727745283347449
Cc1cc(C)cc(NS(=O)(=O)c2ccc3[nH]cc(C(=O)NCc4ccco4)c(=O)c3c2)c1,0,0,0.2090240330259989
CN(C)CCCN1c2ccc(O)cc2Sc2ccc(Cl)cc21,1,1,0.8393687739214775
COc1ccc2c(c1)N(C[C@H](C)CN(C)C)c1ccccc1S2,1,1,0.8737409713238488
Cn1c(CN2CCCC2)nc2cc(NC(=O)COc3ccc(Cl)cc3)ccc21,1,1,0.8795575904087307
Cn1c(=O)c2c(nc(Cl)n2Cc2ccc(Cl)cc2)n(C)c1=O,1,1,0.8787190732828997
CCOc1cc2ncc(C#N)c(Nc3ccc(OCc4ccccn4)c(Cl)c3)c2cc1NC(=O)C=CCN(C)C,0,0,0.1481880841451617
N=c1c2c(n(Cc3ccccc3)c3c1CCC3)CCC2,0,0,0.28398481567222855
Nc1cc(CN2C(=O)c3ccccc3C2=O)cc(Cl)c1O,1,1,0.7239350623675825
O=C1Nc2ccccc2/C1=C\c1cc(Br)c(O)c(Br)c1,1,1,0.8768660053153104
Cc1cccc2c1NC(=O)/C2=C/c1cc(Cl)c(O)c(Cl)c1,1,1,0.9363490797202269
O=C1Nc2ccccc2/C1=C\c1ccc([N+](=O)[O-])cc1,1,1,0.8575644336610343
O=C1Nc2ccccc2/C1=C\c1ccc(O)c(F)c1,1,1,0.8280580834511013
Cc1cc(/C=C2/C(=O)Nc3ccccc32)cc(C)c1O,1,1,0.8559729942040865
O=C1Nc2ccc(I)cc2C1=Cc1cc(Br)c(O)c(Br)c1,1,1,0.8388308228667256
O=C1Nc2ccccc2/C1=C\c1ccc(O)cc1,1,1,0.7936149921912191
O=C1Nc2ccccc2/C1=C\c1cc(F)c(O)c(F)c1,1,1,0.7984786412928959
COc1ccc(/C=C2/C(=O)Nc3ccccc32)cc1O,1,1,0.8620073637531658
O=C1Nc2ccccc2/C1=C/c1cccc(C(=O)O)c1,0,0,0.12441868873898711
O=C1Nc2c(Cl)cccc2/C1=C\c1cc(Cl)c(O)c(Cl)c1,1,1,0.9353141029542041
O=C1Nc2cc(Cl)ccc2/C1=C\c1cc(Cl)c(O)c(Cl)c1,1,1,0.9438904625813821
O=C1Nc2ccc(Cl)cc2/C1=C\c1cc(Cl)c(O)c(Cl)c1,1,1,0.9419438626649287
O=C1Nc2cccc(Cl)c2/C1=C\c1cc(Cl)c(O)c(Cl)c1,1,1,0.932910893174217
O=C1Nc2ccccc2/C1=C/c1cc(Cl)c(O)c(Cl)c1,1,1,0.9199352590847591
Cc1ccc2c(c1)/C(=C\c1cc(Cl)c(O)c(Cl)c1)C(=O)N2,1,1,0.9400980294216079
O=C1Nc2ccccc2/C1=C\c1ccc(C(=O)O)cc1,0,0,0.12195964067937566
COc1cc(/C=C2\C(=O)Nc3ccccc32)ccc1O,1,1,0.8641907991935185
O=C1Nc2ccccc2/C1=C\c1ccc(O)c(Cl)c1,1,1,0.8778042419616109
O=c1[nH]cnc2nc[nH]c12,0,0,0.15531224329021578
Cc1cc(C)c(C(=O)Nc2cccc([S+](=O)([O-])N3CCCCC3)c2)[nH]1,1,1,0.880900043867878
CC(=O)c1c(C)[nH]c(C(=O)Nc2cccc([S+](=O)([O-])N3CCC(F)(F)CC3)c2)c1C,1,1,0.8270471796293437
CC1=C(C(=O)Nc2ccccc2)C(c2ccc[nH]2)n2ncnc2N1,1,1,0.8501635332668391
Cc1ccnc(NC(=S)N2CCC(c3cccc(C(F)(F)F)c3)CC2)c1,1,1,0.9167829408276036
Cc1ccc(-n2nc3c(N4CCCC(C(=O)NCc5ccccc5C)C4)nnc(C)c3c2C)cc1,1,1,0.874705764074196
CCCCc1ccc(NC(=O)c2ccc3c(c2)N(S(C)(=O)=O)CC3)cc1,1,1,0.916289913563024
CCCN1C(CC(C)C)=NS(=O)(=O)c2cc(NC(=O)c3cccs3)ccc21,1,1,0.8811852427029302
Cc1c(Cl)cccc1-n1ncc(C(=O)Nc2ccc(Br)cc2F)c1C1CCNCC1,1,1,0.7751798553782853
COc1cccc(CNc2ccc(C(=O)Nc3nccs3)cc2)c1O,1,1,0.7657631081297234
Cc1cc(NC(=O)c2ccc(NC(=O)Cc3ccc(Cl)c(Cl)c3)cc2)no1,1,1,0.7337872940931609
COC(=O)c1ccc(NS(=O)(=O)c2c(C)nc3sccn3c2=O)cc1,1,1,0.7181638342527559
COc1cc(Cl)c(C)cc1NS(=O)(=O)c1c(C)nc2sccn2c1=O,1,1,0.7871039766177578
CCN(c1ccccc1)S(=O)(=O)c1c(C)nc2scc(C)n2c1=O,1,1,0.8866961317945354
CN(C)c1cccc(-c2cnc(N3CCC(c4ncc[nH]4)CC3)s2)c1,1,1,0.8789375025189027
CCc1nc2c(sc3nc4c(cc32)COC(C)(C)C4)c(=O)n1Cc1ccco1,1,1,0.895629399624084
CCOc1ccc(CCNC(=O)c2cc3sccc3n2Cc2ccccn2)cc1OCC,1,1,0.8432967922258626
COc1ccc(-n2nc(C3CCN(C(=O)Cc4ccc(F)cc4)CC3)[nH]c2=O)cc1,1,1,0.9167919798129192
Cc1ccc2nc(-c3cc(NC(=O)c4ccc5c(c4)OCCO5)ccc3Cl)oc2c1,1,1,0.7620378248040304
C=C[C@@]1(C)C[C@H](OC(=O)CSC(C)(C)CNC(=O)[C@@H](N)C(C)C)[C@@]2(C)C(C)CC[C@@]3(CCC(=O)[C@@H]32)[C@H](C)[C@H]1O,1,1,0.6583927147879691
COC(=N)c1nc2ccc3ncnc(Nc4ccc(F)cc4Br)c3c2s1,1,1,0.7905856681183095
O=C(Nc1ccc(Oc2ccnc3[nH]ccc23)c(F)c1)c1cccn(-c2ccc(F)cc2)c1=O,1,1,0.6816740552462808
CN1Cc2c(cc(N3CCOCC3)nc2-c2ccccc2OC(F)(F)F)C1=O,1,1,0.876358150748247
COc1ccc(NC2=C(c3ccc(C(F)(F)F)cc3)C(=O)c3ccccc32)cc1,1,1,0.5418110804314739
Cc1ccc(C)c(NC2=C(c3ccc(C(F)(F)F)cc3)C(=O)c3ccccc32)c1,0,0,0.1924184271096906
Cc1ccc(NC2=C(c3ccc(C(F)(F)F)cc3)C(=O)c3ccccc32)cc1F,0,0,0.19907922759585134
CCOc1ccccc1C(=O)Nc1ccncc1C(=O)Nc1cccc(S(=O)(=O)C(F)(F)F)c1,1,0,0.4569518706711746
COc1cc(N2CCC(N3CCN(C)CC3)CC2)ccc1Nc1ncc(Cl)c(Nc2ccccc2P(C)(C)=O)n1,1,1,0.6860927085293557
COC(=O)c1ccc(O)c2ncc(N3CCN(C)CC3)cc12,1,1,0.7094576757183709
COc1ccc(-n2nc(C3CCCN(C(=O)c4ccccc4F)C3)[nH]c2=O)cc1,1,1,0.8262738866432483
COc1ccc(-n2nc(C3CCCN(C(=O)c4cccc(OC)c4)C3)[nH]c2=O)cc1,1,1,0.8694539422502633
COc1ccc(C(=O)N2CCCC(c3nn(-c4ccc(OC)cc4)c(=O)[nH]3)C2)cc1,1,1,0.8754582972903735
COc1ccc(-n2nc(C3CCCN(C(=O)c4ccccc4)C3)[nH]c2=O)cc1,0,0,0.45123687238900295
COc1ccc(-n2nc(C3CCCN(C(=O)c4ccc(C)cc4)C3)[nH]c2=O)cc1,1,1,0.7753210679229958
S=c1[nH]c2ccccc2n1CCc1ccccc1,1,1,0.8731611371055328
Cc1noc(C)c1-c1ccc2ncnc(NCc3ccc4[nH]ccc4c3)c2c1,1,1,0.877652394394925
Cc1ccc(S(=O)(=O)Nc2cnccc2C(=O)Nc2nc(-c3cnn(C)c3)cs2)cc1,1,1,0.6090001984576747
CCOc1ccc(OCC)c(NC(=O)C(NS(=O)(=O)c2ccc(Br)s2)c2ccccc2)c1,0,0,0.14132722543648263
Cc1cc(Br)ccc1NC(=O)C(NS(=O)(=O)c1cccs1)c1ccccc1,0,0,0.21025490779459088
CCN(C(=O)C(NS(=O)(=O)c1ccc(Br)s1)c1ccccc1)c1ccc(C)c(C)c1,1,1,0.6929983500294257
CC(=O)Nc1ccc(NC(=O)C(NS(=O)(=O)c2ccc(Br)s2)c2ccccc2)cc1,1,1,0.5866576094606154
O=C(Nc1ccc(Cl)cc1)C(NS(=O)(=O)c1cccs1)c1ccccc1,0,0,0.22579760926142214
C#Cc1ccc(NC(=O)c2cnn3c(C)cc(C)nc23)cc1,1,1,0.9323360957801526
COCCNC(=O)c1ccc(Cn2c(=S)[nH]c3cc4c(cc3c2=O)OCO4)cc1,1,1,0.796534801112159
CC(C)(C)C1CCc2[nH]c3ccccc3c(=O)c2C1,1,1,0.874498004534624
O=c1c2c([nH]c3ccc(Br)cc13)CCCC2,1,1,0.8570692282025845
Cc1nc(-c2ccccc2)cc([C@H]2CN3CC[C@H]2C[C@@H]3CNC2CCOCC2)n1,1,1,0.8489246605454817
CC(=O)Nc1cccc(-c2csc(Nc3cc(C)ccn3)n2)c1,1,1,0.8791343672497963
Cc1ccccc1NC(=O)Nc1cccs1,1,1,0.7394043053911885
Cc1cn(CCN2CCN(c3ccccc3-c3cc(C#N)cc(C(=O)NCCCN4CCCC4)c3)CC2)c2ccccc12,0,0,0.190634510069037
O=C(C=Cc1cccnc1)NCCCCC1CCN(C(=O)c2ccccc2)CC1,1,1,0.9153872640151972
CC(NCc1ccc2c(c1)nc(NC(=O)c1ccc(-c3cn[nH]c3)s1)n2CC(C)(C)O)C(C)(C)C,1,1,0.7052465655352885
COc1ccc(-c2ccc3ncc(Nc4cccnc4OC)n3n2)cn1,1,1,0.8640450949501932
O=C(NC1CCCCC1)N1Cc2[nH]cnc2C[C@H]1c1nc(-c2cccc([N+](=O)[O-])c2)no1,1,1,0.8060656220737333
COc1ccc(-c2noc([C@@H]3Cc4nc[nH]c4CN3C(=O)NC3CCCCC3)n2)cc1,1,1,0.8285059421043877
Cc1ccc(S(=O)(=O)Nc2cnccc2C(=O)Nc2nc(-c3ccc4c(c3)CCCC4)cs2)cc1,1,0,0.4440652352874704
O=S(=O)(Nc1cccc2ccncc12)c1ccc(NCc2cccc(Cl)c2O)cc1,1,1,0.7477404829553701
COc1cccc(CNc2ccc(S(=O)(=O)Nc3cccc4ccncc34)cc2)c1O,1,1,0.7024973524521856
COc1cccc(CNc2ccc(S(=O)(=O)Nc3cccc4ccccc34)cc2)c1O,0,0,0.3083010463511984
Cc1cc(NS(=O)(=O)c2ccc(C(=O)NCc3ccc(Cl)c(Cl)c3)cc2)no1,1,1,0.7356076800546991
Cc1cnc(N2CCC(C(N)=O)CC2)nc1-c1cccc(N(C)C)c1,1,1,0.9651163553944158
CC(C)Oc1cccc(-c2ccnc(N3CCC(C(N)=O)CC3)n2)c1,1,1,0.9435029601980783
Cc1ccc(-c2ccnc(N3CCC(C(N)=O)CC3)n2)cc1,1,1,0.9754144358656983
NC(=O)C1CCN(c2nccc(-c3ccc(Br)cc3)n2)CC1,1,1,0.9440667706322013
CN(C)c1cccc(-c2ccnc(N3CCC(C(N)=O)CC3)n2)c1,1,1,0.9778127949475813
CN(C)c1cccc(-c2nc(N3CCC(C(N)=O)CC3)ncc2F)c1,1,1,0.9351963942604351
CCOC(=O)C1CCN(C(=O)C2(NC(=O)Nc3ccccc3Cl)CCC2)CC1,1,1,0.8933239337547008
O=c1cc(CSc2ccc(Cl)cc2)nc(-c2ccccn2)[nH]1,1,1,0.9246988593575203
O=C(NC1CCCc2c1[nH]c1c(Cl)cccc21)c1ccc2c(c1)OCO2,1,1,0.8874172130032288
CN[C@@H](C)C(=O)N[C@@H]1C(=O)N(Cc2c(C)ccc3ccccc23)c2ccc(C#N)cc2N(C(C)=O)[C@H]1C,1,1,0.7125608102269853
O=C1CCCC2=C1C(c1ncccc1Br)N=C(Nc1nc3ccccc3o1)N2,1,1,0.8895019070874349
Cc1ccc(S(=O)(=O)Nc2cnccc2C(=O)Nc2ccc(S(=O)(=O)Nc3nccs3)cc2)cc1,0,0,0.08991810296555465
Cc1cc(C)c(CNC(=O)c2nc(-c3cccc(CO)c3)cc3c2ccn3C)c(=O)[nH]1,1,1,0.7768439009025491
CC(=O)NCc1ccc(-c2csc(Nc3cc(C)cc(C)c3)n2)o1,1,1,0.883357880112349
CC(=O)NCc1ccc(-c2csc(Nc3cccc(C)c3)n2)o1,1,1,0.8851093443675854
CC(C)(C)c1ccc(S(=O)(=O)N2CCC(c3ccncc3)CC2)cc1,1,1,0.90000923887496
O=C(Nc1ccc(C(=O)N2CCCC2)cc1)c1ccccc1F,1,1,0.9063816907076157
CC[C@@]1(O)C(=O)OCc2c1cc1n(c2=O)Cc2c-1nc1cc(F)c(C)c3c1c2[C@@H](N)CC3,1,1,0.6115726817581691
O=C(O)c1c(Sc2ccccc2)c2cc(Cl)ccc2n1Cc1ccc(Cl)cc1,1,1,0.7036117488541539
CC(C)(C)OC(=O)N[C@@H](Cc1ccc(OS(=O)(=O)c2cccc3cnccc23)cc1)C(=O)N1CCCN(C(=O)OC(C)(C)C)CC1,1,1,0.6527119178590373
CCOc1ccc(CCNC(=O)c2cc3cnccc3n2Cc2cccc(C)c2)cc1OCC,1,1,0.8459576023307815
NC(=O)N1CCCC(C(=O)N2CCCN(c3ccc(F)cc3)CC2)C1,1,1,0.8425621942833065
CS(=O)(=O)c1ccc2nc(NC(=O)C3CC3)sc2c1,1,1,0.8100719770733181
CN1C(=O)c2ccccc2[S@](=O)c2ccc(C(=O)NCCc3cccs3)cc21,1,1,0.9111138212290976
Fc1ccc(CNc2ncnc3onc(-c4ccc(F)cc4)c23)cc1,1,1,0.8948846442070562
Cc1cnc(-c2ccccc2C2CC2)nc1NCc1ccc(-c2cccnc2)cc1,1,1,0.836411569717161
COCCn1ccc2c(C3=CCOCC3)nc(-c3cccc(NC(C)=O)c3)cc21,1,1,0.8835434628141609
CN1CCN(CCCN2c3ccccc3Sc3ccc(S(=O)(=O)N(C)C)cc32)CC1,1,1,0.8601376949196529
COCc1cc(C)nc(SCC(=O)c2ccc(O)c(O)c2)c1C#N,1,1,0.7446121202072321
CN1C(=O)c2ccccc2[S@](=O)c2ccc(C(=O)NCCN3CCCC3)cc21,1,1,0.8381203195932803
Cc1cccc(-n2ncc3c2CCCC3NC(=O)c2c(F)ccc(F)c2F)c1C,1,1,0.8448594318579384
O=C(NC1CCCc2c1cnn2-c1ccc(F)cc1F)c1ccccc1,1,1,0.8854146257679257
COc1ccc(Cn2c(C(=O)O)c(CNCc3cccc(OC)c3)c3ccc(C)cc32)cc1,1,1,0.6958399168398711
C=Cc1ccc(Cn2c(C(=O)O)c(CNCc3ccccc3)c3ccc(OC)cc32)cc1,1,1,0.6884679236341675
CN1CCN(C(=O)c2ccc3cc(CCNc4ncnc5ccc(C#N)cc45)ccc3c2)CC1,1,1,0.8579602569240342
Cc1ccccc1C(=O)N1CCc2cc(-c3ccnc(NC(=O)Cc4ccccc4)n3)ccc21,1,1,0.8167677782191656
Nc1ncnc2c1c(-c1cnc3[nH]ccc3c1)nn2C1CCCC1,1,1,0.8084796400699836
CC1=C(C(=O)Nc2nncs2)C2(CCCC2)N=C(Nc2nc3ccccc3o2)N1,0,0,0.29832419561503154
Cc1noc([C@@H]2CN(C(=O)c3nn(C)c4ccccc34)C[C@H]2CO)n1,1,1,0.8332549049239653
COC[C@@H]1CN(C(=O)c2n[nH]c3ccccc23)C[C@H]1c1nc(C)no1,1,1,0.8819967564753763
COC[C@@H]1CN(C(=O)c2nn(C)c3ccccc23)C[C@H]1c1nc(C)no1,1,1,0.9242938119771099
CCc1nnc(NC(=O)c2nc(S(=O)(=O)Cc3ccc(C)cc3)ncc2Cl)s1,1,1,0.779427962312702
CCCc1nnc(NC(=O)c2nc(S(=O)(=O)Cc3ccc(C)cc3)ncc2Cl)s1,1,1,0.7863284028563419
Cc1nn2c(c1-c1ccccc1Oc1ccccc1)N(Cc1ccccc1O)CCC2,1,1,0.6730632767354878
Cc1ccccc1N(C)C1CN([S+](=O)([O-])c2cccc(C(F)(F)F)c2)C1,1,1,0.8658604784160512
CCOc1ccc(CCNC(=O)c2cc3sccc3n2Cc2ccccc2)c(F)c1OCC,0,0,0.19257989835044703
CCOc1ccc(CCN(C)C(=O)c2cc3sccc3n2Cc2ccccc2)cc1OCC,1,1,0.7947715930831432
O=C(NCCc1ccc(OCC(F)(F)F)c(OCC(F)(F)F)c1)c1cc2sccc2n1Cc1ccccc1,1,1,0.6574093687319995
CCOc1ccc(C(C)CNC(=O)c2cc3sccc3n2Cc2ccccc2)cc1OCC,1,1,0.7279585389349204
CCOc1cc(CCNC(=O)c2cc3sccc3n2Cc2ccccc2)cc(F)c1OCC,0,0,0.19921384754699212
C[C@@H](NC(=O)c1ncnc(N)c1Cl)c1ncc(C(=O)Nc2cc(C(F)(F)F)c(Cl)cn2)s1,1,1,0.7120442206804207
CC(C)(C)NS(=O)(=O)c1ccc(-c2ccc3[nH]nc(N)c3c2)cc1,1,1,0.8118881165425391
COc1ccc(Cl)cc1NC(=O)c1sc2nc3c(cc2c1N)N1CCC3CC1,1,1,0.8677221979874754
CCOC(=O)c1ccc(NC(=O)c2sc3nc4c(cc3c2N)N2CCC4CC2)cc1,1,1,0.8258516455744122
N#Cc1cccc(NC(=O)c2sc3nc4c(cc3c2N)N2CCC4CC2)c1,1,1,0.862202927961097
Nc1c(C(=O)Nc2ccc(Cl)cc2)sc2nc3c(cc12)N1CCC3CC1,1,1,0.8922938259788811
Nc1c(C(=O)Nc2ccc(Cl)c(C(F)(F)F)c2)sc2nc3c(cc12)N1CCC3CC1,1,1,0.8214453464538733
CCN(CC)CCNC(=O)C1CCN(c2nn3cc(-c4ccc(F)cc4)nc3s2)CC1,1,1,0.8729473805513392
CN(C(=O)CNC(=O)c1ccccc1OCC(=O)Nc1ccc(I)cc1)c1ccccc1,1,1,0.7350598790239019
Cc1ccc(S(=O)(=O)Nc2ccc(C(=O)Nc3nc(-c4ccc(Cl)cc4)cs3)cc2)cc1,1,1,0.5704694977154102
Cc1ccc(S(=O)(=O)Nc2ccc(C(=O)Nc3nc(-c4ccccc4)cs3)cc2Cl)cc1,1,1,0.5688165738767519
CCOc1ccc(CCNC(=O)c2ccnn2Cc2cccc(C)c2)cc1OCC,1,1,0.8826874026599633
CC(=O)NCCNC[C@@H]1C=C(C)[C@H](Cc2nnc(-c3ccccc3)o2)C[C@H]1C(C)C,1,1,0.8657713023306948
Cc1ccc(S(=O)(=O)Nc2ccccc2C(=O)Nc2cnc(-c3ccccc3)cn2)cc1,1,1,0.7029679902817304
CC(=O)Nc1cccc(Nc2nc3ccccc3n3c(C)nnc23)c1,1,1,0.880512532718248
COc1ccc(C(=O)NC2CCN(c3cnn(CC4CC4)c(=O)c3)CC2)c(OC)n1,1,1,0.8455837541246848
COc1ccc(-c2nc3ccccc3c(=O)n2Cc2ccco2)cc1COc1ccc(NC(C)=O)cc1,0,0,0.23835424291416918
Cc1ccc(-c2nc(NCC(=O)Nc3cccc(C(=O)O)c3)c3ccccc3n2)cc1,0,0,0.15466053274724045
Cc1ccc(NC(=O)c2cc(-c3ccc(C)o3)nc3ccccc23)nc1,1,1,0.9554746815591437
Cc1nc(Nc2n[nH]c3c2CN(C(=O)N[C@H](CN(C)C)c2ccccc2)C3(C)C)c2sccc2n1,0,0,0.2501767088474848
CC(=O)c1ccc(N[S+](=O)([O-])c2cccc(NC(=O)c3[nH]c(C)c(C(C)=O)c3C)c2)cc1,0,0,0.2814541882761925
CC(=O)c1c(C)[nH]c(C(=O)Nc2cccc([S+](=O)([O-])Nc3c(C)cccc3C)c2)c1C,1,1,0.73414147634456
CC(=O)c1c(C)[nH]c(C(=O)Nc2cccc([S+](=O)([O-])Nc3ccc(C#N)cc3)c2)c1C,1,1,0.6905673217469617
CC(=O)Nc1ccc(N[S+](=O)([O-])c2cccc(NC(=O)c3[nH]c(C)c(C(C)=O)c3C)c2)cc1,1,1,0.563664457948678
CCc1ccc(NC(=O)c2[nH]c(C)c(C(C)=O)c2C)cc1[S+](=O)([O-])Nc1ccccc1C#N,1,1,0.7612529311366316
COc1ccc(NC(=O)c2[nH]c(C)c(C(C)=O)c2C)cc1[S+](=O)([O-])Nc1cccc(C#N)c1,1,1,0.802414747761327
CC(=O)c1c(C)[nH]c(C(=O)Nc2cccc([S+](=O)([O-])Nc3cccc(C#N)c3)c2)c1C,1,1,0.7541126749945376
CCc1ccc(NC(=O)c2[nH]c(C)c(C(C)=O)c2C)cc1[S+](=O)([O-])Nc1ccc(C#N)cc1,1,1,0.753139797246653
COc1ccc(NC(=O)c2[nH]c(C)c(C(C)=O)c2C)cc1[S+](=O)([O-])Nc1ccccc1C#N,1,1,0.8078027060184074
COc1ccc(NC(=O)c2[nH]c(C)c(C(C)=O)c2C)cc1[S+](=O)([O-])Nc1ccc(C#N)cc1,1,1,0.7732512214576234
CC(=O)c1c(C)[nH]c(C(=O)Nc2ccc(OCCCN(C)C)c([S+](=O)([O-])Nc3ccc(Br)cc3)c2)c1C,1,0,0.40885052490086854
CCc1ccc(NC(=O)c2[nH]c(C)c(C(C)=O)c2C)cc1[S+](=O)([O-])Nc1cccc(C#N)c1,1,1,0.7729911611956112
CC(=O)c1c(C)[nH]c(C(=O)Nc2ccc(C)c([S+](=O)([O-])Nc3ccc(Br)cc3)c2)c1C,1,1,0.6448343512397134
CC(=O)c1c(C)[nH]c(C(=O)Nc2cccc([S+](=O)([O-])Nc3ccccc3C)c2)c1C,1,1,0.7599821550420275
COc1ccc(NC(=O)c2c(C)c(C(C)=O)c(C)n2C)cc1[S+](=O)([O-])Nc1ccc(Br)cc1,0,0,0.15790517131804538
CC(=O)c1c(C)[nH]c(C(=O)Nc2cccc([S+](=O)([O-])Nc3ccc(Br)cc3)c2)c1C,1,1,0.7060503372857171
Cc1cc(C)c(C(=O)Nc2cccc([S+](=O)([O-])Nc3ccc(Br)cc3)c2)[nH]1,1,1,0.8146688337545691
CCc1ccc(NC(=O)c2[nH]c(C)c(C(C)=O)c2C)cc1[S+](=O)([O-])Nc1ccc(Br)cc1,0,0,0.17396925406026453
COc1ccc(NC(=O)c2ccc[nH]2)cc1[S+](=O)([O-])Nc1ccc(Br)cc1,1,1,0.7704583071541468
COc1ccc(NC(=O)c2[nH]c(C)cc2C)cc1[S+](=O)([O-])Nc1ccc(Br)cc1,1,1,0.8096616478414163
CCOC(=O)c1csc(NC(=O)c2ccncc2NS(=O)(=O)c2ccc(C)cc2)n1,1,1,0.539598053190725
Cc1ccc(S(=O)(=O)Nc2cnccc2C(=O)Nc2nc(C(=O)O)cs2)cc1,0,0,0.1211092827369449
CNc1nc(-c2cccc3ccccc23)ccc1C#N,1,1,0.9136206259476114
O=C(Nc1nc(-c2ccccc2)cs1)c1ccncc1NS(=O)(=O)c1ccc(N2CCCC2=O)cc1,1,0,0.39360087945277455
Cc1cc(NC(=S)N2CCN(c3cccc(C(F)(F)F)c3)CC2)nc2ccccc12,1,1,0.8819369499390184
Cc1cccc(N2CCN(C(=O)c3ccc4c(c3)C(O)CCCCCN4C)CC2)c1,0,0,0.28234222447622576
Cc1nc([N+](=O)[O-])cn1-c1ccc([N+](=O)[O-])cc1,1,1,0.8252536031927591
CC/C=C\C/C=C\C/C=C\C/C=C\C/C=C\C/C=C\CCC(=O)NCCO,1,1,0.7507513693467079
CC(=O)NC(SC(=S)N(C)C)C(Cl)(Cl)Cl,1,1,0.7629772565446824
O=C(Nc1ccc(F)c(C(F)(F)F)c1)Nc1nnc(-c2ccncc2)s1,1,1,0.7556109152238224
C[S+](=O)([O-])c1ccc(-c2nc(C(=O)NCc3cccnc3)n3ccccc23)cc1,1,1,0.6956013054243385
CCCc1cc(=O)oc2c3c(c4c(c12)OC(C)(C)C=C4)OC(C)C(C)C3O,1,1,0.7643584166370109
CC(=O)c1c(C)[nH]c(C(=O)Nc2cccc([S+](=O)([O-])Nc3cccnc3)c2)c1C,1,1,0.5014673566824814
Cn1cnc(S(=O)(=O)Nc2cnccc2C(=O)Nc2nc(-c3ccccc3)cs2)c1,0,0,0.19394019715958216
COc1ccc(-n2nc(C3CCCN(CC4CCCCC4)C3)[nH]c2=O)cc1,1,1,0.6743798500279429
c1cc(-c2cc(-c3ccncc3)c3cncn3c2)c2cc[nH]c2c1,1,1,0.8447204388068337
COc1cccc(CN(C)c2ccc([S+](=O)([O-])Nc3nccs3)cc2)c1O,1,1,0.7028669078727969
Nc1ccc(CNc2ccc([S+](=O)([O-])Nc3nccs3)cc2)c(O)c1,0,0,0.16092916763373666
O=[S+]([O-])(Nc1nccs1)c1ccc(NCc2cc(F)cc(Cl)c2O)cc1,1,1,0.6166494638085767
CC(Nc1ccc([S+](=O)([O-])Nc2nccs2)cc1)c1ccccc1,1,1,0.7403282039553011
O=[S+]([O-])(Nc1nccs1)c1ccc(NCc2cc(Cl)cc(Br)c2O)cc1,1,1,0.7043746641804138
O=[N+]([O-])c1ccc(CNc2ccc([S+](=O)([O-])Nc3nccs3)cc2)c(O)c1,0,0,0.15141399052345025
O=[S+]([O-])(Nc1nccs1)c1ccc(NCc2cccc(Cl)c2)cc1,1,1,0.7205964739321443
O=C(NCCc1nc2ccccc2n1CCO)C1CCCCC1,1,1,0.847381462380873
NCC(=O)Nc1cncc(-c2nn3c(=O)cc(N4CCNCC4)nc3s2)c1,0,0,0.12790773173178682
O=C1c2ccccc2C2=Nc3ccccc3SC(c3ccc(Cl)cc3)C12,0,0,0.19636770740242648
O=C1c2ccccc2C2=Nc3ccccc3SC(c3ccccc3F)C12,0,0,0.18207259400772888
O=C(Oc1ccc[nH]c1=O)c1cc([N+](=O)[O-])cc([N+](=O)[O-])c1,1,1,0.7371244538507072
CN1C(=O)CN=C(c2ccc[nH]2)c2cc(Cl)ccc21,1,1,0.8961188566101148
CCC(CC)c1cc([C@H]2CN3CC[C@H]2C[C@@H]3CNS(=O)(=O)c2cccs2)nc(-c2ccncc2)n1,1,1,0.83322555611144
CCCC1=Nc2cc(C(=O)NC3CCCCC3)ccc2Sc2ccc(C)cc21,1,1,0.8517843270866575
O=S(=O)(Nc1nccs1)c1ccc(NCc2cccc3cc[nH]c23)cc1,0,0,0.20797517984776803
Cc1ccc2oc3c(c(=O)c2c1)C(c1cccc(O)c1)N(CCCN1CCOCC1)C3=O,1,1,0.7604918693553582
COc1cc(C2c3c(oc4cc(C)c(C)cc4c3=O)C(=O)N2CCCN2CCOCC2)ccc1O,1,1,0.7809437129949809
COc1ccc(C2c3c(oc4ccc(C)cc4c3=O)C(=O)N2CCCN2CCOCC2)cc1OC,1,1,0.8531909644756177
Fc1cnc(-c2ccccc2C(F)F)nc1NCC1CCN(c2cnccn2)CC1,1,1,0.9052984753952131
CCN(CC)C(=O)N1c2ccccc2C=Cc2ccccc21,1,1,0.8734558285653752
Cn1cc(-c2nc(Nc3ccc(F)c(F)c3)c3ccccc3n2)cn1,1,1,0.9170710715796874
CN(C)C(=O)NC1CCC(CCN2CCN(c3cccc(Cl)c3Cl)CC2)CC1,1,1,0.8715484980096194
COc1ccc(CNC(=O)c2sc3nc(C)cc(C)c3c2N)cc1,1,1,0.9127372573721597
Cc1csc2c1c(=O)n(O)c(=O)n2Cc1ccccc1,1,1,0.8340185038143453
Cc1ccccc1C(=O)Nc1nc2c(s1)CC(C(C)(C)C)CC2,1,1,0.790625601682461
CCOc1cccc(C(=O)Nc2nc3c(s2)CC(C(C)(C)C)CC3)c1,0,0,0.3257962791399837
CC(=O)N1CCc2c(sc3c2c(=O)n(-c2ccccc2)c(=O)n3CC(=O)c2ccccc2)C1,1,1,0.8549394109539113
COCCOc1cnc2ccn([C@H](C)c3nnc4c(F)cc(-c5cnn(C)c5)cn34)c(=O)c2c1,1,1,0.8039378345933997
CC(C)(N)C(=O)N[C@H](COCc1ccccc1)C(=O)N1CCC2(CC1)CN(S(C)(=O)=O)c1ccccc12,1,1,0.7223319991916566
O=S(=O)(Nc1nc2n(n1)C(c1ccccc1)C=C(c1ccc(Cl)cc1)N2)c1ccccc1,0,0,0.20814298017766825
Cc1noc(C)c1-c1cc2c(cc(C)n2C)c(-c2cnn(C)c2)n1,1,1,0.9037854734696903
Cc1ccccc1-c1nc(NCc2ccc(-c3cccnc3)cc2)c2ccccc2n1,1,1,0.8591731742553587
COc1ccccc1-c1nc(NCc2ccc(-c3cccnc3)cc2)c2ccccc2n1,1,1,0.8271949334761595
Brc1ccccc1-c1nc(NCc2ccc(-c3cccnc3)cc2)c2ccccc2n1,1,1,0.8376324026495009
FC(F)(F)c1ccccc1-c1nc(NCc2ccc(-c3cccnc3)cc2)c2ccccc2n1,1,1,0.845444204628992
Clc1ccccc1-c1nc(NCc2ccc(-c3cccnc3)cc2)c2ccccc2n1,1,1,0.867751832666668
O=C(NCc1cccnc1)c1nc(-c2ccc(Cl)nc2)c2cnccn12,1,1,0.7185026682810667
CCCNC(=O)Nc1ccc(Oc2ncnc3cc(OC)c(OC)cc23)cc1Cl,1,1,0.801604854714548
CC1=NN(c2ccc(C(=O)O)cc2)C(=O)/C1=C/c1ccc(-c2cc(C)c(C)cc2[N+](=O)[O-])o1,1,1,0.6937231306978109
N#Cc1nc(-c2cccc3ccccc23)oc1NCc1ccccc1,1,1,0.902062285593796
Cc1onc(-c2ccccc2)c1C(=O)Nc1nnc(COc2ccc(Cl)cc2)s1,1,1,0.8061876393071509
CSc1nc(N)cc(Oc2ccc(-c3nc(Nc4cccc(C(F)(F)F)c4)n[nH]3)cc2)n1,1,1,0.7406216092447531
Cc1cccc(C(=O)Nc2ccc(N3CCC(N4CCCCC4)CC3)c(C(=O)O)c2)c1,0,0,0.1401222513949018
O=C(Nc1ccc(N2CCC(N3CCCCC3)CC2)c(C(=O)O)c1)c1ccc(Br)cc1,0,0,0.12117547308178628
O=C(c1cnc(N2CCCCC2)c2ccccc12)N1CCN(c2ccccn2)CC1,1,1,0.8823622523695999
CC1CCC(n2c3cnccc3c3cnc(Nc4ccc5c(n4)CCN(C(=O)CO)C5)nc32)CC1,1,1,0.7866672376472578
Cc1n[nH]c(C)c1CCc1nc2c3ccccc3nc(SCC(=O)Nc3ccc(F)cc3)n2n1,1,1,0.7045064577159686
CCC(Sc1nc2ccccc2c2nc(CCc3c(C)n[nH]c3C)nn12)C(=O)Nc1ccc(F)cc1,1,1,0.7073212748438881
O=C(Cc1ccc(Cl)c(Cl)c1)Nc1ccc(S(=O)(=O)Nc2cccc(O)c2)cc1,1,1,0.6556465672599759
O=C(O)c1ccnc2cc(C(OCCN3CCCCC3)c3ccccc3Cl)[nH]c12,0,0,0.11796998310259926
Cc1c(CN(C)c2cc(C3CC(O)C3)nc(N)n2)[nH]c2ccccc12,0,0,0.2518775922369908
CCN1CCN(C(=O)c2cc(-c3ccc(F)cc3)c3nncn3n2)CC1,1,1,0.9326853456214937
O=C(NCC1(c2nc(-c3ccccc3)cs2)CCOCC1)c1cccc(-c2noc(C(F)(F)F)n2)c1,1,1,0.7259292599837133
COc1ccc2[nH]cc(CCNC(=O)c3cnn(-c4ccc(C)cc4)c3C3CCN(C(=O)OC(C)(C)C)CC3)c2c1,1,1,0.6112348350696316
CC(C(=O)O)c1cccc(C(=O)c2ccccc2)c1,0,0,0.20262023492817216
COCCCNC(=O)c1cc2cc(S(=O)(=O)N(C)C)ccc2n1C,1,1,0.7871612282535257
O=C([C@@H]1CCCN(c2ccc3[nH]c(C4(n5cc(Cl)cn5)CC4)nc3n2)C1)N1CCCC1,1,1,0.8834282915627502
Cc1ccc(-c2cc(C(=O)Nc3ncco3)c3ccccc3n2)cc1C,1,1,0.897401139153029
O=C(c1ccccc1)N1CCN(c2nc(-c3ccc(Br)cc3)cs2)CC1,1,1,0.6916275162866095
N#Cc1ccc2c(c1)CCN(CCC1CCC(NC(=O)c3ccnc4ccccc34)CC1)C2,1,1,0.8253055629731765
CSc1cc2c(s1)c1cnn(Cc3cccc(N)c3)c(=O)c1n2C,1,1,0.9045432061169203
Cn1c2cc(S(C)=O)sc2c2cnn(Cc3cccc(N)c3)c(=O)c21,1,1,0.8572952398494417
NC(=O)C1CCN(c2nc(-c3ccc4c(c3)OCCCO4)cs2)CC1,1,1,0.9040207443992834
CCOc1cc(-c2nccc3cc(OC)c(OC)cc23)cc(OCC)c1OCC,1,1,0.6661207589584935
CCC(C)N(C)C(=O)c1cc2ccccc2c(-c2ccccc2Cl)n1,1,1,0.9224310339198958
CC(=O)c1ccc(N2CCN(S(=O)(=O)c3ccc4c(c3)CC(=O)N4)CC2)cc1,1,1,0.8790122725096168
CC(=O)c1ccc(N2CCN(S(=O)(=O)c3cc4c(cc3Cl)NC(=O)C4)CC2)cc1,1,1,0.8886173516175968
Cc1noc(C)c1C(=O)N1CCC2(CCCN(Cc3ccccc3)C2)CC1,1,1,0.8980387674232493
O=C1CCCc2cc(S(=O)(=O)Nc3cnccc3C(=O)Nc3nc(-c4ccccc4)cs3)ccc2N1,0,0,0.11192108757182337
COc1cc2cc(CN3CCC(N(C)C)C3)c(-c3cccc(Cl)c3)nc2cc1OC,1,1,0.876169128343806
C[C@@]1(c2ncncc2F)NC(=O)c2cc(-c3cn[nH]c3)ccc21,1,1,0.8505425398393193
Cc1ccc(-c2nnc(Nc3ccc(Br)cc3)c3ccccc23)cc1S(=O)(=O)N1CCN(C)CC1,1,1,0.6698219263537364
N#Cc1ccccc1CSc1nc2ncc(Br)cc2[nH]1,1,1,0.9102199998733215
O=[N+]([O-])c1cccc(CSc2nc3ncc(Br)cc3[nH]2)c1,1,1,0.8653698729386786
Cc1ccccc1CSc1nc2ncc(Br)cc2[nH]1,1,1,0.9248056014473905
COc1ccc(-n2nc(C3CCN(C(=O)C4CC4)CC3)[nH]c2=O)cc1,1,1,0.8342556970641656
COc1cc(/C=C(\C#N)C(=O)c2ccc(O)c(O)c2)cc(I)c1O,0,0,0.17466014701522847
CN(Cc1ccc(/C=C/C(=O)NO)cc1)CC12CC3CC(CC(C3)C1)C2,1,1,0.7780261432163694
CCOC(=O)C1CCN(C(=O)C(C)(C)NC(=O)Nc2ccc(-c3ccccc3)cc2)CC1,1,1,0.8622029187674022
O=c1c(-c2cccs2)ccc2n1C[C@H]1C[C@@H]2CN(C2CCOCC2)C1,1,1,0.9007320426528256
Cc1nc2sccn2c(=O)c1S(=O)(=O)Nc1ccc(N2CCN(C)CC2)cc1,1,1,0.8017044040532572
Cc1nc2sccn2c(=O)c1S(=O)(=O)Nc1ccc(N2CCN(S(C)(=O)=O)CC2)cc1,1,1,0.7898425820356452
COc1cccc(NC(=O)c2cccc3c(=O)c4c([nH]c23)CCCC4)c1,1,1,0.8744459140676001
C[C@]1(CO)CN(c2cc(C(=O)Nc3ccc4c(c3)-c3c(c(C(N)=O)nn3-c3ccc(F)cc3)CC4)c(Cl)cn2)C[C@@]1(C)CO,1,1,0.5447821471295251
COc1cccc(CNc2ccc(S(=O)(=O)Nc3cccs3)cc2)c1O,1,1,0.7735284295733861
O=C(Nc1nc(-c2ccccc2)cs1)c1ccncc1NS(=O)(=O)c1cccnc1,1,1,0.565666027853142
CC(=O)c1c(C)[nH]c(C(=O)Nc2cccc([S+](=O)([O-])Nc3ccncc3)c2)c1C,0,0,0.33380906172694536
C[C@@H](O)CNC(C)(C)CC(=O)N[C@@H]1CCc2ccccc2N(Cc2ccc(-c3ccccc3-c3nn[nH]n3)cc2)C1=O,0,0,0.1311437180413291
COc1cc2ncnc(Oc3cccc(NC(=O)Nc4cc(C(C)(C)C(F)(F)F)on4)c3)c2cc1OC,1,1,0.6337627845467114
O=C(c1ccc2ccccc2c1)N1CCN(c2ccc(O)cc2)CC1,1,1,0.8271724403523376
CN(C)C(=O)c1cc(-c2ccc(S(C)(=O)=O)cc2)c2cnn(C)c2n1,1,1,0.90391334364983
CC(C)C(=O)N1CCc2ccc(OCc3nc(C(=O)N4CCCC4)co3)cc2C1c1cccc(F)c1,1,1,0.878067827072368
CC1CCc2ccc(F)cc2N1S(=O)(=O)c1cccs1,1,1,0.8757333317955251
CCOc1ccccc1C(=O)NC1CCN(c2cc(C)cc(C)c2)C1=O,1,1,0.9043349115930084
CCCCCCCc1c(C)nc(N2CCOCC2)[nH]c1=O,1,1,0.8589476344118894
O=S(=O)(Nc1cccc(C(F)(F)F)c1)c1ccc(NS(=O)(=O)c2ccc3c(c2)OCCO3)cc1,1,1,0.6340694770890479
C[C@@H]1C(=O)O[C@H]2[C@H]1CC[C@@]1(C)Cc3sc(NS(=O)(=O)Cc4ccccc4)nc3[C@@H](C)[C@H]21,1,1,0.8235100847346335
C=CC(=O)Nc1cccc(Oc2nc(Nc3ccc(N4CCN(C)CC4)cc3)ncc2Cl)c1,1,1,0.8038087573405029
COc1ccc(CCNC(=O)c2cc3c(=O)n4ccccc4nc3n(CCCN3CCOCC3)c2=N)cc1,1,1,0.6632257357608683
NC(=O)C1CCN(c2cc(-c3ccc4c(c3)OCCCO4)ncn2)CC1,1,1,0.9478519127578618
NC1CCC(Nc2nc(Nc3ccc(C(=O)N4CCCCC4)cc3)c3ncn(-c4cccc(F)c4)c3n2)CC1,1,1,0.6487605479351183
Cc1ccc(-c2nnc(N3CCC(C(N)=O)CC3)s2)cc1,1,1,0.9442876407786575
NC(=O)C1CCN(c2nnc(-c3ccc(Br)cc3)s2)CC1,1,1,0.9100623480252892
CN(C)c1cccc(-c2nnc(N3CCC(C(N)=O)CC3)s2)c1,1,1,0.9474808508110812
O=c1c2ccccc2nc(/C=C/c2cccnc2)n1Cc1ccccc1,1,1,0.8877521564417651
O=C(NCCCNc1nc(Nc2cccc(CN3CCOCC3)c2)ncc1C1CC1)C1CCC1,1,1,0.8004800636983164
Cc1ccc(OCCn2c(CCNC(=O)c3ccccc3Br)nc3ccccc32)cc1,1,1,0.8302952993384026
Cc1ccc(OCCn2c(CCNC(=O)c3ccc(Cl)cc3)nc3ccccc32)cc1,1,1,0.8701935532226203
COc1ccc(-c2c(-c3cc(C(=O)O)ccn3)ncn2C)cc1,0,0,0.18568340663221147
CC(C)c1ccc2oc3nc(N)c(C(=O)O)cc3c(=O)c2c1,0,0,0.11919002631313705
CCCCn1cc2c(c1-c1ccc(Br)cc1)c(=O)n(C)c(=O)n2C,1,1,0.9041826138622981
CCOC(=O)N1CCN(C(=O)Cn2sc3nc(C)cc(C)c3c2=O)CC1,1,1,0.8636869917003992
CN(C(=O)CSc1nc2c(c(=O)[nH]1)CCCC2)c1ccccc1,1,1,0.9198790549024081
O=C(Nc1ncc(Cc2ccc(C(F)(F)F)cc2)s1)c1ccc(-c2cccnc2)o1,1,1,0.7246964109617237
O=C(O)c1ccc(-c2c[nH]c3ncc(-c4ccccc4)cc23)cc1C1CCCC1,1,1,0.6479529137012477
Cc1ccc(S(=O)(=O)Nc2cnccc2C(=O)Nc2cccc3ccccc23)cc1,1,1,0.6928361703039994
COc1ccc(NC(=O)c2cccnc2)cc1S(=O)(=O)Nc1ccc(Br)cc1,1,1,0.7556181680367081
c1ccc(-c2nnc3n2NC(c2ccc4c(c2)OCO4)S3)cc1,1,1,0.8428198331234252
COc1ccc(S(=O)(=O)N2CCN(C(=O)C3COc4ccccc4O3)CC2)cc1,1,1,0.8205378344830624
O=C(c1ccncc1)N1CCC2(CCCN(C(c3ccccc3)c3ccccc3)C2)CC1,1,1,0.6202879559026342
Nc1nc(N)c2c(OCC3CCN(Cc4ccccc4F)CC3)cccc2n1,1,1,0.771718829719513
Cc1ccccc1C(=O)NC1CCN(c2ccc3nnc(C4CC4)n3n2)CC1,1,1,0.8918957950658267
O=C(Nc1ccc(S(=O)(=O)Nc2nccs2)cc1)c1ccc2ccccc2c1,0,0,0.12563080812658886
Cc1cnc(-c2ccccc2C(C)C)nc1NCC1CN(c2cccnc2)C1,1,1,0.9348735529124262
CCOc1ccc(C2c3c(oc4ccc(C)cc4c3=O)C(=O)N2CCCN(C)C)cc1,1,1,0.8053029608706603
Cc1ccc2oc3c(c(=O)c2c1)C(c1ccc(O)cc1)N(CCCN(C)C)C3=O,0,0,0.2666931360010836
COc1ccc(C2c3c(oc4ccc(Cl)cc4c3=O)C(=O)N2CCCN(C)C)cc1OC,1,1,0.8382533007701877
C[C@H]1CN(C(=O)c2nn(C)c3ccccc23)C[C@@H]1c1nc(-c2ccncc2)no1,1,1,0.9075926135089378
CCN(CC)CCOc1ccc2c(=O)c3ccc(Cl)cc3n(CCN(CC)CC)c2c1,1,1,0.8527853449938085
Cc1cc(N=Nc2ccc(S(=O)(=O)Nc3ccccn3)cc2)c(N)cc1O,1,1,0.6650631925772896
CC(C)N(CCC(=O)c1ccc2ccccc2c1)Cc1ccccc1,1,1,0.8144832347414619
O=[S+]([O-])(Nc1ccc(C2CCNCC2)cc1)c1ccc(NCc2ccc(Br)cc2O)cc1,0,0,0.07280583984187118
O=[S+]([O-])(Nc1ccc(C2CCNCC2)cc1)c1ccc(NCc2ccc(Cl)cc2O)cc1,0,0,0.08732821049727496
O=C1C(SCCO)=C(SCCO)C(=O)c2ccccc21,1,1,0.7525963719105997
COc1ccc(-c2cn[nH]c2-c2ccc(OC)cc2)cc1,1,1,0.8645946578977487
CCN1CCN(c2ccc(Nc3ccc(-c4ccc(C(N)=O)cc4)n4ncnc34)cc2)CC1,1,1,0.7678079539105963
CCN1CCCC1CNC(=O)c1cc(S(=O)(=O)CC)c(N)cc1OC,0,0,0.18363869012840728
CCc1cc(Cl)c(OC)c(C(=O)NC[C@@H]2CCCN2CC)c1O,1,1,0.738199551058563
CCCOC(=O)c1ccc(Oc2c(-c3ccc(O)cc3O)n[nH]c2C)cc1,1,1,0.7480526240643477
CC[C@H](C)[C@@H]([C@@H](CC(=O)N1CCC[C@H]1[C@H](OC)[C@@H](C)C(=O)N[C@@H](Cc1ccccc1)c1nccs1)OC)N(C)C(=O)[C@@H](NC(=O)[C@H](C(C)C)N(C)C)C(C)C,1,1,0.5967339924064751
Clc1ccc(-c2noc3ncnc(N4CCCCC4)c23)cc1,1,1,0.953645318282491
O=C(O)CCC(=O)Nc1nc(-c2ccccc2)cs1,0,0,0.11750818491041913
COc1cccc(OC)c1C(=O)Nc1ccccc1C(=O)Nc1cccc(C(F)(F)F)c1,1,1,0.6902017847100881
CCCCOc1ccccc1C(=O)Nc1ccccc1C(=O)Nc1cccc(S(=O)(=O)C(F)(F)F)c1,0,0,0.11927883908573399
COc1ccccc1C(=O)Nc1ccccc1C(=O)Nc1cccc(S(=O)(=O)C(F)(F)F)c1,0,0,0.1844874326594675
Cc1cnc(-c2ccccc2C(C)C)nc1NCC1CCN(c2cccnc2)C1,1,1,0.9232407588835123
COc1ccc(C(=O)Nc2ccc3c(c2)N(C2CCCC2)C(=O)c2ccccc2S3)cc1OC,1,1,0.7450867311237708
CC(=O)Nc1ccc(C(=O)Nc2ccc3c(c2)N(C2CCCC2)C(=O)c2ccccc2S3)cc1,1,1,0.6842702485617974
Cc1[nH]c2ccccc2c1CN1CCN(c2ccccn2)CC1,1,1,0.923067396995926
O=C(O)c1ccnc2cc(-c3nc4ccccc4n3CCN3CCCCC3)sc12,0,0,0.19015455077038898
O=C(Nc1ccc(S(=O)(=O)Nc2nccs2)cc1)c1cc(-c2ccccc2)nc2ccccc12,0,0,0.09676736299221073
CCOc1cc(CNc2ccc(O)cc2)ccc1OCc1ccc(Cl)cc1,0,0,0.25311225168853574
OCc1ccc(-c2cc3c(ccn3Cc3cccnc3)c(C3=CCOCC3)n2)cc1,1,1,0.8244468054263469
Cc1nc2ccc(Nc3nc(-c4ccncc4)nc4ccccc34)cc2s1,1,1,0.8839891763321092
c1ccc2c(N3CCOCC3)nc(-c3ccncc3)nc2c1,1,1,0.9262024412501942
Cc1ccccc1C(=O)N1CCc2cc(-c3nc(NC(=O)c4ccc5c(c4)OCO5)sc3C)ccc21,1,1,0.6518108512793076
COc1ccc(Cn2c(=O)[nH]c3cc(C(=O)NCCCN4CCCCC4)ccc3c2=O)cc1,1,1,0.72267464180369
Oc1ccc2[nH]cc(CCCCN3CC=C(c4ccccc4)CC3)c2c1,1,1,0.7642866235774468
N#Cc1cnc(NS(=O)(=O)c2ccc(NC(=O)Cc3ccc(F)c(Cl)c3)cc2)s1,0,0,0.15336415438692966
O=C(Cc1ccccc1)Nc1ccc(S(=O)(=O)Nc2nccs2)cc1,0,0,0.07650252299792693
O=C1CCCC2=C1C1(CCS(=O)(=O)C1)N=C(Nc1nc3ccccc3o1)N2,1,1,0.808901001885296
COc1ccc(CCNc2ncnc3onc(C)c23)c(OC)c1,1,1,0.9244664827929249
COc1cccc(CNc2ccc(S(=O)(=O)Nc3nc4ccccc4o3)cc2)c1O,1,1,0.7716494022781052
CC(C)c1ccccc1-c1ncc(F)c(NCc2ccc(-c3cccnc3)s2)n1,1,1,0.8811005014755723
O=C(c1nc(-c2ccc(Cl)cc2Cl)c2cnccn12)N1CCOCC1,1,1,0.8620242345901612
C[S+](=O)([O-])c1ccc(-c2nc(C(=O)N3CCOCC3)n3ccncc23)cc1,0,0,0.259274355858641
COc1cc2nccc(Oc3ccc(NC(=O)C4(C(=O)Nc5ccc(F)cc5)CC4)cc3)c2cc1OC,1,1,0.6513875169539208
Cc1ccc(C2=NN=C(NC(=O)CSc3nncn3C)SC2)cc1,1,1,0.8690131781861297
O=C(Nc1cncc(Cc2ccccc2)c1)c1ccc(-c2cccc([N+](=O)[O-])c2)o1,1,1,0.8227340806076943
COC(=O)c1ccc(Oc2nc3c(c(=O)n(C)c(=O)n3C)n2CCC(C)C)cc1,1,1,0.8695426594467631
O=C(CCc1ccccc1)Nc1ccc(S(=O)(=O)Nc2nccs2)cc1,0,0,0.11103989596946193
c1cn2cc(-c3ccc4cn[nH]c4c3)nc(Nc3ccc(N4CCOCC4)cc3)c2n1,1,1,0.7762341261841122
Nc1ccccc1OCCn1c(CCNC(=O)C2CCCCC2)nc2ccccc21,1,1,0.8348629852891537
Cc1ccc(OCCn2c(CCNC(=O)C3CCCCC3)nc3ccccc32)cc1,1,1,0.9013497710647094
COCCCOc1ccnc(CS(=O)c2nc3ccccc3[n-]2)c1C,1,1,0.8843624820236965
Cc1ccc(S(=O)(=O)Nc2ccncc2C(=O)Nc2nc(-c3ccccc3)cs2)cc1,0,0,0.3556422856980766
Cc1nn2c(c1-c1ccccc1-c1ccccc1)N(Cc1ccc(C(=O)O)s1)CCC2,1,1,0.6442179819444916
Cc1ccc(S(=O)(=O)Nc2cnccc2C(=O)Nc2nc3ccccc3s2)cc1,1,1,0.5908915911541571
Nc1c(-c2ccncc2)cc[nH]c1=O,0,0,0.21207078949938477
CCCCN(CC)CCNC(=O)c1cc2c(-c3ccc(Cl)cc3)nn(C)c2s1,1,1,0.8742490986439156
Fc1cc(Nc2nc(-c3ccncc3)nc3ccccc23)ccc1N1CCCCC1,1,1,0.8640581548233845
COc1ccc(CN2CCc3c(c(=O)n4ncc(C(=O)N5CCN(c6ccccc6OC)CC5)c4n3C)C2)cc1,1,1,0.7125533064410416
COc1ccccc1NS(=O)(=O)c1cccc(NC(=O)c2[nH]c(C)c(C(C)=O)c2C)c1,1,1,0.7581100859473625
COc1ccccc1N1CCN(CCN(C(=O)c2ccc(F)cc2)c2ccccn2)CC1,1,1,0.9134498431061183
COc1ccccc1N1CCN(CCN(C(=O)c2ccc(I)cc2)c2ccccn2)CC1,1,1,0.8413177433198507
Cc1ccc(S(=O)(=O)Nc2cnccc2C(=O)Nc2ccc(N3CCOCC3)cc2)cc1,1,1,0.6865140548013069
O=C(Nc1ccc(S(=O)(=O)Nc2nccs2)cc1)c1ccncc1,0,0,0.05889628002425798
COc1ccc(-n2nc(C3CCCN(C(=O)Cc4ccccn4)C3)[nH]c2=O)cc1,1,1,0.8042048025281785
Cc1cc(NS(=O)(=O)c2ccc(NC(=O)Cc3ccc(Cl)c(Cl)c3)cc2)n(C)n1,1,1,0.7103356226092017
COc1ccc(N(C)C(=O)c2cc3c(s2)-c2ccccc2OC3)cc1,1,1,0.9007031963536295
Cc1sc2c(c1C)C(c1ccc(Cl)cc1)=N[C@H](CC(=O)NCCCCNC(=O)COc1cccc3c1C(=O)N([C@H]1CCC(=O)NC1=O)C3=O)c1nnc(C)n1-2,0,0,0.09518098951925047
COc1cc(OC)c2c(=O)[nH]c(-c3cc(C)c(OCCO)c(C)c3)nc2c1,1,1,0.8124604505390575
COC(=O)[C@@]12OC[C@]34[C@H]([C@@H](O)[C@@H]1O)[C@@]1(C)CC(=O)C(O)=C(C)[C@@H]1C[C@H]3OC(=O)[C@H](OC(=O)/C=C(\C)C(C)C)[C@@H]24,1,1,0.6217132038672242
CCOC(=O)c1nc(Nc2ccc(N3CCC(C)CC3)cc2)c2ccccc2n1,1,1,0.9234630777480909
N#Cc1ccc(-c2ccc(CNc3ccc(C4CCNCC4)cc3)o2)cc1,1,1,0.8335773040913252
Cn1cc2c3c(cccc31)CN(C(=O)c1ccc(F)c(Cl)c1)CC2,1,1,0.9491237264207939
CCOC(=O)C1=C(C)NC(=O)CC1C(=O)Nc1cc(Cl)cc(Cl)c1,1,1,0.8446725949558168
COC(=O)C1=C(C)NC(=O)CC1C(=O)Nc1ccc(Cl)cc1,1,1,0.8324115995412761
CC(C)(C)n1cnc2cc(C(=O)N3CCCCC3)ccc21,1,1,0.9471456966378498
COc1c(Cl)cc2c([nH]c3cnccc32)c1NC(=O)c1cccnc1C,1,1,0.8807979270658325
CC(C)(C)c1ccc(C(=O)Nc2cn3cc(-n4ccnc4)ccc3n2)cc1,1,1,0.908696549412082
CCC(CC)c1cc([C@H]2CN3CC[C@H]2C[C@@H]3CNC(=O)Cc2cccs2)nc(-c2ccncc2)n1,1,1,0.8291372832391901
C#CC1(O)CCC2C3CCC4=C/C(=N/OCC(=O)NCC(=O)NC(C(=O)O)C(C)C)CC[C@]4(C)C3CC[C@@]21C,0,0,0.1547369454258572
C#C[C@]1(OC(C)=O)CC[C@H]2[C@@H]3CCC4=C/C(=N/O)CC[C@@H]4[C@H]3CC[C@@]21CC,1,1,0.7893490734316085
CC(C)CN(CC(=O)N(CCCN1CCCC1=O)CC(N)=O)C(=O)CNCCc1ccccc1F,1,1,0.6721286868255383
COc1cc2c3cc1Oc1c(O)c(OC)cc4c1[C@@H](Cc1ccc(cc1)Oc1cc(ccc1O)C[C@H]3N(C)CC2)N(C)CC4,1,1,0.601447648490486
O=C(Nc1ncnc2sc3c(c12)CCCCC3)c1ccco1,1,1,0.9001671640570906
COc1cccc(CNc2ccc(S(=O)(=O)Nc3nc4ccccc4s3)cc2)c1O,1,1,0.7322667927124484
Cc1ccc(-n2ncc3c(NCCCn4ccnc4)ncnc32)cc1Cl,1,1,0.9057256530271682
Cc1csc2nc(-c3cccc(NC(=O)c4ccccc4Cl)c3)cn12,1,1,0.8761460170291357
Cc1csc2nc(-c3cccc(NC(=O)c4cccc(F)c4)c3)cn12,1,1,0.8935371684092226
CC1CN(c2ccc(Nc3nc(-c4ccncc4)nc4ccccc34)cc2F)CC(C)O1,1,1,0.8992970038610534
CC(C)c1ccc(OCc2nc3c(n2Cc2ccccc2)C(=O)N(CC2CCOCC2)CCN3)cc1,1,1,0.8388233785267399
CCOC(=O)N1CCN(Cc2nc3cc(NC(=O)CC(C)C)ccc3n2C(C)C)CC1,1,1,0.9161031377440656
COc1ccc2c3c([nH]c2c1)C1CC2C(CC(O)C(OC)C2CO)CN1CC3,0,0,0.2056518728638126
CCOC(=O)N1CCN(Cc2nc3cc(NC(=O)c4ccc(OC)cc4)ccc3n2C(C)C)CC1,1,1,0.8561961392118963
O=C(O)c1ccc(Nc2nc(-c3cc4ccccc4oc3=O)cs2)cc1O,0,0,0.14217143630386653
CC(=O)c1c(C)oc2ccc(N(C(=O)Oc3ccccc3)S(=O)(=O)c3ccccc3)cc12,1,1,0.7763792336614306
O=C(Nc1ccc(S(=O)(=O)Nc2nccs2)cc1)c1ccnc2ccccc12,0,0,0.08695778074704466
O=[S+]([O-])(Nc1ccc(N2CCNCC2)cc1)c1ccc(NCc2cccc(Cl)c2O)cc1,0,0,0.08525773138072046
O=[S+]([O-])(Nc1ccc(N2CCNCC2)cc1)c1ccc(NCc2ccc(Br)cc2O)cc1,0,0,0.06958246108927571
O=[S+]([O-])(Nc1ccc(N2CCNCC2)cc1)c1ccc(NCc2ccc(Cl)cc2O)cc1,0,0,0.08212891501659633
NC(=O)c1cnc(N[C@@H]2CCCC[C@@H]2N)nc1Nc1cccc(-n2nccn2)c1,1,1,0.5685968451574226
NC(=O)COc1ccc(C2CC(=O)Nc3n[nH]c(Nc4ccccc4)c32)cc1,0,0,0.19866033080939488
Cc1cc(C)nc(NS(=O)(=O)c2ccc(NC(=S)NC(=O)COc3ccc(Br)cc3Cl)cc2)n1,1,1,0.6110783609197109
CCCCC(C)/C=C(C)/C=C(\C)C(=O)NC1=CC(O)(/C=C/C=C/C=C/C(=O)NC2=C(O)CCC2=O)C2OC2C1=O,1,1,0.5522325068977465
Cc1ccc(N(C)S(=O)(=O)c2ccc(-c3cnc(C4CC4)o3)cc2)cc1,1,1,0.9034270696215811
CC1(C)CNc2cc(NC(=O)c3cccnc3NCc3ccncc3)ccc21,1,1,0.8070308871314448
Clc1ccc(C2(c3ccc(-c4cn[nH]c4)cc3)CCNCC2)cc1,1,1,0.8316166467643883
O=C(Cc1ccc(O)cc1)N1CC(CNc2ccccc2)C2(C1)CN(c1ccccc1)C2,1,1,0.7179109773363398
COc1ncccc1-c1cc2c(ccn2CC2CCN([S+](C)(=O)[O-])CC2)c(N2CCOCC2)n1,1,1,0.8405117057573304
CC(C)(O)Cn1c(NC(=O)c2ccc(-c3cn[nH]c3)s2)nc2cc(CN3CCOCC3)ccc21,1,1,0.7138035647804089
Brc1ccc(-c2csc(N3CCOCC3)n2)cc1,0,0,0.3100844100732197
Cc1cccc(C)c1Nc1c(-c2cccs2)nc2ncccn12,1,1,0.9695283858022056
COc1ccc(CN2CCNc3cc(Nc4ccccc4)ncc3C2)cn1,1,1,0.7876586183704881
NC(=O)C1CCN(c2nc(-c3ccc4c(c3)CCO4)cs2)CC1,1,1,0.897577351471309
O=C(c1ccccc1)N1CCC(c2nn(-c3ccc(F)cc3)c(=O)[nH]2)CC1,1,1,0.8566486305730139
COc1ccc(-n2nc(C3CCN(C(=O)c4ccccc4)CC3)[nH]c2=O)cc1,1,1,0.6672685715537685
COc1ccc(NC(=O)c2[nH]c(C)c(C(C)=O)c2C)cc1S(=O)(=O)N1CCCCC1,1,1,0.8330848888417991
CC(=O)c1c(C)[nH]c(C(=O)Nc2cccc(S(=O)(=O)N3CCCCC3)c2)c1C,1,1,0.8792009060490839
COc1ccc(C2Nc3ccccc3C(=O)N2Cc2ccco2)cc1COc1ccc(NC(C)=O)cc1,1,1,0.6131266481449689
Cc1cnc(-c2ccccc2C2COC2)nc1NCc1ccc(-n2ccnn2)cc1,0,0,0.3550948075599535
CCC(CC)C(=O)NC[C@@H]1C=C(C)[C@H](Cc2nc3c(C)cccc3[nH]2)C[C@H]1C(C)C,1,1,0.849454443005007
Cc1ccc(S(=O)(=O)Nc2cnccc2C(=O)Nc2nc(-c3cc(Br)cs3)cs2)cc1,0,0,0.17739647463894861
CCc1oc2ccccc2c1C(=O)c1cc(Br)c(O)c(Br)c1,1,1,0.8117098798392647
CCc1oc2ccccc2c1C(=O)c1cc(I)c(O)c(I)c1,1,1,0.7983198693615003
CCOc1ccc(CCNC(=O)c2cc3ncccc3n2Cc2cccc(C)c2)cc1OCC,1,1,0.8835844589341321
CC(C)(O)/C=C\C(=O)[C@](C)(O)[C@H]1[C@H](O)C[C@]2(C)[C@@H]3CC=C4[C@@H](C=C(O)C(=O)C4(C)C)[C@]3(C)C(=O)C[C@@]12C,1,1,0.6423640178850155
CCOc1ccc(CCNC(=O)c2ccnn2Cc2ccccn2)cc1OCC,1,1,0.9031787537276837
COc1cccc(CNc2ccc(S(=O)(=O)Nc3cccc(N4CCNCC4)c3)cc2)c1O,1,1,0.5990797380593004
CCCCCCOc1ccc(OC(=O)c2ccncc2)cc1,1,1,0.8556722620215541
COC(=O)Nc1nc2ccc(SC(C)C)cc2[nH]1,1,1,0.7977355569366172
COc1ccc(S(=O)(=O)N2CCCCCC2)cc1NC(=O)Cc1n[nH]c(=O)c2ccccc12,0,0,0.21103460054174236
Cc1ccc(S(=O)(=O)Nc2cnccc2C(=O)Nc2nc(-c3ccncc3)cs2)cc1,1,1,0.6077029684783174
Cc1noc(C)c1-c1ccc(-c2cc(C(N)=O)c(NC(N)=O)s2)c(O[C@H]2CCNC2)c1,0,0,0.17935781963682154
CN(C)C(=O)c1nc(-c2ccc(Cl)cc2Cl)c2cnccn12,1,1,0.9192199986756181
COC(=O)CNC(=O)c1nc(-c2ccc([S+](C)(=O)[O-])cc2)c2cnccn12,0,0,0.201191022183211
C#CCNC(=O)c1nc(-c2ccc([S+](C)(=O)[O-])cc2)c2cnccn12,0,0,0.23400771651630195
CN(C)C(=O)c1nc(-c2ccc(S(C)(=O)=O)cc2)c2cnccn12,1,1,0.8267366458607599
COC(=O)CNC(=O)c1nc(-c2ccc(Cl)cc2Cl)c2cnccn12,1,1,0.7954859444548832
NC(=O)NCC(=O)N[C@H]1CC[C@H](Nc2nccc(-c3ccncc3)n2)C1,0,0,0.16287660904251358
CN(C)CCOc1ccc(C(=C(CCCl)c2ccccc2)c2ccccc2)cc1,0,0,0.23863907311213292
O=C(Nc1ccccc1)C1CCN(c2nc(-c3ccc(Br)cc3)cs2)CC1,1,1,0.7020059877245981
CNc1sc(-c2cccc3ccccc23)nc1C#N,1,1,0.8804437016759894
Nc1nc(N)c2cc(Sc3ccc4ccccc4c3)ccc2n1,1,1,0.7966864440829748
CCC(CC)(NC(=O)C(C)C)C(=O)N[C@@H](CCCN=C(N)N)C(=O)NC1(C(=O)NC(c2ccc(F)cc2)c2ccc(F)cc2)CCCC1,0,0,0.1058843789695878
COc1ccc2c(c1)CCc1c-2n[nH]c1C(=O)N1CCc2c(nc3cc(-c4ccccc4)[nH]n3c2=O)C1,1,1,0.6968254575654781
Cc1ccc(C(=O)NC2CCN(c3cnn(CC4CC4)c(=O)c3)CC2)cc1C,1,1,0.885911118513539
c1coc(-c2nc3ccncc3[nH]2)c1,1,1,0.8614301923629628
Cc1cc(-c2nnc3n2CCCCC3)c(C)n1-c1cccnc1,1,1,0.9681788212692902
Cc1ccc(S(=O)(=O)Nc2ccccc2C(=O)Nc2nc(-c3ccccc3)c(C)s2)cc1,1,1,0.5202023691148673
Cc1ccc(S(=O)(=O)Nc2cc(Br)ccc2C(=O)Nc2nc(-c3ccccc3)cs2)cc1,0,0,0.0911017909273536
Cc1ccc(S(=O)(=O)Nc2ccc(Br)cc2C(=O)Nc2nc(-c3ccccc3)cs2)cc1,0,0,0.08294923799622907
COc1ccc(-c2csc(NC(=O)c3ccccc3NS(=O)(=O)c3ccc(C)cc3)n2)cc1,0,0,0.1714138534289453
Cc1ccc(-c2csc(NC(=O)c3ccccc3NS(=O)(=O)c3ccc(C)cc3)n2)cc1,1,0,0.49107289334935816
Cc1ccc(S(=O)(=O)Nc2ccccc2C(=O)Nc2nc(-c3ccc(Cl)cc3)cs2)cc1,1,1,0.552870433471617
Cc1ccc(S(=O)(=O)Nc2ccccc2C(=O)Nc2nc(-c3ccccc3)cs2)cc1,1,1,0.6462175504374206
Cc1ccc(S(=O)(=O)Nc2ccc(OC(F)(F)F)cc2C(=O)Nc2nc(-c3ccccc3)cs2)cc1,0,0,0.09794693199879446
Cc1ccc(S(=O)(=O)Nc2cc(Cl)c(Cl)cc2C(=O)Nc2nc(-c3ccccc3)cs2)cc1,0,0,0.10548503679044945
Cc1ccc(S(=O)(=O)Nc2cc(Cl)ccc2C(=O)Nc2nc(-c3ccccc3)cs2)cc1,1,1,0.5122812540025329
Cc1ccc(S(=O)(=O)Nc2ccc(C)cc2C(=O)Nc2nc(-c3ccccc3)cs2)cc1,0,0,0.3063448948863694
Cc1ccc(S(=O)(=O)Nc2cc(F)ccc2C(=O)Nc2nc(-c3ccccc3)cs2)cc1,1,1,0.6504175511945632
COc1cc(NS(=O)(=O)c2ccc(C)cc2)c(C(=O)Nc2nc(-c3ccccc3)cs2)cc1OC,1,0,0.42599313894812985
Cc1ccc(S(=O)(=O)Nc2ccc(F)cc2C(=O)Nc2nc(-c3ccccc3)cs2)cc1,1,1,0.6398574768557558
O=C(NCc1ccc(S(=O)(=O)c2cccc(C(F)(F)F)c2)cc1)c1cnc2[nH]ncc2c1,1,1,0.6812522273277389
COc1ccc(OC)c(-c2nnc3n2N=C(c2c(OC)cccc2OC)CS3)c1,1,1,0.7341812756285364
COc1ccc(-c2cc(-c3cccc(NC(C)=O)c3)cn3cncc23)cn1,1,1,0.8675262165791723
OCc1cccc(-c2cc(-c3cccnc3)c3cncn3c2)c1,1,1,0.8989904479728967
CN(C)C(=O)c1ccc(-c2cc[nH]c(=O)c2N)cc1,1,1,0.7217554687009052
Nc1c(-c2ccccc2)cc[nH]c1=O,1,1,0.6436042119912598
CN(C)c1ccc(-c2cc[nH]c(=O)c2N)cc1,1,1,0.7308339423858528
COc1cccc(C(=O)NCCSc2c(-c3ccc(F)cc3)[nH]c3ccccc23)c1OC,1,1,0.7592029958297019
CC1=C[C@@H](CN2C(=O)C(C)=C(C)C2=O)[C@H](C(C)C)C[C@H]1Cc1nc2c(C)cccc2[nH]1,1,1,0.9001624439101367
CCOc1ccc(CCNC(=O)c2cc3cccnc3n2Cc2cccc(C)c2)cc1OCC,1,1,0.8739602626984743
COc1cccc(CNc2ccc(S(=O)(=O)Nc3ccc(N4CCNCC4)nc3)cc2)c1O,1,1,0.6503955155435694
Cc1cccc(C)c1C(=O)Nc1cccc([S+](=O)([O-])N2CCCCCC2)c1,1,1,0.8940063073199531
COc1ccc(NC(=O)c2c(C)cccc2C)cc1[S+](=O)([O-])N1CCCCCC1,1,1,0.8874798468150472
N#Cc1ccc(C(=O)Nc2ccc(Cl)c(-c3nc4cc(Cl)ccc4o3)c2)c(F)c1,0,0,0.2707495984163016
COc1ccc(-c2nc3ccccc3c(=O)n2Cc2ccccc2)cc1COc1ccc(NC(C)=O)cc1,1,1,0.5425295310215124
COc1ncc(-c2n[nH]c3c2CC(=O)N(c2ccccc2)C3)cn1,1,1,0.8877763557654282
CCCSc1nc(N[C@@H]2C[C@H]2c2ccc(F)c(F)c2)c2nnn([C@@H]3C[C@H](OCCO)[C@@H](O)[C@H]3O)c2n1,1,1,0.679552410922049
c1ccc2c(Nc3ccn[nH]3)nc(-c3ccncc3)nc2c1,1,1,0.9047560667961458
CC(=O)c1c(C)[nH]c(C(=O)Nc2cccc([S+](=O)([O-])Nc3ccccn3)c2)c1C,1,1,0.5837120552398045
COc1c2c(c3c(c1CCC(=O)O)OC(C)(C)C=C3)OC(C)(C)C=C2,1,1,0.7065901984582297
O=C(COc1ccccc1)NCC(c1cccs1)S(=O)(=O)c1ccc(Cl)cc1,1,1,0.8226381752733032
COc1ccc(NC2CCCN(C(=O)CCc3ccccc3F)C2)cc1,1,1,0.9143375698495637
CCC(=O)N1CCN(c2ccc(-n3c(=O)ccc4cnc5ccc(-c6cnc7ccccc7c6)cc5c43)cc2C(F)(F)F)CC1,1,1,0.6794939094790081
COCCNC(=O)c1ccc(-c2ccc(N3CCCCC3)nc2)cc1,1,1,0.9517319512456105
CCN(CC)C(=O)c1ccc2c(c1)ncn2-c1cccc(C)c1,1,1,0.9683982270793612
CCCNC(=O)c1ccc2c(c1)ncn2-c1cc(C)cc(C)c1,1,1,0.9663320046698768
C[C@@]1(C(=O)Nc2ccc(F)nc2)CCCN1c1nc(Nc2cc(C3CC3)[nH]n2)c2cccn2n1,1,1,0.7884535072988182
COc1cccc(NS(=O)(=O)c2ccc(NCc3cccc(OC)c3O)cc2)c1,1,1,0.7926740605876762
COc1cccc(CNc2ccc(S(=O)(=O)Nc3ccccc3)cc2)c1O,1,1,0.7974096828506486
O=S(=O)(Nc1ccccc1)c1ccc(NCc2ccc(Br)cc2O)cc1,1,1,0.7431861967226956
O=S(=O)(Nc1ccccc1)c1ccc(NCc2cccc(Cl)c2O)cc1,1,1,0.7946161393119976
CC1=C(C(=O)Nc2nncs2)C(c2nn(C)cc2Cl)N=C(Nc2nc3ccccc3o2)N1,1,1,0.7592933882244151
CC(C)NC(=O)c1nc(-c2ccc(Cl)nc2)c2ccccn12,1,1,0.9700028047180875
C#CCNC(=O)c1nc(-c2cccnc2)c2ccccn12,1,1,0.8904662944621914
COC(=O)CNC(=O)c1nc(-c2ccc(Cl)nc2)c2ccccn12,1,1,0.8591924579785487
C#CCNC(=O)c1nc(-c2ccc(Cl)nc2)c2ccccn12,1,1,0.9022722821103606
CN(C)C(=O)c1nc(-c2ccc(Cl)nc2)c2ccccn12,1,1,0.9506852008068195
CC1CCc2cc(F)ccc2N1C(=O)CSc1nnc2c(n1)[nH]c1ccccc12,1,1,0.8778574205991941
O=C(c1nc(-c2cccnc2)c2ccccn12)N1CCN(c2ncccn2)CC1,1,1,0.8641864998476936
CCOC(=O)c1ccc(NC2CCCCC2)c(N)c1,1,1,0.7543418094845109
O=C(C1CCC1)N1CCN(C/C=C/c2ccccc2)CC1,1,1,0.9269285177426404
CCCN(CCC)CCc1cccc2c1CC(=O)N2,1,1,0.834956902880828
Ic1ccccc1CNC1C2CCN(CC2)C1C(c1ccccc1)c1ccccc1,1,1,0.72658282440515
CCOC(=O)c1nn(-c2ccccc2)c(=O)c2c(N)scc12,1,1,0.8499633084737834
CCOC(=O)c1nn(-c2ccc(OC)cc2)c(=O)c2c(N)scc12,1,1,0.804920155955515
Nc1scc2c(C(=O)O)nn(-c3ccccc3)c(=O)c12,0,0,0.12399302398022449
CC1=C(C(=O)Nc2nnc(-c3ccccc3)s2)C(c2nn(C)cc2Cl)N=C(Nc2nc3ccccc3o2)N1,1,1,0.7014155221657338
Cc1nn2c(c1-c1ccccc1-c1ccccc1)N(Cc1ccccc1)CCC2,1,1,0.6935396220008517
Cc1nn2c(c1-c1ccccc1-c1ccccc1)N(Cc1ccc(O)cc1)CCC2,0,0,0.2904445269497903
Cc1ccc(-c2c(CN3CCN(c4cccc(C(F)(F)F)c4)CC3)csc2C)cc1,0,0,0.29669737696711
CCOC(=O)C1CCN(C(=O)C2(NC(=O)Nc3ccccc3Cl)CCCC2)CC1,1,1,0.8714880199877973
CCS(=O)(=O)c1nc(-c2ccc(Cl)cc2)cc(C(F)(F)F)n1,1,1,0.8737355623315258
CCN1CCN(CCCOc2ccc(-c3ccccc3)cc2)CC1,1,1,0.8652567894240785
O=c1c(-c2ccc(O)cc2)coc2cc(O)ccc12,0,0,0.22067457282275554
C[C@]12N[C@H](Cc3ccccc31)c1ccccc12,1,1,0.7921049289488135
O=C(Nc1ccc2oc(-c3cccnc3)nc2c1)c1ccc(-c2cccc(Cl)c2)o1,1,1,0.7636254384512203
O=C(Nc1ccc2oc(-c3cccnc3)nc2c1)c1ccc(-c2ccccc2)o1,1,1,0.7946207577704759
COc1ccc(Nc2ncc(C(=O)Nc3cccc(Cl)c3)c3ccccc23)cc1,1,1,0.8246276135454828
CCc1cccc(C)c1Nc1c(-c2ccc(N(C)C)cc2)nc2ncccn12,1,1,0.9275947630714073
CN(C)c1cccc(-c2ncnc(N3CCC(C(N)=O)CC3)n2)c1,1,1,0.9391022006517565
O=S(=O)(c1ccc(Cl)cc1)c1ccccn1,1,1,0.8530526284632123
Cc1nc2ccc(NC(=O)c3cc(S(=O)(=O)N(C)c4ccccc4)ccc3Cl)cc2s1,1,1,0.7355928674080441
CCCCN1CCC[C@H]1CNC(=O)c1cc(C#N)c2ccccc2c1OC,1,1,0.8520903189351007
CC(C)c1ccc(CC(=O)N2CCCc3ncc(C(=O)Nc4cccnc4)cc32)cc1,1,1,0.8598820770891347
COc1ccc(-c2nc3c(c(SCC(=O)Nc4ccc(C(=O)O)cc4)n2)Cc2ccccc2O3)cc1,0,0,0.1449659444441017
Cc1cc(NS(=O)(=O)c2ccc(NC(=O)c3oc4ccccc4c3C)cc2)nc(C)n1,1,1,0.7437488220863213
O=C1C2=C(Nc3ccccc3SC2c2ccco2)c2ccccc21,1,1,0.7951282695259247
Cc1ccc(S(=O)(=O)Nc2cnccc2C(=O)Nc2ccc(-c3nn[nH]n3)cc2)cc1,0,0,0.14798363821012148
Cc1ccc(S(=O)(=O)Nc2cnccc2C(=O)Nc2ccc(-c3nc4ccccc4[nH]3)cc2)cc1,0,0,0.12114323849770077
O=C(O)CCNc1cc(N2CCc3ccccc3CC2)nc(-c2cccnc2)n1,1,1,0.599157562219948
CCOC(=O)CCNc1cc(N2CCc3ccccc3CC2)nc(-c2cccnc2)n1,1,1,0.9123940162181419
CCOc1ccc(CCNC(=O)c2cc3sccc3n2Cc2ccc(-n3cncn3)cc2)cc1OCC,1,1,0.679438508773361
COc1ccc(-n2nc(C3CCCN(C(=O)Nc4ccccc4)C3)[nH]c2=O)cc1,1,1,0.7638063424469602
Cc1ccc(-c2cc(C(=O)Nc3cccc(S(N)(=O)=O)c3)c3ccccc3n2)cc1C,1,1,0.7211892903132072
Cc1ccc(-c2cc(C(=O)Nc3ccc(S(=O)(=O)N(C)C)cc3)c3ccccc3n2)cc1C,1,1,0.702133519755544
Cc1ccc(-c2cc(C(=O)Nc3ccc(C#N)cc3)c3ccccc3n2)cc1C,1,1,0.7273675677627071
COc1ccc(-c2nc(N3CCOCC3)c3sc(CN(C)c4ncc(C(=O)NO)cn4)cc3n2)cn1,1,1,0.7542936677237192
COc1ccc(OC)c(-c2cc(C(=O)N3CCN(c4ncccn4)CC3)c3ccccc3n2)c1,1,1,0.9128674661275356
CCOc1ccc(N2CC(c3nc(-c4ccccn4)no3)CC2=O)cc1,1,1,0.9069525577597077
Cn1cc(S(=O)(=O)N2CCCCCC2)cc1C(=O)Nc1ccc(Cl)c(C(F)(F)F)c1,1,1,0.8399196663174621
Cc1ccc(OCCn2c(CCNC(=O)N3CCCCC3)nc3ccccc32)cc1,1,1,0.9154464830458937
O=C(c1ccccc1)N1CCC(C(=O)N2CCC(N3Cc4ccccc4C3=O)CC2)CC1,1,1,0.8680302647383354
Cc1ccccc1C(=O)N1CCC(C(=O)N2CCC(N3Cc4ccccc4C3=O)CC2)CC1,1,1,0.8673823997770254
COc1ccc(CN2C(=O)[C@@H]3C[C@@H](CN3Cc3cccs3)Oc3ccccc32)cc1,1,1,0.8515241295202209
CCc1ccc(NC(=O)[C@H](Cc2c[nH]c3ccccc23)NC(=O)[C@@H]2Cc3ccccc3CN2)cc1,1,1,0.7341891498200246
CC(=O)c1c(C)[nH]c(C(=O)Nc2cccc(S(=O)(=O)N3CCOCC3)c2)c1C,1,1,0.8370567999946676
Cn1c(CN2CCCCC2)nc2cc(NC(=O)c3cccc(Br)c3)ccc21,1,1,0.876879686249712
CCOc1ccc(CCNC(=O)c2cc3ccccc3n2Cc2cc(C)cc(C)n2)cc1OCC,1,1,0.8236658861166809
CCOc1ccc(CCNC(=O)c2cc3ccccc3n2Cc2ccccn2)cc1OCC,1,1,0.8951299273901254
CCOc1ccc(CCNC(=O)c2cc3ccccc3n2Cc2cccc(C)n2)cc1OCC,1,1,0.8541277121286458
O=C([C@H](Cc1ccc(O[S+](=O)([O-])c2cccc3cnccc23)cc1)N[S+](=O)([O-])c1cccc2cnccc12)N1CCN(Cc2ccccc2)CC1,1,1,0.6894317628335241
Cc1ccc(S(=O)(=O)Nc2ccccc2C(=O)Nc2ccc(-c3ccccc3)nn2)cc1,1,1,0.6974490495269308
CCn1ncc(NC(=O)Cn2ncc3cc(-c4cccc(OC)c4)ccc32)n1,1,1,0.8575723502017223
COc1cc2c(cc1OC)C(C[C@H]1CN(S(=O)(=O)c3cccc(C#N)c3)CC[C@H]1CC(=O)O)=NCC2,0,0,0.1799789439284772
CC(C)=CCNc1ncnc2nc[nH]c12,1,1,0.8216309146623801
COc1cc2c(cc1Oc1cccc(N(C)C)c1)NC(=O)C21CCN(c2cnccn2)CC1,1,1,0.8657102815177641
NC(=O)C1CCN(c2nc(-c3ccc(Oc4ccccc4)cc3)cs2)CC1,1,1,0.7675721589119712
NC(=O)C1CCN(c2nc(-c3cc4ccccc4o3)cs2)CC1,1,1,0.9294449822241606
N#Cc1ccc(N2N=C3c4ccc(C(=O)O)cc4CC[C@@H]3[C@@H]2C2CCCC2)cc1Cl,1,1,0.674727502353672
CN(C)CC(=O)NC1CCCc2c1cnn2-c1ccc(F)cc1F,1,1,0.8519917580341095
COc1ccc(-c2ccc3ncc(Nc4ccc(C(N)=O)cc4)n3n2)cc1OC,1,1,0.8064003693838323
COc1ccccc1Nc1cnc2ccc(-c3ccc(OC)c(OC)c3)nn12,1,1,0.8354891229675613
COc1ccc(Nc2cnc3ccc(-c4ccc(OC)c(OC)c4)nn23)cc1,1,1,0.8365061044126023
Cc1ccc(-c2nc3ccccc3o2)cc1NC(=O)COc1ccccc1,1,1,0.8764641358020842
Cc1cc(C)nc(NC(=S)N2CCN(c3ccc4nsnc4c3)CC2)c1,1,1,0.9256307767368613
O=C(O)c1ccnc(-c2cc(C(=O)NCCc3ccccc3)ccn2)c1,0,0,0.11381494505240845
COC(=O)c1ccnc(-c2cc(C(=O)NCCc3ccccc3)ccn2)c1,1,1,0.8116331397887852
c1c[nH]c(C2CCN(c3ncc(-c4ccc5c(c4)OCCCO5)s3)CC2)n1,1,1,0.8499123219552475
NCC(=O)Nc1ccc(Cl)cc1C(=O)c1ccc[nH]1,1,1,0.677195486789295
CCOc1ccccc1N1CC(c2nc3ccccc3n2CCOc2ccc(C(C)(C)C)cc2)CC1=O,1,1,0.7555055760457127
CCOc1ccc(NC(=O)c2nc(S(=O)(=O)Cc3ccccc3F)ncc2Cl)cc1,1,1,0.8400193414555368
O=C(Nc1ccccc1F)c1nc(S(=O)(=O)Cc2ccccc2F)ncc1Cl,1,1,0.7970350637821064
Cc1ccc(S(=O)(=O)Nc2cc(C(=O)Nc3nc(-c4ccccc4)cs3)ccn2)cc1,1,1,0.5529129784390096
CO[C@@H]1/C=C\O[C@@]2(C)Oc3c(C)c(O)c4c(c3C2=O)C(=N[C@H]2CC[C@H](O)O[C@@H]2C)C=C(NC(=O)/C(C)=C\C(=O)[C@@H]2C[C@@H]2[C@@H](O)[C@H](C)[C@@H](O)[C@H](C)[C@H](OC(C)=O)[C@@H]1C)C4=O,0,0,0.09063874580739668
CC1(COc2ccc3c(c2)ncn3-c2ccc3cccc(N4CCC(N)CC4)c3n2)COC1,1,1,0.8015544297527494
Cc1ccc(C(N)=O)cc1Nc1nccc(-c2cn(C(C)C)c3cnccc23)n1,1,1,0.8333046585237183
Fc1ccc(-c2nc(-c3ccncc3)nc3ccccc23)cc1F,1,1,0.874694226003844
Cc1c(NC2=C(Cl)C(=O)N(c3ccccc3)C2=O)c(=O)n(-c2ccccc2)n1C,1,1,0.8326568485094882
COc1cc2c(C(=O)N3CCN(c4cccc(C(F)(F)F)c4)CC3)cn(CC(C)C)c(=O)c2cc1OC,1,1,0.8242675765150126
CCn1cc(C(=O)N2CCN(c3cccc(Cl)c3)CC2)c2cc(OC)c(OC)cc2c1=O,1,1,0.9199481840775817
CCOc1ccc(CCNC(=O)c2ccccc2)cc1OCC,1,1,0.8849247945478658
COC(=O)c1ccc2c(c1)nc1n2[C@@H](CNC(C)=O)COC1,0,0,0.2503292935950524
CCOC(=O)c1ccc(NC(=O)CSc2nc3c(cc2C#N)N2CCC3CC2)cc1,1,1,0.8553261257739386
O=C(O)c1ccc(N2C(=O)/C(=C/c3ccc(-c4ccc([N+](=O)[O-])cc4)o3)C=C2c2ccccc2)cc1,1,1,0.7111731553852272
CC(=O)c1sc(NC(=O)c2ccco2)nc1-c1ccccc1,1,1,0.8530543185937189
CCOc1ccc(NC(=O)c2cccc(-n3cccc3)c2)cc1S(=O)(=O)N1CCOCC1,1,1,0.6784363711845951
COc1ccc(S(=O)(=O)N2CCOCC2)cc1NC(=O)c1cccc(-n2cccc2)c1,0,0,0.32210534874399016
Fc1cccc(CNc2nc(-c3ccccc3C(F)(F)F)nc3ccccc23)c1,1,1,0.8030943566932046
COc1ccc(-c2nc3sc(CCNC(=O)C(C)(C)C)c(C)n3n2)cc1,1,1,0.8887032534705931
COc1cc2c(c(OC)c1OC)-c1ccc(SC)c(=O)cc1C(N)CC2,1,1,0.7598774939686948
COc1cc2c(c(OC)c1OC)-c1ccc(OC)c(=O)cc1[C@@H](NC(C)=O)CC2,0,0,0.2695694256282312
COc1c(O)cc2c(c1OC)-c1ccc(SC)c(=O)cc1C(NC(C)=O)CC2,1,1,0.7200481694350573
Cc1cnc(NC(=O)c2ccc(-c3cccc([N+](=O)[O-])c3)o2)s1,1,1,0.8333729507372505
Cc1ccc(S(=O)(=O)Nc2cnccc2C(=O)Nc2ccc(-n3cncn3)cc2)cc1,0,0,0.1806597437899412
Cc1cc(Cl)ccc1COc1ccnn1-c1cc(C(=O)O)ccn1,0,0,0.22802372698962592
Cn1c(C(=O)NCCc2ccccn2)nc2nc(-c3ccccc3)c(Cl)cc21,1,1,0.8792642156213663
NC(CO)(CO)CCc1ccc(Sc2cccc(OCc3ccccc3)c2)cc1Cl,1,1,0.621365599292308
Cc1ccccc1-c1nc(CN2CCC(C(=O)NCCCN3CCOCC3)CC2)c(C)o1,1,1,0.8910210235626193
COc1cc(-c2cc3c(nc2-c2ccccc2)nc(C(=O)NC2CCN(C)CC2)n3C)ccn1,1,1,0.8991711927925501
C[C@@H]1CC(=O)Nc2cccc(-c3cnn(C(C)(C)C)c3)c2N1,1,1,0.8913618049756518
CC[C@@H](C)Nc1cc(C(=O)NC2CC3CCC(C2)N3c2ccc(C(=O)C3CC3)cn2)c(C)cc1C(N)=O,1,1,0.7403965286237559
Cc1c(Cl)cccc1NC(=O)CNS(=O)(=O)c1cccs1,1,1,0.6996071496587588
O=C(NCCCN1CCCC1=O)c1ccc(-c2ncc3cnc(-c4ccccc4)cn23)cc1,1,1,0.8660247215151955
CC(C)(C)c1ccc(C(=O)N2CC(=O)Nc3ccc(F)cc3C2c2ccc(F)cc2)cc1,1,1,0.8234948048170507
CCOc1ccc(CCNC(=O)c2cc3ccccc3n2CCN2CCOCC2)cc1OCC,1,1,0.8648096063316154
Cc1c(O)ccc2c1OC(C)(C)CC2,1,1,0.8117224526162468
Cc1ccc(S(=O)(=O)Nc2ccccc2C(=O)Nc2ncc(-c3ccccc3)s2)cc1,1,1,0.6811851334018304
NC(=O)C1CCN(c2nnc(-c3ccc4c(c3)OCCCO4)s2)CC1,1,1,0.9018263359449513
CC(C)CN(C[C@@H](O)[C@H](Cc1ccccc1)NC(=O)O[C@@H]1CO[C@H]2OCC[C@H]21)S(=O)(=O)c1ccc(N)cc1,1,1,0.6125219817707497
CCCCCCN(CCCCCC)C(=O)Cc1c(-c2ccc(F)cc2)[nH]c2ccccc12,1,1,0.7793587291112458
CC(C)c1ccccc1-c1ncc(F)c(NCC2CCN(c3cccnc3)CC2)n1,1,1,0.943181683347499
Cc1ccc(N2CCC(CNc3nc(-c4ccccc4C(C)C)ncc3F)CC2)cn1,1,1,0.9426520534092232
Cc1ccc(N2CCC(CNc3nc(-c4ccccc4C(C)C)ncc3C)CC2)cn1,1,1,0.9189701506617521
Cc1cnc(-c2ccccc2C(C)C)nc1NCC1CCN(c2cccnc2)CC1,1,1,0.936133471668815
CCn1c(SCc2ccc(C#N)cc2)nnc1-c1cccc(Cl)c1,1,1,0.9137777260849985
Cc1cccc(S(=O)(=O)c2cn(Cc3ccccc3)c3cc(N4CCCC(C)C4)c(F)cc3c2=O)c1,1,1,0.7162472424489921
CCOc1ccc(/C=C/c2nc3ccccc3n2S(=O)(=O)c2ccc(Br)cc2)cc1,1,1,0.7990710930783549
CSc1ccc(/C=C/c2nc3ccccc3n2S(=O)(=O)c2cccc(Cl)c2)cc1,1,1,0.8049779553679649
Cc1ccc(/C=C/c2nc3ccccc3n2S(=O)(=O)c2cccc(Cl)c2)cc1,1,1,0.8221653473154065
CSc1ccc(/C=C/c2nc3ccccc3n2S(=O)(=O)c2ccc(Br)cc2)cc1,1,1,0.7690513902171098
O=C(O)CNC(=O)c1c(O)c2ccccc2n(Cc2ccccc2)c1=O,1,1,0.5733250591670948
Clc1ccccc1-c1nnc2sc(-c3ccc4c(c3)OCO4)nn12,1,1,0.8841972884424051
CCCc1ccc(C(=O)NC(=O)c2ccccc2O)cc1,0,0,0.219986251572295
O=C(Cc1nc2ccc(Cl)cc2[nH]1)Nc1ccc(S(=O)(=O)Nc2nccs2)cc1,0,0,0.11606536673423508
Cc1sc(NC(=O)Cc2ccc3c(c2)OCO3)nc1-c1ccc2c(c1)CCN2C,0,0,0.2992608358349184
CN(Cc1ccccc1)C(=O)c1ccc(S(=O)(=O)Nc2ccccc2)cc1,1,1,0.8034919661115926
Fc1cc(Nc2nc(-c3ccncc3)nc3ccccc23)ccc1-c1ccnc(C(F)(F)F)c1,1,1,0.8446051178974279
Fc1cc(Nc2nc(-c3ccncc3)nc3ccccc23)ccc1-c1ccncc1,1,0,0.44614253591196307
COc1ccc(OC)c(-n2c3c(cc(-c4nc(-c5ccc(Cl)cc5)cs4)c2=O)C(=O)CC(C)(C)C3)c1,1,1,0.7278662349474675
O=C(c1ccc2c(c1)OCO2)N1CCC(Cc2nc(-c3cnccn3)no2)CC1,1,1,0.8818711576810712
O=C(Nc1ccc(S(=O)(=O)Nc2nccs2)cc1)c1cccnc1,0,0,0.061703067238183446
COc1cccc(CNc2ccc(S(=O)(=O)Nc3ccccn3)cc2)c1O,1,1,0.853753044384284
COC(=O)c1cc(Cl)ccc1NC(=O)CSc1ncc(S(=O)(=O)c2ccc(Br)cc2)c(=O)[nH]1,1,1,0.5273457497212002
Cc1ccc(S(=O)(=O)c2cnc(SC(C)C(=O)Nc3ccccc3)[nH]c2=O)cc1,0,0,0.16209946359426958
Cc1ccc(NC(=O)CSc2ncc(S(=O)(=O)c3ccc(C(C)C)cc3)c(=O)[nH]2)cc1C,0,0,0.12205686521476058
CC(C)(C)c1ccc(S(=O)(=O)c2cnc(SCC(=O)Nc3ccc(F)c(Cl)c3)[nH]c2=O)cc1,0,0,0.11840543530066809
COc1cc(Cl)c(C)cc1NC(=O)CSc1ncc(S(=O)(=O)c2ccc(C(C)(C)C)cc2)c(=O)[nH]1,1,0,0.36415562941102597
Cc1cc(N2CCN(c3ccccc3)CC2)nc(-n2nc(C)cc2C)n1,1,1,0.9480277793884315
CC(=O)N1CCc2c(sc3c2c(=O)n(-c2ccccc2Cl)c(=O)n3Cc2cccc(C)c2)C1,1,1,0.8575944922006467
COc1cccc(Cn2c(=O)n(-c3cccc(Cl)c3C)c(=O)c3c4c(sc32)CN(C(C)=O)CC4)c1,1,1,0.8231699287018582
CC(=O)N1CCc2c(sc3c2c(=O)n(-c2ccccc2)c(=O)n3Cc2cccc(C(F)(F)F)c2)C1,1,1,0.8010733311030025
CCOc1ccc(CCNC(=O)c2cc3cccnc3n2Cc2cccc(C)n2)cc1OCC,1,1,0.6971399071910954
NC(=O)C1CCN(c2nc(-c3ccc(N4CCCCC4)nc3)cs2)CC1,1,1,0.8971295833879706
NC(=O)Nc1cc(-c2ccc(CN3CCOCC3)cc2)sc1C(N)=O,1,1,0.6321792552057385
CCN1CCc2c(sc(NC(=O)Nc3ccc(Cl)c(Cl)c3)c2C(N)=O)C1,1,1,0.7849413761389489
c1ccc(-c2nc(N3CCCCCC3)c3ccccc3n2)nc1,1,1,0.9460405334153564
CC(C)Oc1ccc(CNC(=O)C2CCN(C(=O)N3CCOc4ccc(Cl)cc43)CC2)cc1,1,1,0.8845238918981512
Cc1ccnc(NC(=S)N2CCCC(Nc3cccc(C(F)(F)F)c3)C2)c1,1,1,0.8717475205521172
CC(=O)c1ccc(N2CCN(C(=O)c3ccc4c(c3)CC(=O)N4)CC2)cc1,1,1,0.8823484296203499
COc1ccc(-c2ccc3nc(-c4cc(C)cc(C)c4)oc3c2)c(OC)c1OC,0,0,0.15986236085025932
COc1ccc(-c2ccc3nc(-c4ccccc4C)oc3c2)c(OC)c1OC,0,0,0.17135668098572396
COc1ccc(-c2ccc3nc(-c4ccc(SC)cc4)oc3c2)c(OC)c1OC,0,0,0.17532949809512946
c1ccc2c(Nc3ccon3)nc(-c3ccncc3)nc2c1,1,1,0.9350943430546562
c1ccc(Nc2nc(NCc3ccco3)c3ccccc3n2)cc1,1,1,0.8769910697755665
Cc1cccc(Nc2nc(NCc3ccco3)c3ccccc3n2)c1,1,1,0.8905548608982818
COc1ccc(C[C@@H]2C(=O)N[C@H](C)C(=O)N(C)[C@@H]3C(=O)N(C)[C@@H](Cc4ccc(O)c(c4)Oc4ccc(cc4)[C@H]3O)C(=O)N[C@@H](C)C(=O)N[C@H](C)C(=O)N2C)cc1,0,0,0.10546921164949452
c1cc(-c2cc(-c3ccncc3)c3cncn3c2)c2[nH]ccc2c1,1,1,0.836808608820636
Cc1ccc(S(=O)(=O)Nc2cncc(C(=O)Nc3nc(-c4ccccc4)cs3)c2)cc1,1,1,0.5145661402148705
Cc1noc(-c2cn(C3CCN(C(=O)c4ccc(OC(F)(F)F)cc4)CC3)nn2)n1,1,1,0.870879601977647
Cc1ccc(N2CCN(c3cnn(-c4nc5ccccc5s4)c(=O)c3Cl)CC2C)cc1,1,1,0.8340528943845347
CCS(=O)(=O)N1CC(CC#N)(n2cc(-c3ncnc4[nH]ccc34)cn2)C1,1,1,0.7684453460320526
COc1ccc(Nc2nc(-c3cccc(OC)c3)no2)cc1,1,1,0.9302414545006605
CCN1CCN(C(=O)CCCn2nc(C)c3c(C)n(-c4ccc(C)cc4)nc3c2=O)CC1,1,1,0.9241153697360995
CCOc1ccccc1N(CC(=O)Nc1cc(OC)ccc1OC)S(=O)(=O)c1ccccc1,1,1,0.7444647276595245
COc1ccc(S(=O)(=O)N(CC(=O)Nc2ccc(C)cc2)c2ccc(C)cc2)cc1OC,1,1,0.8014271296068801
CCOc1ccc(NC(=O)CSC2=Nc3ccccc3C3=NC(CC(=O)NCc4cccs4)C(=O)N23)cc1,1,0,0.45638386823931204
c1ccc2c(NC3CCCCC3)nc(-c3ccncc3)nc2c1,1,1,0.9354445124191417
NCC(=O)Nc1cccc(-c2nn3c(=O)cc(N4CCNCC4)nc3s2)c1,0,0,0.13621572029981124
O=C(Nc1nc2cc(C(F)(F)F)cc(NC3CC3)n2n1)c1cccnc1,1,1,0.749686614866985
Fc1ccc(Cc2nc3nccc(-c4cccs4)n3n2)cc1,1,1,0.9514989914172998
Cc1ccc(C(=O)N2CCc3sc(C(=O)NC(C)c4ccccc4)cc3C2)cc1,1,1,0.8830009697044239
CCn1c(=O)cc(OCC(=O)N2CCN(c3cccc(Cl)c3)CC2)c2ccccc21,1,1,0.9307078959164674
COC(=O)[C@H](Cc1ccc(O[S+](=O)([O-])c2cccc3cnccc23)cc1)N[S+](=O)([O-])c1ccc2cnccc2c1,1,1,0.6659571349822114
C[C@@]1(O)[C@H](O)[C@@H](CO)O[C@H]1n1ccc(N)nc1=O,0,0,0.12695595356812034
NC(=O)C1CCN(c2ncc(-c3cccc(N4CCCCC4)c3)s2)CC1,1,1,0.8762278943120521
Cc1cn2nc(-c3nc(C4CCCN(C(=O)c5ccccc5)C4)no3)cc2c(=O)[nH]1,1,1,0.8478522014677142
Cc1cc(C)nc(NC(=S)N2CCN(c3cc(C(F)(F)F)nc4ccc(C(F)(F)F)cc34)CC2)c1,1,1,0.8428188244282739
Cc1cc(C)nc(NC(=S)N2CCN(c3cc(C(F)(F)F)nc4ccccc34)CC2)c1,1,1,0.9074772411267686
O=C(NCC1Cn2cccc2CN1Cc1cccnc1)Nc1ccccc1,0,0,0.27228374809671474
COc1ccc(C2Nc3ccccc3C(=O)N2Cc2ccco2)cc1,1,1,0.9057660921404047
CNc1nc(C#N)c(-c2cccc3ccccc23)o1,1,1,0.9461349343920551
CNc1ncc(-c2cccc3ccccc23)o1,1,1,0.9332091324305761
O=C(Nc1ccc(Cl)cc1)Nc1ccc(Cl)c(Cl)c1,1,1,0.7340479874849847
NC(=O)C1CCN(c2nccc(-c3ccc4c(c3)OCCO4)n2)CC1,1,1,0.9531870683294499
O=C(CCCN1CCC(n2c(=O)[nH]c3ccccc32)CC1)c1ccc(F)cc1,1,1,0.8618783366300177
Cc1ccc(NS(=O)(=O)c2cccc(C(=O)O)c2)cc1S(=O)(=O)N1CCOCC1,1,1,0.6235476047858657
Cc1ccc(CNCc2cn[nH]c2-c2ccc(C)cc2)cc1,1,1,0.8568446049886344
CC(=O)N1CCC2(CCCN(c3ccc(-c4ccccc4)cc3)C2)CC1,1,1,0.8604160291615017
NC(=O)C1CCN(c2ncc(-c3cccc(N4CCOCC4)c3)s2)CC1,1,1,0.8501906658975549
Fc1ccc(Nc2nc(-n3ccnc3)nc3ccccc23)cc1F,1,1,0.9097957842860693
OCc1ccc(-c2ccc(-c3ccc(CO)s3)o2)s1,1,1,0.8046269336780151
CCOc1ccc(CCNC(=O)c2cc3cnccc3n2Cc2cccc(C)n2)cc1OCC,0,0,0.4387846456767822
Cc1cccc(CS(=O)(=O)c2ncc(Cl)c(C(=O)Nc3nc4ccc(F)cc4s3)n2)c1,1,1,0.787315625185312
CNc1nccc(-c2cccc3ccccc23)n1,1,1,0.9327949292761228
CCOc1ccc(NC(=O)CC2C(=O)N(c3ccc(F)cc3)C(=O)N2CCc2sccc2C)cc1,1,1,0.732552071561534
CC(=O)Nc1ccc(S(=O)(=O)Nc2nccs2)cc1,0,0,0.13172216220862917
COc1cc(C2c3cc(O)c(OC)cc3CC3C(=O)OCC32)ccc1O,1,1,0.7405687867829686
CCOc1ccc(CCNC(=O)c2cc3ccccc3o2)cc1OCC,1,1,0.8703165884794601
COc1cccc(-c2nc(-c3c(C)noc3C)cc3[nH]c(C)cc23)c1OC,1,1,0.8864221697613488
Cc1cc2c(-c3cccc(O)c3)nc(-c3c(C)noc3C)cc2[nH]1,1,1,0.8839826019889518
COc1ccc(-c2nc(-c3c(C)noc3C)cc3c2cc(C)n3CCN(C)C)cc1OC,1,1,0.8559026513228926
O=C(Nc1ccccc1)C1CCN(c2ncc(-c3ccc4c(c3)OCCCO4)s2)CC1,1,1,0.8305177514699629
Cc1ccc(-c2cc(C(=O)NCc3cnn(C)c3)c3cc(Br)ccc3n2)cc1,1,1,0.7611521925570418
CCn1cc(CNC(=O)c2cc(-c3ccc(C)cc3)nc3ccc(Br)cc23)c(C)n1,0,0,0.3032510645546788
OCC(O)CCO/N=C1/C(c2c(O)[nH]c3ccccc23)=Nc2ccccc21,1,1,0.6552981465531025
O=C(C1CC(=O)N(c2n[nH]c3ccccc23)C1)N1CCC(c2noc3cc(F)ccc23)CC1,1,1,0.850402701688466
CS(=O)(=O)c1ccc(-c2cnc(NCc3ccco3)n3cnnc23)cc1,1,1,0.862892744384894
Fc1ccc(Nc2nc(Nc3ccncc3)nc3ccccc23)cc1F,1,1,0.829089645017256
CC1(C)C(=O)NC2=C1C(=O)C(=O)c1ccccc12,1,1,0.7978780223612729
Cc1c(C(=O)OCCOc2ccccc2)[nH]c2c1C(=O)CC(c1ccccc1)C2,1,1,0.8252947009905527
Oc1c(C(Nc2nccs2)c2ccc(C(F)(F)F)cc2)ccc2cccnc12,1,1,0.7404673684159496
O=C(Cc1ccc(Cl)c(Cl)c1)Nc1ccc(S(=O)(=O)Nc2cncnc2)cc1,0,0,0.13907466407042018
COc1ccc(OC)c(-c2nc3c(C#N)c[nH]n3c2NC2CCCCC2)c1,1,1,0.8509481728713202
COC(=O)c1ccc2c(C(=Nc3ccc(N(C)C(=O)CN4CCN(C)CC4)cc3)c3ccccc3)c(O)[nH]c2c1,1,1,0.5949503817605494
CSc1nn(Cc2cccc(C)c2)c(N)c1S(=O)(=O)c1ccccc1,1,1,0.83729476217345
COc1ccc(-n2nc(C3CCN([S+](=O)([O-])c4cccc(C(F)(F)F)c4)CC3)[nH]c2=O)cc1,1,1,0.8004682463697922
COc1cccc(C(=O)Nc2ccc([S+](=O)([O-])Nc3nccs3)cc2)c1O,0,0,0.16108568267370038
O=C1CCCC2=C1C(C1CCCCC1Cl)N=C(NC1NC3CCCCC3S1)N2,1,1,0.7649222317360459
CC(C)(C)c1ccc(-c2nc(SCCCOc3ccccc3)n3[nH]c(=O)cc3n2)cc1,1,1,0.8593535052982123
COc1cc2c(cc1OCCCN1CCCC1)N=C(N)C21CCC1,0,0,0.2368190034325864
O=C(NC(c1ccccc1)c1cc(Cl)c2cccnc2c1O)c1cccnc1,1,1,0.7539885771459516
COc1ccc(Nc2cc(C)nc(-n3nc(C)cc3C)n2)cc1Cl,1,1,0.9462029511924536
C[C@@H]1CN(CC(=O)N2CC(C)(C)c3ncc(Cc4ccc(F)cc4)cc32)[C@@H](CN2CCOC[C@H]2C)CN1,1,1,0.8136123670985609
COC(=O)C1=COC(C)C2CN3CCc4c([nH]c5cc(OC)c(OC)cc45)C3CC12,1,1,0.7830116928905885
O=C(Cc1ccc2ccccc2c1)Nc1ccc(S(=O)(=O)Nc2nccs2)cc1,1,0,0.3593295680817188
COc1ccccc1C(=O)Nc1nc2nc(C)cc(=O)n2[nH]1,0,0,0.142166053124456
Cc1nc2nc(NC(=O)c3ccc(C(C)(C)C)cc3)[nH]n2c(=O)c1Cl,0,0,0.14572294892356555
Cc1ccc(C(=O)Nc2nc3nc(C)cc(=O)n3[nH]2)cc1,0,0,0.11604131965124535
COc1cccc(CNc2ccc(S(=O)(=O)Nc3cccnc3)cc2)c1O,1,1,0.8595063635502336
COc1cccc(CNc2ccc(S(=O)(=O)Nc3ccc(C)nc3)cc2)c1O,1,1,0.8556541794134467
COc1cc(=O)n2c(c1C(=O)N(C)Cc1cscn1)CCN(C(=O)c1ccc(C)cc1C)CC2,0,0,0.2967127868319708
COc1ccccc1Nc1ccnc(N2CCN(C(=O)c3ccc(F)cc3)CC2)n1,1,1,0.920709742039394
COc1ccccc1Nc1ccnc(N2CCN(C(=O)c3ccccc3Cl)CC2)n1,1,1,0.93898177632825
COc1ccccc1Nc1ccnc(N2CCN(C(=O)c3ccc(C)cc3)CC2)n1,1,1,0.9373734797156636
O=C1Nc2ccccc2/C1=C/c1ccnc2ccccc12,1,1,0.9095500610096591
O=C(CCCc1ccc2cccnc2n1)NCc1cc(-c2ccc(F)c(C(F)(F)F)c2)no1,1,1,0.8224357278987325
Cc1ccc(CSCc2ccc(C(=O)NC3CC3)o2)cc1,1,1,0.8998162717510665
O=C(NC1CC1)c1ccc(CSCc2ccccc2Cl)o1,1,1,0.9065287480127138
Cc1ccc(S(=O)(=O)Nc2cc3c(cc2C(=O)Nc2nc(-c4ccccc4)cs2)OCO3)cc1,1,0,0.48119417886319715
Cc1ccc(-c2cc(C(=O)Nc3ccc(-c4noc(=O)[nH]4)cc3)c3ccccc3n2)cc1C,0,0,0.19331027708574172
Cc1ccc(-c2cc(C(=O)Nc3ccc(S(=O)(=O)Nc4ccc(C#N)cc4)cc3)c3ccccc3n2)cc1C,0,0,0.09410799615287303
CN(C)c1cccc(-c2nccc(N3CCC(C(N)=O)CC3)n2)c1,1,1,0.9736270026187817
CN(C)c1cccc(-c2ncc(F)c(N3CCC(C(N)=O)CC3)n2)c1,1,1,0.929068558955984
O=C(Nc1ccc(F)cc1F)c1cc(-c2ccc[nH]2)n[nH]1,1,1,0.8310836888359207
O=C(Nc1cccc(OC(F)(F)F)c1)c1cc(-c2ccc[nH]2)n[nH]1,1,1,0.816483083727543
O=C(Nc1cccc(F)c1)c1cc(-c2ccc[nH]2)n[nH]1,1,1,0.8246661731893199
Cc1ccc(NC(=O)c2cc(-c3ccc[nH]3)n[nH]2)cc1F,1,1,0.8667845350006264
COc1ccc(NC(=O)c2cc(-c3ccc[nH]3)n[nH]2)cc1OC,1,1,0.8736626509408829
CCc1cccc(NC(=O)c2cc(-c3ccc[nH]3)n[nH]2)c1,1,1,0.8462313057806992
CCOc1ccccc1N(CC(=O)N1CCOCC1)S(=O)(=O)c1ccc(SC)cc1,1,1,0.842774303187396
CC[C@H]1C=CC=CC[C@@H](C)[C@H](O)[C@@](C)(O)C(=O)[C@@H](C)[C@H](O)[C@@H](C)C(=O)[C@@H](C)[C@H](O)[C@@H](C)C=CC(=O)O[C@@H]2[C@@H](C)[C@H](CC1)O[C@]1(CC[C@H](C)[C@H](C[C@@H](C)O)O1)[C@H]2C,0,0,0.14832641518013687
COc1cc([C@@H](CC(=O)O)c2ccc(C)c(CN3C[C@@H](C)Oc4ccccc4S3(=O)=O)c2)cc2nnn(C)c12,0,0,0.15094585789425952
COc1ccc(Nc2cc3c(nc2OC)nc(CCc2ccccc2)n3C)cn1,1,1,0.8481098058159406
COc1ccc(NC(=O)C2=C(C)NC(Nc3nc4ccccc4o3)=NC2c2ccccc2Br)cc1,1,1,0.7466765318206265
CC1=C(C(=O)Nc2ccccc2C)C(c2ccccc2Br)N=C(Nc2nc3ccccc3o2)N1,1,1,0.7489312409856222
CNc1oc(-c2cccc(Cl)c2Cl)nc1C#N,1,1,0.8944152437619453
CC(=O)N1CCc2cc(S(=O)(=O)NCCC3=CCCCC3)ccc21,1,1,0.894781493228261
OC(CCN1CCCCC1)c1ccc(-c2ccccc2)cc1,1,1,0.744437026603306
O=C(Nc1ccc([S+](=O)([O-])Nc2nccs2)cc1)c1ncn[nH]1,0,0,0.10474667893206706
O=C1NC(=O)C(c2cnc3ccccn23)=C1c1cn2c3c(cccc13)CN(C(=O)N1CCOCC1)CC2,1,1,0.7778235804148443
CCCCOc1ccc(CC(=O)NO)cc1,1,1,0.7755417647688425
N[C@@H](Cc1cc(Br)c(O)c(Br)c1)C(=O)O,0,0,0.13386462870420077
O=C(CCCCCCC(=O)Nc1ccccc1)NO,1,1,0.7299403780400392
CCN(CC)C(=O)c1ccc(O)c(OC)c1,1,1,0.7902105430307459
NC[C@H](O)c1ccc(O)c(O)c1,0,0,0.14261609558672433
Cc1ccccc1OCC(O)CO,1,1,0.6433137653013362
COc1ccc(C(=O)CCN(C)C)cc1F,1,1,0.7584029798019895
CC(C=CC(=O)NO)=C[C@@H](C)C(=O)c1ccc(N(C)C)cc1,1,1,0.7872724327834039
CCCCCCCCc1ccc(CCC(N)(CO)CO)cc1,0,0,0.1915250863229385
O=C(Nc1nc(-c2ccccc2)cs1)c1ccncc1NS(=O)(=O)c1ccc2ccccc2c1,1,0,0.271245669321158
Cc1ccc(-c2cc(C(=O)Nc3ccc(-n4cncn4)cc3)c3ccccc3n2)cc1C,0,0,0.2789979058212936
CNC(=O)c1cccc(-c2cnc(Nc3cccc(C(F)(F)F)c3)c3c2CCO3)c1,1,1,0.790540972402013
COc1cccc(CNc2ccc(S(=O)(=O)Nc3ncc(-c4ccccc4)s3)cc2)c1O,1,1,0.6227017838812702
Oc1cccc(-c2nc(N3CCOCC3)c3oc4ncccc4c3n2)c1,1,1,0.8530491717399162
COc1c(O)ccc2c1CN1CCc3cc4c(cc3[C@@H]1C2)OCO4,1,1,0.8160168282172887
Cc1ccc(S(=O)(=O)NCc2ccccc2)cc1,1,1,0.8191234046182623
COc1ccc(NC(=O)c2cccnc2C)cc1[S+](=O)([O-])Nc1ccc(Br)cc1,1,1,0.8265950025644523
Fc1ccc(Oc2nc(-c3ccncc3)nc3ccccc23)cc1F,1,1,0.870411727889765
O=C(Nc1nnc(-c2cccs2)o1)c1ccc(Cl)cc1,1,1,0.8874416867477946
O=C(Nc1ncnc2sc3c(c12)CCC3)c1ccco1,1,1,0.9036728571117543
NC(=O)c1ccc(-c2nc3c([nH]2)CN(C(=O)CN2CCOCC2)CC3)cc1,0,0,0.19742504195365487
C=C1C(=O)OC2C1CCC(C)C1(O)C=CC(=O)C21C,1,1,0.7810864584565685
Oc1ccc(C(=S)N2CCN(c3cccc(Cl)c3)CC2)cc1,1,1,0.8719406950945094
COc1ccc(-n2nc(C3CCN([S+](=O)([O-])c4c(C)noc4C)CC3)[nH]c2=O)cc1,1,1,0.8636785973683228
CC(=O)Nc1ncc(S(=O)(=O)Nc2cnccc2C(=O)Nc2nc(-c3ccccc3)cs2)s1,1,1,0.5865330943047209
O=C1NCc2cc(-c3cc4c(ccn4Cc4ccncc4)c(N4CCOCC4)n3)ccc21,1,1,0.8803731194669266
Cc1noc(C)c1-c1cc(-c2ccc3c(c2)C(=O)NC3)cn2cncc12,1,1,0.921478813954285
CC1=Nc2cc(C(=O)NCCc3ccccc3)ccc2Sc2c(C)ccc(C)c21,1,1,0.807990153481845
O=C(NCc1ccc(N2CCCC2)nc1)c1cc(Cl)ccc1O,1,1,0.830225873854534
CN1C(=O)C(=O)N2C(=C[C@]3(c4c[nH]c5ccccc45)c4ccccc4N[C@H]23)C1=O,1,1,0.7330709929924021
Fc1cc(Nc2nc(-c3ccncc3)nc3ccccc23)ccc1-c1ccc2[nH]ncc2c1,1,1,0.6989976185146226
COc1cc2ncnc(Nc3ccc(Oc4ccccc4)cc3)c2cc1OC,1,1,0.8160656628626478
O=S(=O)(Nc1ccc(S(=O)(=O)Nc2nccs2)cc1)c1ccc2ccccc2c1,0,0,0.14178521505552447
Cc1cc(CNC(=O)c2ccc3c(c2)n(CC2CC2)c(=O)n3C2CCCCC2)on1,1,1,0.8485653536540295
CC(=O)NC(c1cccs1)c1cc(Br)c2cccnc2c1O,1,1,0.7938355823070927
CCC(=O)NC(c1cccs1)c1cc([N+](=O)[O-])c2cccnc2c1O,1,1,0.715894127600155
COc1cc(/C=C(\C#N)c2nc3ccccc3[nH]2)ccc1OCc1ccc(F)cc1,1,1,0.8023255903683311
Cc1ccc2[nH]c(-c3ccccc3)cc(=O)c2c1,1,1,0.8691259113063999
O=C1CCc2ccc(OCCCCN3CCN(c4cccc(Cl)c4Cl)CC3)cc2N1,1,1,0.8940140621073652
Cc1cc(-c2nnc3n2CCCCC3)c(C)n1-c1cccc2ccccc12,1,1,0.9217344797637236
CC(=O)OCCN1C(=O)c2c(C)nc3ccc(S(=O)(=O)N4CCOCC4)cc3c2C1=O,1,1,0.7740108025174472
Fc1ccc(Cl)cc1-c1nc(Nc2ccncc2)c2nccnc2n1,1,1,0.8699022853169771
COC(=O)[C@]12CCC(C)(C)C[C@@H]1[C@@H]1C(=O)C=C3[C@@]4(C)C=C(C#N)C(=O)C(C)(C)[C@@H]4CC[C@@]3(C)[C@]1(C)CC2,1,1,0.6973139905767816
Fc1ccc(N2CCCN(CC3[C@H]4CNC[C@@H]34)CC2)cc1,1,1,0.7952264624302045
CC(C)NC(=O)c1nc(-c2ccc(Cl)nc2)c2cnccn12,1,1,0.9216389541378818
COC(=O)CNC(=O)c1nc(-c2ccc(Cl)nc2)c2cnccn12,1,1,0.7469005916473046
NC(=O)C1CCN(c2nc(-c3ccccc3-c3ccccc3)cs2)CC1,1,1,0.8406212974760592
CN1CCN(c2ccc(Nc3nn4c(=O)c5ccccc5nc4s3)cc2)CC1,1,1,0.8758438223976913
CN1CCN(c2cc(-c3nc(Nc4ccc(F)c(F)c4)c4ccccc4n3)ccn2)CC1,1,1,0.9178288976804129
O=C1CCCC2=C1C(c1ccccc1Cl)N=C(Nc1nc3ccccc3o1)N2,1,1,0.8935678582803268
CC1(C)CC(=O)C2=C(C1)NC(Nc1nc3ccccc3o1)=NC2c1ccccc1Cl,1,1,0.8785976497808722
CC(C)NC(=O)N1C[C@@H]2C[C@H](C1)c1ccc(-c3cccc(C(F)(F)F)c3)c(=O)n1C2,1,1,0.8919638367581979
Cc1ccc(S(=O)(=O)Nc2ncccc2C(=O)Nc2nc(-c3ccccc3)cs2)cc1,1,1,0.5268189636405579
Cc1ccc(-c2cc(C(=O)Nc3ccccn3)c3ccccc3n2)cc1,1,1,0.9055187137804994
O=[S+]([O-])(Nc1ccccc1)c1ccc(NCc2cccc(Cl)c2F)cc1,1,1,0.7816687195652543
O=[S+]([O-])(Nc1ccccc1)c1ccc(NCc2ccc(Cl)cc2O)cc1,1,1,0.7510986066222199
O=[S+]([O-])(Nc1ccccc1)c1ccc(NCc2cccc(C(F)(F)F)c2F)cc1,1,1,0.7415681092509001
O=c1[nH]c(C2CCN(CC3CCCCC3)CC2)nn1Cc1ccccc1,0,0,0.31875764042103566
CCOc1ccc(CCNC(=O)c2cc3sccc3n2C(C)C)cc1OCC,1,1,0.8943638869947631
CCOc1ccc(CCNC(=O)c2cc3sccc3n2C)cc1OCC,1,1,0.9221437958284759
CCOc1ccc(CCNC(=O)c2cc3sccc3n2CCN(C)C)cc1OCC,1,1,0.8764634782045724
CCn1c(C(=O)NCCc2ccc(OC)cc2)cc2sccc21,1,1,0.9520217383708929
CCOc1ccc(CCNC(=O)c2cc3ncccc3n2Cc2cccc(C)n2)cc1OCC,1,1,0.6530369422752511
CN(Cc1ccccc1)C(=O)C1CCN(Cc2cccc3ccccc23)CC1,1,1,0.8494265281343316
CN(Cc1cnc2nc(N)nc(N)c2n1)c1ccc(C(=O)N[C@@H](CCC(=O)O)C(=O)O)cc1,0,0,0.11434214814725294
CNc1nc2c(s1)C(c1ccc(Cl)cc1)CC(=O)N2,1,1,0.8174588160387861
CNc1nc2c(s1)C(c1ccccc1F)CC(=O)N2,1,1,0.7418484813591391
Nc1nc2c(s1)C(c1ccc(F)c(F)c1)CC(=O)N2,1,0,0.4983917325900768
Nc1nc2c(s1)C(c1cccc(F)c1F)CC(=O)N2,0,0,0.3350306328465531
Nc1nc2c(s1)C(c1ccccc1)CC(=O)N2,1,1,0.7536369615891667
Nc1nc2c(s1)C(c1ccc(F)cc1F)CC(=O)N2,1,1,0.510235472470768
Nc1nc2c(s1)C(c1cccc(Cl)c1Cl)CC(=O)N2,1,1,0.5636596622716499
Nc1nc2c(s1)C(c1cc(Cl)ccc1F)CC(=O)N2,1,1,0.6125927402873036
COc1ccc(C2CC(=O)Nc3nc(N)sc32)cc1OC,1,1,0.7609263171024739
Nc1nc2c(s1)C(c1ccc(Br)cc1)CC(=O)N2,1,1,0.7004888429791007
Nc1nc2c(s1)C(c1c(Cl)cccc1Cl)CC(=O)N2,0,0,0.35701956872793167
COc1ccc2[nH]c3c(C)c4ccncc4c(C)c3c2c1,1,1,0.9174902947201563
O=[N+]([O-])c1ccc(/C=N/n2c(CO)nc3ccccc32)s1,1,1,0.8550659050482889
O=C(Cc1ccc(Cl)cc1)Nc1cnccc1C(=O)O,0,0,0.11509267817137467
CCc1ccc(NC(=O)CSC2=Nc3ccccc3C3=NC(CC(=O)NCc4ccc5c(c4)OCO5)C(=O)N23)cc1,0,0,0.13823352133138544
Fc1ccc(Nc2nc(-c3ccncc3)ncc2-c2ccccc2)cc1F,0,0,0.35337422524709905
O=C1NCc2ccc(-c3cc4c(ccn4Cc4cccnc4)c(C4=CCOCC4)n3)cc21,1,1,0.8377330918529847
O=C(c1ccc2ncccc2c1)N1CCc2c(nc3cc[nH]n3c2=O)C1,1,1,0.8082413844493028
Cc1ccnc(C)c1C(=O)Nc1cccc([S+](=O)([O-])N(C)C)c1,1,1,0.8702629836819252
Cc1onc(-c2ccc(F)cc2)c1COc1ccc(C(=O)N2CCS(=O)(=O)CC2)cn1,1,1,0.8745189803879053
COc1ccc(-n2c(C)cc(C3=NNC(=NC4CC4)SC3)c2C)cc1,1,1,0.8468512486224317
Cc1ccc(-n2c(C)cc(C3=NNC(=NC4CC4)SC3)c2C)cc1C,1,1,0.8850483297261511
CN(C(=O)c1cn2c(-c3ccc(C(F)(F)F)cc3)cnc2cn1)c1ccc(C#N)cc1,1,1,0.7774546966885036
CNC(=O)c1ccc(-c2cnc3cnc(C(=O)N(C)c4ccc(Cl)cc4)cn23)cc1,1,1,0.8601859401231622
O=C(NC1CCN(c2cc(-c3ccc(Cl)cc3)[nH]n2)C1)c1ccccc1,1,1,0.8447352736828683
CCOc1ccc(Nc2nc(C)c(NC(=O)c3ccc(C)cc3)c(Nc3ccc(OCC)cc3)n2)cc1,1,1,0.670412763488153
Cc1ccc(Nc2nc(C)c(NC(=O)c3ccc(C)cc3)c(Nc3ccc(C)cc3)n2)cc1,1,1,0.7828877101460965
O=C(O)c1cn(C2CC2)c2cc(N3C[C@@H]4C[C@H]3CN4)c(F)cc2c1=O,0,0,0.11856939558685284
CN1C[C@@H]2C[C@H]1CN2c1cc2c(cc1F)c(=O)c(C(=O)O)cn2C1CC1,0,0,0.14101180426317053
CCc1ccc(C2N=C(N)Nc3nc4ccccc4n32)cc1,0,0,0.27723124970359764
COc1ccc(C2c3c(ncn(CCN4CCOCC4)c3=N)Oc3ccc4ccccc4c32)cc1OC,1,1,0.782507409357374
CCN1C(=O)c2ccccc2S(=O)c2ccc(C(=O)NCc3ccc(OC)cc3)cc21,1,1,0.8857422433610722
CCN1C(=O)c2ccccc2[S@](=O)c2ccc(C(=O)NCc3ccc(F)cc3)cc21,1,1,0.9156530632206089
CN1C(=O)c2ccccc2[S@](=O)c2ccc(C(=O)NCc3ccc(Br)cc3)cc21,1,1,0.8761095371891544
CCN1C(=O)c2ccccc2S(=O)c2ccc(C(=O)NCc3ccccc3)cc21,1,1,0.9253946273603113
CN1C(=O)c2ccccc2[S@](=O)c2ccc(C(=O)NCc3ccc(Cl)cc3)cc21,1,1,0.9311607300743578
CCN1C(=O)c2ccccc2[S@](=O)c2ccc(C(=O)NCc3ccc(C#N)cc3)cc21,1,1,0.8941091817170788
COc1cccc(-n2ncc3c2CCCC3NC(=O)c2ccccn2)c1,1,1,0.9166845136491837
O=C(NC1CCCc2c1cnn2-c1cccc(O)c1)c1ccccn1,1,1,0.8772621548842418
O=C(NC1CCCc2c1cnn2-c1ccc(O)cc1)c1ccccn1,1,1,0.8798425718396029
Oc1ccc(CNc2cccnc2)c2cccnc12,1,1,0.5796907262068268
CCOc1ccc(N2CC(c3nc(-c4cc(OC)c(OC)c(OC)c4)no3)CC2=O)cc1,1,1,0.8015432109648226
CN1CCN(C(=O)Cc2c[nH]c3ncc(-c4ccccc4Oc4ccccc4)cc23)CC1,1,1,0.9201703521444827
Cc1nc(N)nc2ccccc12,1,1,0.7219467571035086
O=C(Nc1ncc(Cc2ccc(C(F)(F)F)cc2)s1)c1cnc(-c2ccccc2)[nH]1,0,0,0.2358375750135793
Cc1ccccc1C(=O)Nc1sc2c(c1C(=O)NCc1ccco1)CCC(C(C)(C)C)C2,1,1,0.8148124680289487
Cc1cc(-c2nnc3n2CCCCC3)c(C)n1-c1ccccc1,1,1,0.9763774429318404
Cc1cc(-c2nnc3n2CCCCC3)c(C)n1-c1ccc(F)cc1,1,1,0.9741090061251667
Cc1cc(-c2nnc3n2CCCCC3)c(C)n1-c1ccc(Br)cc1,1,1,0.9494959092436449
Cc1cc(-c2nnc3n2CCCCC3)c(C)n1-c1ccc(C(C)(C)C)cc1,1,1,0.9176619427666224
Cc1cc(-c2nnc3n2CCCCC3)c(C)n1-c1ccc(Cl)cc1,1,1,0.9815105668778017
Cc1cc(-c2nnc3n2CCCCC3)c(C)n1-c1ccc([N+](=O)[O-])cc1,1,1,0.9492070903116142
Cc1cc(-c2nnc3n2CCCCC3)c(C)n1-c1ccc(Cl)c(Cl)c1,1,1,0.9623811118750314
Cc1cc(-c2nnc3n2CCCCC3)c(C)n1-c1cccc(C(F)(F)F)c1,1,1,0.933516698252426
Cc1cc(-c2nnc3n2CCCCC3)c(C)n1-c1cccc(C#N)c1,1,1,0.9782276444748894
Cc1cc(-c2nnc3n2CCCCC3)c(C)n1-c1cccc(Cl)c1,1,1,0.9797817058896651
CCOC(=O)c1ccc(-n2c(C)cc(-c3nnc4n3CCCCC4)c2C)cc1,1,1,0.9265977376114105
COc1ccc(-n2c(C)cc(-c3nnc4n3CCCCC4)c2C)cc1,1,1,0.9519228136852932
Cc1cc(-c2nnc3n2CCCCC3)c(C)n1-c1ccc(C(F)(F)F)cc1,1,1,0.9388879947831553
Cc1ccc(-n2c(C)cc(-c3nnc4n3CCCCC4)c2C)cc1,1,1,0.9774304063291852
Cc1cc(-c2nnc3n2CCCCC3)c(C)n1-c1ccc(C#N)cc1,1,1,0.9837030824472609
CC(=O)N1CCN(c2ccc(OCc3nn(C)c(C)c3-c3cccc4c(CCCOc5cccc6ccccc56)c(C(=O)O)n(Cc5cccnc5)c34)cc2)CC1,1,1,0.639944530138735
Cc1c(-c2cccc3c(CCCOc4cccc5ccccc45)c(C(=O)O)n(Cc4cccnc4)c23)c(COc2ccc(N3CCN([S+](=O)([O-])N(C)C)CC3)cc2)nn1C,1,1,0.5937856713324416
Cn1ccc2c(C(=O)NCC3CCC(=O)N3)nc(-c3ccccc3C#N)cc21,1,1,0.7881647337581116
O=C1CCC(CNC(=O)c2nc(-c3ccccc3)cc3[nH]ccc23)N1,1,1,0.798084098148518
Cc1ccc(-c2nc(C)c(C(=O)Nc3ccc4c(c3)C(=O)N3CCC[C@H]3C(=O)N4)s2)cc1,1,1,0.7453575473903739
COc1ccc(-n2c(C)c(C(C)=O)c3ccccc32)cc1,1,1,0.9297336194325984
CCOC(=O)c1ccc2c(c1)c(C(C)=O)c(C)n2-c1ccc(OC)cc1,1,1,0.8700358529975837
COc1ccc(-n2c(C)c(C(C)=O)c3cc(O)ccc32)cc1,1,1,0.8856015222052135
CC(=O)c1c(C)n(-c2ccccc2)c2ccc(O)cc12,1,1,0.8581855134599816
Cc1ccc(-c2cc(C(=O)NCc3ccc(S(N)(=O)=O)cc3)c3ccccc3n2)cc1C,1,1,0.7401374409786879
CC[C@H](NC(=O)c1c(O)c(-c2ccccc2)nc2ccccc12)c1ccccc1,1,1,0.6816243533513007
Cc1c(C(=O)NN2CCCCC2)nn(-c2ccc(Cl)cc2Cl)c1-c1ccc(Cl)cc1,1,1,0.8548264765951283
Cc1noc(C)c1-c1ccc(Nc2nc(-c3ccncc3)nc3ccccc23)cc1F,1,1,0.8033484813548085
CCc1ccccc1Nc1ncnc2c1cnn2-c1ccc(Cl)cc1,1,1,0.9545987104907386
Cc1ccc(-n2ncc3c(Nc4cccc(C(=O)O)c4)ncnc32)cc1,1,1,0.5977864651329667
OCc1ccc(-c2nn(Cc3ccccc3)c3ccccc23)o1,1,1,0.9208012251452368
O=C(NCCCc1ccccc1)c1cccc(-c2cc(O)c3ncccc3c2)c1,0,0,0.2694583597887717
NC(=O)c1cccc(-c2cc(Nc3ccc(OC(F)(F)F)cc3)ncn2)c1,1,1,0.7748901113681108
O=C(NCCO)c1cccc(-c2cc(Nc3ccc(OC(F)(F)F)cc3)ncn2)c1,1,1,0.7260444049093276
O=C(NCCCn1ccnc1)c1nc(-c2ccccc2)cc2[nH]ccc12,1,1,0.8359635675788843
Cn1c(=O)c2[nH]c(=O)[nH]c2n(C)c1=O,0,0,0.13379620138308207
c1ccc2c(Nc3ccc4nc[nH]c4c3)nc(-c3ccncc3)nc2c1,1,1,0.8714729781969826
Cc1cc(N)c2cc(NC(=O)Nc3ccc4nc(C)cc(N)c4c3)ccc2n1,0,0,0.19604315839801173
CC1CCN(S(=O)(=O)c2ccc3c(c2)C(C)(C)C(=O)N3CC(=O)NCc2ccco2)CC1,1,1,0.8610095349261364
CNC(=O)c1ccc(C)c(-n2c(C)cc(OCc3ccc(F)cc3F)c(Br)c2=O)c1,1,1,0.8317445577711573
COc1ccccc1C(=O)Nc1nnc(SCc2cc(=O)c3ccccc3[nH]2)s1,1,1,0.7645217004846898
COc1ccc(CNC(=O)c2cnc3ccccc3n2)cc1,1,1,0.9061994319247992
Nc1ncnc(N2CCc3ccccc32)c1[N+](=O)[O-],1,1,0.7441283821951498
O=c1cc(-c2nc(Nc3ccc(F)c(F)c3)c3ccccc3n2)cc[nH]1,1,1,0.8406887850317859
Cc1cc(C)c2nc(-c3ccccn3)cc(C(=O)Nc3ccc(S(=O)(=O)Nc4onc(C)c4C)cc3)c2c1,1,0,0.4429524623230839
CSc1ccccc1N1CCN(CCCCCC(=O)NC2CCCc3ccccc32)CC1,1,1,0.7479376788661248
CCOC(=O)C1CCN(C(=O)C(C)(C)NC(=O)Nc2ccc(Cl)cc2Cl)CC1,1,1,0.8958692427632134
CCOC(=O)N1CCN(Cc2nc3c(c(=O)n(C)c(=O)n3C)n2Cc2ccc(F)cc2)CC1,1,1,0.8446147349115034
CCOC(=O)N1CCN(Cc2nc3c(c(=O)n(C)c(=O)n3C)n2Cc2cccc(C)c2)CC1,1,1,0.8952151050965703
CC1CCC(NC(=O)c2ccc3c(c2)N(Cc2ccccc2F)C(=O)c2ccccc2S3)CC1,0,0,0.22011390052823213
CCOc1ccc(CN2C(=O)c3ccccc3Sc3ccc(C(=O)NC4CCC(C)CC4)cc32)cc1,0,0,0.21559848601681014
CNC(=O)c1cc(Oc2ccc(NC(=O)Nc3ccc(Cl)c(C(F)(F)F)c3)c(F)c2)ccn1,0,0,0.20996010186508474
Cc1ccc(NS(=O)(=O)c2ccc3c(c2)NC(=O)CO3)cc1C,1,1,0.856983447742205
Cc1cnc(-c2ccccc2C(C)C)nc1NCC1CCN(C2COC2)CC1,1,1,0.8981089755964013
CCc1cccc(NS(=O)(=O)c2ccc3c(c2)CC(C)N3C(=O)C2CC2)c1,1,1,0.8973230006207694
CC1=C(C(=O)NC2CCCCC2)C(c2ccccc2Br)N=C(Nc2nc3ccccc3o2)N1,1,1,0.7847657723786574
CN(C)C(=O)c1cc2cnc(Nc3ccc(N4CCNCC4)cn3)nc2n1C1CCCC1,1,1,0.8077056868215141
CCc1ccc(-n2nc(C)c3c2NC(=O)CSC3c2ccccc2C)cc1,1,1,0.862498711314487
Cc1cccc(-n2nc(C)c3c2NC(=O)CSC3c2ccccc2Cl)c1,1,1,0.8789292643211682
c1ccc(-c2cn[nH]c2)cc1,1,1,0.7940752282656437
Cn1cncc1[C@@](N)(c1ccc(Cl)cc1)c1ccc2c(c1)c(-c1cccc(Cl)c1)cc(=O)n2C,1,1,0.7412875176017775
CC1CCN(S(=O)(=O)c2ccc3c(ccc(=O)n3CC(=O)NCc3ccc(Cl)cc3)c2)CC1,1,1,0.8029248743917675
O=[S+]([O-])(Nc1nccs1)c1ccc(NCc2cccc3c2NCC3)cc1,1,1,0.6526308885157382
COc1ccc(-c2nc3ccc(C4=NNC(=O)CC4C)cc3[nH]2)cc1,1,1,0.9119681812282809
COc1ccc(NC(=O)c2c(C)cccc2C)cc1[S+](=O)([O-])Nc1ccc(Br)cc1,1,1,0.7503085454027094
COc1ccc(-c2[nH]nc3ncc(-c4ccc(CO)cc4)nc23)cc1F,1,1,0.8562081038324492
COc1ccccc1-c1[nH]nc2ncc(-c3ccc(C)cc3)nc12,1,1,0.916699431190292
Cc1noc(C)c1-c1ccc2ncnc(NC(C)c3ccccc3)c2c1,1,1,0.946156606773464
Cc1noc(C)c1-c1ccc2ncnc(NCc3cccc(Cl)c3)c2c1,1,1,0.9526478311317419
C[C@H]1CCC[C@H](O)CCC/C=C/c2cc(O)cc(O)c2C(=O)O1,1,1,0.6859174267154937
O=C1CCCC2=C1C1(CCCC1)N=C(Nc1nc3ccccc3o1)N2,1,1,0.8892515086412109
Cc1ccc2oc(NC3=NC4(CCCC4)C4=C(CCCC4=O)N3)nc2c1,1,1,0.8976678278243218
O=C(O)c1ccnc2cc(C(OCC3CCC(F)(F)CC3)c3ccccc3Cl)[nH]c12,1,1,0.5022204122190201
CNc1oc(-c2ccccc2-c2ccccc2)nc1C#N,1,1,0.9559578140781667
CCOC(=O)N1CCc2c(sc(NCc3sccc3C)c2C(=O)Nc2cc(Cl)ccc2OC)C1,0,0,0.18696287302511067
Cc1nn2c(c1-c1ccccc1-c1ccccc1)N(CC1CC1)CCC2,1,1,0.8819956841103068
CCNC(=O)c1coc(COc2ccc3c(c2)C(c2ccc(F)cc2)N(C(=O)CC(C)C)CC3)n1,1,1,0.8689520167156044
CCN(CC)C(=O)c1coc(COc2ccc3c(c2)C(c2cccc(F)c2)N(C(=O)C(C)C)CC3)n1,1,1,0.8576026823831383
COc1ccc(-c2nc3ncccc3[nH]2)cc1,1,1,0.9087183672057558
CC(=O)Nc1ccc(OCc2cn(CC(=O)c3ccc(O)cc3)nn2)cc1,0,0,0.21448523057474894
OCCNc1ncnc2c1ncn2[C@@H]1O[C@@H](CO)[C@H](O)[C@@H]1O,0,0,0.1114375451864518
Nc1ncnc2c1ncn2[C@H]1O[C@@H](CO)[C@@H](O)[C@H]1N,0,0,0.11164706921109639
CC(=O)Nc1cccc(-c2nc(-c3c(C)noc3C)cc3c2cc(-c2ccccc2)n3C)c1,1,1,0.8186464145102795
C=Cc1ccc(Cn2c(C(=O)O)c(CNC3CCCCC3)c3ccc(OC)cc32)cc1,1,1,0.6374936293531115
CC(C)(C)c1cc(NC(=O)Nc2ccc(-c3cn4c(n3)sc3cc(OCCN5CCOCC5)ccc34)cc2)no1,0,0,0.16978746539723324
O=C(c1nc(-c2ccc(Cl)nc2)c2ccccn12)N1CCCC1,1,1,0.9408829657631312
COCCn1ccc2c(C3=CCOCC3)nc(-c3ccc4c(c3)CNC4=O)cc21,1,1,0.8830242402184173
CCNC(=O)c1ccc(-c2ccc3ncnc(NCC4CCCO4)c3c2)o1,1,1,0.8490426829010836
CS(=O)(=O)CCNCc1ccc(-c2ccc3ncnc(Nc4ccc(OCc5cccc(F)c5)c(Cl)c4)c3c2)o1,0,0,0.12934686090627115
Cc1nnc2n1-c1ccc(Cl)cc1C(c1ccccc1)=NC2,1,1,0.904328839306238
CCNC(=O)C[C@@H]1N=C(c2ccc(Cl)cc2)c2cc(OC)ccc2-n2c(C)nnc21,1,1,0.9063992872991371
N#Cc1ccccc1Nc1ncc(-c2cccc3ccccc23)o1,1,1,0.9123743363421427
COc1ccc(C(=O)N[C@@H]2CCC[C@@H]2C(=O)N2CCC(Cc3ccccc3)CC2)cc1,1,1,0.8752411491720986
CC1(C)CCC(c2ccc(Cl)cc2)=C(CN2CCN(c3ccc(C(=O)NS(=O)(=O)c4ccc(N[C@H](CCN5CCOCC5)CSc5ccccc5)c(S(=O)(=O)C(F)(F)F)c4)cc3)CC2)C1,0,0,0.1112368718858492
CCC(CC)c1cc([C@H]2CN3CC[C@H]2C[C@@H]3CNC(C)=O)nc(-c2ccncc2)n1,1,1,0.8569931206538266
CN(C)CC[C@@H](c1ccc(Cl)cc1)c1ccccn1,1,1,0.8812211425791048
NC(=O)COc1cccc(C2CC(=O)Nc3nc(N4CCCCC4)sc32)c1,1,1,0.7056264772022166
COC(=O)c1ccc([C@H]2c3[nH]c4ccccc4c3C[C@H](C(=O)OC)N2C(=O)CCl)cc1,1,1,0.8442151264277765
COc1ccc(C2(C(=O)N3CCC(n4cc(-c5nc(C)no5)nn4)CC3)CC2)cc1,1,1,0.8755757826193511
O=C(CSc1ccccc1)Nc1nnc(COc2ccc(Cl)cc2)s1,1,1,0.788483637657937
O=C(O)c1ccncc1Nc1nn(CCN2CCC(F)(F)CC2)c2ccc(F)cc12,0,0,0.15219264830732407
COc1ncc(-c2ccc3c(Nc4cc(Oc5cc(F)cc(F)c5)cc(C(=O)O)c4)c(S(=O)(=O)NC4CC4)cnc3c2)c(OC)n1,0,0,0.09573718233718224
O=C(O)Cc1ccc2oc(-c3ccc(NC(=O)/C=C/c4ccc(Br)cc4)c(F)c3)nc2c1,0,0,0.13380600177494192
CNS(=O)(=O)c1cc(-c2nn3c(C)nnc3c3ccccc23)ccc1C,1,1,0.907414075921349
Cn1ccc2c(C(=O)NCc3cccnc3)nc(-c3ccc(CO)cc3)cc21,1,1,0.8555770545859389
Cn1ccc2c(C(=O)NCc3cccnc3)nc(-c3ccccc3C#N)cc21,1,1,0.8548063417547198
CN1CCC(N(Cc2cccs2)c2ccccc2)CC1,1,1,0.8479839876153542
FC(F)(F)c1cc(-c2ccc(CNc3nc(-c4ccccc4C(F)(F)F)nc4ccsc34)cc2)ccn1,1,1,0.7507015012765492
Cc1ccc(-c2csc(Nc3ccc(S(=O)(=O)Nc4nccs4)cc3)n2)cc1C,1,1,0.6928466959034191
O=S(=O)(Nc1nccs1)c1ccc(Nc2nc(-c3ccc(F)cc3)cs2)cc1,1,1,0.636337681536106
CCNC(=O)Nc1ncc(-c2cc(-c3c(C)cc(OC)cc3C)nc(-c3cnccn3)n2)s1,1,1,0.7728757365181442
Cn1cc(C2=C(c3cn(CCCSC(=N)N)c4ccccc34)C(=O)NC2=O)c2ccccc21,1,1,0.7091080406974248
COC(=O)Nc1nc2ccc(C(=O)c3ccccc3)cc2[nH]1,1,1,0.7877101070593422
COc1ccc(NC(=O)c2ccccc2)cc1S(=O)(=O)Nc1ccc(Br)cc1,1,1,0.8009468709410464
C[C@H]1[C@@H](CCC(=O)Nc2ccc(F)cc2)O[C@@H]2O[C@]3(C)CC[C@@H]4[C@H](C)CC[C@@H]1[C@@]24OO3,1,1,0.8388281203921192
COc1ccc(-c2cc(-c3cccc4[nH]ncc34)cn3cncc23)cn1,0,0,0.3643172224439748
Fc1cc(Nc2nc(-c3ccncc3)nc3ccccc23)ccc1N1CCCC1,1,1,0.8827269737278701
Nc1c(C(=O)N2CCCCC2)sc(=S)n1-c1ccccc1,1,1,0.9002293438682387
O=C(c1nc(-c2cccnc2)c2ccccn12)N1CCOCC1,1,1,0.8899944835817777
Fc1ccc(-c2ccc(Nc3nc(-c4ccncc4)nc4ccccc34)cc2F)c(Cl)c1,1,1,0.8630743580480105
Fc1cc(Nc2nc(-c3ccncc3)nc3ccccc23)ccc1-c1cccc(OC(F)(F)F)c1,1,1,0.8100487951104378
Fc1ccc(-c2ccc(Nc3nc(-c4ccncc4)nc4ccccc34)cc2F)cc1,1,1,0.7661476521939184
Fc1cc(Nc2nc(-c3ccncc3)nc3ccccc23)ccc1-c1cccc(C(F)(F)F)c1,1,1,0.8574412195374128
Fc1cccc(-c2ccc(Nc3nc(-c4ccncc4)nc4ccccc34)cc2F)c1,1,1,0.7750193397689928
Fc1cc(Nc2nc(-c3ccncc3)nc3ccccc23)ccc1-c1cc(F)c(F)c(F)c1,1,1,0.8671859615646196
Fc1cc(Nc2nc(-c3ccncc3)nc3ccccc23)ccc1-c1cccc(OC(F)F)c1,1,1,0.8768239959545261
Fc1ccc(-c2ccc(Nc3nc(-c4ccncc4)nc4ccccc34)cc2F)c(F)c1,1,1,0.8523748305385426
Fc1cc(Nc2nc(-c3ccncc3)nc3ccccc23)ccc1-c1ccc(F)c(F)c1F,1,1,0.8672673358497746
COc1ccc(-c2ccc(Nc3nc(-c4ccncc4)nc4ccccc34)cc2F)cc1F,1,1,0.8486269985919569
CC[C@@]1(O)C(=O)OCc2c1cc1n(c2=O)Cc2cc3ccccc3nc2-1,1,1,0.7690632823728245
CC[C@@]1(O)C(=O)OCc2c1cc1n(c2=O)Cc2c-1nc1ccccc1c2CCNC(C)C,0,0,0.24028400466270333
CC(C)c1nc2oc3c(NCCN(C)C)ncnc3c2c2c1COC(C)(C)C2,1,1,0.9011866218472097
Cc1ccc(S(=O)(=O)Nc2cnccc2C(=O)Nc2nc(-c3cccnc3)cs2)cc1,1,1,0.6101165140428575
Cc1noc(C)c1S(=O)(=O)Nc1cnccc1C(=O)Nc1nc(-c2ccccc2)cs1,1,1,0.6486143746642119
Cc1nsc(N)c1C(=O)N(C)CCOc1ccccc1Cl,1,1,0.8782798589694164
C#CCOc1ccc(-c2nnc(Nc3ccc(NC(C)=O)cc3)c3ccccc23)cc1,1,1,0.7823510346412128
O=C(Nc1ccc(S(=O)(=O)Nc2nc(-c3ccccc3)cs2)cc1)c1ccc2ccccc2c1,0,0,0.0925766323227867
CC1=C(C(=O)NC2CCCC2)C(c2nn(C)cc2Cl)N=C(Nc2nc3ccccc3o2)N1,1,1,0.8109910121141968
CC1=Nc2cc(C(=O)NCc3ccccc3Cl)ccc2Sc2c(C)ccc(C)c21,1,1,0.767264664610045
Cc1ccnc(NC(=S)N2CC[C@@H](Nc3cccc(C(F)(F)F)c3)C2)c1,1,1,0.8500258211404599
CC(C)(C)c1ccc(C(=O)Nc2ccc3c(c2)CCCN3C(=O)c2cccs2)cc1,1,1,0.8481035185147675
CC(C)Oc1ccc(C(=O)Nc2ccc3c(c2)CCCN3C(=O)c2cccs2)cc1,1,1,0.8791737882738099
Cc1ccccc1C(=O)Nc1ccc2c(c1)CCCN2C(=O)c1cccs1,1,1,0.9077078743460909
CCOc1ccc(CCNC(=O)c2cc3ccncc3n2Cc2cccc(C)c2)cc1OCC,1,1,0.8597451393869818
Fc1cccc(CN2CCNc3cc(Nc4ccccc4)ncc3C2)c1,0,0,0.31509285747127463
CCCc1cc(C)[nH]c(=O)c1CNC(=O)c1cc(-c2ccc(N3CCN(C(C)C)CC3)nc2)cc2c1cnn2C(C)C,1,1,0.6721844807083757
CCc1ccc(NC(=O)c2cc3ncccn3n2)cc1,1,1,0.8792459888425487
NS(=O)(=O)c1ccc(NC(=O)c2cc3ncccn3n2)cc1,1,1,0.5784032866298011
COc1ccc2nc(C)cc(Nc3ccc(Cl)c(Cl)c3)c2c1,1,1,0.918664238547622
CN(C)c1ccnc2sc(C(N)=O)c(N)c12,1,1,0.6841195551272647
CCN(CC)CCCNC(=O)c1oc2c(c1C)-c1nn(Cc3ccc(Cl)cc3)cc1CC2,1,1,0.8670042516491848
COc1ccc(-c2ccc3ncc(Nc4ccncc4)n3n2)cc1OC,1,1,0.9083285778337016
O=C(NCc1ccccc1)c1nc(S(=O)(=O)Cc2ccc(F)cc2)ncc1Cl,1,1,0.8532175262372212
Cc1ccc(NC(=O)c2c(N3CCCC3=O)c3cc(C)ccc3n2C)c(C)c1,1,1,0.9005214877429715
O=C(Nc1ccc(-c2nc3cc(NC(=O)c4ccccc4Cl)ccc3o2)cc1)c1ccccc1Cl,1,1,0.7006464368160136
CC1Cc2cc(S(=O)(=O)NCc3ccc(N(C)C)cc3)ccc2N1C(=O)C1CCC1,1,1,0.8712024184451629
O=C(c1cnn(-c2cccc(F)c2)c1-n1cccc1)N1CCN(c2ccccc2F)CC1,1,1,0.8584131525565549
COc1ccc(NC(=O)c2c(C)cccc2C)cc1[S+](=O)([O-])N1CCCCC1,1,1,0.9068604933426403
Cc1cc(-c2nnc3n2CCCCC3)c(C)n1-c1ccncc1,1,1,0.9733629575384559
O=C(Nc1ccccc1)C1CC(=O)N(c2n[nH]c3cc(Br)ccc23)C1,0,0,0.22608747153602318
CCCOC(c1cc2nccc(C(=O)O)c2[nH]1)c1ccccc1Cl,1,0,0.46298358671290807
Nc1ncc(S(=O)(=O)N2CCN(c3ccccc3)CC2)cn1,1,1,0.745936247284585
