smiles,label,prediction,score
CC(C)(C)OC(=O)CCCc1ccc(N(CCCl)CCCl)cc1,1,1,0.5612748642143774
Cc1cc(Br)cc(C(N)=O)c1O,1,1,0.5330294353981673
CC(=O)Nc1ccc(OC(C)(C)C)cc1,1,1,0.5297898715750582
O=C(O)CNC(=O)c1ccccc1O,1,0,0.432277140659378
CSCC[C@H](NC(C)=O)C(=O)Oc1ccc(NC(C)=O)cc1,1,0,0.46772600813569243
Cc1ccccc1,1,1,0.5601080190146212
C[C@H](N)Cc1ccccc1,1,1,0.5123286872888946
CCCCC/C(=N/OCCN)c1ccc(C)c(N)c1,1,0,0.4895015025524889
C#CC(OC(N)=O)c1ccccc1,1,1,0.558679156430134
NS(=O)(=O)c1ccc(C(=O)O)cc1,1,0,0.47899558016870236
C[C@H](N)C(=O)c1ccccc1,1,1,0.5123286872888946
CC(=O)c1ccc(C(O)C(CO)NC(=O)C(Cl)Cl)cc1,1,1,0.5258688045862365
CS(=O)(=O)c1ccc([C@@H](O)[C@@H](CO)NC(=O)C(Cl)Cl)cc1,1,1,0.5249071840766574
Cc1cccc(C)c1OCC(C)N,1,1,0.5123446973947137
Cc1cccc(C)c1,1,1,0.5601080190146212
CCc1ccccc1,1,1,0.5601080190146212
CCCC(=O)Nc1ccc(OCC(O)CNC(C)C)c(C(C)=O)c1,1,1,0.523318001747052
COC(=O)c1ccc(C(=O)OC)cc1,1,1,0.5545883809988
Cc1ccccc1C,1,1,0.5601080190146212
Cc1ccc(C)cc1,1,1,0.5601080190146212
Cc1ccccc1OCC(COC(O)C(Cl)(Cl)Cl)OC(O)C(Cl)(Cl)Cl,1,1,0.5618395036215365
C#CCN(C)CCCOc1ccc(Cl)cc1Cl,1,1,0.5658924252920771
CC(C)(C)NCC(O)c1ccc(O)c(CO)c1,0,1,0.5097429941357516
CCN(CC)C(=O)CNC(=O)c1cc(OC)c(OC)c(OC)c1,1,1,0.535804245164126
CCN(CC)C(=O)Nc1ccc(OCC(O)CNC(C)(C)C)c(C(C)=O)c1,1,1,0.5554638452724032
CC(=O)Nc1ccc(O)cc1,1,0,0.4933318159522296
CCCCCCCCCCOc1c(OC)cc(C(N)=O)cc1OC,1,1,0.5646935847033574
CC(C)C(CCCCCC(=O)O)NCc1ccc(F)cc1,1,0,0.49881296605498443
CCN(CC)CCNC(=O)c1cc(Cl)cc(Cl)c1OC,1,1,0.5404842791534011
C=CCC(N)Cc1ccccc1,1,1,0.511201738610089
CC(Cc1ccccc1)N(C)C,1,1,0.5646491604271356
C[C@@](Cc1ccc(O)c(O)c1)(NN)C(=O)O,0,0,0.45984181517346845
Cc1cc(N(C)C)ccc1C[C@H](C)N,1,1,0.5117640478817357
O=C(O)CCCc1ccc(N(CCCl)CCCl)cc1,0,0,0.49423357961227754
CCC(O)(COC(N)=O)c1ccccc1,1,1,0.5521866972109861
NNCCc1ccccc1,1,1,0.5598108263193339
NC(=O)OCCCc1ccccc1,1,1,0.5615913282583906
NCC(O)c1ccc(O)c(O)c1,0,0,0.46676816518468106
O=C(NC(CO)C(O)c1ccc([N+](=O)[O-])cc1)C(Cl)Cl,0,1,0.5227855931566353
CCN(CC)CC(=O)Nc1c(C)cccc1C,1,1,0.5340156354865478
CCCNC(=O)NS(=O)(=O)c1ccc(Cl)cc1,0,1,0.5505586360627747
CCC(CC)(CNC(=O)CCCO)c1cccc(OC)c1,1,1,0.527639737271572
CN(C)CCOC(=O)COc1ccc(Cl)cc1,1,1,0.5689755592199052
CCOC(=O)C(C)(C)Oc1ccc(Cl)cc1,0,1,0.5653251755413287
CC(C)(Oc1ccc(Cl)cc1)C(=O)O,0,0,0.49832299243342326
CN(C)C(=O)CCNc1ccc(Br)cc1,1,1,0.5665657850455239
COc1cc(CCN)cc(OC)c1OC,1,1,0.5167955111805654
CCN(CC)CCNC(=O)c1cc(Br)c(N)cc1OC,1,1,0.5468642154663129
CCN(CC)CCOC(=O)c1ccc(N)cc1,1,1,0.564172892808371
CN[C@@H](C)Cc1ccccc1,1,1,0.5565691411647947
COc1ccccc1OCC(O)COC(N)=O,1,1,0.5628660676372819
CCOC(=O)NNC(C)c1ccccc1,1,1,0.5601080190146212
Nc1ccc(C(=O)O)c(O)c1,0,0,0.46112823959749716
NC(=O)OCC(COC(N)=O)c1ccccc1,1,1,0.5615913282583906
CN(C)C(C)(CO)Cc1ccc(Cl)c(Cl)c1,1,1,0.5667087087183484
NC(=O)OCC(O)COc1ccc(Cl)cc1,1,1,0.5627303803154546
CC(C)c1cccc(C(C)C)c1O,1,1,0.522173279769103
CC(C)(O)CC(C)(O)c1ccc(Cl)cc1,1,1,0.5533032962958639
CC(C)(C)NCC(O)c1ccccc1F,1,1,0.5620153308974508
CS(=O)(=O)c1ccc([C@@H](O)[C@@H](CF)NC(=O)C(Cl)Cl)cc1,1,1,0.5515720225741105
CCNC(=O)/C=C/c1cccc(Br)c1,1,1,0.5402874820754054
COc1cc(/C=C/C(N)=O)cc(OC)c1OC,1,1,0.5648860278846829
CCOC(=O)N(CCN(C)C)c1cccc(C(F)(F)F)c1,1,1,0.5677279656353156
CNCC(O)c1ccc(O)c(O)c1,0,1,0.511047849248503
NCCc1ccc(O)c(O)c1,0,0,0.47358738396636463
CCN(CC)CCNC(=O)COc1ccc(Cl)cc1,1,1,0.5408967630725268
CCS(=O)(=O)c1ccc(F)cc1,1,1,0.5684826337015171
COCCCC/C(=N\OCCN)c1ccc(Cl)cc1,1,0,0.4884122663618882
CN[C@@H](C)[C@H](O)c1ccccc1,0,1,0.5527615710273932
CNC[C@H](O)c1ccc(O)c(O)c1,0,1,0.511047849248503
NC(CO)C(=O)NNCc1ccc(O)c(O)c1O,0,0,0.4440954333941498
CC(C)(C)NCC(O)c1ccc(O)c(NC(N)=O)c1,0,1,0.5143600749654756
COCCCC/C(=N\OCCN)c1ccc(C(F)(F)F)cc1,1,0,0.4829069414272474
C=C(CC)C(=O)c1ccc(OCC(=O)O)c(Cl)c1Cl,0,0,0.4967891001697738
NC(N)=N/N=C/c1c(Cl)cccc1Cl,0,1,0.5572748907362725
CC(C)Cc1ccc(C(C)C(=O)O)cc1,0,0,0.4929181453929435
O=C(CCCl)NCCc1ccccc1,1,1,0.5309480040721232
CC(C)NNC(=O)COc1ccc(Cl)cc1,1,1,0.5369497491098205
C[C@H](N)[C@H](O)c1cccc(O)c1,0,0,0.46780750891725836
CC(C)NCC(O)c1ccc(O)c(O)c1,0,1,0.511047849248503
COCCc1ccc(OCC(O)CNC(C)C)cc1,1,1,0.5439404291535429
CNCC(O)c1ccc(OC(=O)C(C)(C)C)c(OC(=O)C(C)(C)C)c1,0,1,0.547555720311528
NC(Cc1ccc(N(CCCl)CCCl)cc1)C(=O)O,0,0,0.44869330967332455
CCNCC(O)c1cccc(O)c1,0,1,0.5120871929810803
N=C(N)NCCCOc1ccccc1,1,1,0.5526552771606077
CC(NN)c1ccccc1,1,1,0.5598108263193339
C[C@](N)(Cc1ccc(O)c(O)c1)C(=O)O,0,0,0.4149243260184462
CCN(CC)CCNC(=O)COc1ccc(OC)cc1,1,1,0.5393110401940381
CC(=O)Nc1c(I)c(NC(C)=O)c(I)c(C(=O)[O-])c1I,0,0,0.4606980015922241
CC(C)NCC(O)c1ccc(NS(C)(=O)=O)cc1,1,1,0.535645388353736
CC(Cc1ccccc1)NO,0,1,0.5601080190146212
CNC(C)C(O)c1ccc(O)cc1,0,1,0.5120871929810803
CC(=O)Nc1cccc(O)c1,1,0,0.4933318159522296
CC(C)(O)C(C)(O)c1cccc(Cl)c1,1,1,0.5328248807775038
NCC(O)c1cccc(O)c1,0,0,0.46780750891725836
CNC(C)C(=O)c1ccc(OC)cc1,0,1,0.5565691411647947
CC(C(=O)c1ccccc1)N(C)C,1,1,0.5646491604271356
CCOc1ccc(NC(C)=O)cc1,0,1,0.5297898715750582
NC/C(=C/F)CCc1ccc(F)cc1,1,1,0.5222141154541675
CNCC(O)c1cccc(OC(=O)C(C)(C)C)c1,0,1,0.5527615710273932
CCCN(CCC)S(=O)(=O)c1ccc(C(=O)O)cc1,0,0,0.47899558016870236
CCC(=O)Nc1ccc(O)cc1,1,0,0.4933318159522296
O=C(O)c1ccccc1O,0,0,0.46118834846770274
CC(C)(O)C(C)(O)c1ccc(Cl)cc1,1,1,0.5328248807775038
CC(Cc1ccccc1)NN,1,1,0.5598108263193339
CC(C)NCC(O)COc1ccc(CC(N)=O)cc1,0,1,0.5527023072618754
c1ccccc1,1,1,0.5601080190146212
C#CCN(C)Cc1ccccc1,1,1,0.5617369885988791
NC(=O)NC(=O)Cc1ccccc1,1,1,0.5320302121010507
CCCCNC(=O)NS(=O)(=O)c1ccc(C)cc1,0,1,0.5453213050398796
CCC(C(=O)NC(N)=O)c1ccccc1,1,1,0.5320302121010507
CC(COc1ccccc1)NN,1,1,0.5598108263193339
CC(N)C(=O)OC(C)(C)Cc1ccc(Cl)cc1,1,1,0.520028956684556
CC(N)Cc1ccccc1,1,1,0.5123286872888946
CNNCc1ccc(C(=O)NC(C)C)cc1,1,1,0.5297198570746962
CCN(CC)CCNC(=O)c1cc(S(C)(=O)=O)ccc1OC,1,1,0.5336819485633201
CCN(CC)CC(=O)Oc1ccc(NC(C)=O)cc1,1,1,0.5334518632648775
O=C(Nc1ccc(O)cc1)C(Cl)(Cl)Cl,1,0,0.49575774634168024
CCOC(=O)c1ccc(N)cc1,1,1,0.5600070840147006
CCN(C)C(=O)Oc1cccc([C@H](C)N(C)C)c1,1,1,0.5661324696709052
CC(NC(C)(C)C)C(=O)c1cccc(Cl)c1,1,1,0.5619509408652613
O=C(NCc1ccccc1)OCCO,1,1,0.5594878677845523
O=C(CCCl)NCc1ccccc1,1,1,0.5309480040721232
[N-]=[N+]=NCC(=O)N[C@H](CO)[C@H](O)c1ccc([N+](=O)[O-])cc1,1,1,0.5209989848688029
NC(=O)c1ccccc1O,1,1,0.5221140160035852
C#CCN(C)[C@H](C)Cc1ccccc1,1,1,0.5617369885988791
OCc1ccccc1,1,1,0.5580045585407829
O=C(c1ccco1)N(c1cnccn1)C1CCN(CCc2ccccc2)CC1,1,1,0.5822344423590828
Nc1nnc(-c2cccc(Cl)c2Cl)c(N)n1,1,1,0.5647817329210658
CCC(C)n1ncn(-c2ccc(N3CCN(c4ccc(OC[C@H]5CO[C@](Cn6cncn6)(c6ccc(Cl)cc6Cl)O5)cc4)CC3)cc2)c1=O,0,1,0.5767677176637365
CN(C)CCn1nnnc1SCC1=C(C(=O)O)N2C(=O)[C@@H](NC(=O)Cc3csc(N)n3)[C@H]2SC1,0,0,0.28691615965856027
C[C@]12CC[C@@H]3c4ccc(O)cc4CC[C@H]3[C@@H]1CC[C@@H]2O,0,1,0.5169036827933073
C#C[C@]1(O)CC[C@H]2[C@@H]3CCc4cc(OC)ccc4[C@H]3CC[C@@]21C,0,1,0.5477912161389601
C#C[C@]1(O)CC[C@H]2[C@@H]3CCc4cc(O)ccc4[C@H]3CC[C@@]21C,0,1,0.5103011365616653
CN1c2ccccc2C(NCCCCCCC(=O)O)c2ccc(Cl)cc2S1(=O)=O,1,0,0.4877530417581821
C#CCC1(OC(N)=O)CCCCC1,1,1,0.558744006713193
C1CCCCC1,1,1,0.5601728692976803
CCC(OC(N)=O)C1CCCCC1,1,1,0.5616561785414497
O=NN(CCCl)C(=O)NC1CCCCC1,1,1,0.5645238165828961
NNCC1CCCCC1,1,1,0.5598756766023929
CC(C)C(O)C1CCCCC1,1,1,0.5568027792223175
NCC1(CC(=O)O)CCCCC1,1,0,0.44758759968259004
C#CC1(OC(N)=O)CCCCC1,1,1,0.558744006713193
CN(C)CCOC(=O)CCC1CCCCC1,1,1,0.5643386780913506
O=C1CC[C@H]2[C@H]3Cc4cccc(O)c4[C@@]2(CCN3CC2CC2)C1,1,1,0.5349740172636003
COc1cc2c(c(CN[C@@H]3CCCN[C@H]3c3ccccc3)c1)OCC2,1,1,0.5866064062786872
O=C1CCC(c2ccccc2)(C2CCN(C/C=C/c3ccccc3)CC2)C(=O)N1,1,1,0.5852035545212302
CCN1C(=O)NC(c2ccccc2)C1=O,1,1,0.5601080190146212
CCC1(c2ccccc2)C(=O)NC(=O)N1C,1,1,0.5601080190146212
CCC1(c2ccccc2)NC(=O)N(C)C1=O,1,1,0.5601080190146212
CC1(C)SC2C(N(C(=N)c3ccncc3)[C@H](C(=O)NC(=O)CN)c3ccccc3)C(=O)N2C1C(=O)O,0,0,0.3361161299787871
O=C(c1ccccn1)c1cnn2c(-c3ccncc3)ccnc12,1,1,0.5582002652548644
COc1ccc2c(c1OC)C(=O)O[C@@H]2[C@H]1c2c(cc3c(c2OC)OCO3)CCN1C,1,1,0.5062894479633413
c1cnc(N2CCN(Cc3ccc4c(c3)OCO4)CC2)nc1,1,1,0.5402877255309829
CC1=C(C(=O)O)N2C(=O)[C@@H](NC(=O)Cc3ccc(C4=NCCCN4)cc3)[C@H]2SC1,0,0,0.3422130102892059
CCCNCC(O)COc1ccccc1C(=O)CCc1ccccc1,0,1,0.5544272504708811
CC(=O)OCC(=O)OCC/C(SC(=O)c1ccco1)=C(/C)N(C=O)Cc1cnc(C)nc1N,1,1,0.5733868711735096
NC(=O)N1c2ccccc2C=Cc2ccccc21,1,1,0.5642038236487666
CN(C)CCCN1c2ccccc2C=Cc2ccccc21,1,1,0.5665962875787559
COc1ccc(CN(CCN(C)C)c2ccccn2)cc1,0,1,0.5621491939113464
CN(CCc1cc2cccc3c2n1-c1ccccc1CC3)Cc1ccccc1,1,1,0.5750703831201084
CN1CCC2=C(CC1)c1ccccc1N(C)c1ccccc12,1,1,0.5665962875787559
C=CC1CNCCC1CCCc1ccnc2ccc(OC)cc12,1,1,0.5715183903348995
C=C[C@@H]1CNCC[C@H]1CCCc1ccnc2ccc(OC)cc12,1,1,0.5715183903348995
CC(COc1ccccc1)N(CCCl)Cc1ccccc1,0,1,0.567499827658809
CCOC(=O)N1CCC(=O)N(c2ccccc2)c2cc(Cl)ccc21,1,1,0.5712713309965318
O=C1CCNc2ccc(Cl)cc2N1c1ccccc1,1,1,0.5639974079932562
CCNC(=O)N1CCN(CCCC(c2ccc(F)cc2)c2ccc(F)cc2)CC1,1,1,0.5758058639492736
CCC1(c2ccccc2)NCC(=O)NC1=O,1,1,0.5625725509666957
Cc1noc(NS(=O)(=O)c2ccc(N)cc2)c1C,1,1,0.5428909013410435
S=C(NC1CCCCC1)N1CCC(c2cnc[nH]2)CC1,1,1,0.5832391358974878
CCCCN1C(=O)C2C(=O)N(CCCCN3CCN(c4ccccc4OC)CC3)C(=O)C(C1=O)C2(C)C,1,1,0.5850748321302707
CCCC(C)(O)C1CC23C=CC1(OC)C1Oc4c(O)ccc5c4C12CCN(C)C3C5,1,1,0.5218213873081163
C=CCN1CCC23c4c5ccc(O)c4OC2C2(OC)C=CC3(CC2[C@](C)(O)CCC)C1C5,1,1,0.5243620618049036
CCC[C@@](C)(O)[C@H]1CC23C=CC1(OC)[C@H]1Oc4c(OC(C)=O)ccc5c4C12CCN(C)C3C5,1,1,0.553944821929765
OC1(c2cccc(Cl)c2)C2=NCCCN2c2ccccc21,1,1,0.559348645682463
CN[C@H](CC(C)C)C(=O)NC1C(=O)N[C@@H](CC(N)=O)C(=O)N[C@H]2C(=O)N[C@H]3C(=O)N[C@H](C(=O)N[C@@H](C(=O)O)c4cc(O)cc(O)c4-c4cc3ccc4O)[C@H](O)c3ccc(c(Cl)c3)Oc3cc2cc(c3O[C@@H]2O[C@H](CO)[C@@H](O)[C@H](O)[C@H]2O[C@H]2C[C@](C)(N)[C@H](O)[C@H](C)O2)Oc2ccc(cc2Cl)[C@H]1O,0,0,0.26734384864872873
CC(C)(C)OC(=O)c1ncn2c1[C@@H]1CCCN1C(=O)c1c(Br)cccc1-2,1,1,0.5664786370363252
COc1cc([C@@H]2c3cc4c(cc3[C@@H](O[C@@H]3O[C@@H]5CO[C@@H](C)O[C@H]5[C@H](O)[C@H]3O)C3COC(=O)[C@@H]32)OCO4)cc(OC)c1O,0,0,0.37442802134421094
CNCCCC12CCC(c3ccccc31)c1ccccc12,1,1,0.5590817414766498
CNC[C@H](O)CC12CCC(c3ccccc31)c1ccccc12,1,1,0.5549943621667982
CNCC12CCC(c3ccccc31)c1ccccc12,1,1,0.5590817414766498
CC1(C)S[C@@H]2[C@H](N3C(=O)[C@@H](c4ccccc4)NC3(C)C)C(=O)N2[C@H]1C(=O)O,0,0,0.37699311216883585
COCOC(=O)C1N2C(=O)C(N3C(=O)C(c4ccc(O)cc4)NC3(C)C)C2SC1(C)C,0,0,0.40259922989415137
COCOC(=O)[C@@H]1N2C(=O)[C@@H](N3C(=O)C(c4ccccc4)NC3(C)C)[C@H]2SC1(C)C,0,0,0.4266307025517093
CC1(C)O[C@@H]2[C@@H](CO[C@@]3(COS(N)(=O)=O)OC(C)(C)O[C@@H]23)O1,1,0,0.45725438881086145
O=C(Nc1ccccc1)OCC1(COC(=O)Nc2ccccc2)CCCC1,1,1,0.5637554774226697
CN(C)CCC1(c2ccccc2)C=Cc2ccccc21,1,1,0.5646491604271356
O=C(CCCN1CCN(C(=O)OC2CCCCC2)CC1)c1ccc(F)cc1,1,1,0.5737845365826002
CNC1CCc2ncsc2C1,1,1,0.5242994897385611
CNC1C(O)C(OC2C(NC(=O)C(O)CN)CC(N)C(OC3OC(CN)C(O)C(O)C3O)C2O)OCC1(C)O,0,0,0.3153596875601821
NCC[C@H](O)C(=O)N[C@@H]1C[C@H](N)[C@@H](O[C@H]2O[C@H](CN)[C@@H](O)[C@H](O)[C@H]2O)[C@H](O)[C@H]1O[C@H]1O[C@H](CO)[C@@H](O)[C@H](N)[C@H]1O,1,0,0.3246862043874211
NCC1OC(OC2C(N)CC(N)C(OC3OC(CO)C(O)C(N)C3O)C2O)C(O)C(O)C1O,0,0,0.3441299027788259
NCC1OC(OC2C(N)CC(NC(CO)CO)C(OC3OC(CO)C(O)C(N)C3O)C2O)C(N)C(O)C1O,0,0,0.34100446144660207
NCC[C@H](O)C(=O)N[C@@H]1C[C@H](N)[C@@H](O[C@H]2O[C@H](CN)CC[C@H]2N)[C@H](O)[C@H]1O[C@H]1O[C@H](CO)[C@@H](O)[C@H](N)[C@H]1O,0,0,0.35041490303647366
NCC1OC(OC2C(N)CC(N)C(OC3OC(CO)C(O)C(N)C3O)C2O)C(N)C(O)C1O,0,0,0.3442003543575236
CNC(C)C1CCC(N)C(OC2C(N)CC(N)C(OC3OCC(C)(O)C(NC)C3O)C2O)O1,0,0,0.36145426242573214
NC[C@H]1O[C@H](O[C@H]2[C@H](O)[C@@H](O[C@H]3O[C@H](CO)[C@@H](O)[C@H](N)[C@H]3O)[C@H](N)C[C@@H]2N)[C@H](N)C[C@@H]1O,0,0,0.3724264125809236
NCCC(O)CNC1CC(N)C(OC2OC(CN)C(O)C(O)C2O)C(O)C1OC1OC(CO)C(O)C(N)C1O,0,0,0.34093400986790434
NCC1CCC(N)C(OC2C(N)CC(N)C(OC3OC(CO)C(O)C(N)C3O)C2O)O1,0,0,0.3724264125809236
CC(=O)NCCn1c(C)cc(C=O)c1C,1,1,0.5288025967666837
O=c1c(O[C@@H]2O[C@H](CO)[C@@H](O)[C@H](O)[C@H]2O)c(-c2ccc(O)c(O)c2)oc2cc(O)cc(O)c12,0,0,0.3759957186422165
O=C1C(O)=C(O)OC1C(O)CO,1,0,0.46562601134910203
CN1CCN2c3cc(F)ccc3C(c3cccs3)=NCC2C1,1,1,0.5957744746086534
OCCN1CCN(CCCN2c3ccccc3Sc3ccc(Cl)cc32)CC1,1,1,0.6054496832946198
CCC(=O)c1ccc2c(c1)N(CCCN1CCN(CCO)CC1)c1ccccc1S2,1,1,0.6000636023056056
CN1CCN(CCCN2c3ccccc3Sc3ccc(Cl)cc32)CC1,1,1,0.6073317461104272
CC(=O)OCCN1CCN(CCCN2c3ccccc3Sc3ccc(Cl)cc32)CC1,1,1,0.6073317461104272
CN1CCN(CCCN2c3ccccc3Sc3ccc(S(=O)(=O)N(C)C)cc32)CC1,1,1,0.5855573226095799
CCCC(=O)c1ccc2c(c1)N(CCCN1CCN(C)CC1)c1ccccc1S2,1,1,0.601452670651725
CN1CCN(CCCN2c3ccccc3Sc3ccc(C(F)(F)F)cc32)CC1,1,1,0.6036381933217946
OCCN1CCN(CCCN2c3ccccc3Sc3ccc(C(F)(F)F)cc32)CC1,1,1,0.6019881271042588
CCCCCCC(=O)OCCN1CCN(CCCN2c3ccccc3Sc3ccc(C(F)(F)F)cc32)CC1,1,1,0.6036381933217946
CCSc1ccc2c(c1)N(CCCN1CCN(C)CC1)c1ccccc1S2,1,1,0.5888507348485744
CC(=O)c1ccc2c(c1)N(CCCN1CCN(CCO)CC1)c1ccccc1S2,1,1,0.6000636023056056
CC(CN1CCN(CCOCCO)CC1)CN1c2ccccc2Sc2ccccc21,1,1,0.5880513375341072
CN(C)CCC(c1ccccc1)c1ccccn1,0,1,0.5626765563843199
CN(C)CCOC(C)(c1ccccc1)c1ccccn1,1,1,0.5516408684646202
c1ccc(-c2cc(CCC3CCNCC3)c3ccccc3n2)cc1,1,1,0.570954632574187
COc1ccccc1N1CCN(CCc2oc(=O)[nH]c2-c2ccc(F)cc2)CC1,1,1,0.5746513655028332
CC1CC(OC(=O)C2CCC(=O)N2)CC(C)(C)C1,1,1,0.5577932515656083
Cc1ccc(Cl)c(Nc2ccccc2C(=O)O)c1Cl,0,1,0.5031575481103124
Cc1cccc(Nc2ccccc2C(=O)O)c1C,0,0,0.49746988505300743
CO[C@@]1(NC(=O)C(C(=O)O)c2ccsc2)C(=O)N2[C@@H](C(=O)O)C(C)(C)S[C@@H]21,0,0,0.3393431286041025
CC1(C)S[C@@H]2[C@H](NC(=O)[C@H](C(=O)[O-])c3ccsc3)C(=O)N2[C@H]1C(=O)[O-],1,0,0.3481436278352233
Nc1c2c(nc3ccccc13)CCCC2O,1,1,0.5437399102558661
Nc1c2c(nc3ccccc13)CCCC2,1,1,0.5471100003312288
CN[C@@H]1[C@@H](O[C@H]2O[C@H](CO)[C@@H](N)[C@H](O)[C@H]2O)O[C@H]2C[C@@H](N)[C@H](O[C@H]3[C@H](O)[C@@H](O)[C@H](N)C[C@@H]3N)O[C@@H]2[C@@H]1O,0,0,0.37709345741308853
O=C(/C=C/c1ccc2c(c1)OCO2)N1CCCCC1,1,1,0.5472924002886197
Clc1ccc(C(OCCN2CCOCC2)c2ccccc2)cc1,1,1,0.5674462578182367
CN1CCN(C2=Nc3cscc3/C(=C/C#N)c3cscc32)CC1,1,1,0.5653068725853011
C/C(=C/CCN1CCC2(CC1)C(=O)NCN2c1ccccc1)c1ccc(F)cc1,1,1,0.5713719989889314
CCCCNCC1COc2cccc(OCC)c2O1,1,1,0.5612139706190488
CC(C)CCNCC1COc2ccccc2O1,1,1,0.5612139706190488
CCCCNCC1COc2ccccc2O1,1,1,0.5612139706190488
CC(C)n1c(=O)c2c(-c3noc(C4CC4)n3)ncn2c2ccccc21,1,1,0.53785858385203
CC(C)[N+](C)(CCOC(=O)C1c2ccccc2Oc2ccccc21)C(C)C,0,1,0.5623846801982912
CC[N+](C)(CC)CCOC(=O)C1c2ccccc2Oc2ccccc21,0,1,0.5623846801982912
C[C@@H](CN1CC(=O)NC(=O)C1)N1CC(=O)NC(=O)C1,0,1,0.5626374012497548
CN(C)CC#CC=C1c2ccccc2C=Cc2ccccc21,1,1,0.5652765593092003
CN(C)CCC=C1c2ccccc2C=Cc2ccccc21,1,1,0.5681887311374569
C[N+](C)([O-])CC/C=C1/c2ccccc2C=Cc2c(Cl)cccc21,1,1,0.5689869562574648
CN1[C@@H]2CC[C@H]1CC(NC(=O)N1CC(C)(C)c3ccccc31)C2,1,1,0.5871559595822939
C/C(=C1/CCOC(=O)S1)N(C=O)Cc1cnc(C)nc1N,1,1,0.5477924673171
CN1CCC(=C2c3ccccc3Oc3ccc(Cl)cc32)CC1,1,1,0.5909831647041658
CN1CCN(CCC(=O)N2c3ccccc3Sc3ccc(C(F)(F)F)cc32)CC1,1,1,0.604094691324751
O=C(CCN1CCN(CCO)CC1)N1c2ccccc2Sc2ccc(C(F)(F)F)cc21,1,1,0.6024446251072152
CN1CCC(C)(CN2c3ccccc3Sc3ccccc32)C1,1,1,0.5958611702665684
Nn1cnc2cc3ccccc3cc2c1=O,1,1,0.5540202769174924
CN(C)N/N=C1/N=CN=C1C(N)=O,1,1,0.5728803233037072
CCCC(=O)O[C@]1(C(C)=O)CCC[C@H]2[C@@H]3CCC4=CC(=O)C=C[C@]4(C)[C@H]3[C@@H](O)C[C@@]21C,1,1,0.5608773601757597
CC(=O)OCC/C(SC(C)=O)=C(/C)N(C=O)Cc1cnc(C)nc1N,1,1,0.5811732354460429
CCOC(=O)OCC/C(SC(=O)OCC)=C(\C)N(C=O)Cc1cnc(C)nc1N,1,1,0.5750016942722975
O=C1CN=C(c2ccccc2)c2cc(Cl)ccc2N1CC1CC1,1,1,0.5929701657414244
O=C1CN=C(c2ccccc2F)c2cc(Cl)ccc2N1CC1CC1,1,1,0.6042573345283188
CC1(C)S[C@@H]2[C@H](NC(=O)C(Oc3ccccc3)c3ccccc3)C(=O)N2[C@H]1C(=O)O,0,0,0.3498477146328891
O=C1CCC(N2C(=O)C3C4CCC(C4)C3C2=O)C(=O)N1,1,1,0.6009126443638884
OC1CCN(c2ccc(-c3ccc(Cl)cc3Cl)nn2)CC1,1,1,0.5830352208958002
OC1CCN(c2ccc(-c3ccccc3Cl)nn2)CC1,1,1,0.5835815156142158
CNc1nc(Cl)c(SC)c(N2CCN(C)CC2)n1,1,1,0.5646943328072542
CSc1c(Cl)nc(NC(C)C)nc1N1CCN(C)CC1,1,1,0.5646943328072542
Cn1c(=O)c2[nH]cnc2n(C)c1=O,0,1,0.5620475618561183
CCCCn1c(=O)c2c(ncn2CC(C)=O)n(CCCC)c1=O,1,1,0.5620475618561183
Cn1c(=O)c2c(ncn2C)n(C)c1=O,1,1,0.5620475618561183
Cn1cnc2c1c(=O)[nH]c(=O)n2C,1,1,0.5620475618561183
CC(O)Cn1cnc2c1c(=O)n(C)c(=O)n2C,1,1,0.5588520880491841
Cn1c(=O)[nH]c2ncn(C)c2c1=O,1,1,0.5620475618561183
CN(C)CCn1cnc2c1c(=O)n(C)c(=O)n2C,1,1,0.5665887032686328
CCN(CC)CCn1cnc2c1c(=O)n(C)c(=O)n2C,1,1,0.5665887032686328
OC(Cn1ccnc1)c1ccc(CCc2ccccc2)cc1,1,1,0.5569039293914201
CC#C[C@]1(O)CC[C@H]2[C@@H]3CCC4=CC(=O)CCC4=C3[C@@H](c3ccc(N(C)C)cc3)C[C@@]21C,0,1,0.5506616700319371
CN(C(=O)Cc1ccc(Cl)c(Cl)c1)[C@@H](CN1CCCC1)c1ccccc1,1,1,0.5646297347794978
CN(C(=O)Cc1ccccc1N)[C@@H](CN1CC[C@@H](O)C1)c1ccccc1,0,1,0.5551275326437394
O=C(CN1CCCC1=O)NNC(=O)CN1CCCC1=O,1,1,0.5145170392846056
O=C(CCCN1CCC(n2c(=S)[nH]c3ccccc32)CC1)c1ccc(F)cc1,1,1,0.5915963703132312
CN(C)[C@@H]1C(=O)/C(=C(\N)O)C(=O)[C@@]2(O)C(=O)C3=C(O)c4c(O)ccc([N+](=O)[O-])c4C[C@H]3C[C@@H]12,0,0,0.37717149806479505
CN(C)[C@@H]1C(=O)/C(=C(\N)O)C(=O)[C@@]2(O)C(=O)C3=C(O)c4c(ccc(N)c4O)C[C@H]3C[C@@H]12,0,0,0.3775743071391147
C[C@H]1c2cccc(O)c2C(O)=C2C(=O)[C@]3(O)C(=O)/C(=C(/N)O)C(=O)[C@@H](N(C)C)[C@@H]3[C@@H](O)[C@@H]21,0,0,0.3718896847337524
CN(C)[C@@H]1C(=O)/C(=C(/N)O)C(=O)[C@@]2(O)C(=O)C3=C(O)c4c(O)ccc(Cl)c4[C@@](C)(O)[C@H]3C[C@@H]12,0,0,0.3820464111443978
CN(C)[C@@H]1C(=O)/C(=C(\N)O)C(=O)[C@@]2(O)C(=O)C3=C(O)c4c(O)cccc4[C@@](C)(O)[C@H]3C[C@@H]12,0,0,0.37636775473449025
CN(C)[C@@H]1C(=O)/C(=C(\N)O)C(=O)[C@@]2(O)C(=O)C3=C(O)c4c(O)ccc(Cl)c4[C@@H](O)[C@H]3C[C@@H]12,0,0,0.37686032674937914
CN(C)[C@@H]1C(=O)/C(=C(\N)O)C(=O)[C@@]2(O)C(=O)C3=C(O)c4c(O)ccc(Cl)c4[C@@](C)(O)[C@H]3C[C@@H]12,0,0,0.3820464111443978
CN(C)[C@@H]1C(=O)/C(=C(/O)NCO)C(=O)[C@@]2(O)C(=O)C3=C(O)c4c(O)ccc(Cl)c4[C@@](C)(O)[C@H]3C[C@@H]12,0,0,0.39368116393668184
CN(C)[C@@H]1C(=O)/C(=C(\N)O)C(=O)[C@@]2(O)C(=O)C3=C(O)c4c(O)cccc4[C@@H](O)[C@H]3C[C@@H]12,0,0,0.3718896847337524
CN(C)[C@@H]1C(=O)/C(=C(\N)O)C(=O)[C@@]2(O)C(=O)C3=C(O)c4c(O)cccc4[C@@](C)(O)[C@H]3[C@H](O)[C@@H]12,0,0,0.37061759419696855
CN(C)CCN1CCN(c2cccc(Cl)c2)C1=O,1,1,0.5712434602070277
CCn1c2c(c3ccccc31)CCSC2(C)CCN(C)C,1,1,0.5141544048102952
OC1OC(COCCOC(O)C(Cl)(Cl)Cl)C(OC2OC(COCCOCCOC(O)C(Cl)(Cl)Cl)CC(OC(O)C(Cl)(Cl)Cl)C2O)C(OCCOCCOC(O)C(Cl)(Cl)Cl)C1O,1,0,0.40868497689405264
CN(C)[C@@H]1C(=O)/C(=C(/O)NCN2CCCC2)C(=O)[C@@]2(O)C(=O)C3=C(O)c4c(O)cccc4[C@@](C)(O)[C@H]3C[C@@H]12,1,0,0.3864382205265599
CC1(C)O[C@@H]2C[C@H]3[C@@H]4CCC5=CC(=O)CC[C@]5(C)[C@@]4(F)[C@@H](O)C[C@]3(C)[C@]2(C(=O)CCl)O1,1,1,0.5922240688922576
CC(=O)C12OC(C)(C)OC1CC1C3CCC4=CC(=O)CCC4(C)C3CCC12C,1,1,0.5661019084306829
CC1(C)O[C@@H]2C[C@H]3[C@@H]4C[C@H](F)C5=CC(=O)CC[C@]5(C)[C@H]4[C@@H](O)C[C@]3(C)[C@]2(C(=O)CO)O1,1,1,0.5888606563542121
CCC[C@@H]1O[C@@H]2C[C@H]3[C@@H]4C[C@H](F)C5=CC(=O)CC[C@]5(C)[C@@]4(F)[C@@H](O)C[C@]3(C)[C@]2(C(=O)CO)O1,1,1,0.5888606563542121
CN1C2CCC1CC(OC(=O)C(O)c1ccccc1)C2,0,1,0.5727308382273936
CN1C2CCC1CC(OC(=O)[C@H](CO)c1ccccc1)C2,1,1,0.5743907889503419
CN1C2CCC1CC(OC(=O)C(C)(CO)c1ccccc1)C2,1,1,0.5743907889503419
CN(C/C=C/c1ccccc1)CCOC(c1ccccc1)c1ccccc1,1,1,0.5539853654316773
Cc1ncc(CSSCc2cnc(C)c(O)c2CO)c(CO)c1O,1,1,0.5167054147633391
CC1COc2c(N3CCN(C)CC3)c(F)cc3c(=O)c(C(=O)O)cn1c23,1,0,0.4784570316980662
C[C@H]1COc2c(N3CCN(C)CC3)c(F)cc3c(=O)c(C(=O)O)cn1c23,1,0,0.4784570316980662
CN(C)CC(CN1c2ccccc2Sc2ccccc21)N(C)C,1,1,0.6034540377041112
CN(C)CCCN1c2ccccc2Sc2ccc(Cl)cc21,1,1,0.6083863379828626
CC(CN1c2ccccc2Sc2ccccc21)N(C)C,1,1,0.6034540377041112
CN(C)CCCN1c2ccccc2Sc2ccccc21,1,1,0.6034540377041112
COc1ccc2c(c1)N(CCCN(C)C)c1ccccc1S2,1,1,0.6031900003883817
COc1ccc2c(c1)N(C[C@H](C)CN(C)C)c1ccccc1S2,1,1,0.6031900003883817
CNCCCN1c2ccccc2Sc2ccc(Cl)cc21,1,1,0.6019548891685987
CNCCCN1c2ccccc2Sc2ccccc21,1,1,0.5962624105635852
NCCCN1c2ccccc2Sc2ccc(Cl)cc21,1,1,0.5600759587485299
CCC(=O)c1ccc2c(c1)N(CC(C)N(C)C)c1ccccc1S2,1,1,0.6034540377041112
CC(=O)c1ccc2c(c1)N(CCCN(C)C)c1ccccc1S2,1,1,0.6034540377041112
CCN(CC)C(C)CN1c2ccccc2Sc2ccccc21,1,1,0.6034540377041112
CCN(CC)CCC(=O)N1c2ccccc2Sc2ccc(C(F)(F)F)cc21,1,1,0.6054686654327074
CC(CN(C)C)CN1c2ccccc2Sc2ccc(C#N)cc21,1,1,0.6027590923579967
CC(CN(C)C)CN1c2ccccc2Sc2ccc(C(F)(F)F)cc21,1,1,0.6043275164744468
CSc1ccc2c(c1)N(CC(C)CN(C)C)c1ccccc1S2,1,1,0.5910163681188679
CN(C)CC(=O)N1c2ccccc2Sc2ccccc21,1,1,0.6045951866623718
CCc1ccc2c(c1)N(CC(C)CN(C)C)c1ccccc1S2,1,1,0.6034540377041112
CN(C)CCCN1c2ccccc2Sc2ccc(C(F)(F)F)cc21,1,1,0.6043275164744468
CCN(CC)CCN1c2ccccc2Sc2ccccc21,1,1,0.6034540377041112
CC(=O)c1ccc2c(c1)N(CC(C)N(C)C)c1ccccc1S2,1,1,0.6034540377041112
CC(CN(C)C)CN1c2ccccc2Sc2ccccc21,1,1,0.6034540377041112
CC(C)N=c1cc2n(-c3ccc(Cl)cc3)c3ccccc3nc-2cc1Nc1ccc(Cl)cc1,0,1,0.5677721407224331
Fc1cccc(Br)c1NC1=NCCN1,1,1,0.5734265454788904
Clc1cccc(Cl)c1NC1=NCCN1,1,1,0.5572748907362725
CN1CCC2=C(C1)c1ccccc1Cc1ccccc12,1,1,0.5661373791171072
CO/N=C(\C(=O)N[C@@H]1C(=O)N2C(C(=O)O)=C(CSC(=O)c3ccco3)CS[C@H]12)c1csc(N)n1,0,0,0.28075840270307195
CC(C)CCOC(CN1CCCC1)c1ccccc1,1,1,0.5452630526764389
CCCC(Cc1ccccc1)N1CCCC1,1,1,0.5554593025860542
CCCCCC1CNC(C(=O)NC(C(C)Cl)C2OC(SC)C(O)C(O)C2O)C1,0,0,0.3933265153891183
CCCC1CC(C(=O)NC(C(C)O)C2OC(SC)C(O)C(O)C2O)N(C)C1,0,0,0.3895473343770496
CCC[C@@H]1C[C@@H](C(=O)NC(C(C)Cl)[C@H]2O[C@H](SC)[C@H](O)[C@@H](O)[C@H]2O)N(C)C1,0,0,0.3933265153891183
CCC[C@@H]1C[C@@H](C(=O)NC(C(C)Cl)[C@H]2O[C@H](SC)[C@H](OP(=O)(O)O)[C@@H](O)[C@H]2O)N(C)C1,0,0,0.39339696696781606
CN1CCN(/C=C2\N=C3CN=C(c4ccccc4Cl)c4cc([N+](=O)[O-])ccc4N3C2=O)CC1,1,1,0.580375540969447
CC1(C)S[C@@H]2[C@H](NC(=O)[C@H](N)c3ccc(O)cc3)C(=O)N2[C@H]1C(=O)O,0,0,0.2917657011781706
CC1(C)S[C@@H]2[C@H](NC(=O)[C@H](N)c3ccccc3)C(=O)N2[C@H]1C(=O)O,0,0,0.3068112831166186
CC(=O)OCOC(=O)C1N2C(=O)C(NC(=O)Cc3ccccc3)C2SC1(C)C,0,0,0.4014083628964101
CC1(C)SC2C(NC(=O)Cc3ccccc3)C(=O)N2C1C(=O)O,0,0,0.34359118773555414
CC1(C)S[C@@H]2[C@H](NC(=O)C(c3ccccc3)S(=O)(=O)O)C(=O)N2[C@H]1C(=O)O,0,0,0.34359118773555414
CC1(C)S[C@@H]2[C@H](NC(=O)[C@H](NS(=O)(=O)[O-])c3ccccc3)C(=O)N2[C@H]1C(=O)[O-],0,0,0.34359118773555414
C=NC(C(=O)NC1C(=O)N2C1SC(C)(C)C2C(=O)O)c1ccccc1,0,0,0.36216948442737973
CNC(=O)C[C@@H](N)C(=O)N[C@@H](C(=O)N[C@@H]1C(=O)N2[C@@H]1SC(C)(C)[C@@H]2C(=O)O)c1ccc(O)cc1,0,0,0.2918986076888141
CC(C)(C)C(=O)OCOC(=O)[C@@H]1N2C(=O)[C@@H](NC(=O)[C@H](N)c3ccccc3)[C@H]2SC1(C)C,0,0,0.36276280845561454
COC(C(=O)N[C@@H]1C(=O)N2[C@@H]1SC(C)(C)[C@@H]2C(=O)O)c1ccc(Cl)c(Cl)c1,0,0,0.34424752843427836
CC1(C)S[C@@H]2[C@H](NC(=O)Cc3ccccc3)C(=O)N2[C@H]1C(=O)O,0,0,0.34359118773555414
CC1(C)S[C@@H]2[C@H](NC(=O)C(C(=O)O)c3ccccc3)C(=O)N2[C@H]1C(=O)O,0,0,0.3433818875539878
CCC1(c2ccccc2)C(=O)NC(=O)N(C(=O)c2ccccc2)C1=O,1,1,0.5622721681789002
CC[C@H]1OC(=O)[C@H](C)[C@@H](O[C@H]2C[C@@](C)(OC)[C@@H](O)[C@H](C)O2)[C@H](C)[C@@H](O[C@@H]2O[C@H](C)C[C@H](N(C)C)[C@H]2O)[C@](C)(O)C[C@@H](C)[C@@H]2N[C@@H](COCCOC)O[C@H]([C@H]2C)[C@]1(C)O,0,0,0.36252070554478716
O=C1C(=O)c2ccccc2C(O)=C1C1CCC(c2ccc(Cl)cc2)CC1,0,1,0.5322896062473471
COc1ccccc1N1CCN(CCCC(O)c2ccc(F)cc2)CC1,1,1,0.5692405561703618
CN(C)c1cc(-c2n[nH]c(N)n2)ccn1,0,1,0.5589701435419043
CN[C@@H]1[C@H](O[C@H]2[C@H](O[C@H]3[C@H](O)[C@@H](O)[C@H](N=C(N)N)[C@@H](O)[C@@H]3N=C(N)N)O[C@@H](C)[C@]2(O)C=O)O[C@@H](CO)[C@H](O)[C@H]1O,0,0,0.39504892624370264
CN[C@@H]1[C@H](O[C@H]2[C@H](O[C@@H]3[C@@H](O)[C@H](O)[C@@H](N=C(N)N)[C@H](O)[C@H]3N=C(N)N)O[C@@H](C)[C@]2(O)CO)O[C@@H](CO)[C@H](O)[C@H]1O,0,0,0.40495153902407893
CNC(=O)O[C@H]1OC(=O)[C@@]2(C)[C@@H]1[C@H]1C=C[C@@H]2C1,1,1,0.5249947912415358
C[C@]12Cc3cn[nH]c3C[C@@H]1CC[C@@H]1[C@@H]2CC[C@@]2(C)[C@H]1CC[C@]2(C)O,0,1,0.5510933278111568
Cc1c[nH+][o+]c(C([NH])CC(C)C(C)(C)N(C(C)(C)C)C(C)(N)N)c1[O-],1,1,0.5322888106930506
O=C1Nc2ccc(Cl)cc2[C@@](C#CC2CC2)(C(F)(F)F)O1,0,1,0.5655955960193253
COc1ccc([C@H](O)CN2CCN(c3cccccc3=O)CC2)cc1OC,1,1,0.5469516395496765
CC(=O)Nc1ccc(OC(=O)[C@@H]2CCC(=O)N2)cc1,1,1,0.5266543671696863
C[N+]1([O-])C2CCC1CC(OC(=O)C(CO)c1ccccc1)C2,1,1,0.5743907889503419
CC(C)[N+]1(C)C2CCC1CC(OC(=O)C(CO)c1ccccc1)C2,0,1,0.5743907889503419
O=C1N(c2ccccc2)c2ccccc2C1(Cc1ccncc1)Cc1ccncc1,1,1,0.5633491705194444
COc1ccc(C#N)cc1C(=O)NCCN1CCC(C(=O)c2ccc(F)cc2)CC1,1,1,0.5596224218956202
CC(CN1CCOCC1)C(C(=O)N1CCCC1)(c1ccccc1)c1ccccc1,1,1,0.5695968149059978
CCN(CCO)CCn1c(Cc2ccccc2)nc2c1c(=O)n(C)c(=O)n2C,1,1,0.5642921367680568
CN(C)CCON=C1c2ccccc2CCc2ccccc21,1,1,0.5431194302932689
Cc1ccc(S(=O)(=O)NC(=O)NN2CCCCCC2)cc1,0,1,0.542991836340964
Oc1ccc2c(c1)[C@@]13CCCC[C@@]1(O)[C@@H](C2)N(CC1CC1)CC3,1,1,0.5279191630726409
Cc1nc2ccccc2c(=O)n1-c1ccccc1Cl,1,1,0.5667968125386673
CCc1ccccc1-n1c(C)nc2ccccc2c1=O,1,1,0.5613467568726955
Cc1ccccc1-n1c(C)nc2ccccc2c1=O,1,1,0.5613467568726955
O=C(c1ccc(F)cc1)C1CCN(CCCn2c(=O)[nH]c3ccccc32)CC1,1,1,0.5949486326553968
O=C(c1ccc(F)cc1)C1CCN(CCCn2c(=O)[nH]c3cc(Cl)ccc32)CC1,1,1,0.6012323845863626
Nc1ccc(-c2nc3ccc(O)cc3s2)cc1I,1,1,0.5221131708988975
OC(CCN1CCCC1)(c1ccccc1)C1CCCCC1,1,1,0.5460546715386497
CN(C)CCCn1c2c(c3ccccc31)CCCCCC2,1,1,0.5730707280150983
C=C(C)[C@@H]1CCC(C)=CC1c1c(O)cc(CCCCC)cc1O,1,1,0.5226407220163962
OCc1ccccc1O[C@@H]1O[C@H](CO)[C@@H](O)[C@H](O)[C@H]1O,1,0,0.43164325334613163
CN(C)CC/C=C1/c2ccccc2COc2ccccc21,1,1,0.5662681577754604
CN(C)CCC=C1c2ccccc2COc2ccccc21,1,1,0.5662681577754604
COc1ccccc1OCC1CNC(=O)O1,1,1,0.5927884802096705
Cc1cc(C)cc(OCC2CNC(=O)O2)c1,1,1,0.5892085434798189
C1=Cc2cccc(OCC3CNCCO3)c2C1,1,1,0.5713125793976138
O=C(Cc1ccc(Cl)c(Cl)c1)N1CCc2ccccc2[C@H]1CN1CCCC1,1,1,0.5646297347794978
CN(C)CCCn1c(=O)n(-c2ccccc2)c2cc(Cl)ccc21,1,1,0.5724108118312685
O=C1C=CC=C/C1=C1/NN=CO1,1,1,0.5618948215360717
CN1CC2c3ccccc3Oc3ccc(Cl)cc3C2C1,1,1,0.5640336263761653
Clc1ccc2c(c1)C1CNCC1c1ccccc1O2,1,1,0.5640336263761653
CN1C[C@@H]2c3cc(Cl)ccc3Oc3ccccc3[C@@H]2C1,1,1,0.5640336263761653
Clc1ccc2c(c1)[C@H]1CNC[C@H]1c1ccccc1O2,1,1,0.5640336263761653
CC/C=C(\C(=O)N[C@@H]1C(=O)N2C(C(=O)O)=C(COC(N)=O)CS[C@H]12)c1csc(N)n1,0,0,0.3008905466379484
Nc1nc(/C(=C/CC(=O)O)C(=O)N[C@@H]2C(=O)N3C(C(=O)O)=CCS[C@H]23)cs1,0,0,0.29904946705627117
CC(=O)C1=C(O)[C@@]2(O)C(=O)c3c(c(C)c4ccc(C)c(O)c4c3O)C[C@H]2[C@@H](N)C1=O,0,0,0.3835002043557801
CCN1CCN(C(=O)N[C@@H](C(=O)N[C@@H]2C(=O)N3C(C(=O)O)=C(CSc4nnnn4C)CS[C@H]23)c2ccc(O)cc2)C(=O)C1=O,1,0,0.3127609807097914
COc1cc2oc(=O)c(C)c(C)c2cc1OCCCN1CCN(c2ccccc2OC)CC1,1,1,0.5671156480838633
COc1cccc2c1C(=O)c1c(O)c3c(c(O)c1C2=O)C[C@@](O)(/C(C)=N/NC(=O)c1ccccc1)C[C@@H]3O[C@H]1C[C@H](N)[C@H](O)[C@H](C)O1,0,0,0.3686586335390001
COc1cc(Cc2cnc(N)nc2N)cc(OC)c1OC,1,1,0.5787191416920435
COc1cccc2c1C(=O)c1c(O)c3c(c(O)c1C2=O)CC(O)(C(=O)CO)CC3O,0,0,0.4515342034225979
O=C(OC1CN2CCC1CC2)c1ccccc1,1,1,0.5601080190146212
CC(=O)O[C@H]1C(=O)[C@@]2(C)C([C@H](OC(=O)c3ccccc3)[C@]3(O)C[C@H](OC(=O)[C@H](O)[C@@H](NC(=O)c4ccccc4)c4ccccc4)C(C)=C1C3(C)C)[C@]1(OC(C)=O)CO[C@@H]1C[C@@H]2O,0,0,0.4680212147180059
O=C(CCCN1CC2CCC(CC2)C1)c1ccc(F)cc1,1,1,0.5750610974144345
O=[N+]([O-])C1=CC=NC1NCCSCc1ccccn1,1,0,0.490974502926607
O=[N+]([O-])C1=CC=NC1NCCSCc1ncccc1Br,1,1,0.5032230091491824
O=C(NC(=O)c1ccccc1)NC1CCN(Cc2ccc3ccccc3c2)CC1,1,1,0.5559938516697392
CC(CNC(=O)c1ccccc1)C(=O)OCC(=O)[C@@]12OC(C)(C)O[C@@H]1C[C@H]1[C@@H]3CCC4=CC(=O)C=C[C@]4(C)[C@@]3(F)[C@@H](O)C[C@@]12C,1,1,0.5653109928113748
Fc1ccccc1C1=NCCN(CC(F)(F)F)c2ccc(Cl)cc21,1,1,0.6035351819985182
CN1CCN=C(c2ccccc2)c2cc(Cl)ccc21,1,1,0.5912235833491472
CN1c2ccccc2C(c2ccccc2Cl)=NCC1(Cl)CO,1,1,0.5894829613053578
COCC1CN=C(c2ccccc2Cl)c2cc(Br)ccc2N1C,1,1,0.5923036416810415
COc1cccc2c1C(=O)c1c(O)c3c(c(O)c1C2=O)C[C@@](O)(C(=O)CO)C[C@@H]3O[C@H]1C[C@H](N)[C@H](O[C@H]2CCCCO2)[C@H](C)O1,0,0,0.33107991892492616
CC(C)CCC(=O)CC1c2ccccc2C(=O)N1c1ccc2ccc(Cl)nc2n1,1,1,0.566348878087455
c1ccc2c(c1)cc1n2CCCNC1,1,1,0.5639585757747583
CO/N=C(\C(=O)N[C@@H]1C(=O)N2C(C(=O)O)=C(COC(C)=O)CS(=O)[C@H]12)c1csc(N)n1,0,0,0.31936694571060115
O=C1CCC(C(=O)NC2CC2c2ccccc2)N1,1,1,0.5268428067725125
Cc1cn([C@H]2C=C[C@@H](CO)O2)c(=O)[nH]c1=O,1,1,0.545909559937869
CO/N=C(\C(=O)N[C@@H]1C(=O)N2C(C(=O)O)=C(CSc3nc(=O)c(=O)[nH]n3C)CS[C@H]12)c1csc(N)n1,1,0,0.26786271193385397
NC(=O)NCCN1CCN(c2cccc(C(F)(F)F)c2)CC1,1,1,0.5681823650758502
CC(=O)NCCCN1CCN(c2cc(Cl)ccc2Cl)CC1,1,1,0.5390328892779747
O=C1[C@@H]2[C@@H]3C=C[C@@H]([C@H]4C=C[C@H]43)[C@@H]2C(=O)N1CCCCN1CCN(c2ncccn2)CC1,1,1,0.5945904405416838
CC(C)Oc1ccccc1N1CCN(Cc2cccc(C(=O)N3CCCCC3)c2)CC1,1,1,0.587754282266383
CN(C)CC(Oc1ccccc1)Oc1ccccc1,1,1,0.5280619782782646
CCNC1C2CCC(C2)C1c1ccccc1,1,1,0.5565691411647947
CN(CCN(C)CN/C(O)=C1\C(=O)[C@@H](N(C)C)[C@@H]2C[C@H]3C(=C(O)c4c(O)cccc4[C@@]3(C)O)C(=O)[C@]2(O)C1=O)CN/C(O)=C1\C(=O)[C@@H](N(C)C)[C@@H]2C[C@H]3C(=C(O)c4c(O)cccc4[C@@]3(C)O)C(=O)[C@]2(O)C1=O,0,0,0.38972447595724685
CC(Cc1ccccc1)N(C)Cc1ccco1,1,1,0.5608484457022004
CN(C)CCOC1(Cc2ccccc2)CC2CCC1(C)C2(C)C,1,1,0.553613472507436
CN1C(=O)OC(C)(C)C1=O,1,1,0.5905121316209523
CC1(C)OC(=O)NC1=O,1,1,0.5905121316209523
CCC1(C)OC(=O)N(C)C1=O,1,1,0.5905121316209523
C=CCN1C(=O)OC(C)C1=O,1,1,0.5900626977598763
CN(C(=O)Cc1ccc(Cl)c(Cl)c1)[C@H]1CC[C@@]2(CCCO2)C[C@@H]1N1CCCC1,1,1,0.5616264957951722
CCOC(=O)C1=C(C)NC(C)=C(C(=O)OC)C1c1cccc([N+](=O)[O-])c1,0,1,0.5391489666828507
CCOC(=O)C1=C(C)NC(C)=C(C(=O)OC)C1c1cccc(Cl)c1Cl,0,1,0.5466691253681517
COC(=O)C1=C(C)NC(C)=C(C(=O)OC)C1c1ccccc1[N+](=O)[O-],0,1,0.5391489666828507
CC[C@H](NC(=O)c1c(OCCNC(=O)[C@@H]2CCCN2)c(-c2ccccc2)nc2ccccc12)c1ccccc1,0,1,0.5150712337875948
Cc1ccccc1-n1c(/C=C/c2ccccn2)nc2ccccc2c1=O,1,1,0.5589247189688036
C[C@@H](O)[C@H]1C(=O)N2C(C(=O)O)=C([C@H]3CCCO3)S[C@H]12,0,0,0.41401137051609266
OCCN1CCN(CCCN2c3cc(C(F)(F)F)ccc3Sc3sccc32)CC1,1,1,0.5916675149944595
CC12CC(=O)[C@H]3C(CC[C@H]4C[C@H](O)CCC43C)[C@@H]1CCC2C(=O)CO,1,1,0.5560206311439061
CC(=O)[C@H]1CC[C@H]2[C@@H]3CC[C@H]4C[C@H](O)CC[C@]4(C)[C@H]3C(=O)C[C@]12C,1,1,0.5580855569398113
CC(CC1c2ccccc2CCc2ccccc21)CN(C)C,1,1,0.5664926590858574
CN(C)C(=O)COC1c2ccccc2CCc2ccccc21,1,1,0.5528761891910147
NC(=O)C1c2ccccc2CCc2ccccc21,1,1,0.5622129044133825
O=C(O)CCCCCC[NH2+]C1c2ccccc2CCc2ccccc21,1,0,0.49746988505300743
CC1COC2(c3ccccc3Cl)c3cc(Cl)ccc3NC(=O)CN12,1,1,0.5524547966191922
O=C1CN2CCOC2(c2ccccc2Cl)c2cc(Cl)ccc2N1,1,1,0.5524547966191922
O=C1CN2CCOC2(c2ccccc2F)c2cc(Br)ccc2N1,1,1,0.5690485239644262
O=C1CN2CCOC2(c2ccccc2F)c2cc(Cl)ccc2N1CCO,1,1,0.5622267833441746
C[C@@H]1CN2CC(=O)Nc3ccc(Cl)cc3[C@]2(c2ccccc2)O1,1,1,0.553001091337608
CC1CN(C)CC2Cc3c(ccc4ccccc34)OC12O,1,1,0.5854891648972729
NC(=O)CN1C(=O)C(c2ccccc2)c2ccccc21,1,1,0.5652625107967425
CC(=O)N1CCN(c2ccc(OC[C@H]3CO[C@](Cn4ccnc4)(c4ccc(Cl)cc4Cl)O3)cc2)CC1,0,1,0.5723710579650019
O=C1C[C@H]2SC(C3(O)CN4C(=O)C[C@H]4S3)CN12,1,0,0.4377330123147658
CCCCCN[C@@]12C=CC(=O)[C@@H]3Oc4c(O)ccc5c4[C@@]31CCN(C)[C@@H]2C5,1,1,0.5420995978386239
c1ccc(C2CN=C3NCCN32)cc1,1,1,0.5512583266592249
O=c1n(CCCN2CCN(c3cccc(Cl)c3)CC2)nc2ccccn12,1,1,0.5720422810460499
CCC1(C2=CCCCC2)C(=O)NC(=O)NC1=O,1,1,0.55981758932893
CN1C(=O)NC(=O)C(C)(C2=CCCCC2)C1=O,1,1,0.55981758932893
CN(C)[C@@H](CCOc1cccc2ccccc12)c1ccccc1,1,1,0.565643702379174
CO[C@H]1/C=C/O[C@@]2(C)Oc3c(C)c(O)c4c(c3C2=O)C2=NC3(CCN(CC(C)C)CC3)NC2=C(NC(=O)/C(C)=C\C=C\[C@H](C)[C@H](O)[C@@H](C)[C@@H](O)[C@@H](C)[C@H](OC(C)=O)[C@@H]1C)C4=O,0,0,0.4353291017879728
OC1(c2ccc(Cl)cc2)c2ccccc2C2=NCCN21,1,1,0.5574914416714457
CCC12CCN(CC3CCC3)C(Cc3ccc(O)cc31)C2(C)C,1,1,0.5470450628911382
CN1CCN(C2=Cc3cc(Cl)ccc3/C(=C\C#N)c3ccccc32)CC1,1,1,0.557666071893742
CC(CCN1CCN(c2ccc(F)cc2)CC1)NC(=O)c1cccnc1,1,1,0.538496619354316
OCCN1CCN([C@@H]2C[C@@H](c3ccc(F)cc3)c3ccc(C(F)(F)F)cc32)CC1,1,1,0.5722093095533316
O=C1CCC(N2C(=O)c3ccccc3C2=O)C(=O)N1,1,1,0.5838476362545486
CN1C[C@H](C(=O)N[C@]2(C)O[C@@]3(O)[C@@H]4CCCN4C(=O)[C@H](Cc4ccccc4)N3C2=O)C[C@@H]2c3cccc4[nH]cc(c34)C[C@H]21,0,1,0.5250549421431969
CC(=O)[C@@]1(O)[C@@H](C)C[C@H]2[C@@H]3CCC4=CC(=O)C=C[C@]4(C)[C@@]3(F)[C@@H](O)C[C@@]21C,1,1,0.5802517937816889
C[C@@H]1C[C@H]2[C@@H]3C[C@H](F)C4=CC(=O)C=C[C@]4(C)[C@H]3[C@@H](O)C[C@]2(C)[C@@]1(O)C(=O)CO,1,1,0.5788964835329734
CCC(=O)OCC(=O)[C@@]1(OC(=O)CC)[C@@H](C)C[C@H]2[C@@H]3CCC4=CC(=O)C=C[C@]4(C)[C@@]3(Cl)[C@@H](O)C[C@@]21C,1,1,0.560973890246503
C[C@@H]1C[C@H]2[C@H]3[C@H]([C@@H](O)C[C@]2(C)[C@@]1(O)C(=O)CO)[C@@]1(C)C=CC(=O)C=C1C[C@H]3Cl,1,1,0.5602204733656538
CC12C=CC(=O)C=C1CCC1C3CCC(O)(C(=O)CO)C3(C)CC(O)C12F,1,1,0.5788964835329734
CC(=O)OCC(=O)[C@@]1(O)CC[C@H]2[C@@H]3CCC4=CC(=O)C=C[C@]4(C)[C@@]3(F)[C@@H](O)C[C@@]21C,1,1,0.5819580075741188
CC(=O)OCC(=O)[C@@]1(O)[C@H](C)C[C@H]2[C@@H]3C[C@H](F)C4=CC(=O)C=C[C@]4(C)[C@H]3[C@@H](O)C[C@@]21C,1,1,0.5819580075741188
C[C@@H]1C[C@H]2[C@@H]3CCC4=CC(=O)C=C[C@]4(C)[C@@]3(F)[C@@H](O)C[C@]2(C)[C@@]1(C)C(=O)CO,1,1,0.586147873353457
C[C@@H]1C[C@H]2[C@@H]3C[C@H](F)C4=CC(=O)C=C[C@]4(C)[C@@]3(F)[C@@H](O)C[C@]2(C)[C@@]1(O)C(=O)CO,1,1,0.5788964835329734
CC(=O)C1CCC2C3CC(C)C4=CC(=O)C=CC4(C)C3C(O)CC12C,1,1,0.560428199317725
CC(=O)OCC(=O)[C@@]1(OC(=O)C(C)C)[C@@H](C)C[C@H]2[C@@H]3CCC4=CC(=O)C=C[C@]4(C)[C@@]3(F)[C@@H](O)C[C@@]21C,1,1,0.5858829306648693
CC(=O)OCC(=O)[C@@]1(O)[C@@H](C)C[C@H]2[C@@H]3CCC4=CC(=O)C=C[C@]4(C)[C@@]3(F)[C@@H](O)C[C@@]21C,1,1,0.5819580075741188
CCC(=O)OCC(=O)[C@@]1(OC(=O)CC)[C@@H](C)C[C@H]2[C@@H]3CCC4=CC(=O)C=C[C@]4(C)[C@@]3(F)[C@@H](O)C[C@@]21C,1,1,0.5858829306648693
C[C@@H]1C[C@H]2C3C[C@H](F)C4=CC(=O)C=CC4(C)[C@@]3(F)[C@@H](O)CC2(C)[C@@]1(O)C(=O)COC(=O)C(C)(C)C,1,1,0.5819580075741188
C[C@]12C=CC(=O)C=C1[C@@H](F)C[C@H]1[C@@H]3C[C@@H](O)[C@](O)(C(=O)CO)[C@@]3(C)C[C@H](O)[C@@]12F,1,1,0.5517520965623235
CCCCOC(=O)C(=O)[C@H]1[C@H](C)C[C@H]2[C@@H]3C[C@H](F)C4=CC(=O)C=C[C@]4(C)[C@H]3[C@@H](O)C[C@@]21C,1,1,0.5886785880059457
C[C@@H]1C[C@H]2[C@@H]3C[C@H](F)C4=CC(=O)C=C[C@]4(C)[C@H]3[C@@H](O)C[C@]2(C)[C@H]1C(=O)CO,1,1,0.586147873353457
CC(=O)[C@@]1(O)CC[C@H]2[C@@H]3C[C@H](C)C4=CC(=O)C=C[C@]4(C)[C@@]3(F)[C@@H](O)C[C@@]21C,1,1,0.5802517937816889
CC(=O)O[C@@H](C)C(=O)[C@@]1(O)CC[C@H]2[C@@H]3CCC4=CC(=O)C=C[C@]4(C)[C@@]3(F)[C@@H](O)C[C@@]21C,1,1,0.5819580075741188
C[C@]12C=CC(=O)C=C1[C@@H](F)C[C@@H]1[C@@H]2[C@@H](O)C[C@@]2(C)[C@H]1CC[C@]2(O)C(=O)CO,1,1,0.5788964835329734
CCCCC(=O)O[C@]1(C(=O)CO)CCC2C3CC(F)C4=CC(=O)C=CC4(C)C3C(O)CC21C,1,1,0.5873541014146401
CC(=O)OCC(=O)[C@@]1(O)CC[C@H]2[C@@H]3CCC4=CC(=O)C=C[C@]4(C)[C@H]3[C@@H](O)C[C@@]21C,1,1,0.5543496896022492
C[C@]12C=CC(=O)C=C1CC[C@H]1[C@@H]3C[C@@H](O)[C@](O)(C(=O)CO)[C@@]3(C)C[C@H](O)[C@@]12F,0,1,0.5517520965623235
C[C@]12C=CC(=O)C=C1CC[C@@H]1[C@@H]2[C@@H](O)C[C@@]2(C)[C@H]1CC[C@]2(O)C(=O)COC(=O)CCC(=O)[O-],1,0,0.48917014591739943
CCCCC(=O)OC1(C(=O)CO)CCC2C3CCC4=CC(=O)C=CC4(C)C3C(O)CC21C,1,1,0.5590532739735926
CCOC(=O)OC1(C(=O)OCCl)CCC2C3CCC4=CC(=O)C=CC4(C)C3C(O)CC21C,1,1,0.5589738923187436
C[C@@H]1CC2[C@@H]3C[C@H](F)C4=CC(=O)C(Cl)=C[C@]4(C)[C@@]3(F)[C@@H](O)C[C@]2(C)[C@@]1(O)C(=O)CO,1,1,0.5733567438646612
C[C@@H]1CC2C3CCC4=CC(=O)C=CC4(C)[C@@]3(Cl)C(Cl)CC2(C)[C@@]1(O)C(=O)CO,1,1,0.5635785898786991
CCC(=O)OCC(=O)[C@@]1(OC(=O)CC)[C@H](C)C[C@H]2[C@H]3[C@H]([C@@H](O)C[C@@]21C)[C@@]1(C)C=CC(=O)C=C1C[C@H]3Cl,1,1,0.560973890246503
CSC(=O)C1(OC(C)=O)[C@@H](C)C[C@H]2[C@@H]3CCC4=CC(=O)C=C[C@]4(C)C3(F)[C@@H](O)C[C@@]21C,1,1,0.5928851249789007
CCCC(=O)O[C@]1(C(=O)COC(C)=O)[C@H](C)C[C@H]2[C@@H]3CCC4=CC(=O)C=C[C@]4(C)[C@@]3(Cl)[C@@H](O)C[C@@]21C,1,1,0.560973890246503
C[C@@H]1CC2C3C[C@H](F)C4=CC(=O)C=CC4(C)[C@@]3(Cl)C(O)CC2(C)C1C(=O)CO,1,1,0.5903040903575513
CC(=O)OCC(=O)[C@H]1[C@H](C)C[C@H]2[C@@H]3C[C@H](F)C4=CC(=O)C=C[C@]4(C)C3(Cl)[C@@H](O)C[C@@]21C,1,1,0.5914820200629554
C[C@@H]1CC2C3C[C@H](F)C4=CC(=O)C=CC4(C)[C@@]3(Cl)C(O)CC2(C)C1C(=O)COC(=O)C(C)(C)C,1,1,0.5914820200629554
CCOC(=O)O[C@]1(C(=O)COC(=O)CC)CC[C@H]2[C@@H]3CCC4=CC(=O)C=C[C@]4(C)[C@H]3[C@@H](O)C[C@@]21C,1,1,0.5608773601757597
CCN(CC)CC(=O)OCC(=O)C1(O)CCC2C3CCC4=CC(=O)C=CC4(C)C3C(O)CC21C,1,1,0.5552770970280901
CCCCCCCCCCCCCCCCCC(=O)OCC(=O)OCC(=O)[C@@]1(O)CC[C@H]2[C@@H]3CCC4=CC(=O)C=C[C@]4(C)[C@H]3[C@@H](O)C[C@@]21C,1,1,0.5515540322611726
CC(C)(C)CC(=O)OCC(=O)[C@@]1(O)CC[C@H]2[C@@H]3CCC4=CC(=O)C=C[C@]4(C)[C@H]3[C@@H](O)C[C@@]21C,1,1,0.5543496896022492
CCC(=O)O[C@]1(C(=O)COC(C)=O)CC[C@H]2[C@@H]3C[C@H](C)C4=CC(=O)C=C[C@]4(C)[C@H]3[C@@H](O)C[C@@]21C,1,1,0.5580817028346832
CCS[C@]1(SC)CC[C@H]2[C@@H]3CCC4=CC(=O)C=C[C@]4(C)[C@@]3(F)[C@@H](O)C[C@@]21C,1,1,0.5853327394755433
CCC(=O)O[C@]1(C(=O)SC)[C@H](C)CC2C3C[C@H](F)C4=CC(=O)C=CC4(C)[C@@]3(F)[C@@H](O)C[C@@]21C,1,1,0.5928851249789007
CCC(=O)O[C@]1(C(=O)COC)[C@@H](C)C[C@H]2[C@@H]3CCC4=CC(=O)C=C[C@]4(C)[C@@]3(F)[C@@H](O)C[C@@]21C,1,1,0.5759634570418252
CCC(=O)O[C@]1(C(=O)SCCl)[C@H](C)C[C@H]2C3C[C@H](F)C4=CC(=O)C=C[C@]4(C)[C@@]3(F)[C@@H](O)C[C@@]21C,1,1,0.5928851249789007
CCCCOC(=O)C(=O)C1C(C)CC2C3CC(F)C4=CC(=O)C=CC4(C)C3C(O)CC21C,1,1,0.5886785880059457
CCCCCC(=O)OCC(=O)C1C(C)CC2C3CC(F)C4=CC(=O)C=CC4(C)C3C(O)CC21C,1,1,0.5886785880059457
CC1CC2C3CC(F)(F)C4=CC(=O)C=C[C@]4(C)C3(F)C(O)CC2(C)C1(O)C(=O)CO,1,1,0.5788964835329734
CC(=O)O[C@]1(C(C)=O)CC[C@H]2[C@@H]3C[C@H](C)C4=CC(=O)C=C[C@]4(C)[C@@]3(F)[C@@H](O)C[C@@]21C,1,1,0.5886785880059457
CC1CC2C3CCC4=CC(=O)C=CC4(C)[C@@]3(F)C(O)CC2(C)[C@@]1(O)C(=O)CCl,1,1,0.58876129573464
CCC(=O)O[C@]1(C(=O)CCl)[C@@H](C)C[C@H]2[C@@H]3CCC4=CC(=O)C=C[C@]4(C)[C@@]3(F)[C@@H](O)C[C@@]21C,1,1,0.5914820200629554
CSC(=O)C1(O)C(C)CC2C3CCC4=CC(=O)C=CC4(C)C3(F)C(O)CC21C,1,1,0.5844583307546437
CC(=O)OCC(=O)C1(O)C(C)CC2C3CC(F)(F)C4=CC(=O)C=CC4(C)C3(F)C(O)CC21C,1,1,0.5819580075741188
CC(=O)OCC(=O)[C@@]1(O)[C@H](OC(C)=O)C[C@H]2[C@@H]3CCC4=CC(=O)C=C[C@]4(C)[C@@]3(F)[C@@H](O)C[C@@]21C,1,1,0.5791623502330422
CC1CC2C3CC(F)C4=CC(=O)C=CC4(C)C3(F)C(O)CC2(C)C1(O)C(=O)SCF,1,1,0.5844583307546437
CCC(=O)O[C@]1(C(=O)SCF)[C@H](C)C[C@H]2[C@@H]3C[C@H](F)C4=CC(=O)C=C[C@]4(C)[C@@]3(F)[C@@H](O)C[C@@]21C,1,1,0.5928851249789007
C[C@@H]1C[C@H]2[C@@H]3CCC4=CC(=O)C=C[C@]4(C)[C@@]3(Cl)[C@@H](O)C[C@]2(C)[C@@]1(O)C(=O)CCl,1,1,0.5619392312153345
CC1CC2C3CC(F)C4=CC(=O)C=CC4(C)C3(F)C(O)CC2(C)C1(O)C(=O)CCl,1,1,0.58876129573464
CC(=O)OCC(=O)[C@@]1(O)CC[C@H]2[C@@H]3C[C@H](C)C4=CC(=O)C=C[C@]4(C)[C@H]3[C@@H](O)C[C@@]21C,1,1,0.5543496896022492
C[C@H]1C[C@@H]2[C@H]([C@@H](O)C[C@@]3(C)[C@H]2CC[C@]3(O)C(=O)COC(=O)CCC(=O)O)[C@@]2(C)C=CC(=O)C=C12,1,0,0.48917014591739943
CCC(=O)[C@@]1(C)[C@H](C)C[C@H]2[C@@H]3CCC4=CC(=O)C=C[C@]4(C)[C@H]3[C@@H](O)C[C@@]21C,1,1,0.560428199317725
CC(=O)C1(O)CCC2C3CCC4=CC(=O)C=CC4(C)C3C(O)CC21C,1,1,0.5532581623408637
CC(=O)[C@@]1(O)[C@H](O)C[C@H]2[C@@H]3CCC4=CC(=O)C=C[C@]4(C)[C@@]3(F)[C@@H](O)C[C@@]21C,1,1,0.5532067096689062
C[C@@H]1C[C@H]2[C@@H]3CCC4=CC(=O)C=C[C@]4(C)[C@@]3(F)[C@@H](O)C[C@]2(C)[C@H]1C(=O)CO,1,1,0.586147873353457
C[C@H]1C[C@H]2[C@@H]3CCC4=CC(=O)C=C[C@]4(C)[C@@]3(Cl)[C@@H](O)C[C@]2(C)[C@@]1(O)C(=O)CO,1,1,0.5602204733656538
CC12C=CC(=O)C=C1CCC1C3CC[C@](O)(C(=O)CO)C3(C)CC(Cl)[C@@]12Cl,1,1,0.5635785898786991
CC(=O)OCC(=O)[C@@]1(O)CCC2C3CCC4=CC(=O)C=CC4(C)[C@@]3(Cl)C(Cl)CC21C,1,1,0.5646774216357753
C[C@]12C=CC(=O)C=C1CC[C@@H]1[C@@H]2[C@@H](O)C[C@@]2(C)[C@H]1CC[C@]2(O)C(=O)CO,0,1,0.5514032524812869
C[C@@H]1C[C@H]2[C@@H]3C[C@H](F)C4=CC(=O)C=C[C@]4(C)C3(Cl)[C@@H](F)C[C@]2(C)[C@H]1C(=O)CO,1,1,0.5924361904709136
C[C@]12C=C(Br)C(=O)C=C1[C@H](F)C[C@H]1[C@@H]3CCC(O)(C(=O)CO)[C@@]3(C)C[C@H](O)C12F,1,1,0.5733567438646612
CC(=O)OCC(=O)[C@@]1(OC(C)=O)[C@@H](C)C[C@H]2[C@@H]3C[C@H](F)C4=CC(=O)C=C[C@]4(C)[C@@]3(F)[C@@H](O)C[C@@]21C,1,1,0.5858829306648693
C[C@@H]1CC2C3C[C@H](F)C4=CC(=O)C=CC4(C)[C@@]3(F)C(O)CC2(C)C1C(=O)CO,1,1,0.586147873353457
C[C@@H]1C[C@H]2[C@@H]3C[C@H](F)C4=CC(=O)C=C[C@]4(C)[C@@]3(F)[C@@H](O)C[C@]2(C)[C@H]1C(=O)COC(=O)C(C)(C)C,1,1,0.5886785880059457
CCCC(=O)O[C@]1(C(=O)COC(C)=O)CC[C@H]2[C@@H]3C[C@H](F)C4=CC(=O)C=C[C@]4(C)[C@@]3(F)[C@@H](O)C[C@@]21C,1,1,0.5858829306648693
CCCCC(=O)O[C@]1(C(=O)CO)[C@@H](C)C[C@H]2[C@@H]3CCC4=CC(=O)C=C[C@]4(C)[C@@]3(F)[C@@H](O)C[C@@]21C,1,1,0.5873541014146401
C[C@H]1C[C@H]2[C@@H]3CCC4=CC(=O)C=C[C@]4(C)[C@@]3(F)[C@@H](O)C[C@]2(C)[C@@]1(O)C(=O)CO,0,1,0.5788964835329734
C[C@H]1C[C@H]2[C@@H]3CCC4=CC(=O)C=C[C@]4(C)[C@@]3(F)[C@@H](O)C[C@]2(C)[C@@]1(OC(=O)c1ccccc1)C(=O)CO,1,1,0.5869111914914782
O=C(Cc1ccc(Cl)c(Cl)c1)N1CCn2ccnc2[C@H]1CN1CC[C@@H](O)C1,0,1,0.5556849349485972
O=C(Cc1ccc(Cl)c(Cl)c1)N1CCn2ccnc2[C@H]1CN1CCCC1,1,1,0.5596255247297375
COc1cccc(OC)c1C(=O)N[C@@H]1C(=O)N2[C@@H]1SC(C)(C)[C@@H]2C(=O)O,0,0,0.3514830556096762
C=C1C[C@H](C)[C@H]2[C@H]3Cc4ccc(O)cc4[C@@]2(CCN3CC2CCC2)C1,1,1,0.5370957252553726
O=C1CCN=C2CC(c3ccccc3)CN12,1,1,0.5775271730502889
CCOC(=O)Nc1ccc(NCc2ccc(F)cc2)cc1N,1,1,0.5675648908679789
CCN(CC)CCOC1(c2ccc(Cl)cc2)CCCCC1,1,1,0.5590492658291524
COc1cccc([C@@]2(O)CCCC[C@@H]2CN(C)C)c1,1,1,0.5528769101346405
CCNC1(c2ccccc2)CCCCC1,1,1,0.5565691411647947
CC[C@H]1CN2CCc3cc(OC)c(OC)cc3[C@@H]2C[C@@H]1C[C@H]1NCCc2cc(OC)c(OC)cc21,0,1,0.5866064062786872
COc1ccc(Cl)cc1C(=O)NCCc1ccc(S(=O)(=O)NC(=O)NC2CCCCC2)cc1,1,1,0.5244107246562205
NS(=O)(=O)c1ccc(N2C(=O)CC(c3ccccc3)C2=O)c(Cl)c1,1,1,0.5664520734846863
O=C(Cc1ccc(Cl)c(Cl)c1)N1CCn2ncnc2[C@H]1CN1CCCC1,1,1,0.5634186207381306
CON=C(C#N)C1CN2CCC1CC2,1,1,0.5354720173071247
COC(=O)[C@H]1[C@H]2C[C@@H]3c4[nH]c5cc(OC)ccc5c4CCN3C[C@H]2C[C@@H](OC(=O)c2cc(OC)c(OC)c(OC)c2)[C@@H]1OC,1,1,0.5690967240111446
COC(=O)[C@H]1[C@H]2C[C@@H]3c4[nH]c5ccccc5c4CCN3C[C@H]2C[C@@H](OC(=O)c2cc(OC)c(OC)c(OC)c2)[C@@H]1OC,1,1,0.5690967240111446
COC(=O)[C@H]1[C@H]2C[C@@H]3c4[nH]c5ccc(Cl)cc5c4CCN3C[C@H]2C[C@@H](OC(=O)c2cc(OC)c(OC)c(OC)c2)[C@@H]1OC,1,1,0.5733345358730545
CCn1cc(C(=O)O)c(=O)c2ccc(C)nc21,0,0,0.4784358050418354
CN[C@@H]1[C@@H](O)[C@@H](O[C@@H]2[C@@H](O)[C@H](O[C@H]3OC(CN)=CC[C@H]3N)[C@@H](N)C[C@H]2N)OC[C@]1(C)O,0,0,0.352473203745369
CCN[C@@H]1C[C@H](N)[C@@H](O[C@H]2OC(CN)=CC[C@H]2N)[C@H](O)[C@H]1O[C@H]1OC[C@](C)(O)[C@H](NC)[C@H]1O,0,0,0.35238572248692757
CCc1nc(N)nc(N)c1-c1ccc(Cl)cc1,1,1,0.5791978243536131
CC(=O)[C@]1(O)Cc2c(O)c3c(c(O)c2[C@@H](O[C@H]2C[C@H](N)[C@H](O)[C@H](C)O2)C1)C(=O)c1ccccc1C3=O,0,0,0.32767997755029027
COc1cccc2c1C(=O)c1c(O)c3c(c(O)c1C2=O)C[C@@](O)(C(=O)CO)C[C@@H]3O[C@H]1C[C@H](NC(=O)[C@@H](N)CC(C)C)[C@H](O)[C@H](C)O1,0,0,0.30576886894159205
COc1cccc2c1C(=O)c1c(O)c3c(c(O)c1C2=O)C[C@](O)(C(=O)CO)C[C@H]3OC1CC(N)CC(C)O1,0,0,0.3317520507598708
COc1cccc2c1C(=O)c1c(O)c3c(c(O)c1C2=O)C[C@@](O)(C(=O)CO)C[C@@H]3O[C@H]1C[C@H](N)[C@H](O)[C@H](C)O1,0,0,0.32501288013663704
CC(=O)[C@]1(N)Cc2c(O)c3c(c(O)c2[C@@H](O[C@H]2C[C@H](O)[C@H](O)CO2)C1)C(=O)c1ccccc1C3=O,0,0,0.32317254854776395
CC1OC(OC2CC(O)(C(=O)CO)Cc3c(O)c4c(c(O)c32)C(=O)c2ccccc2C4=O)CC(N)C1O,0,0,0.3249273689513432
COc1cccc2c1C(=O)c1c(O)c3c(c(O)c1C2=O)C[C@@](O)(C(C)=O)C[C@@H]3O[C@H]1C[C@H](N)[C@H](O)[C@H](C)O1,0,0,0.32776548873558403
CCOC(OCC)C(=O)OCC(=O)C1(O)Cc2c(O)c3c(c(O)c2C(OC2CC(N)C(O)C(C)O2)C1)C(=O)c1c(OC)cccc1C3=O,0,0,0.3280201230663524
CC(=O)[C@]1(O)Cc2c(O)c3c(c(O)c2C(OC2CC(N)C(O)C(C)O2)C1)C(=O)c1c(O)cccc1C3=O,0,0,0.32767997755029027
O=C1NCN(c2ccccc2)C12CCN(CCCOc1ccc(F)cc1)CC2,1,1,0.5715743717816888
Clc1ccc([C@@H]2[C@H]3CC[C@@H](C3)C23CCC(N2CCOCC2)=N3)cc1,1,1,0.5762424047676732
COc1ccc2c(c1)C(O)(CCCN(C)C)c1ccccc1S2,1,1,0.5783878032218894
O=C(Cn1ccnc1)c1ccc2ccccc2c1,1,1,0.5597223002583555
CC1=Nc2ccccc2CC(c2ccccc2)N1C,1,1,0.5623519143651766
Cc1nnc(SCC2=C(C(=O)O)N3C(=O)[C@@H](NC(=O)[C@H](O)c4ccccc4)[C@H]3SC2)s1,0,0,0.3311239819093026
Cc1nnc(SCC2=C(C(=O)O)N3C(=O)[C@@H](NC(=O)C(N)c4ccc(O)cc4)[C@H]3SC2)s1,0,0,0.28280560559688384
Cc1nnc(SCC2=C(C(=O)OCc3oc(=O)oc3C)N3C(=O)C(NC(=O)C(OC(=O)C(C)N)c4ccccc4)C3SC2)s1,0,0,0.3502109474914688
COc1ccc(Cn2c(C)c(CCN)c3cc(O)ccc32)cc1,1,0,0.4833695629786587
NC(N)=NCCN1CCCCCCC1,0,1,0.5523171615755024
CC(C)(C)N1CCC(c2ccccc2)(c2ccccc2)CC1,1,1,0.5854891648972729
CC1(C)S[C@@H]2C(NC(=O)[C@H](NC(=O)c3c[nH]c4cccnc4c3=O)c3ccccc3)C(=O)N2[C@H]1C(=O)O,0,0,0.3348272632872792
CC(NCCn1cnc2c1c(=O)n(C)c(=O)n2C)C(O)c1ccccc1,1,1,0.5548108798542598
CC(Cc1ccccc1)NCCn1cnc2c1c(=O)n(C)c(=O)n2C,1,1,0.5584438337232327
Cn1c(=O)c2c(ncn2CCNCC(O)c2ccc(O)c(O)c2)n(C)c1=O,0,1,0.5127279740536603
CC1(C)S[C@@H]2[C@H](NC(=O)[C@H](N)C3=CCC=CC3)C(=O)N2[C@H]1C(=O)O,0,0,0.30838817200141727
CC(Cc1ccccc1)NC(C#N)c1ccccc1,1,1,0.5582302749897553
CC(Cc1ccccc1)N(C)Cc1ccccc1,1,1,0.5664926590858574
CCN(CC)C(C)=NN=Cc1c2c(O)c3c(O)c(C)c4c(c3c1O)C(=O)C(C)(OC=CC(OC)C(C)C(OC(C)=O)C(C)C(O)C(C)C(O)C(C)C=CC=C(C)C(=O)N2)O4,0,0,0.40652525501202735
CCN(CC)C(=O)COc1cc2c(O)c3c(O)c(C)c4c(c13)C(=O)[C@@](C)(O/C=C/[C@H](OC)[C@@H](C)[C@@H](OC(C)=O)[C@H](C)[C@H](O)[C@H](C)[C@@H](O)[C@@H](C)/C=C/C=C(/C)C(=O)N2)O4,0,0,0.4096726191275391
CO[C@H]1/C=C/O[C@@]2(C)Oc3c(C)c(O)c4c(O)c(cc(O)c4c3C2=O)NC(=O)/C(C)=C\C=C\[C@H](C)[C@H](O)[C@@H](C)[C@@H](O)[C@@H](C)[C@H](OC(C)=O)[C@@H]1C,0,0,0.40566564152379947
Nc1cccc(-n2ccccc2=O)c1,1,1,0.5592732178299592
c1cc(CN2CCCCC2)cc(OCCCNc2nccs2)c1,1,1,0.5207206115093429
CN(C)[C@@H]1C(=O)/C(=C(/O)NCN2CCCC(C(=O)O)C2)C(=O)[C@@]2(O)C(=O)C3=C(O)c4c(O)cccc4[C@@](C)(O)[C@H]3C[C@@H]12,0,0,0.3694238330567163
CC1(C)S[C@@H]2[C@H](NC(=O)[C@@H](N=Cc3ccco3)c3ccc(O)cc3)C(=O)N2[C@H]1C(=O)O,0,0,0.3424080496205038
CN1CCN(c2cc3c(nn2)Oc2ccccc2N3C)CC1,1,1,0.5621204235789277
Cc1cc(N/C(O)=C2\C(=O)c3ccccc3S(=O)(=O)N2C)no1,0,1,0.5070836873454296
CN(C)C/C=C(/c1ccc(Br)cc1)c1cccnc1,1,1,0.5739072086900727
CNC/C=C(/c1ccc(Br)cc1)c1cccnc1,1,1,0.5655289230210823
CC(C)[C@H](NC(=O)[C@H](Cc1ccccc1)NC(=O)CNC(=O)[C@@H](C)NC(=O)[C@@H](N)Cc1ccc(O)cc1)C(N)=O,0,0,0.4467828477581608
CCCCc1nc(Cl)c(CO)n1Cc1ccc(-c2ccccc2-c2nn[nH]n2)cc1,0,1,0.5439442866227661
CN1CCC(=C2c3ccccc3CCc3sccc32)CC1,1,1,0.5875569557043715
CC[C@H]1OC(=O)[C@H](C)[C@@H](OC2CC(C)(OC)C(O)C(C)O2)C(C)[C@@H](OC2OC(C)CC(N(C)C)C2O)[C@](C)(O)C[C@@H](C)C(=O)[C@H](C)[C@@H](O)[C@H]1C,0,0,0.3652506920315066
CC[C@H]1OC(=O)[C@H](C)[C@@H](O[C@H]2C[C@@](C)(OC)[C@@H](O)[C@H](C)O2)[C@H](C)[C@@H](O[C@@H]2O[C@H](C)C[C@H](N(C)C)[C@H]2O)[C@](C)(OC)C[C@@H](C)C(=O)[C@H](C)[C@@H](O)[C@]1(C)O,0,0,0.3487545640979148
CC[C@H]1OC(=O)[C@H](C)[C@@H](O[C@H]2C[C@@](C)(OC)[C@@H](O)[C@H](C)O2)[C@H](C)[C@@H](O[C@@H]2O[C@H](C)C[C@H](N(C)C)[C@H]2O)[C@](C)(O)C[C@@H](C)C(=O)[C@H](C)[C@@H](O)[C@]1(C)O,0,0,0.3381337463266334
CC[C@H]1OC(=O)[C@H](C)[C@@H](O[C@H]2C[C@@](C)(OC)[C@@H](O)[C@H](C)O2)[C@H](C)[C@@H](O[C@@H]2O[C@H](C)C[C@H](N(C)C)[C@H]2O)[C@](C)(O)C[C@](C)(F)C(=O)[C@H](C)[C@@H](O)[C@]1(C)O,0,0,0.3648467331784244
O=C1CCC2CCC(=O)N12,1,1,0.5601728692976803
CCOC(=O)C1N=C(c2ccccc2F)c2cc(Cl)ccc2NC1=O,1,1,0.6042573345283188
CCS(=O)(=O)CCN1C(=O)CN=C(c2ccccc2F)c2cc(Cl)ccc21,1,1,0.6031768384364333
CN(C)C(=O)OC1N=C(c2ccccc2)c2cc(Cl)ccc2N(C)C1=O,1,1,0.594408670709369
CN1C(=O)CN=C(c2ccccc2F)c2cc(Cl)ccc21,1,1,0.6042573345283188
O=C1Nc2ccc(Cl)cc2C(c2ccccc2Cl)=NC1O,1,1,0.587980059297736
C#CCN1C(=O)CN=C(c2ccccc2)c2cc(Cl)ccc21,1,1,0.5900579939131678
O=C1CN=C(c2ccccc2Cl)c2cc([N+](=O)[O-])ccc2N1,1,1,0.590155671770787
CN1C(=O)C(O)N=C(c2ccccc2Cl)c2cc(Cl)ccc21,1,1,0.587980059297736
O=C1CN=C(c2ccccc2)c2cc(Cl)ccc2N1CC(F)(F)F,1,1,0.5948164461150754
C[C@@H]1N=C(c2ccccc2Cl)c2cc([N+](=O)[O-])ccc2NC1=O,1,1,0.590155671770787
N#CCCN1C(=O)C(O)N=C(c2ccccc2F)c2cc(Cl)ccc21,1,1,0.598763598095201
CC(C)(C)C(=O)OC1N=C(c2ccccc2)c2cc(Cl)ccc2NC1=O,1,1,0.5929701657414244
CN1C(=O)CN=C(c2ccccc2)c2cc(Cl)ccc21,1,1,0.5929701657414244
O=C1CN=C(c2ccccc2)c2cc([N+](=O)[O-])ccc2N1,1,1,0.5827109147240777
O=C1CN=C(c2ccccc2)c2cc(Cl)ccc2N1,1,1,0.5929701657414244
CN1C(=O)CN=C(c2ccccc2F)c2cc([N+](=O)[O-])ccc21,1,1,0.5933089169860444
O=C1CN=C(c2ccccc2F)c2cc(Cl)ccc2N1CC(O)CO,1,1,0.5729585023902867
CN1C(=O)C(O)N=C(c2ccccc2)c2cc(Cl)ccc21,1,1,0.5885263540161516
CN1C(=O)C(O)N=C(c2ccccc2F)c2cc(Cl)ccc21,1,1,0.5998135228030461
COCN1C(=O)CN=C(c2ccccc2)c2cc([N+](=O)[O-])ccc21,1,1,0.5706533903730758
CP(C)(=O)CN1C(=O)CN=C(c2ccccc2)c2cc(Cl)ccc21,1,1,0.5929701657414244
O=C1CN=C(c2ccccc2Cl)c2cc(Cl)ccc2N1,1,1,0.5924238710230088
O=C1Nc2ccc(Cl)cc2C(c2ccccc2)=NC1O,1,1,0.5885263540161516
CCN(CC)CCN1C(=O)CN=C(c2ccccc2F)c2cc(Cl)ccc21,1,1,0.608197536773671
CN1C(=O)CN=C(c2ccccc2)c2cc([N+](=O)[O-])ccc21,1,1,0.5827109147240777
O=C1C(O)N=C(c2ccccc2F)c2cc(Cl)ccc2N1CCO,1,1,0.5969119435670901
OCCOCCOCCN1CCN(C(c2ccccc2)c2ccc(Cl)cc2)CC1,1,1,0.5592734470394669
CN1CCN(C(c2ccccc2)c2ccc(Cl)cc2)CC1,1,1,0.5713962522589242
O=C(O)COCCN1CCN(C(c2ccccc2)c2ccc(Cl)cc2)CC1,0,0,0.498179301140976
OCCOCCN1CCN(C(c2ccccc2)c2ccc(Cl)cc2)CC1,1,1,0.5592734470394669
CO[C@H]1/C=C/O[C@@]2(C)Oc3c(C)c(O)c4c(O)c(c5c(nc6cc(C)ccn65)c4c3C2=O)NC(=O)/C(C)=C\C=C\[C@H](C)[C@H](O)[C@@H](C)[C@@H](O)[C@@H](C)[C@H](OC(C)=O)[C@@H]1C,0,0,0.40369430080482166
O=C1[C@@H]2[C@H]3CC[C@H](C3)[C@@H]2C(=O)N1CCCCN1CCN(c2ncccn2)CC1,1,1,0.5933655560925664
CN1Cc2c(C(=O)OC(C)(C)C)ncn2-c2ccsc2C1=O,1,1,0.5638134088060663
CCN1CCN(c2cc(-c3ccc(F)cc3)c3c(n2)CCCCCC3)CC1,1,1,0.5699137386415423
C=C1c2c(Cl)ccc(O)c2C(O)=C2C(=O)C3(O)C(=O)/C(=C(/N)O)C(=O)C(N(C)C)C3C(O)C12,0,0,0.38082476180349917
C=C1c2cccc(O)c2C(O)=C2C(=O)[C@]3(O)C(=O)/C(=C(/N)O)C(=O)[C@@H](N(C)C)[C@@H]3[C@@H](O)[C@H]12,0,0,0.37604828520696093
CC1CN(CCCn2c3ccccc3c3ccccc32)CC(C)N1,1,1,0.5626374012497548
CN=C1CN(O)C(c2ccccc2)=c2cc(Cl)ccc2=N1,1,1,0.5914557751536861
CC(C)C(=O)OCC(=O)[C@@]12O[C@H](C3CCCCC3)O[C@@H]1C[C@H]1[C@@H]3CCC4=CC(=O)C=C[C@]4(C)[C@H]3[C@@H](O)C[C@@]12C,1,1,0.5676548936129644
CC1CCCC1,1,1,0.5601728692976803
CNC1CCN2c3ccccc3CCc3cccc1c32,1,1,0.5565691411647947
CC[C@H](NC(=O)c1c(OCCNC(=O)Cc2ccccn2)c(-c2ccccc2)nc2ccccc12)c1ccccc1,0,1,0.5172268700784005
COCC1CN(c2ccc(OCc3cccc(C#N)c3)cc2)C(=O)O1,1,1,0.5811483365690313
CNC[C@@H]1CN(c2ccc(OCc3cccc(Cl)c3)cc2)C(=O)O1,1,1,0.5924851731109356
O=c1[nH]c2ccccc2c(=O)n1CCCN1CCN(c2cccc(Cl)c2)CC1,1,1,0.5692818546157978
CC[C@H](C)C(=O)O[C@H]1C[C@H](O)C=C2C=C[C@H](C)[C@H](CC[C@@H](O)C[C@@H](O)CC(=O)O)[C@H]21,0,0,0.44263217612404415
COc1ccc2c(c1)C(N1CCN(C)CC1)=Cc1ccccc1O2,1,1,0.552070960533785
OC(CCCN1CCc2c(c3cc(F)ccc3n2-c2ccc(F)cc2)C1)c1ccc(F)cc1,1,1,0.5800983492956323
CC(C)CC(OC(=O)c1ccco1)C(=O)N[C@@H]1C(=O)N2[C@@H]1SC(C)(C)[C@@H]2C(=O)O,0,0,0.3397972180356275
Cc1ncc([N+](=O)[O-])n1CC(O)CCl,1,1,0.5540230829028159
Cc1ncc([N+](=O)[O-])n1CCO,1,1,0.5536079840873486
CCS(=O)(=O)CCn1c([N+](=O)[O-])cnc1C,1,1,0.5544304907765422
CN=C(NC#N)NCCSCc1nc[nH]c1C,0,0,0.49298011029879724
COc1ccc2c(c1)c1c3n2CCN(C)C3=NCC1,1,1,0.5676618208428993
CCOc1cc(N)c([N+](=O)[O-])cc1C(=O)NC1CCN(CC2CC=CCC2)CC1,1,1,0.5499963794064572
Oc1ccc2[nH]cc(CCCCN3CC=C(c4ccccc4)CC3)c2c1,1,1,0.5332533828855359
COc1ccccc1N1CCN(CC(O)COc2cc(OC)c(OC)c(OC)c2)CC1,1,1,0.5651172874688619
CC(C)N1CCC(N(C(=O)Cc2ccccc2)c2ccc(Cl)cc2)CC1,1,1,0.5934529569670378
CC1(c2ccccc2)CC(=O)N(CN2CCOCC2)C1=O,1,1,0.5879086557342775
COc1ccc(Cl)c2c1CCCC2N(C)C,1,1,0.5693508918387493
CC(C)(C)NCC(O)COc1cccc2c1C[C@H](O)[C@H](O)C2,1,1,0.5183452583448241
CC(C)C(=O)OCc1cccc(OC(=O)[C@@H]2N3C(=O)[C@@H](NC(=O)Cc4ccccc4)[C@H]3SC2(C)C)c1,0,0,0.40424995980186906
Fc1ccc(C(CCCN2CCN(CCNc3ccccc3)CC2)c2ccc(F)cc2)cc1,1,1,0.5674207723692538
NNc1nncc2ccccc12,0,1,0.5598756766023929
CCN1CCN(C(=O)N[C@@H](C(=O)N[C@@H]2C(=O)N3[C@@H]2SC(C)(C)[C@@H]3C(=O)O)c2ccccc2)C(=O)C1=O,1,0,0.34846082003528445
COc1cc(N)c(Cl)cc1C(=O)NC1CCN(Cc2ccccc2)CC1,1,1,0.5618579350481638
CN1CCC(=C2c3ccccc3C(O)c3ccccc32)CC1,1,1,0.5806337622927839
CN(C)CCN1C(=O)c2ccccc2N(C)c2ccccc21,1,1,0.5680991309407029
CC/C(=C(/CC)c1ccc(O)cc1)c1ccc(O)cc1,0,1,0.5210793930959045
CCc1nn(CCCN2CCN(c3cccc(Cl)c3)CC2)c(=O)n1CC,1,1,0.573148159475413
CN1CCN(C(=O)OC2c3nccnc3C(=O)N2c2ccc(Cl)cn2)CC1,1,1,0.5702426104993279
O=C(CCCN1CCN(c2ccccn2)CC1)c1ccc(F)cc1,1,1,0.5708994657123001
C[C@]1(Cn2ccnn2)[C@H](C(=O)O)N2C(=O)C[C@H]2S1(=O)=O,0,0,0.42337853043126256
CC1=C2C(c3cccc(Cl)c3)=NCCN=C2N(C)N1,1,1,0.5860952999677013
CCCCC1C(=O)N(c2ccccc2)N(c2ccccc2)C1=O,0,1,0.5517566134680614
NS(=O)(=O)c1ccc(N2CCCCS2(=O)=O)cc1,1,1,0.542991836340964
CC(=O)OC1/C=C/C(C)=C/CC(O)/C=C/C(C)=C/C(NC(=O)C(C)=O)C2(C)C(=O)OC(C1)C(C)C2=O,0,0,0.4486821162597832
O=C1CC[C@@]2(O)[C@H]3Cc4ccc(O)c5c4[C@@]2(CCN3CC2CC2)[C@H]1O5,1,1,0.5269045245161051
CC[C@H]1CC(=O)[C@@H]2Oc3c(OC)ccc4c3[C@@]23CCN(CC2CC2)C(C4)[C@H]13,1,1,0.575566988552997
C#CC1(OCC(O)CN2CCN(c3ccc(F)cc3)CC2)CCCCC1,1,1,0.5547487656549015
CO[C@H]1[C@@H](O)[C@H](N)[C@@H](O[C@H]2O[C@H](C(C)N)CC[C@H]2N)[C@H](O)[C@@H]1N(C)C(=O)CN,0,0,0.3703175782050384
NC[C@H]1O[C@H](O[C@H]2[C@H](O)[C@@H](O)[C@H](N)C[C@@H]2N)[C@H](N)[C@@H](O)[C@@H]1O,0,0,0.39103650990897465
O=C1N(C(O)C(Cl)(Cl)Cl)CNC1(c1ccccc1)c1ccccc1,1,1,0.5604129800606892
O=C1NCNC1(c1ccccc1)c1ccccc1,1,1,0.5625559546771183
Nc1[nH]c(=O)ncc1F,1,1,0.5696279800764615
C[C@H]1c2ccccc2[C@@H](CCCN(C)C)c2cc(C(F)(F)F)ccc21,1,1,0.5687795889341277
O=C(c1cccnc1)N1CCOCC1,1,1,0.5700016968366333
CCO[C@H]1CCN(C(=O)c2cc(-c3ccccc3)c(=O)n3c2-c2cc(Cl)ccc2CC3)C1,1,1,0.5549143792009307
COc1cccc(CC(=O)N2CCN(C(C)=O)C[C@@H]2CN2CC[C@@H](O)C2)c1,0,1,0.5064010891303943
CC(=O)N1CCN(C(=O)Cc2ccc([N+](=O)[O-])cc2)[C@@H](CN2CC[C@H](O)C2)C1,0,1,0.5035049167404472
COc1ccc(CC(=O)N2CCN(C(C)=O)C[C@@H]2CN2CC[C@@H](O)C2)cc1,0,1,0.5064010891303943
CC(=O)N1CCN(C(=O)Cc2ccc(Cl)c(Cl)c2)[C@@H](CN2CCCC2)C1,1,1,0.5170613074057673
COC(=O)N1CCN(C(=O)Cc2ccc(Cl)c(Cl)c2)[C@@H](CN2CCCC2)C1,1,1,0.5648527691368852
CN1CCN(C(=O)Cc2ccc(Cl)c(Cl)c2)[C@@H](CN2CCCC2)C1,1,1,0.5633694598931157
O=C(Cc1ccc(Cl)c(Cl)c1)N1CCN(CCO)C[C@@H]1CN1CC[C@@H](O)C1,0,1,0.556859601708629
CC(=O)N1CCN(C(=O)Cc2cccc([N+](=O)[O-])c2)[C@@H](CN2CC[C@H](O)C2)C1,0,1,0.5035049167404472
CC(=O)N1CCN(C(=O)Cc2ccccc2)[C@@H](CN2CC[C@@H](O)C2)C1,0,1,0.5064776726131038
CC(=O)N1CCN(C(=O)Cc2ccc([S@@](C)=O)cc2)[C@@H](CN2CC[C@H](O)C2)C1,0,1,0.5064776726131038
CC(=O)N1CCN(C(=O)Cc2ccc(S(C)(=O)=O)cc2)[C@@H](CN2CC[C@H](O)C2)C1,0,1,0.5053011781401765
CCOC(=O)N1CCN(C(=O)Cc2ccc(Cl)c(Cl)c2)[C@@H](CN2CCCC2)C1,1,1,0.5648527691368852
CCCOC(=O)N1CCN(C(=O)Cc2ccc(Cl)c(Cl)c2)[C@@H](CN2CCCC2)C1,1,1,0.5648527691368852
CC(=O)N1CCN(C(=O)Cc2ccc(Cl)c(Cl)c2)[C@@H](CN2CC[C@@H](O)C2)C1,0,1,0.5127056020952346
CC(=O)N1CCN(C(=O)Cc2ccc(C(F)(F)F)cc2)[C@@H](CN2CC[C@@H](O)C2)C1,0,1,0.5081342300635122
CSc1ccc(CC(=O)N2CCN(C(C)=O)C[C@@H]2CN2CC[C@@H](O)C2)cc1,0,0,0.49581323049170417
CC(=O)N1CCN(C(=O)Cc2cc(F)cc(F)c2)[C@@H](CN2CC[C@@H](O)C2)C1,0,1,0.5153419483922368
OC(C1=NCCN1)(c1ccc(Cl)cc1)c1ccccn1,1,1,0.5536722956381854
C[N+]1(C)CCCC(OC(=O)C(O)(c2ccccc2)c2ccccc2)C1,0,1,0.572672907001645
CC(=O)NNC(=O)CC(O)(c1ccccc1)c1ccccc1,1,1,0.520626104614586
CCC(=O)C(CC(C)N(C)C)(c1ccccc1)c1ccccc1,1,1,0.5657986453934831
CCCCSc1ccc(C(SCCN(C)C)c2ccccc2)cc1,1,0,0.49847937200962966
CCC(O)C(CC(C)N(C)C)(c1ccccc1)c1ccccc1,1,1,0.5620944153448402
CNCCCCOc1ccccc1Cc1ccccc1,1,1,0.558928834300657
CN(C)CCOC(c1ccccc1)c1ccc(Br)cc1,1,1,0.5677183307225961
CN(C)CCOC(c1ccccc1)c1ccccc1C(C)(C)C,1,1,0.5558417649568325
CCC(OC(C)=O)C(CC(C)N(C)C)(c1ccccc1)c1ccccc1,1,1,0.5661173264670133
CN(C)CCOC(C)(c1ccccc1)c1ccc(Cl)cc1,1,1,0.5620123990057305
CCC(=O)C(c1ccccc1)(c1ccccc1)C(C)CN(C)C,1,1,0.5657986453934831
CN(C)CCOC(c1ccccc1)c1ccccc1,1,1,0.5558417649568325
Cc1ccccc1C(OCCN(C)C)c1ccccc1,1,1,0.5558417649568325
CNCCOC(c1ccccc1)c1ccccc1C,1,1,0.548430847347625
CC[C@@H](O)C(C[C@@H](C)N(C)C)(c1ccccc1)c1ccccc1,1,1,0.5620944153448402
CN(C)CC(O)C(c1ccccc1)c1ccc(Cl)cc1,1,1,0.567181280413144
CC(CN(C)C)OC(C)(c1ccccc1)c1ccc(Cl)cc1,0,1,0.5620123990057305
CCN(CC)CCOC(=O)C(O)(c1ccccc1)c1ccccc1,1,1,0.5541770202861744
NC(=O)CS(=O)C(c1ccccc1)c1ccccc1,1,1,0.5622129044133825
CCCCCC(N)C(O)(c1ccccc1)c1ccccc1,1,1,0.5063105529485079
CCC(=O)C(CCN(C)C)(c1ccccc1)c1ccccc1,1,1,0.5657986453934831
O=C(O)CCCCC1SCC2NC(=O)NC21,1,0,0.49569488316165894
CC1(C)S[C@@H]2[C@H](NC(=O)c3nc4ccccc4nc3C(=O)O)C(=O)N2[C@H]1C(=O)O,0,0,0.3436293111842361
COc1cc([C@@H]2c3cc4c(cc3[C@@H](OC3OC5COC(c6cccs6)OC5C(O)C3O)[C@H]3COC(=O)[C@H]23)OCO4)cc(OC)c1O,1,0,0.3792919433811812
CC1C2Cc3ccc(O)cc3C1(C)CCN2C,1,1,0.5470450628911382
CC(C)=CCN1CC[C@@]2(C)c3cc(O)ccc3C[C@@H]1[C@H]2C,1,1,0.5467594525150954
CCCCCC(=O)CC[C@]1(C)[C@@H]2Cc3ccc(O)cc3[C@@]1(C)CCN2C,1,1,0.5457490779289085
CO[C@@H]1[C@@H](OC(N)=O)[C@@H](O)[C@H](Oc2ccc3c(=O)c(NC(=O)c4ccc(O)c(CC=C(C)C)c4)c(O)oc3c2C)OC1(C)C,0,0,0.36429659621460786
CN(C)CCCN1c2ccccc2CCc2ccccc21,1,1,0.5669515675475062
C[N+](C)([O-])CCCN1c2ccccc2CCc2ccccc21,1,1,0.5624297623906338
NCCCN1c2ccccc2CCc2ccccc21,1,1,0.5150177958411923
CC(CN(C)C)CN1c2ccccc2CCc2ccccc21,1,1,0.5669515675475062
CNC1Cc2ccccc2N(C)c2ccccc21,1,1,0.5592393356883834
CNCCCN1c2ccccc2CCc2ccccc21,1,1,0.5592393356883834
CN(C)CCCN1c2ccccc2CCc2ccc(C#N)cc21,1,1,0.5659016428396609
CN(C)CCCN1c2ccccc2CCc2ccc(Cl)cc21,1,1,0.5727464470100904
CC(=O)Oc1ccc2c3c1O[C@H]1[C@@H](OC(C)=O)C=C[C@H]4[C@@H](C2)N(C)CC[C@@]341,1,1,0.57824735319617
COc1ccc2c3c1O[C@H]1[C@@H](O)C=C[C@H]4[C@@H](C2)N(C)CC[C@@]341,1,1,0.5845049129272112
C=CCN1CCC23c4c5ccc(OC(C)=O)c4OC2C(OC(C)=O)C=CC3C1C5,1,1,0.579866710244374
COc1ccc2c3c1OC1C(O)C=CC4C(C2)NCCC341,1,1,0.5845049129272112
C=CCN1CC[C@]23c4c5ccc(O)c4O[C@H]2[C@@H](O)C=C[C@H]3[C@H]1C5,1,1,0.5436048550037061
CN1CC[C@]23c4c5ccc(O)c4O[C@H]2C(O)C=C[C@H]3[C@H]1C5,1,1,0.5419482860424418
Oc1ccc2c3c1OC1C(O)C=CC4C(C2)NCCC341,1,1,0.5419482860424418
CCn1nnn(CCN2CC[C@H](N(C(=O)COC)c3ccccc3F)[C@H](C)C2)c1=O,1,1,0.5687189461106936
CCC(=O)N(c1ccccc1)C1(COC)CCN(CCn2nnn(CC)c2=O)CC1,1,1,0.5599380378297212
Cc1ccc(CC2=CNC(NCCSCc3ccc(CN(C)C)o3)=NC2)cn1,0,0,0.4929494800015097
O=C(NCCN1CCN(c2ncccn2)CC1)C12CC3CC(CC(C3)C1)C2,1,1,0.544175361824388
COC1C(O)CC(=O)OC(C)C/C=C/C=C/C(OC2CCC(N(C)C)C(C)O2)C(C)CC(CC=O)C1OC1OC(C)C(OC2CC(C)(O)C(O)C(C)O2)C(N(C)C)C1O,0,0,0.35104696374719235
CCOC1c2ccccc2C(=O)N(C)c2ccccc21,1,1,0.552312906361809
CN1[C@@H]2CC(OC(=O)[C@H](CO)c3ccccc3)C[C@H]1[C@@H]1O[C@@H]12,0,1,0.5895333763489917
N[C@@H](C(=O)N[C@@H]1C(=O)N2C(C(=O)O)=C(Cl)CS[C@H]12)c1ccccc1,0,0,0.3068112831166186
CC1=C(C(=O)O)N2C(=O)[C@@H](NC(=O)[C@H](N)c3ccc(O)cc3)[C@H]2SC1,0,0,0.29031936147498066
CC1=C(C(=O)O)N2C(=O)[C@@H](NC(=O)[C@H](N)c3ccccc3)[C@H]2SC1,0,0,0.3052720608758855
CC(=O)OCC1=C(C(=O)O)N2C(=O)[C@@H](NC(=O)Cc3ccccc3)[C@H]2SC1,0,0,0.3419592547402647
CC1=C(C(=O)O)N2C(=O)[C@@H](NC(=O)[C@H](N)c3cccc(NS(C)(=O)=O)c3)[C@H]2SC1,0,0,0.29715090294552415
CC1=C(C(=O)O)N2C(=O)[C@@H](NC(=O)[C@H](N)c3ccc(O)c(Cl)c3)[C@H]2SC1,0,0,0.2993353409644706
CC(=O)OCC1=C(C(=O)O)N2C(=O)[C@@H](NC(=O)[C@H](N)c3ccccc3)[C@H]2SC1,0,0,0.30517167171185183
C/C=C/C1=C(C(=O)O)N2C(=O)[C@@H](NC(=O)[C@H](N)c3ccc(O)cc3)[C@H]2SC1,0,0,0.2938626709431518
CN1CCN(c2cc3c(cc2F)c(=O)c(C(=O)O)cn3-c2ccc(F)cc2)CC1,0,0,0.47846876489771667
CC(CN1C(=O)c2cccnc2Nc2ccccc21)N(C)C,1,1,0.5560606846453912
COc1ccc2c(c1)/C(=C/CCN(C)C)c1ccccc1O2,1,1,0.5663806697948514
Cc1nc(C)c2c(n1)N(Cc1ccc(-c3ccccc3-c3nn[nH]n3)cc1)C(=O)CC2,1,1,0.5578775315891022
CN1C[C@@H]2Cc3ccc(Cl)cc3[C@@H](c3ccccc3)[C@@H]2C1,1,1,0.5639211143567743
NS(=O)(=O)c1cc2c(cc1Cl)NCNS2(=O)=O,0,1,0.5418949738466167
NS(=O)(=O)c1cc2c(cc1C(F)(F)F)NCNS2(=O)=O,0,1,0.5380245728126107
NS(=O)(=O)c1cc2c(cc1Cl)NC(C(Cl)Cl)NS2(=O)=O,0,1,0.543734790389685
CN1C(CCl)Nc2cc(Cl)c(S(N)(=O)=O)cc2S1(=O)=O,0,1,0.5499212940248365
CN1C(CSCC(F)(F)F)Nc2cc(Cl)c(S(N)(=O)=O)cc2S1(=O)=O,0,0,0.493050176294005
CN(C)CC[C@]1(c2ccccc2)CCc2ccccc2C1=O,1,1,0.5657986453934831
NC(=O)CN1CC(O)CC1=O,1,1,0.5543638977247277
NC(=O)CN1CCCC1=O,1,1,0.5577339878000904
CC(C)N(CCNC(=O)CN1CCCC1=O)C(C)C,1,1,0.5309407522466032
CCC(C(N)=O)N1CCCC1=O,1,1,0.5577339878000904
CC1(C)S[C@@H]2[C@H](NC(=O)[C@H](NC(=O)c3ccc(-c4ccc(S(=O)(=O)N(CCO)CCO)cc4)[nH]c3=O)c3ccc(O)cc3)C(=O)N2[C@H]1C(=O)[O-],0,0,0.3209013008460288
CN1CC(CSc2ccccn2)C=C2c3cccc4[nH]cc(c34)CC21,1,1,0.5577514972490237
O=c1[nH]c(=O)n([C@H]2C[C@H](O)[C@@H](CO)O2)cc1F,0,1,0.5538953770380416
Cc1cn([C@H]2C[C@H](N=[N+]=[N-])[C@@H](CO)O2)c(=O)[nH]c1=O,0,1,0.5472695408586719
Cc1cn([C@H]2C[C@H](F)[C@@H](CO)O2)c(=O)[nH]c1=O,1,1,0.5724249798239955
O=c1ccn(C2OC(CO)C(O)C2O)c(=O)[nH]1,1,1,0.5150837493941847
CSc1ccc2c(c1)N(CCC1CCCNC1)c1ccccc1S2,1,1,0.6087341130997003
CN(C)C(=O)Oc1ccc[n+](C)c1,1,1,0.5596835744986339
FC(F)(F)c1cccc(N2CCN(CCc3nnc4n3C[C@H]3CCC[C@@H]43)CC2)c1,1,1,0.5667272825693797
O=C1Cc2cc(CCN3CCN(c4nsc5ccccc45)CC3)c(Cl)cc2N1,1,1,0.5739965998439523
COC(=O)c1cncn1C(C)c1ccccc1,1,1,0.5582521647864505
CCOC(=O)c1cncn1C(C)c1ccccc1,1,1,0.5582521647864505
CCCOC(=O)c1cncn1C(C)c1ccccc1,1,1,0.5582521647864505
Cc1nccn1C(C)c1ccccc1,1,1,0.5582521647864505
CCOC(=O)c1cncn1C(C)c1ccc(F)cc1,1,1,0.5678791866624925
O=C(CCCN1CC=C(n2c(=O)[nH]c3ccccc32)CC1)c1ccc(F)cc1,1,1,0.5774544163019097
Cc1oc(=O)oc1COC(=O)[C@@H]1N2C(=O)[C@@H](NC(=O)[C@H](N)c3ccccc3)[C@H]2SC1(C)C,0,0,0.36600245158584355
CC12CC3CC(C)(C1)CC(N)(C3)C2,1,1,0.5124555999507848
NC12CC3CC(CC(C3)C1)C2,1,1,0.5124555999507848
NNC(=O)CP(=O)(c1ccccc1)c1ccccc1,1,1,0.5313159158588222
CCC(C)(O)C1CC23C=CC1(OC)C1Oc4c(OC)ccc5c4C12CCN(CC1CC1)C3C5,1,1,0.558578327550953
COC12C=CC3(CC1C(C)(C)O)[C@@H]1Cc4ccc(O)c5c4[C@]3(CCN1CC1CC1)[C@@H]2O5,1,1,0.5218213873081163
COC1=C(C(=O)O)N2C(=O)C(NC(=O)C(N)C3C=CCC=C3)C2SC1,0,0,0.30066315240809094
Clc1ccc2c(c1)/C(=C/C1CN3CCC1CC3)c1ccccc1S2,1,1,0.5923448583721032
CC(C)CC1NC(=O)C(CCCN)NC(=O)C(C(C)C)NC(=O)C2CCCN2C(=O)C(Cc2ccccc2)NC(=O)C(CC(C)C)NC(=O)C(CCCN)NC(=O)C(C(C)C)NC(=O)C2CCCN2C(=O)C(Cc2ccccc2)NC1=O,0,1,0.5014965732591604
FC(F)(F)c1ccc2c(c1)N(CCCN1CCN(CCC3OCCCO3)CC1)c1ccccc1S2,1,1,0.5657795331363167
Clc1ccc(N2CCN(C/C=C/c3ccccc3)CC2)nn1,1,1,0.5677576278783477
CCCCCCOc1nsnc1C1=CCCN(C)C1,1,1,0.5646424165757906
CCCCCCSc1nsnc1C1=CCCN(C)C1,1,1,0.5509127921268466
CN1CC(=O)N=C1NC(=O)Nc1cccc(Cl)c1,1,1,0.5605883380150797
CNCCC(Oc1ccc(C(F)(F)F)cc1)c1ccccc1,1,1,0.5612157641489274
CNCC[C@@H](Oc1ccccc1C)c1ccccc1,1,1,0.558928834300657
CNCCC(Oc1ccccc1OC)c1ccccc1,1,1,0.5635736637549111
NCCC(Oc1ccc(C(F)(F)F)cc1)c1ccccc1,1,1,0.5170102344075554
O=C1CCCN1CCCCN1CCN(c2cc(C(F)(F)F)ccn2)CC1,1,1,0.5610896456140027
O=C1CCCN1CCCCN1CCN(c2cc(C(F)(F)F)cc(Cl)n2)CC1,1,1,0.5676707690085796
O=C1N=C(NC2CC2)OC1c1ccccc1,1,1,0.5601080190146212
O=C1CC2(CCCC2)CC(=O)N1CCNCC1COc2ccccc2O1,1,1,0.5612139706190488
COc1ccc(S(N)(=O)=O)cc1C(=O)NCC1CCCN1Cc1ccc(F)cc1,1,1,0.5204100657949016
CC[C@H]1OC(=O)[C@H](C)[C@@H](O[C@H]2C[C@@](C)(OC)[C@@H](O)[C@H](C)O2)C(C)[C@@H](O[C@@H]2O[C@H](C)C[C@H](N(C)C)[C@H]2O)[C@](C)(O)C[C@@H](C)CN(C)[C@H](C)[C@@H](O)[C@]1(C)O,0,0,0.3406698523867355
O=C1c2ccccc2S(=O)(=O)N1CCCCN1CCN(c2ncccn2)CC1,1,1,0.560006490604159
CCC1NC(=O)C(NC(=O)c2ncccc2O)C(C)OC(=O)C(c2ccccc2)NC(=O)C2CC(=O)CCN2C(=O)C(Cc2ccc(N(C)C)cc2)N(C)C(=O)C2CCCN2C1=O,0,0,0.48072123338867534
CC1NC(=O)C(NC(=O)c2ncccc2O)C(C)OC(=O)C(c2ccccc2)NC(=O)C2CC(=O)CCN2C(=O)C(Cc2ccc(N(C)C)cc2)N(C)C(=O)C2CCCN2C1=O,0,0,0.48072123338867534
CN1CCc2cc(Cl)c(O)cc2[C@@H](c2cc(Br)cc3c2OCC3)C1,1,1,0.5426092116861233
CN1CCc2cc(Cl)c(O)cc2[C@@H](c2cccc3c2OCC3)C1,1,1,0.5316937922915413
COC(=O)[C@@]1(O)CC[C@H]2C3CCC(=O)C4C(=O)C=CC4(C)[C@H]3C(O)CC21C,1,1,0.5498467753881973
CCC(C)C(N)C1=NC(C(=O)N[C@@H](CC(C)C)C(=O)N[C@H](CCC(=O)O)C(=O)N[C@H](C(=O)NCCCC[C@@H]2NC(=O)[C@H](CC(N)=O)NC(=O)[C@@H](CC(=O)O)NC(=O)[C@H](Cc3cnc[nH]3)NC(=O)[C@@H](Cc3ccccc3)NC(=O)[C@H]([C@@H](C)CC)NC(=O)[C@@H](CCCN)NC2=O)[C@@H](C)CC)CS1,0,0,0.4263095395808964
CC(=O)OCC(=O)[C@@]12N=C(C)O[C@@H]1C[C@H]1[C@@H]3CCC4=CC(=O)C=C[C@]4(C)[C@H]3[C@@H](O)C[C@@]12C,1,1,0.5815993560559691
CC(=O)OCC(=O)C12N=C(C)OC1CC1C3CCC4=CC(=O)C=CC4(C)[C@@]3(F)C(O)CC12C,1,1,0.608755439324503
O=C1NC(=O)C(c2ccccc2)(c2ccccc2)N1,1,1,0.5622721681789002
O=C1NC(c2ccccc2)(c2ccccc2)C(=O)N1COP(=O)(O)O,1,1,0.5622721681789002
Cc1cccc(C)c1NC(=O)CN1CCCC1=O,1,1,0.5268428067725125
CCC(=O)OCC(=O)[C@@]12OC(C)(C)O[C@@H]1CC1C3C[C@H](F)C4=CC(=O)C=CC4(C)[C@@]3(F)C(O)CC12C,1,1,0.5978681090225546
CCCC1O[C@@H]2C[C@H]3[C@@H]4CCC5=CC(=O)C=C[C@]5(C)[C@H]4[C@@H](O)C[C@]3(C)[C@]2(C(=O)CO)O1,1,1,0.5653816465527625
CC1(C)O[C@@H]2CC3C4C[C@H](F)C5=CC(=O)C=CC5(C)[C@@]4(Cl)C(Cl)CC3(C)[C@]2(C(=O)CO)O1,1,1,0.6007031773502238
CCC1(CC)O[C@@H]2C[C@H]3C4CCC5=CC(=O)C=CC5(C)[C@@]4(F)[C@@H](O)CC3(C)[C@]2(C(=O)CO)O1,1,1,0.5953373943700658
COC(OC)C(=O)[C@@]12OC(C)(C)O[C@@H]1CC1C3C[C@H](F)C4=CC(=O)C=CC4(C)[C@@]3(F)C(O)CC12C,1,1,0.5574485613526229
CC1(C)O[C@@H]2C[C@H]3C4CCC5=CC(=O)C=CC5(C)[C@H]4C(O)CC3(C)[C@]2(C(=O)CO)O1,1,1,0.5653816465527625
CC(=O)OCC(=O)[C@@]12OC(C)(C)O[C@@H]1C[C@H]1[C@@H]3C[C@H](F)C4=CC(=O)C=C[C@]4(C)[C@@]3(F)[C@@H](O)C[C@@]12C,1,1,0.5978681090225546
CC1(C)O[C@@H]2CC3C4C[C@H](F)C5=CC(=O)C=CC5(C)[C@@]4(Cl)[C@@H](Cl)CC3(C)[C@]2(C(=O)CF)O1,1,1,0.6011706986221029
C=CC1O[C@@H]2CC3C4CCC5=CC(=O)C=CC5(C)C4(F)C(O)CC3(C)[C@]2(C(=O)CO)O1,1,1,0.5953373943700658
CC1(C)O[C@@H]2C[C@H]3[C@@H]4CCC5=CC(=O)C=C[C@]5(C)[C@@]4(F)[C@@H](O)C[C@]3(C)[C@]2(C(=O)CO)O1,1,1,0.5953373943700658
CC(C)(C)CC(=O)OCC(=O)[C@@]12OC(C)(C)O[C@@H]1C[C@H]1[C@@H]3CCC4=CC(=O)C=C[C@]4(C)[C@@]3(F)[C@@H](O)C[C@@]12C,1,1,0.5978681090225546
CCC[C@@H]1O[C@@H]2C[C@H]3[C@@H]4C[C@H](F)C5=CC(=O)C=C[C@]5(C)C4(F)[C@@H](O)C[C@]3(C)[C@]2(C(=O)O[C@H](C)OC(=O)OCC)O1,1,1,0.5953284476042618
CC1(C)O[C@@H]2C[C@H]3C4C[C@H](F)C5=CC(=O)C=CC5(C)[C@@]4(Cl)[C@@H](Cl)CC3(C)[C@]2(C(=O)CCl)O1,1,1,0.6011706986221029
CC(=O)OCC(=O)[C@@]12OC(C)(C)O[C@@H]1CC1C3C[C@H](F)C4=CC(=O)C=CC4(C)[C@H]3C(O)CC12C,1,1,0.5978681090225546
CC1(C)O[C@@H]2C[C@H]3[C@@H]4C[C@H](F)C5=CC(=O)C=C[C@]5(C)[C@@]4(F)[C@@H](O)C[C@]3(C)[C@]2(C(=O)CO)O1,1,1,0.5953373943700658
C=CCONC1=Nc2ccc(Cl)cc2C(c2ccccc2Cl)=NC1,1,1,0.5903323692681876
O=C1NC(=O)[C@@]2(CCN(C(=O)Cc3ccc(Cl)c(Cl)c3)[C@@H](CN3CCCC3)C2)N1,0,1,0.5616264957951722
C[C@H](CCC(=O)O)[C@H]1CC[C@H]2[C@@H]3C(=O)C[C@@H]4CC(=O)CC[C@]4(C)[C@H]3CC(=O)[C@]12C,0,0,0.4506344586318425
CNCCCC1c2ccccc2C=Cc2ccccc21,1,1,0.5587264615078996
NC(=O)C1c2ccccc2C=Cc2ccccc21,1,1,0.5618576244446323
CCCC1(C)COB(c2ccc(C)cc2)OC1,1,1,0.5601080190146212
CO/N=C(\C(=O)N[C@@H]1C(=O)N2C(C(=O)O)=C(CSc3cnns3)CS[C@H]12)c1csc(N)n1,0,0,0.26819404778476663
CC1(C)O[C@@H]2CC3[C@@H]4C[C@H](F)C5=CC(=O)C=CC5(C)[C@H]4[C@@H](O)C[C@]3(C)[C@]2(C(=O)CO)O1,1,1,0.5953373943700658
Cc1nccnc1N1CCCCC1,1,1,0.5846738671141805
COC(=O)C1=C(C)NC(C)=C(C(=O)OCCN(C)Cc2ccccc2)C1c1cccc([N+](=O)[O-])c1,0,1,0.5446023025347864
CCN(CC)C/C=C1/c2ccccc2Nc2cc(Cl)ccc21,1,1,0.571456284454726
CN1c2ccccc2C(c2ccccc2F)=NCC1CNC(=O)c1ccsc1,1,1,0.5656127882500883
FC(F)(F)c1ccc2c(c1)N(CCCN1CCN(C3CC3)CC1)c1ccccc1S2,1,1,0.6036381933217946
CCC(C(=O)OCCN1CCOC(c2ccccc2)C1C)c1ccccc1,1,1,0.5729906161934254
C[N+]12CCC(CC1)C(OC(=O)C(O)(c1ccccc1)c1ccccc1)C2,0,1,0.5524354439274227
O=c1[nH]c2cc(Cl)ccc2o1,1,1,0.5669771221662308
OC(CCN1CCCCC1)(c1ccccc1)C1CC2C=CC1C2,1,1,0.5726935304713663
CCn1cc(C(=O)O)c(=O)c2ccc(Cc3ccccc3)nc21,1,0,0.47837095475877633
OCC1(CO)COC(C(Cl)(Cl)Cl)OC1,1,1,0.5218311712416003
CCC1C(=O)NC(=O)C1(C)c1ccccc1,1,1,0.5767689456343439
O=C1CC(c2cccc(Br)c2)C(=O)N1,1,1,0.5870997096637773
CN1C(=O)CC(C)(c2ccccc2)C1=O,1,1,0.5767689456343439
CN1C(=O)CC(c2ccccc2)C1=O,1,1,0.5767689456343439
COc1cc2c(c(OC)c1OC)-c1ccc(OC)c(=O)cc1C(NC(C)=O)CC2,1,1,0.5219384681001696
COc1cc2c(c(OC)c1OC)-c1ccc(OC)c(=O)cc1[C@@H](NC(C)=O)CC2,0,1,0.5219384681001696
CO/N=C(\C(=O)N[C@@H]1C(=O)N2C(C(=O)O)=C(Cn3nnc(C)n3)CS[C@H]12)c1csc(N)n1,0,0,0.270608423503469
O=c1[nH]oc2c1CCNC2,1,1,0.5578727293059281
COc1ccc(CCN2CCN(c3cccc(Cl)c3)CC2)cc1OC,1,1,0.5748858788191232
CN(C)CC1COC2(O1)c1ccccc1COc1ccccc12,1,1,0.5709247292801936
OCCN1CCN(CCCN2c3ccccc3Sc3cc(Cl)cnc32)CC1,1,1,0.5886263607115714
NC(N)=NCC1COC2(CCCCC2)O1,0,1,0.5573187029597613
Nc1nc(N)c2nc(-c3ccccc3)c(N)nc2n1,0,1,0.5600070840147006
c1ccc2cc(COC3CCNCC3)ccc2c1,1,1,0.574780758131153
COc1ccc(CCN2CCC(Nc3nc4ccccc4n3Cc3ccc(F)cc3)CC2)cc1,0,1,0.5871710508132028
CCC(=O)N(c1ccccc1F)C1(c2ccccc2)CCN(CCn2nnn(CC)c2=O)CC1,1,1,0.5805437688648823
CN1CCN2c3ccccc3Cn3cccc3C2C1,1,1,0.5625725509666957
Cc1csc(N=C(N)N)n1,1,1,0.5202611828144825
NCCc1nccs1,1,0,0.4857385180352645
NC(N)=Nc1nc(CSCCC(N)=NS(N)(=O)=O)cs1,1,0,0.45338770033578385
Cc1ncsc1CCCl,1,1,0.5292088190770822
CN=C(NC#N)NCCSCc1csc(N=C(N)N)n1,1,0,0.46641118759381406
CCC1(C2=CCCCCC2)C(=O)NC(=O)NC1=O,1,1,0.55981758932893
c1ccc(C2CCN(CC3CCCc4c3ccc3c4OCO3)C2)cc1,1,1,0.5214273194853776
CC(=O)OCC(=O)[C@@]1(O)[C@H](C)C[C@H]2[C@@H]3C=C(C)C4=Cc5c(cnn5-c5ccccc5)C[C@]4(C)[C@H]3[C@@H](O)C[C@@]21C,1,1,0.552706461023055
CCC1(CC)C(=O)NC=C(C)C1=O,1,1,0.5609621732946786
CCC1(CC)C(=O)C=CNC1=O,1,1,0.5609621732946786
O=c1ccc2ccccc2o1,0,1,0.5601728692976803
Cc1cc(=O)oc2cc(O)ccc12,0,1,0.5222381300521621
C/C(=C(\CCOC(=O)c1ccccc1)SC(=O)c1ccccc1)N(C=O)Cc1cnc(C)nc1N,1,1,0.583309637748203
O=c1[nH]c2cc(Cl)c(Cl)c([N+](=O)[O-])c2[nH]c1=O,1,1,0.5523069110867987
O=C(OCCN1CCCCC1)C(O)(c1ccccc1)c1ccccc1,1,1,0.572672907001645
CCN(CC)c1nc2c(s1)c1c(O)c3c(O)c(C)c4c(c32)C(=O)[C@@](C)(O/C=C/[C@H](OC)[C@@H](C)[C@@H](OC(C)=O)[C@H](C)[C@H](O)[C@H](C)[C@@H](O)[C@@H](C)/C=C/C=C(/C)C(=O)N1)O4,0,0,0.38354934273849367
NCC1CC(=O)N(Cc2ccccc2)C1,1,1,0.5100996752878376
C[C@]12C=CC(=O)C=C1CC[C@H]1[C@@H]3C[C@H]4Cc5ccccc5C[C@@]4(C(=O)CO)[C@@]3(C)C[C@H](O)[C@@]12F,1,1,0.585704963430295
O=C(Cc1ccc(Cl)c(Cl)c1)N1CCc2occc2[C@H]1CN1CCCC1,1,1,0.5582722864905418
O=C(Cc1ccc(Cl)c(Cl)c1)N1CCc2occc2[C@H]1CN1CC[C@@H](O)C1,1,1,0.5546238643541365
CN(C)CCCn1cc(-c2ccccc2)c(-c2ccccc2)n1,1,1,0.5668177486467383
Nc1ccc(S(=O)(=O)Nc2ncccn2)cc1,1,1,0.5564342001756397
COC[C@H]1CN(c2ccc(OCC[C@@H](O)C(F)(F)F)cc2)C(=O)O1,1,1,0.5788515270325372
Cc1cccc(N2CC(CO)OC2=O)c1,1,1,0.5871050830059805
CC(Cc1ccccc1)(NC(=O)CN)c1ccccc1,1,0,0.48587283224231376
CCC(=O)O[C@](Cc1ccccc1)(c1ccccc1)[C@H](C)CN(C)C,1,1,0.5661173264670133
CC(=O)OCC1=C(C(=O)O)N2C(=O)[C@@H](NC(=O)c3c(-c4ccccc4Cl)noc3C)[C@H]2SC1,0,0,0.35082225813014617
CCC1(C)CC(=O)NC(=O)C1,1,1,0.5846738671141805
Fc1ccc2[nH]c3c(c2c1)CN(CCc1ccncc1)CC3,1,1,0.5805243338888233
Nc1ccc(S(=O)(=O)c2ccc(N)cc2)cc1,0,1,0.5609947387060522
Cc1ccc(-c2nc3ccc(C)cn3c2CC(=O)N(C)C)cc1,1,1,0.5574207097018953
CCCC(=O)N(C)Cc1c(-c2ccc(Cl)cc2)nc2ccccn12,1,1,0.5627808214929384
CCCN(CCC)C(=O)Cc1c(-c2ccc(Cl)cc2)nc2ccc(Cl)cn12,1,1,0.5622345267745227
CC(C)(C)NC(=O)[C@@H]1C[C@@H]2CCCC[C@@H]2CN1C[C@@H](O)[C@H](Cc1ccccc1)NC(=O)[C@H](CC(N)=O)NC(=O)c1ccc2ccccc2n1,0,1,0.5233215659069699
CC(C)(C)NC(=O)C1CC2CCCCC2CN1CC(O)C(Cc1ccccc1)NC(=O)C(CC(N)=O)NC(=O)c1ccc2ccccc2n1,1,1,0.5233215659069699
Cc1cccc(/C=N/N2CCN(C(c3ccccc3)c3ccccc3)CC2)n1,1,1,0.5632528359898584
CCCCCCCNC(=O)Oc1ccc2c(c1)[C@]1(C)CCN(C)[C@@H]1N2C,1,1,0.5618172052577399
CNC(=O)Oc1ccc2c(c1)[C@]1(C)CCN(C)[C@@H]1N2C,1,1,0.5618172052577399
CCC1(c2ccccc2)C(=O)NCNC1=O,1,1,0.5497384508647336
CC[C@@]1(O)C[C@H](O[C@H]2C[C@H](N(C)C)[C@H](O[C@H]3C[C@@H]4O[C@H]5CC(=O)[C@H](C)O[C@H]5O[C@@H]4[C@H](C)O3)[C@H](C)O2)c2c(O)c3c(c(O)c2[C@H]1O[C@H]1C[C@H](N(C)C)[C@H](O)[C@H](C)O1)C(=O)c1cccc(O)c1C3=O,0,0,0.3612287007934148
OCCN1CCN(CCCN2c3ccccc3C=Cc3ccccc32)CC1,1,1,0.562440784697249
O=C(C1CCCCC1)N1CC(=O)N2CCc3ccccc3C2C1,1,1,0.5642677868277264
Cc1nnc(SCC2=C(C(=O)O)N3C(=O)[C@@H](NC(=O)Cn4cc(Cl)c(=O)c(Cl)c4)[C@H]3SC2)s1,0,0,0.3330637048638728
O=S(=O)(c1ccc2cc[nH]c2c1)N1CCCC1CCN1CCC(Oc2cccc(Cl)c2)CC1,1,1,0.573621642560828
COc1cc(C(=O)N2CCOCC2)cc(OC)c1OC,1,1,0.5766741907821087
CN1/C(=C(/O)Nc2ccccn2)C(=O)c2ccccc2S1(=O)=O,0,1,0.5052442010017643
CN1CCN(c2c(F)cc3c(=O)c(C(=O)O)cn4c3c2SCC4)CC1,0,0,0.4693191132825282
CNCCCN1Cc2ccccc2Cc2ccccc21,1,1,0.5592393356883834
Nc1nc(=S)c2[nH]cnc2[nH]1,0,1,0.5613303169744019
CCCCOc1ccc(C(=O)CCN2CCCCC2)cc1,0,1,0.582767628678797
CC[C@]1(O)C[C@H]2CN(CCc3c([nH]c4ccccc34)[C@@](C(=O)OC)(c3cc4c(cc3OC)N(C=O)[C@H]3[C@@](O)(C(=O)OC)[C@H](OC(C)=O)[C@]5(CC)C=CCN6CC[C@]43[C@@H]65)C2)C1,1,1,0.5789564679091764
CC[C@]1(O)C[C@H]2CN(CCc3c([nH]c4ccccc34)[C@@](C(=O)OC)(c3cc4c(cc3OC)N(C)[C@H]3[C@@](O)(C(=O)OC)[C@H](OC(C)=O)[C@]5(CC)C=CCN6CC[C@]43[C@@H]65)C2)C1,1,1,0.5774721686977449
CC[C@]1(O)C[C@H]2CN(CCc3c([nH]c4ccccc34)[C@@](C(=O)OC)(c3cc4c(cc3OC)N(C)[C@H]3[C@@](O)(C(N)=O)[C@H](O)[C@]5(CC)C=CCN6CC[C@]43[C@@H]65)C2)C1,0,1,0.5496790128422945
COc1cc2c3c(c1O)C1(C=CC(=O)C=C1)CC3N(C)CC2,1,1,0.5282657880185101
OC(Cn1cncn1)(Cn1cncn1)c1ccc(F)cc1F,1,1,0.5601608063134352
CO/N=C(\C(=O)NC1C(=O)N(OCC(=O)O)[C@H]1C)c1csc(N)n1,0,0,0.3213635646802511
C[C@H]1[C@H](NC(=O)/C(=N\OC(C)(C)C(=O)O)c2csc([NH3+])n2)C(=O)N1S(=O)(=O)[O-],0,0,0.3441747732326443
CC1(C)[C@H](NC(=O)/C(=N\OCC(=O)O)c2csc(N)n2)C(=O)N1OS(=O)(=O)O,0,0,0.3213635646802511
CO/N=C(\C(=O)N[C@@H]1C(=O)N(OCC(=O)OCC(=O)OC(C)(C)C)[C@H]1C)c1csc(N)n1,0,0,0.37743803199858383
NC(=O)OCC1[C@H](NC(=O)/C(=N\OCC(=O)O)c2csc(N)n2)C(=O)N1S(=O)(=O)O,0,0,0.32309734673220336
Cc1c2oc3c(C)ccc(C(=O)NC4C(=O)NC(C(C)C)C(=O)N5CCCC5C(=O)N(C)CC(=O)N(C)C(C(C)C)C(=O)OC4C)c3nc-2c(C(=O)NC2C(=O)NC(C(C)C)C(=O)N3CCCC3C(=O)N(C)CC(=O)N(C)C(C(C)C)C(=O)OC2C)c(N)c1=O,0,0,0.46097184925645796
CC=CCC(C)C(O)C1C(=O)NC(CC)C(=O)N(C)CC(=O)N(C)C(CC(C)C)C(=O)NC(C(C)C)C(=O)N(C)C(CC(C)C)C(=O)NC(C)C(=O)NC(C)C(=O)N(C)C(CC(C)C)C(=O)N(C)C(CC(C)C)C(=O)N(C)C(C(C)C)C(=O)N1C,0,1,0.5459837772113539
Oc1ccc2c(c1)[C@@]13CCCC[C@@]1(O)[C@@H](C2)N(CC1CCC1)CC3,1,1,0.5279191630726409
CN1C(CC(=O)c2ccccc2)CCCC1CC(O)c1ccccc1,1,1,0.5797570666150847
CC1(C)CC(=O)N(CCCCN2CCN(c3ncccn3)CC2)C(=O)C1,1,1,0.5999158201366758
CN(C(=O)Cc1ccc(Cl)c(Cl)c1)C1CCCC[C@H]1N1CCCC1,1,1,0.5616264957951722
CO[C@@H]1[C@@H](O[C@@H]2O[C@H](C)[C@@H](O[C@H]3C[C@@](C)(O)[C@@H](OC(=O)CC(C)C)[C@H](C)O3)[C@H](N(C)C)[C@H]2O)[C@@H](CC=O)C[C@@H](C)[C@@H](O)/C=C/C=C/C[C@@H](C)OC(=O)C[C@H]1OC(C)=O,0,0,0.36818075366437164
CCC(=O)OC1CC(=O)OC(C)C/C=C/C=C\C(O)C(C)CC(CC=O)C(O[C@@H]2O[C@H](C)[C@@H](O[C@H]3C[C@@](C)(O)[C@H](OC(=O)CC)[C@@H](C)O3)[C@H](N(C)C)[C@H]2O)C1OC,0,0,0.36818075366437164
Nc1nc(=O)c2c([nH]1)NCC(CNc1ccc(C(=O)N[C@@H](CCC(=O)[O-])C(=O)[O-])cc1)N2C=O,1,0,0.4588577979760666
COc1ccccc1N1CCN(CCCC(=O)c2ccc(F)cc2)CC1,1,1,0.5734597696374475
CC(Cc1ccc(O)cc1)NCC(O)c1cc(O)cc(O)c1,0,1,0.5114172282517578
CC[C@H](NC(=O)c1c(Cn2ccnc2)c(-c2ccccc2)nc2ccccc12)c1ccccc1,0,1,0.5188016163575287
O=C(O)CN1C(=O)c2cccc3cccc(c23)C1=O,1,0,0.49746988505300743
CNCCSC1=Cc2cc(F)ccc2Oc2ccccc21,1,1,0.5682816452239547
Cc1cccc(C)c1NC(=O)c1ccc(N)cc1,1,1,0.5314631614364098
CCN(CC)c1ccc(NC(=O)c2ccccc2N)c(C)c1,1,1,0.5316207556481434
CCCC[C@@H]1CC(=O)[C@]2(O)O[C@@H]3[C@@H](NC)[C@@H](O)[C@@H](NC)[C@H](O)[C@H]3O[C@@H]2O1,0,0,0.4120713740643654
Clc1ccccc1C(c1ccccc1)(c1ccccc1)n1ccnc1,0,1,0.5658854521604533
CCN[C@H](Cc1ccccc1)[C@H]1CCCO1,1,1,0.5457627254723222
OCCN1CCN(CC/C=C2/c3ccccc3Sc3ccc(Cl)cc32)CC1,1,1,0.5932747212735738
CNC(=O)CCN1CCN(CCC=C2c3ccccc3Sc3ccc(Cl)cc32)CC1,1,1,0.5635217469030337
OCCN1CCN(CC/C=C2/c3ccccc3Sc3ccc(C(F)(F)F)cc32)CC1,1,1,0.5909558229858174
CN1CCN(CC/C=C2\c3ccccc3Sc3ccc(S(=O)(=O)N(C)C)cc32)CC1,1,1,0.5721566238824888
O=C(COc1ccc(Cl)cc1)OCCNC12CC3CC(CC(C3)C1)C2,1,1,0.5622950882184001
CC(=O)O[C@H]1C[C@@]2(C)[C@@H](C[C@@H](O)[C@H]3[C@@]4(C)CC[C@@H](O)[C@@H](C)[C@@H]4CC[C@@]32C)/C1=C(\CCC=C(C)C)C(=O)O,0,0,0.44271999596941236
CN1CCc2cccc3c2[C@H]1Cc1ccc(O)c(O)c1-3,1,1,0.5251314130015889
CN1CCN2c3ccccc3Cc3ccccc3C2C1,1,1,0.564654597616389
COc1ccc2c(c1)N(CCC1CCCCN1C)c1ccccc1S2,1,1,0.6222680252431165
CSc1ccc2c(c1)N(CCC1CCCCN1C)c1ccccc1S2,1,1,0.6087341130997003
CN1CCCCC1CCN1c2ccccc2Sc2ccc(S(C)=O)cc21,1,1,0.6228702327137108
CN1CCCCC1CCN1c2ccccc2Sc2ccc(S(C)(=O)=O)cc21,1,1,0.6209468628869655
COc1cc2c(cc1OC)C(=O)C(CC1CCN(Cc3ccccc3)CC1)C2,1,1,0.5874124581330511
OC[C@@H](O)[C@H]1OC2O[C@H](C(Cl)(Cl)Cl)O[C@@H]2[C@H]1O,1,0,0.48125248471930054
c1csc(Cc2ccccc2OCC2CNCCO2)c1,1,1,0.5752426589404203
Cn1nnnc1SCC1=C(C(=O)O)N2C(=O)[C@@H](NC(=O)CS/C=C\C#N)[C@H]2SC1,0,0,0.32027593556755896
CO[C@@]1(NC(=O)CSCC#N)C(=O)N2C(C(=O)O)=C(CSc3nnnn3C)CS[C@@H]21,0,0,0.3104063289949938
CO[C@@]1(NC(=O)CSC[C@@H](N)C(=O)O)C(=O)N2C(C(=O)O)=C(CSc3nnnn3C)CS[C@@H]21,0,0,0.2777305367358487
Cn1nnnc1SCC1=C(C(=O)[O-])N2C(=O)[C@@H](NC(=O)CSC(F)(F)F)[C@H]2SC1,0,0,0.32335502904009716
CC1OC(C)OC(C)O1,1,1,0.5185732480575583
OCCN1C=CN(CCCN2c3ccccc3C=Cc3ccccc32)C=CC1,1,1,0.547751983484084
CC1(C)SC2C(NC(=O)CSc3ccccc3)C(=O)N2C1C(=O)O,0,0,0.3351338052132616
CNCCC=C1c2ccccc2C(C)(C)c2ccccc21,1,1,0.5587264615078996
CN(C)CCC=C1c2ccccc2C(C)(C)c2ccccc21,1,1,0.5661373791171072
CCC(=O)O[C@]1(c2ccccc2)CCN(C)C[C@@H]1CC,1,1,0.582579352709408
CCOC(=O)C1(c2ccccc2)CCN(C)CC1,1,1,0.582579352709408
CCC[C@]1(c2cccc(O)c2)CCN(C)C[C@@H]1C,1,1,0.5470450628911382
CCCCCCN1CCC(C(=O)N(C)CC)(c2ccccc2)CC1,1,1,0.585691452210941
CCOC(=O)C1(c2cccc(O)c2)CCN(C)CC1,1,1,0.5457767793459976
CCC(=O)C1(c2cccc(O)c2)CCN(C)CC1,1,1,0.5457490779289085
CCC(=O)OC1(c2ccccc2)CCN(C)CC1C,1,1,0.582579352709408
Fc1ccc([C@@H]2CCNC[C@H]2COc2ccc3c(c2)OCO3)cc1,1,1,0.5540631946629644
NC(=O)CCCN/C(=C1\C=C(F)C=CC1=O)c1ccc(Cl)cc1,1,1,0.55151888755403
CCCCN/C(=C1/C=C(Cl)C=CC1=O)c1ccccc1Cl,1,1,0.5516831156511817
Clc1ccccc1C1=NCc2nnc(C3CCCCC3)n2-c2sc(Br)cc21,1,1,0.6037060624027463
NCCn1ncc2cc(Cl)c(Cl)cc21,1,1,0.5196095746280305
Cc1ccc(Cc2cnc(NCCSCc3ccc(C(C)(C)N)o3)[nH]c2=O)cn1,0,0,0.46170543278540005
CN1CCCc2cccc(OCC3CNCCO3)c21,1,1,0.5713125793976138
CCC1(c2ccccc2)OCC(C2CCCCN2)O1,1,1,0.5879497741701218
CN1CCN(C2Cc3ccccc3Sc3ccc(Cl)cc32)CC1,1,1,0.5962539292838941
CSc1ccc2c(c1)C(N1CCN(C)CC1)Cc1ccccc1S2,1,1,0.5762487474610487
CC12CCC(CC1=O)C2(C)C,1,1,0.5601728692976803
CC1(C)CCN(C(=O)Cc2ccc(Cl)c(Cl)c2)[C@@H](CN2CCCC2)C1,1,1,0.5851189077043256
O=C(Cc1ccc(Cl)c(Cl)c1)N1CCCC[C@H]1CN1CCCC1,1,1,0.5851189077043256
O=C(Cc1ccc(C(F)(F)F)cc1)N1CCCC[C@H]1CN1CCCC1,1,1,0.5813855711880737
COC1=CC=C2[C@H]3Cc4ccc(OC)c5c4[C@@]2(CCN3C)[C@H]1O5,1,1,0.5735565118863826
CC1[C@H]2C(=O)c3ccc(O)cc3[C@]1(C)CCN2CC1CC1,1,1,0.5457490779289085
CCc1nn(CCCN2CCN(c3cccc(Cl)c3)CC2)c(=O)n1CCOc1ccccc1,1,1,0.5746206538506491
NCCc1cn2ccccc2n1,0,1,0.5091204040846179
N[C@@H](C(=O)NC1C(=O)N2C(C(=O)O)=C(Cl)CCC12)c1ccccc1,0,0,0.35390504426093744
O=c1[nH]c2cc(Cl)ccc2n1C1CCN(CC2COc3ccccc3O2)CC1,1,1,0.5963478440106554
CC(=O)OCC(=O)[C@@]12OC3(CCCC3)O[C@@H]1C[C@H]1[C@@H]3CCC4=CC(=O)C=C[C@]4(C)[C@@]3(F)[C@@H](O)C[C@@]12C,1,1,0.5978681090225546
O=C1NCCNC1c1cccs1,1,1,0.5678710689336948
Cc1cc(NC(=O)c2c(C)cccc2C)no1,1,1,0.529463170927606
O=C1CNC(c2ccccc2)=c2c3c(sc2=N1)CCCC3,1,1,0.5605640709906602
O=C1CN2C(=O)CCC2N1,1,1,0.5451323906796675
CC(=O)Nc1cccc(-c2csc(N=C(N)N)n2)c1,0,0,0.49076689671947066
NC(N)=Nc1nc(-c2ccccc2)cs1,1,1,0.5205992983995879
NCCc1nc(-c2ccccc2)cs1,0,0,0.4856116053733742
NC(N)=Nc1nc(-c2cccc(N)c2)cs1,1,1,0.5210666678843454
CNC(=NC#N)Nc1cccc(-c2csc(N=C(N)N)n2)c1,0,1,0.52017186492685
CC(CN(C)C)CN1c2ccccc2S(=O)(=O)c2ccccc21,1,1,0.6024811005426821
CN(C(=O)CNC(=O)[C@@H](N)CCCCN)c1ccc(Cl)cc1C(=O)c1ccccc1,1,0,0.4944722490134991
CC(CC#N)N(C)CC(=O)N(C)c1ccc(Cl)cc1C(=O)c1ccccc1F,1,1,0.5827231530069926
CN(C(=O)CN(CCO)CCO)c1ccc(Cl)cc1C(=O)c1ccccc1Cl,1,1,0.5693350618032825
CN(C(=O)CNC(=O)CN)c1ccc(Cl)cc1C(=O)c1ccccc1Cl,1,0,0.49522467323165864
CC(C(=O)O)c1cccc(C(=O)c2ccccc2)c1,1,0,0.49677587136063317
Cc1ccc(C(=O)c2cc(O)c(O)c([N+](=O)[O-])c2)cc1,0,1,0.5179845156405734
C=C(C)CNCC(=O)N(C)c1ccc(Cl)cc1C(=O)c1ccccc1,1,1,0.5649185121693334
O=C1Nc2ccc(Cl)nc2C(c2ccccc2Cl)=NC1O,1,1,0.5820054980847573
CN1/C(=C(\O)Nc2ccccn2)C(=O)c2sccc2S1(=O)=O,0,1,0.5093039811106889
CC(C)COCC(CN(Cc1ccccc1)c1ccccc1)N1CCCC1,0,1,0.5481612059393315
CN(C)CC/C=C1/c2ccccc2CSc2ccccc21,1,1,0.5535324810739639
c1ccc(Cn2cc(CCc3ccncc3)c3ccccc32)cc1,1,1,0.5659231226463259
C=CCSCC(=O)NC1C(=O)N2C1SC(C)(C)C2C(=O)[O-],0,0,0.34192718187825066
CC1(C)S[C@@H]2[C@H](NC(=O)CCC[C@@H](N)C(=O)O)C(=O)N2[C@H]1C(=O)O,0,0,0.3069922089156784
OC(c1ccccc1)(c1ccccc1)C1CC1c1ccncc1,1,1,0.5503697530229098
COC(=O)C1C2CC3c4[nH]c5cc(OC)ccc5c4CCN3CC2CC(OC)C1OC,1,1,0.5696508511073747
COC(=O)[C@@H]1[C@H]2C[C@H]3c4[nH]c5ccccc5c4CCN3C[C@@H]2CC[C@@H]1O,0,1,0.5740917015588992
CC[C@H](C)C(=O)O[C@H]1CCC=C2C=C[C@H](C)[C@H](CC[C@@H]3C[C@@H](O)CC(=O)O3)[C@H]21,1,0,0.47834489771728583
CCC(C)(C)C(=O)O[C@H]1C[C@@H](C)C=C2C=C[C@H](C)[C@H](CC[C@@H]3C[C@@H](O)CC(=O)O3)[C@H]21,1,0,0.47834489771728583
O=C1NC(=O)C2(CCc3ccccc3C2)N1,1,1,0.5601080190146212
CC(C)C1NC(=O)[C@@H](C(C)C)OC(=O)[C@H](C(C)C)NC(=O)[C@H](C)OC(=O)[C@@H](C(C)C)NC(=O)[C@@H](C(C)C)OC(=O)[C@H](C(C)C)NC(=O)[C@H](C)OC(=O)[C@@H](C(C)C)NC(=O)[C@@H](C(C)C)OC(=O)[C@H](C(C)C)NC(=O)[C@H](C)OC1=O,0,1,0.5234035264943155
N#Cc1ccc2c(c1)C1=C(CCN(CC3CCCC3)CC1)c1ccccc1O2,1,1,0.5651999664286529
CC12C[C@H](O)[C@@]3(F)C(CCC4=CC(=O)C=CC43C)[C@@H]1C[C@H]1O[C@@](C)(c3ccccc3)O[C@]12C(=O)CO,1,1,0.5948944844469038
Fc1ccc(-c2ccc(CN3CCN(c4cccc5ccoc45)CC3)[nH]2)cc1,1,1,0.5713155002680728
OCc1cccnc1,0,1,0.5562301117961483
CC(C)(C)NCC(O)c1ccc(O)c(CO)n1,0,1,0.5083196769906221
CNCCc1ccccn1,1,1,0.554851694645408
CN(C)CCc1ccccn1,1,1,0.5627414066673789
CCc1cc(C(N)=S)ccn1,1,1,0.5582002652548644
NNC(=O)c1ccncc1,0,1,0.5270739449173505
NC(=O)c1cccnc1,1,1,0.5581410014893466
CCN(CC)C(=O)c1cccnc1,1,1,0.559341414213125
CCNC(=NC#N)NCCSCc1ncccc1Br,0,1,0.5025387068454125
CC(C)NNC(=O)c1ccncc1,1,1,0.5270739449173505
CCNCc1c(CSC)cnc(C)c1O,1,0,0.4641344115339171
O=C(O)c1cc(=O)c2ccccc2o1,1,0,0.46375665922529663
CN1CCN(C2=Nc3ccccc3Cc3ccccc32)CC1,1,1,0.5647343438026654
CN1CCN(C2=Nc3cc(F)ccc3Cc3ccccc32)CC1,1,1,0.5734772931040425
O=C1CN=C(c2ccccn2)c2cc(Br)ccc2N1,1,1,0.5915935823274149
CO[C@H]1/C=C/O[C@@]2(C)Oc3c(C)c(O)c4c(c3C2=O)C(=O)/C(=C/NN2CCN(C3CCCC3)CC2)C(=C4O)NC(=O)/C(C)=C\C=C\[C@H](C)[C@H](O)[C@@H](C)[C@@H](O)[C@@H](C)[C@H](OC(C)=O)[C@@H]1C,0,0,0.381511297559231
O=c1[nH]c2ccccc2c(=O)n1CCN1C[C@H]2C[C@H](c3ccc(F)cc3)[C@H]2C1,1,1,0.565728712486326
CC1C2Cc3ccc(O)cc3C1(C)CCN2CCc1ccccc1,1,1,0.5469324770454894
O=C(Cc1ccc(Cl)c(Cl)c1)N1CCc2sccc2[C@H]1CN1CCCC1,1,1,0.5656214256210378
COC(=O)[C@@H]1C2CCC(C[C@@H]1OC(=O)c1ccccc1)N2C,1,1,0.5719691537802374
Cc1nc2n(c(=O)c1CCN1CCC(C(=O)c3ccc(F)cc3)CC1)CCS2,1,1,0.5769886207848419
COc1cc(N)c(Cl)cc1C(=O)NC1CCN(CCCOc2ccc(F)cc2)CC1OC,1,1,0.5679621169442824
CC(=O)OCC1=C(C(=O)[O-])N2C(=O)[C@H](NC(=O)CC#N)[C@@H]2SC1,0,0,0.3406628807560943
CC(=O)OCC1=C(C(=O)O)N2C(=O)[C@@H](NC(=O)CCC[C@@H](N)C(=O)O)[C@H]2SC1,0,0,0.3050077850725343
CN(C)CCCN1c2ccccc2Sc2cccnc21,1,1,0.5860468507018428
NC1CONC1=O,1,1,0.5124555999507848
COc1cc2c(cc1OC)C(c1cccc(Cl)c1)=NN=C(C)C2,1,1,0.572128141740352
CCC1C(C)=NN=C(c2ccc(OC)c(OC)c2)c2cc(OC)c(OC)cc21,1,1,0.5667640904571616
COc1cc2c(cc1OC)C(c1ccc(N)cc1)=NN=C(C)C2,1,1,0.566663155457241
CC(C)(C)C(O)/C=C/c1ccc2c(c1)OCO2,1,1,0.5164988358020622
O=C1NC2CCCCN2C12CCN(CCCN1c3ccccc3CCc3ccc(Cl)cc31)CC2,1,1,0.5916529690395004
CN1C[C@H](CN2CC(=O)NC(=O)C2)C=C2c3cccc4[nH]cc(c34)C[C@H]21,1,1,0.5742395438377819
CCC(=O)N(c1ccc(Cl)c(Cl)c1)[C@@H]1CCC[C@H]1N(C)C,1,1,0.5703135704923973
CN1CCN(C(=O)OC2C3=C(SCCS3)C(=O)N2c2ccc3ccc(Cl)nc3n2)CC1,1,1,0.5714600871223321
CCC(=O)N1CCN(C(=O)OC2C3=C(SCCS3)C(=O)N2c2ccc3ccc(Cl)nc3n2)CC1,1,1,0.5719165851252885
CN(C)CCCn1c(=O)c2ccccc2c2ccccc21,1,1,0.5647140107101948
CC(=O)OCC(=O)[C@@]1(OC(=O)c2ccco2)[C@H](C)C[C@H]2[C@@H]3CCC4=CC(=O)C=C[C@]4(C)[C@@]3(F)[C@@H](O)C[C@@]21C,1,1,0.5816237145071395
O=C(NCCCOc1cccc(CN2CCCCC2)c1)c1ccccc1,1,1,0.5540808667501159
Cc1[nH]ccc2c1[nH]c1cc(=O)ccc12,1,1,0.5514924003721161
CCC(=O)O[C@H]1[C@H](C)O[C@@H](O[C@@H]2C(C)C(=O)O[C@H](C)[C@H](C)[C@H](OC(=O)CC)[C@@H](C)C(=O)[C@]3(CO3)CC(C)[C@H](O[C@@H]3O[C@H](C)C[C@H](N(C)C)[C@H]3O)[C@H]2C)C[C@@H]1OC,0,0,0.41443584834903713
CO[C@H]1C[C@H](O[C@H]2[C@H](C)[C@@H](O[C@@H]3O[C@H](C)C[C@H](N(C)C)[C@H]3OC(C)=O)[C@@H](C)C[C@@]3(CO3)C(=O)[C@H](C)[C@@H](OC(C)=O)[C@@H](C)[C@@H](C)OC(=O)[C@@H]2C)O[C@@H](C)[C@@H]1OC(C)=O,0,0,0.41774618889687626
COC1CC(O[C@H]2[C@H](C)[C@@H](OC3OC(C)CC(N(C)C)C3O)[C@@H](C)C[C@]3(CO3)C(=O)[C@H](C)[C@@H](O)[C@@H](C)[C@@H](C)OC(=O)[C@@H]2C)OC(C)C1O,0,0,0.376454465103803
CCC1(CC)C(=O)NCC(C)C1=O,1,1,0.5848493512731975
COc1cc(C(=O)N2CCCCCCC2)cc(OC)c1OC,1,1,0.5655344806821749
CN1CCCN(C(c2ccccc2)c2ccc(Cl)cc2)CC1,1,1,0.5722875385484416
CC12CCCCCC(Cc3ccc(O)cc31)C2N,1,0,0.4746267276989419
CCC1(C)CC(=O)NC1=O,1,1,0.576833795917403
CCC1(CC)C(=O)NC(=O)N(c2ccccc2)C1=O,1,1,0.5601080190146212
O=C(NCCN1CCOCC1)c1ccc(Cl)cc1,1,1,0.5477570626158885
CN1CCN(C2=c3ccccc3=Nc3ccc(Cl)cc3N2)CC1,1,1,0.5655608342235932
CCN(C(C)=O)c1cccc(-c2ccnc3c(C#N)cnn23)c1,1,1,0.5601992432650365
COc1ccc2c3c1O[C@H]1C[C@@H](O)C=C[C@@]31CCN(C)C2,1,1,0.5651039611784185
CCC12CCN(CC3CC3)C(Cc3ccc(O)cc31)C2(C)C,1,1,0.5470450628911382
CC1C2Cc3ccc(O)cc3C1(C)CCN2CC1CC1,1,1,0.5470450628911382
CC[C@]12CCN(CC3(O)CC3)[C@H](Cc3ccc(O)cc31)C2(C)C,1,1,0.5359501047769512
COC(=O)C(c1ccccc1)C1CCCCN1,1,1,0.582579352709408
CC(=O)OC(c1ccccc1)C1CCCCN1,1,1,0.582579352709408
CC1(C)S[C@@H]2[C@H](NC(=O)[C@H](N)c3ccccc3)C(=O)N2[C@H]1C(=O)OC1OC(=O)c2ccccc21,0,0,0.3525177790089986
CN(Cc1cnc2nc(N)nc(N)c2n1)c1ccc(C(=O)N[C@@H](CCC(=O)O)C(=O)O)cc1,0,0,0.4616582445776454
COc1ccc(Cc2nccc3cc(OC)c(OC)cc23)cc1OC,0,1,0.5647528484688752
C[C@H]1CCCC[C@@]1(c1cccs1)N1CCCCC1,1,1,0.588668796940046
CN(C)Cc1ccc(-c2cccc(NC3N=CC=C3[N+](=O)[O-])c2)o1,1,1,0.5513381780439977
CO[C@@]1(NC(=O)C2SC(=C(C(N)=O)C(=O)O)S2)C(=O)N2C(C(=O)O)=C(CSc3nnnn3C)CS[C@@H]21,0,0,0.31132926190755045
O=c1[nH]c2cc(Cl)ccc2n1C1CCN(CCCC(c2ccc(F)cc2)c2ccc(F)cc2)CC1,1,1,0.6033942069741328
O=c1[nH]c2ccccc2n1C1CCN(CCCC(c2ccc(F)cc2)c2ccc(F)cc2)CC1,1,1,0.5959371969547871
Cc1ccc(S(=O)(=O)CCN2C(=O)CN=C(c3ccccc3Cl)c3cc(Cl)ccc32)cc1,1,1,0.5908153643351204
OCCN1CCN(CCCC2c3ccc(F)cc3Sc3ccc(C(F)(F)F)cc32)CC1,1,1,0.5983168253569549
OCCCN1CCN(CCCC2c3ccccc3Sc3ccc(Cl)cc32)CC1,1,1,0.5941059753672894
COc1cc(C(=O)OCCN2CCN(CCCN3c4ccccc4Sc4ccc(Cl)cc43)CC2)cc(OC)c1OC,1,1,0.6099953373413793
CC(C)(Oc1ccc(Cl)cc1)C(=O)N[C@@H](C(=O)N[C@@H]1C(=O)N2[C@@H]1SC(C)(C)[C@@H]2C(=O)O)c1ccccc1,0,0,0.3598703409017032
Cc1nccc2c1[nH]c1ccccc12,1,1,0.5674974536245847
Clc1ccc2c(c1)C(c1ccccc1)=NCc1nncn1-2,1,1,0.5927465906189012
Cc1nnc2n1-c1ccc(Cl)cc1C(c1ccccc1Cl)=NC2,1,1,0.5922002959004855
Cc1nnc2n1-c1ccc(Cl)cc1C(c1ccccc1)=NC2,1,1,0.5927465906189012
CN(C)Cc1nnc2n1-c1ccc(Cl)cc1C(c1ccccc1)=NC2,1,1,0.5967156937264938
CC(Cc1ccccc1)n1cc([N-]C(=O)Nc2ccccc2)[o+]n1,1,1,0.5622721681789002
CO[C@@]1(NC(=O)CSC(F)(F)F)C(=O)N2C(C(=O)O)=C(CSc3nnnn3CCO)CO[C@@H]21,0,0,0.3134778760087919
CC1(C)O[C@@H]2C[C@H]3C4CCC5CC(=O)CCC5(C)[C@@]4(F)[C@@H](O)CC3(C)[C@]2(C(=O)CO)O1,1,1,0.588732804011315
O=C([O-])c1ccccc1Oc1ccccc1,1,0,0.4975823970723984
CN1CCC(=C2c3ccccc3Sc3ccccc32)CC1,1,1,0.6083793099067423
OC(c1ccccc1)(c1ccccc1)C1CCCCN1,1,1,0.5733672418148306
CCCCCC(C)C(C)c1cc(OC(=O)CCCN2CCCCCC2)c2c(c1)OC(C)(C)C1=C2CC(C)CC1,1,1,0.5643386780913506
NS(=O)(=O)c1cc2c(cc1Cl)NC=NS2(=O)=O,0,1,0.5470675407618264
COC1=CC(=O)OC1C(O)c1ccccc1Cl,1,1,0.5207242254903703
O=C1NC(=O)C2(c3ccc(Cl)cc3)CC12,1,1,0.6047616659199527
CCOC(=O)[C@H](CCc1ccccc1)N[C@@H](C)C(=O)N1CCC[C@H]1C(=O)O,0,0,0.4882025278300881
c1ccc(CC2NCCc3c2[nH]c2ccccc32)cc1,1,1,0.5643568488393151
Cn1cc(CCN2CCN(c3ccccc3Cl)CC2)cn1,1,1,0.5687034545984974
Cc1cnc(N/C(O)=C2/C(=O)c3ccccc3S(=O)(=O)N2C)s1,0,0,0.45517339589113753
C=C[C@H]1CN2CC[C@@H]1C[C@H]2[C@H](O)c1ccnc2ccc(OC)cc12,0,1,0.5439566256751733
C=C[C@H]1CN2CC[C@H]1C[C@@H]2[C@@H](O)c1ccnc2ccc(OC)cc12,1,1,0.5439566256751733
C[C@H]1O[C@@H](O[C@H]2[C@@H](O)C[C@H](O[C@H]3[C@@H](O)C[C@H](O[C@H]4CC[C@@]5(C)[C@H](CC[C@@H]6[C@@H]5CC[C@]5(C)[C@H](C7=CC(=O)OC7)CC[C@]65O)C4)O[C@@H]3C)O[C@@H]2C)C[C@H](O)[C@@H]1O,0,0,0.3523479316782904
C[C@H]1O[C@@H](O[C@H]2[C@@H](O)C[C@H](O[C@H]3[C@@H](O)C[C@H](O[C@H]4CC[C@@]5(C)[C@H](CC[C@@H]6[C@@H]5C[C@@H](O)[C@]5(C)[C@@H](C7=CC(=O)OC7)CC[C@]65O)C4)O[C@@H]3C)O[C@@H]2C)C[C@H](O)[C@@H]1O,0,0,0.35214834887775764
CO[C@@]12[C@H](COC(N)=O)C3=C(C(=O)C(C)=C(N)C3=O)N1C[C@@H]1N[C@@H]12,0,1,0.5406785855869917
COc1cc2c(cc1OC)C1CC(=O)C(CC(C)C)CN1CC2,1,1,0.5874124581330511
O=C(NCCc1ccc(O)c(O)c1)C12CC3CC(CC(C3)C1)C2,1,0,0.4922924722196523
CN1[C@@H]2CCC[C@H]1CC(NC(=O)c1nn(C)c3ccccc13)C2,1,1,0.5530735255547139
Cc1[nH]nc2c1N(c1ccccc1)C(=O)CC(=O)N2C,1,1,0.5500635404256146
CCCCCc1cc(O)c2c(c1)OC(C)(C)[C@@H]1CCC(C)=C[C@@H]21,1,1,0.5227842546115683
Cc1ccsc1C(=CCCN1CCC[C@@H](C(=O)O)C1)c1sccc1C,1,1,0.5217673146990632
COc1ccc(C2CNC(=O)C2)cc1OC1CCCC1,1,1,0.5617005577632683
CCN(CC)C(=O)[C@H]1[C@H](C(=O)N(CC)CC)[C@H]2C=C[C@@H]1C2,1,1,0.5156091497548636
CC1(C)S[C@@H]2[C@H](NC(=O)[C@H](NC(=O)N3CCN(S(C)(=O)=O)C3=O)c3ccccc3)C(=O)N2[C@H]1C(=O)O,0,0,0.3326976094949047
COc1cc(/C=C/C(=O)N2CCCCCCC2)cc(OC)c1OC,1,1,0.5657269238635005
CC1(C)S[C@@H]2[C@H](NC(=O)[C@H](NC(=O)Nc3cnc(Nc4ccc(S(N)(=O)=O)cc4)[nH]c3=O)c3ccc(O)cc3)C(=O)N2[C@H]1C(=O)O,0,0,0.33177512522210023
CC(C)CC(N(C)C)C1(c2ccc(Cl)cc2)CCC1,1,1,0.5697187162525524
CC(=O)CC(c1ccccc1)c1c(O)oc2ccccc2c1=O,0,0,0.4890953265399761
O=c1cc[nH]nc1,1,1,0.5442085170527012
O=[N+]([O-])c1cc[nH]c1NCCSCc1ccccn1,1,0,0.49099414394271484
Cc1cc(C(C)(C)SC(C)(C)CNc2[nH]ccc2[N+](=O)[O-])nc(C)c1C,1,0,0.49099414394271484
Cn1c(=O)c2c(ncn2CCN2CCC(c3c[nH]c4ccccc34)CC2)n(C)c1=O,1,1,0.5934431278802227
CN[C@H]1CC[C@@H](c2ccc(Cl)c(Cl)c2)c2ccccc21,1,1,0.5650905045470805
CNC1CCC(c2ccccc2)c2ccccc21,1,1,0.5590817414766498
O=C(CCCN1CCC(n2c(=O)[nH]c3ccccc32)CC1)c1ccc(F)cc1,1,1,0.5949486326553968
Cc1cccc(O[C@H]2CCNC[C@H]2O)c1C,1,1,0.5793648312795965
COc1ccc2c3c1OC1C(OC(=O)c4cccnc4)CCC4C(C2)N(C)CCC341,1,1,0.5735943845101813
NC(=O)N1c2ccccc2C2OC2c2ccccc21,1,1,0.5645591036175169
S=C1NCCC(COc2ccccc2)O1,1,1,0.5601080190146212
CN1C(=O)CC2(CCN(CCCC(=O)c3ccc(F)cc3)CC2)C1=O,1,1,0.607230377257264
NC(=O)c1cn(Cc2c(F)cccc2F)nn1,1,1,0.5695038660278846
c1ccc([C@@H]2CN3CCSC3=N2)cc1,1,1,0.5310119129431947
Cc1ncc2n1-c1ccc(Cl)cc1C(c1ccccc1F)=NC2,1,1,0.6010429960135969
Cc1ncc2n1-c1ccc(Cl)cc1C(c1ccccc1Cl)=NC2,1,1,0.5889085093698354
Cc1ncc2n1-c1ccc(Cl)cc1C(c1ccccc1F)=NC2O,1,1,0.5967366989768274
OCc1ncc2n1-c1ccc(Cl)cc1C(c1ccccc1F)=NC2,1,1,0.5982458760893581
Cn1c(=O)c2nc[nH]c2n(C)c1=O,1,1,0.5620475618561183
O=C(O)CCc1nc(-c2ccccc2)c(-c2ccccc2)o1,0,0,0.49746988505300743
CC(C)(C)NC(=O)[C@@H]1CN(Cc2cccnc2)CCN1C[C@@H](O)C[C@@H](Cc1ccccc1)C(=O)N[C@H]1c2ccccc2C[C@H]1O,1,0,0.4811219552439338
CCOC(=O)c1ncn2c1CN(C)C(=O)c1cc(F)ccc1-2,1,1,0.5691179245205669
NC(=O)CN1C(=O)COc2ccccc21,1,1,0.5612874931071776
Cc1csc2ccc3[nH]c4c(c3c12)CN(C)CC4,1,1,0.5730707280150983
CCN1CCc2[nH]c3cc(F)c4scc(C)c4c3c2C1,1,1,0.582496937931639
OCCC1CCN(CC/C=C2\c3ccc(F)cc3Sc3ccc(C(F)(F)F)cc32)CC1,1,1,0.6128160719075366
CO[C@H](C(=O)[C@@H](O)[C@@H](C)O)[C@@H]1Cc2cc3cc(O[C@H]4C[C@@H](O[C@H]5C[C@@H](O)[C@H](O)[C@@H](C)O5)[C@H](O)[C@@H](C)O4)c(C)c(O)c3c(O)c2C(=O)[C@H]1O[C@H]1C[C@@H](O[C@H]2C[C@@H](O[C@H]3C[C@](C)(O)[C@H](O)[C@@H](C)O3)[C@H](O)[C@@H](C)O2)[C@H](O)[C@@H](C)O1,1,0,0.34396085393371134
CCc1c(C)[nH]c2c1C(=O)C(CN1CCOCC1)CC2,1,1,0.5713125793976138
O=C1CSC2(CCN(CCCN3c4ccccc4Sc4ccc(Cl)cc43)CC2)N1,1,1,0.5744421255058043
NS(=O)(=O)c1cc(C2(O)NC(=O)c3ccccc32)ccc1Cl,0,1,0.5419715088296121
CCCC(C)C1(CCSC)C(=O)NC(=S)NC1=O,1,0,0.4931519317013077
CCCC(C)C1(CC)C(=O)NC(=S)NC1=O,0,1,0.5498033011477926
C=CCC1(C(C)CCC)C(=O)NC(=S)NC1=O,1,1,0.5493538672867166
CCCC(CC)C1(CC)C(=O)NC(=S)NC1=O,1,1,0.5498033011477926
COc1ccc(N2C[C@H](CN3CCC(O)(c4ccc5c(c4)OCO5)CC3)OC2=O)cc1,1,1,0.5606359371930419
NC(N)=NC(=O)c1nc(Cl)c(N)nc1N,1,1,0.5580155421313849
CN(C)c1cnccn1,1,1,0.5596082298905213
NC(=O)c1cnccn1,1,1,0.5601136055321624
CCOC(=O)C1(c2ccccc2)CCC=CC1N(C)C,1,1,0.5639185478395413
COc1ccc2c(c1OC)[C@]13CCN(C)[C@H](C2)[C@]1(O)CC[C@@H](O)C3,1,1,0.5632611742799993
CN1CC[C@@]23CCCC[C@@H]2[C@@H]1Cc1ccc(O)cc13,1,1,0.5374510052241227
CN1CC[C@]23CCCC[C@H]2[C@H]1Cc1ccc(O)cc13,1,1,0.5374510052241227
Cc1ccc2c(c1)[C@]13CCCC[C@@H]1[C@H](C2)N(C)CC3,1,1,0.5700723570242985
C=CCN1CC[C@]23CCCC[C@H]2[C@H]1Cc1ccc(O)cc13,1,1,0.5370957252553726
Oc1ccc2c(c1)C13CCCCC1C(C2)NCC3,1,1,0.5374510052241227
COc1ccc2c(c1)[C@]13CCCC[C@@H]1[C@H](C2)N(C)CC3,1,1,0.5711161747671453
Cc1cc(C)c(=O)[nH]n1,1,1,0.5614116071557547
c1ccc(-c2nc(N3CCNCC3)cc3ccccc23)cc1,1,1,0.5625725509666957
CCN(CC)C(=O)N1CCN(CCCc2nc3c(c(=O)n(C)c(=O)n3C)n2C)CC1,1,1,0.567076013715645
CCn1cc(C(=O)O)c(=O)c2cc(F)c(N3CCNCC3)nc21,0,0,0.4886092438991509
CC1(C)S[C@@H]2[C@H](NC(=O)C(C(=O)Oc3ccccc3)c3ccccc3)C(=O)N2[C@H]1C(=O)O,0,0,0.3487303113179286
CCNC1(c2cccs2)CCCCC1=O,1,1,0.5606289212737193
CS(=O)(=O)c1ccc2c(c1)N(CCCN1CCC(C(N)=O)CC1)c1ccccc1S2,1,1,0.6204524230379447
N#Cc1ccc2c(c1)N(CCCN1CCC(O)CC1)c1ccccc1S2,1,1,0.6180058289918553
COc1ccc2c(c1)N(CC(C)CN1CCC(O)CC1)c1ccccc1S2,1,1,0.6181171263100985
CC(=O)c1ccc2c(c1)N(CCCN1CCC(CCO)CC1)c1ccccc1S2,1,1,0.6194885945835197
CCCCCCCCCCCCCCCC(=O)OCCC1CCN(CCCN2c3ccccc3Sc3ccc(S(=O)(=O)N(C)C)cc32)CC1,1,1,0.6058507606562804
OCCOC1CCN(CCCN2c3ccccc3Sc3ccc(C(F)(F)F)cc32)CC1,1,1,0.6086975519178202
CN(C)S(=O)(=O)c1ccc2c(c1)N(CCCN1CCC(CCO)CC1)c1ccccc1S2,1,1,0.6037041244674523
Nc1nc(NC2CC2)c2ncn([C@H]3C=C[C@@H](CO)C3)c2n1,1,1,0.5576898566171099
C/C=C\C1O[C@]2(C(=O)COC(=O)c3ccncc3)CC[C@@]3(O1)[C@@H]1CCC4=CC(=O)CC[C@]4(C)[C@H]1[C@@H](O)C[C@]23C,1,1,0.5184826111074025
CCNC1=Nc2ccc(Cl)cc2C(C)(c2ccccc2)O1,1,1,0.5683184354408489
O=C(CCCN1CCN2CCCC2C1)c1ccc(F)cc1,1,1,0.5670415331086059
Cc1cc(C(=O)NNCc2ccccc2)no1,1,1,0.5297198570746962
O=C(O)C1CCN1C12CC3CC(CC(C3)C1)C2,1,0,0.49298299567600257
CCCCc1oc2ccccc2c1C(=O)c1cc(I)c(OCCN(CC)CC)c(I)c1,0,1,0.5643851231114059
COc1ccc2nc(S(=O)Cc3ncc(C)c(OC)c3C)[nH]c2c1,0,1,0.5627700377274432
CCc1cc2c(s1)N(C)C(=O)CN=C2c1ccccc1Cl,1,1,0.5921971645622934
C=CCN1C(=O)C(CC(C)C)NC1=S,1,1,0.5595652227932958
CN1Cc2c(-c3noc(C(C)(C)O)n3)ncn2-c2cccc(Cl)c2C1=O,0,1,0.5327808388803921
CN1Cc2c(-c3noc(C(C)(CO)CO)n3)ncn2-c2cccc(Cl)c2C1=O,0,1,0.541124913812079
CN1Cc2c(-c3noc([C@](C)(O)CO)n3)ncn2-c2cccc(Cl)c2C1=O,0,1,0.5113245462876155
CN1Cc2c(-c3noc(C(C)(O)CO)n3)ncn2-c2cccc(Cl)c2C1=O,0,1,0.5113245462876155
CC(C)c1nc(-c2ncn3c2CN(C)C(=O)c2c(Cl)cccc2-3)no1,1,1,0.5428359463450617
CCc1c(OC)nc2nc(-c3noc(C)n3)cn2c1C,1,1,0.5508008534354303
C[C@@H](O)[C@H]1C(=O)N2C(C(=O)O)=C(SC3CCS(=O)C3)S[C@H]12,0,0,0.4220294265367624
CC(C)[C@@H](CN1CCCC1)N(C)C(=O)Cc1ccc(Cl)c(Cl)c1,1,1,0.5616264957951722
CN1C(=S)CN=C(c2ccccc2)c2cc(Cl)ccc21,1,1,0.5914557751536861
Fc1ccccc1C1=NCC(=S)N(CC(F)(F)F)c2ccc(Cl)cc21,1,1,0.6044875366424252
CNCCCC1(C)C(=O)N(c2ccccc2)c2ccccc21,1,1,0.5619786557161982
Oc1ccc2c(c1)C13CCN(CC4CC4)C(C2)C1CCOC3,1,0,0.4937798342050066
COc1ccc(C[C@H](N)C(=O)NC2[C@@H](O)[C@H](n3cnc4c(N(C)C)ncnc43)O[C@@H]2CO)cc1,0,0,0.46904870498404827
CN1[C@@H]2CC[C@H]1CC(NC(=O)c1cn(C3CCCCC3)c3ccccc3c1=O)C2,1,1,0.5252539474250656
CC(C)c1nc(CN(C)C(=O)N[C@H](C(=O)N[C@@H](Cc2ccccc2)C[C@H](O)[C@H](Cc2ccccc2)NC(=O)OCc2cncs2)C(C)C)cs1,0,0,0.4987196886866404
COc1ccc(CCN(C)CCCC(C#N)(c2ccc(OC)c(OC)c2)C(C)C)cc1OC,0,1,0.5696706193405437
COc1cc(Br)c2oc(C3CCNCC3)cc2c1,1,1,0.5946629458019819
CCOC(=O)C[C@@H](O)C[C@@H](O)/C=C/C1=C(c2ccc(F)cc2)c2ccccc2OC12CCCC2,1,1,0.5156828141313246
CC1=C[C@@H]2[C@H]([C@@H](O)C[C@@]3(C)[C@H]2C[C@@H](C)[C@]3(O)C(=O)COC(=O)c2cccc(S(=O)(=O)O)c2)[C@@]2(C)Cc3cnn(-c4ccccc4)c3C=C12,1,1,0.553458803371545
FC(F)(F)c1cccc(C2=CCN(CCc3ccc4ccccc4c3)CC2)c1,1,1,0.5679922967504166
Cc1cccc(Cl)c1NC(=O)/C=C1\SCC(=O)N1C,1,1,0.5357205170373921
NC1=NC(=O)C(c2ccccc2)O1,1,1,0.5601080190146212
CCNC1=NC(=O)C(c2ccccc2)O1,1,1,0.5601080190146212
CN(C)C1=NC(=O)C(c2ccccc2)O1,1,1,0.5601080190146212
COc1ccc(OCC2CN(C)CCC2c2ccccc2)cc1,1,1,0.5896491811336001
NCc1ccccc1CC(=O)N[C@@H]1C(=O)N2C(C(=O)O)=C(CSc3nnnn3CC(=O)O)CS[C@H]12,0,0,0.2870298896148352
O=C(O)C1=C(CSc2nnnn2CS(=O)(=O)O)CS[C@@H]2[C@H](NC(=O)C(O)c3ccccc3)C(=O)N12,0,0,0.320392788130615
Cn1nnnc1SCC1=C(C(=O)O)N2C(=O)[C@@H](NC(=O)[C@H](O)c3ccccc3)[C@H]2SC1,1,0,0.320392788130615
CCN1CC(CCN2CCOCC2)C(c2ccccc2)(c2ccccc2)C1=O,1,1,0.5699228136945345
Nc1ncc2ncn(COCCO)c2n1,1,1,0.5484913949247849
CC(=O)OCC(CCn1cnc2cnc(N)nc21)COC(C)=O,1,1,0.5567386667833897
CC(C)OCC(COC(C)C)OCn1cnc2cnc(N)nc21,1,1,0.5502946290547022
CC(c1noc2ccc(Cl)cc12)n1ccnc1,1,1,0.5637555679096433
CN(C)C1CCc2[nH]c3ccccc3c2C1,1,1,0.5730707280150983
CN(C)C1CCc2[nH]c3c(F)cc(F)cc3c2C1,1,1,0.582496937931639
C/C=C/C=C/C1OC(O)(C(CC)C(=O)NC/C=C/C=C(\C)C(OC)C(C)C2OC(/C=C/C=C/C=C(\C)C(=O)c3c(O)n(C)ccc3=O)C(O)C2O)C(O)C(OC2OC(C)C(OC3OC(C)C(OC)C(O)C3OC)C(OC)C2O)C1(C)C,0,0,0.3092023289233289
S=P(N1CC1)(N1CC1)N1CC1,1,1,0.5601728692976803
Cc1nc2c(C)cccn2c(=O)c1CCN1CCC(c2noc3cc(F)ccc23)CC1,1,1,0.6039563641832093
CNCCC(Oc1cccc2ccccc12)c1cccs1,1,1,0.5629237641265226
C#CCN[C@@H]1CCc2ccccc21,1,1,0.5538932198063072
CC(CCc1ccccc1)NC(C)C(O)c1ccc(O)cc1,0,1,0.512456571984335
CC(CCc1ccccc1)NCC(O)c1ccc(O)c(C(N)=O)c1,0,1,0.5123973082188173
CN1CCCC(CN2c3ccccc3Sc3ccccc32)C1,1,1,0.6228702327137108
O=C1NCCN1C1CCN(CCC2COc3ccccc3O2)CC1,1,1,0.5899944899147607
O=C1OCCC1C1(O)CCN(CCCN2c3ccccc3Sc3ccc(Cl)cc32)CC1,1,1,0.5814436426295351
CN(C)CCCN1c2ccccc2C(c2ccccc2)=Nc2cccnc21,1,1,0.5866527125676692
O=C1NCCN1CCN1CCC(c2cn(-c3ccc(F)cc3)c3ccc(Cl)cc23)CC1,1,1,0.6077803546712698
O=C1CCc2ccc(OCCCCN3CCN(c4cccc(Cl)c4Cl)CC3)cc2N1,1,1,0.569011719169912
CC(=O)OCC1=CO[C@@H](OC(=O)CC(C)C)[C@H]2C1=C[C@H](OC(=O)CC(C)(C)OC(C)=O)[C@]21CO1,1,1,0.5400643119155952
CC(=O)OCC1=CO[C@@H](OC(=O)CC(C)C)[C@H]2C1=C[C@H](OC(=O)CC(C)C)[C@]21CO1,1,1,0.5400643119155952
Cc1cccc(C)c1NC1=NCCCS1,1,1,0.5310119129431947
Cc1ccccc1N1CCN(CCCOc2ccccn2)CC1,1,1,0.5610942058574556
COCCCC(=O)OC(C)OC(=O)C1=C(COC(N)=O)CS[C@@H]2[C@H](NC(=O)/C(=N\OC)c3ccco3)C(=O)N12,0,0,0.369434648770662
CO/N=C(\C(=O)N[C@@H]1C(=O)N2C(C(=O)O)=C(COC(C)=O)CS[C@H]12)c1ccco1,0,0,0.32039163069195953
CO/N=C(\C(=O)N[C@@H]1C(=O)N2C(C(=O)O)=C(COC(N)=O)CS[C@H]12)c1ccco1,1,0,0.3216069722662147
CO/N=C(\C(=O)N[C@@H]1C(=O)N2C(C(=O)OC(C)OC(C)=O)=C(COC(N)=O)CS[C@H]12)c1ccco1,0,0,0.3783322668869854
CC(C)Nc1cccnc1N1CCN(C(=O)c2cc3cc(NS(C)(=O)=O)ccc3[nH]2)CC1,0,1,0.5441785990940416
NC1=NC(C(F)(F)F)(C(F)(F)F)NC1(C(F)(F)F)C(F)(F)F,1,1,0.5545216314931638
COCc1c(C(C)C)nc(C(C)C)c(/C=C/[C@@H](O)C[C@@H](O)CC(=O)O)c1-c1ccc(F)cc1,1,0,0.4385129832894733
Cc1cccc(Cc2cnc[nH]2)c1C,1,1,0.5582521647864505
CCn1nc(C)c2c1C(c1ccccc1)=NCC(=O)N2,1,1,0.5823053436566086
CC[C@@]1(O)C(=O)OCc2c1cc1n(c2=O)Cc2cc3c(CN(C)C)c(O)ccc3nc2-1,1,0,0.4798699447507172
CN(C)CC/C=C1/c2ccccc2Sc2ccc(Cl)cc21,1,1,0.5963139614796958
CN(C)CCC=C1c2ccccc2Sc2ccccc21,1,1,0.5911108680256143
COc1ccc2c3c1OC1C(OC(C)=O)=CCC4C(C2)N(C)CCC314,1,1,0.5881605596668686
CC1=CCC2C3Cc4ccc(O)c5c4C2(CCN3C)C1O5,1,1,0.5476269407037043
CC1=C(C(=O)O)N2C(=O)[C@@H](NC(=O)[C@H](N)C3=CCC=CC3)[C@H]2SC1,0,0,0.30838817200141727
O=C1CCC2(CCC(=O)c3ccccc32)C(=O)N1,1,1,0.5830995347207311
Clc1cccc(Cl)c1NC1=NCCO1,1,1,0.5648826679209864
CCCCCCCCCCCCCC(=O)O[C@H]1C=C[C@H]2[C@H]3Cc4ccc(OCc5ccccc5)c5c4[C@@]2(CCN3C)[C@H]1O5,1,1,0.58887614978182
CCn1cc(C(=O)O)c(=O)c2cc(F)c(N3CCNC(C)C3)c(F)c21,0,0,0.47853361518077575
CCn1cc(C(=O)O)c(=O)c2cc(F)c(N3CCN(C)CC3)cc21,0,0,0.47853361518077575
CN1CCN(c2c(F)cc3c(=O)c(C(=O)O)cn(CCF)c3c2F)CC1,0,1,0.5006230826995575
CCn1cc(C(=O)O)c(=O)c2cc(F)c(N3CCNCC3)cc21,0,0,0.47853361518077575
COC1CCCC2C1=C(C(=O)[O-])N1C(=O)C(C(C)O)C21,0,0,0.41222570614805054
C=C1C[C@H]2[C@@H]3CCC4=CC(=O)C=C[C@]4(C)[C@@]3(F)C(O)C[C@]2(C)[C@@]1(O)C(=O)CO,1,1,0.5788964835329734
C=C1CC2C3CCC4=CC(=O)C=CC4(C)C3C(O)CC2(C)C1(O)C(=O)CO,1,1,0.5514032524812869
CO/N=C(\C(=O)N[C@@H]1C(=O)N2C(C(=O)O)=C(/C=C/Sc3n[nH]c(=O)c(=O)n3CC=O)CS[C@H]12)c1csc(N)n1,0,0,0.27568149644701656
OCCCOc1cccc(CN2CCCCC2)c1,1,1,0.5805715688801616
CC(=O)NCCCOc1cccc(CN2CCCCC2)c1,1,1,0.5531603356635376
NC1CCCC1c1ccccc1,1,1,0.5123286872888946
C[N+]1(C)CCC(OC(=O)C(O)(c2ccccc2)C2CCCC2)C1,0,1,0.5463144912711996
CNCCC=C1c2ccccc2C2CC2c2ccccc21,1,1,0.5587264615078996
CCCN(c1ccncc1)n1ccc2ccccc21,1,1,0.5582533189165602
Cc1oc(C(C)(C)N(C(C)(C)N)C(C)(C)N)c(C)c1C,1,1,0.549045674617542
CN/C(=C\[N+](=O)[O-])NCCSCc1ccc(CN(C)C)o1,0,0,0.4921686100135791
CCCN(CCC)C1Cc2cccc3cc(O)cc(c23)C1,1,1,0.5261707567341661
Cc1c(C)c2ccc(OCc3nnc(C(C)C)s3)cc2oc1=O,1,1,0.5601728692976803
C1=C(CC2=NCNC2)CCc2ccccc21,1,1,0.5725660012148752
OC(CCN1CCCCC1)(c1ccccc1)C1CCCCC1,1,1,0.5724176261087295
C[C@H]1C[C@H]2[C@@H]3CCC4=CC(=O)C=C[C@]4(C)[C@H]3C(=O)C[C@]2(C)[C@@]1(O)C(=O)CO,1,1,0.5039606974599528
C[C@]12C=CC(=O)C=C1CC[C@@H]1[C@@H]2C(=O)C[C@@]2(C)[C@H]1CC[C@]2(O)C(=O)CO,0,1,0.5039606974599528
CC(=O)OCC(=O)[C@@]1(O)CC[C@H]2[C@@H]3C[C@H](Cl)C4=CC(=O)C=C[C@]4(C)[C@H]3C(=O)C[C@@]21C,1,1,0.5134075352172468
C[C@H]1C[C@H]2[C@@H]3CCC4=CC(=O)C=C[C@]4(C)[C@@]3(F)C(=O)C[C@]2(C)[C@@]1(O)C(=O)CCl,1,1,0.5403896060402802
CCCC(=O)O[C@]1(C(=O)CCl)[C@@H](C)C[C@H]2[C@@H]3CCC4=CC(=O)C=C[C@]4(C)[C@@]3(F)C(=O)C[C@@]21C,1,1,0.5438712719540928
CN1CCN(c2ncc(-c3cc(Cl)cc(Cl)c3Cl)c(N)n2)CC1,1,1,0.5818114489678587
O=C1CN(C(=O)CN2CC(c3ccc(Cl)cc3)CC2=O)CCN1,1,1,0.5545923612634894
O=C(NCCN1CCC(n2c(=O)[nH]c3cc(Cl)ccc32)CC1)c1ccc(F)cc1,1,1,0.5714213064979771
CO/N=C(\C(=O)N[C@H]1C(=O)N2C(C(=O)[O-])=C(COC(C)=O)CS[C@@H]12)c1csc(N)n1,1,0,0.2775985545302859
CO/N=C(\C(=O)N[C@@H]1C(=O)N2C(C(=O)O)=CCS[C@H]12)c1csc(N)n1,0,0,0.2776638704764009
COCC1=C(C(=O)O)N2C(=O)[C@@H](NC(=O)/C(=N\O)c3csc(N)n3)[C@H]2SC1,0,0,0.2903489348666842
C=CC1=C(C(=O)O)N2C(=O)[C@@H](NC(=O)/C(=N\O)c3csc(N)n3)[C@H]2SC1,0,0,0.29915676458599616
CO/N=C(\C(=O)N[C@@H]1C(=O)N2C(C(=O)O)=C(C)CS[C@H]12)c1csc(N)n1,0,0,0.2776638704764009
C=CC1=C(C(=O)O)N2C(=O)[C@@H](NC(=O)/C(=N\OCC(=O)O)c3csc(N)n3)[C@H]2SC1,0,0,0.27979879314871314
COCC1=C(C(=O)[O-])N2C(=O)[C@@H](NC(=O)/C(=N\OC)c3csc(N)n3)[C@H]2SC1,0,0,0.2723532917833466
Cc1cc(-c2ccccc2)nnc1NCCN1CCOCC1,1,1,0.5646530121303093
N#Cc1cc(-c2ccccc2)nnc1NCCN1CCOCC1,1,1,0.563603087422464
CC(C)N[C@H]1C2CCC(CC2)[C@]1(O)c1ccc(Cl)c(Cl)c1,1,1,0.5518436269388466
Cc1cnn(-c2c(Cl)cccc2Cl)c1C(=O)N[C@@H]1C(=O)N2[C@@H]1SC(C)(C)[C@@H]2C(=O)O,0,0,0.35335024163791107
CCCC(=O)O[C@]1(C(=O)COC(C)=O)CC[C@H]2[C@@H]3C[C@H](C)C4=CC(=O)CC[C@]4(C)[C@H]3[C@@H](O)C[C@@]21C,1,1,0.5551287850490731
C[C@]12CCC(=O)C=C1CC[C@@H]1[C@@H]2[C@@H](O)C[C@@]2(C)[C@H]1CC[C@]2(O)C(=O)CO,0,1,0.5471086595315315
C[C@]12CC[C@H]3[C@@H](CCC4=CC(=O)CC[C@@]43C)[C@@H]1CC[C@@H]2O,0,1,0.5564474992535672
C[C@]12C[C@H](O)[C@H]3[C@@H](CCC4=CC(=O)CC[C@@]43C)[C@@H]1CC[C@@H]2C(=O)CO,0,1,0.5556653511751559
C[C@]12CCC(=O)C=C1CC[C@@H]1[C@@H]2[C@@H](O)C[C@]2(C=O)[C@@H](C(=O)CO)CC[C@@H]12,0,1,0.5556653511751559
CC(=O)[C@@]1(O)[C@H](O)C[C@H]2[C@@H]3CCC4=CC(=O)CC[C@]4(C)[C@H]3CC[C@@]21C,1,1,0.5272199724930137
CC(=O)OCC(=O)[C@@]1(O)CC[C@H]2[C@@H]3CCC4=CC(=O)CC[C@]4(C)[C@H]3[C@@H](O)C[C@@]21C,1,1,0.5498467753881973
CCCC(=O)O[C@]1(C(=O)COC(=O)CC)CC[C@H]2[C@@H]3CCC4=CC(=O)CC[C@]4(C)[C@H]3[C@@H](O)C[C@@]21C,1,1,0.5551287850490731
CCCC(=O)O[C@]1(C(=O)CO)CC[C@H]2[C@@H]3CCC4=CC(=O)CC[C@]4(C)[C@H]3[C@@H](O)C[C@@]21C,1,1,0.5556653511751559
CC(=O)[C@H]1CC[C@H]2[C@@H]3C[C@H](C)C4=CC(=O)CC[C@]4(C)[C@H]3[C@@H](O)C[C@]12C,1,1,0.5577302769710611
C[C@]12CCC(=O)C=C1CC[C@@H]1[C@@H]2[C@@H](O)C[C@@]2(C)[C@H]1CC[C@]2(O)C(=O)CS,1,1,0.5492044089848466
CC(C)(C)C(=O)SCC(=O)[C@@]1(O)CC[C@H]2[C@@H]3CCC4=CC(=O)CC[C@]4(C)[C@H]3[C@@H](O)C[C@@]21C,1,1,0.5555505664270205
C[C@]12CC[C@H]3[C@@H](CCC4=CC(=O)CC[C@@H]43)[C@@H]1CC[C@@H]2O,0,1,0.5564474992535672
C#C[C@]1(O)CC[C@H]2[C@@H]3CCC4=CC(=O)CC[C@@H]4[C@H]3CC[C@@]21C,0,1,0.5480623011919484
C[C@]12CCC(=O)C=C1CC[C@H]1[C@@H]3CC[C@](O)(C(=O)CO)[C@@]3(C)C[C@H](O)[C@@]12F,1,1,0.5733567438646612
CC(=O)OCC(=O)[C@@]1(O)CC[C@H]2[C@@H]3CCC4=CC(=O)CC[C@]4(C)[C@@]3(F)[C@@H](O)C[C@@]21C,1,1,0.5762099466415098
CC12CCC(=O)C=C1CCC1C2CCC2(C)C1CCC2(O)C(=O)CO,1,1,0.5503839644778674
CCC(=O)C1(O)CCC2C3CCC4=CC(=O)CCC4(C)C3C(O)CC21C,1,1,0.5492044089848466
C[C@]12CCC(=O)C=C1CC[C@@H]1[C@@H]2CC[C@@]2(C)[C@H]1CC[C@]2(C)O,0,1,0.550974473020205
CC(=O)[C@H]1CC[C@H]2[C@@H]3CCC4=CC(=O)CC[C@]4(C)[C@H]3CC[C@]12C,0,1,0.561100367046424
CCN(CC)CC(=O)OCC(=O)[C@@]1(O)CC[C@H]2[C@@H]3CCC4=CC(=O)CC[C@]4(C)[C@H]3[C@@H](O)C[C@@]21C,1,1,0.5507741828140381
CCC(=O)O[C@]1(C(=O)COC(C)=O)CC[C@H]2[C@@H]3CCC4=CC(=O)CC[C@]4(C)[C@H]3[C@@H](O)C[C@@]21C,1,1,0.5551287850490731
C[C@]12CCC(=O)C=C1CC[C@@H]1[C@@H]2[C@@H](O)C[C@@]2(C)[C@H]1CC[C@]2(O)C(=O)COC(=O)CCC(=O)O,1,0,0.48485880498075357
CCCCC(=O)O[C@]1(C(=O)CO)CCC2C3CCC4=CC(=O)CCC4(C)C3C(O)CC21C,1,1,0.5556653511751559
Cc1cc(=O)n(-c2ccccc2)n1C,1,1,0.5616718464335765
Cc1c(N(C)C)c(=O)n(-c2ccccc2)n1C,1,1,0.5608694918730667
ON1CC(=NCC2CC2)N=c2ccc(Cl)cc2=C1c1ccccc1,1,1,0.5914557751536861
CN1Cc2c(N)cccc2C(c2ccccc2)C1,1,1,0.5663917240859369
COc1ccc2c(c1)CN(C)CC2c1ccc(Cl)c(Cl)c1,1,1,0.5708526002939922
