source,split,row_index,row_id,smiles,Y,rdkit_valid,rdkit_error,canonical_exact,canonical_salt_removed,n_fragments,b3db_match_type,b3db_exact_labels,b3db_salt_removed_labels,b3db_exact_row_nos,b3db_exact_compound_names,b3db_exact_smiles,b3db_salt_removed_row_nos,b3db_salt_removed_compound_names,b3db_salt_removed_smiles,tdc_exact_group_row_ids,tdc_salt_removed_group_row_ids,flags
tdc_no_conflict_salt_removed,train,0,train:0,CC(C)(C)OC(=O)CCCc1ccc(N(CCCl)CCCl)cc1,1,True,,CC(C)(C)OC(=O)CCCc1ccc(N(CCCl)CCCl)cc1,CC(C)(C)OC(=O)CCCc1ccc(N(CCCl)CCCl)cc1,1,exact,1,1,B3DB_classification:991,tertbutylchlorambucil,CC(C)(C)OC(=O)CCCc1ccc(N(CCCl)CCCl)cc1,B3DB_classification:991,tertbutylchlorambucil,CC(C)(C)OC(=O)CCCc1ccc(N(CCCl)CCCl)cc1,,,
tdc_no_conflict_salt_removed,train,1,train:1,Cc1cc(Br)cc(C(N)=O)c1O,1,True,,Cc1cc(Br)cc(C(N)=O)c1O,Cc1cc(Br)cc(C(N)=O)c1O,1,exact,1,1,B3DB_classification:2173,brosotamide,Cc1cc(Br)cc(C(N)=O)c1O,B3DB_classification:2173,brosotamide,Cc1cc(Br)cc(C(N)=O)c1O,,,
tdc_no_conflict_salt_removed,train,2,train:2,CC(=O)Nc1ccc(OC(C)(C)C)cc1,1,True,,CC(=O)Nc1ccc(OC(C)(C)C)cc1,CC(=O)Nc1ccc(OC(C)(C)C)cc1,1,exact,1,1,B3DB_classification:1155,butacetin,CC(=O)Nc1ccc(OC(C)(C)C)cc1,B3DB_classification:1155,butacetin,CC(=O)Nc1ccc(OC(C)(C)C)cc1,,,
tdc_no_conflict_salt_removed,train,3,train:3,O=C(O)CNC(=O)c1ccccc1O,1,True,,O=C(O)CNC(=O)c1ccccc1O,O=C(O)CNC(=O)c1ccccc1O,1,exact,1,1,B3DB_classification:298,salicyluric acid (salicylurate),O=C(O)CNC(=O)c1ccccc1O,B3DB_classification:298,salicyluric acid (salicylurate),O=C(O)CNC(=O)c1ccccc1O,,,
tdc_no_conflict_salt_removed,train,4,train:4,CSCC[C@H](NC(C)=O)C(=O)Oc1ccc(NC(C)=O)cc1,1,True,,CSCC[C@H](NC(C)=O)C(=O)Oc1ccc(NC(C)=O)cc1,CSCC[C@H](NC(C)=O)C(=O)Oc1ccc(NC(C)=O)cc1,1,exact,1,1,B3DB_classification:2092,69217-67-0,CSCC[C@H](NC(C)=O)C(=O)Oc1ccc(NC(C)=O)cc1,B3DB_classification:2092,69217-67-0,CSCC[C@H](NC(C)=O)C(=O)Oc1ccc(NC(C)=O)cc1,,,
tdc_no_conflict_salt_removed,train,5,train:5,Cc1ccccc1,1,True,,Cc1ccccc1,Cc1ccccc1,1,exact,1,1,B3DB_classification:775,toluene,Cc1ccccc1,B3DB_classification:775,toluene,Cc1ccccc1,,,
tdc_no_conflict_salt_removed,train,6,train:6,C[C@H](N)Cc1ccccc1,1,True,,C[C@H](N)Cc1ccccc1,C[C@H](N)Cc1ccccc1,1,exact,1,1,B3DB_classification:2121,"dextroamphetamine, dexedrine",C[C@H](N)Cc1ccccc1,B3DB_classification:2121,"dextroamphetamine, dexedrine",C[C@H](N)Cc1ccccc1,,,
tdc_no_conflict_salt_removed,train,7,train:7,CCCCC/C(=N/OCCN)c1ccc(C)c(N)c1,1,True,,CCCCC/C(=N/OCCN)c1ccc(C)c(N)c1,CCCCC/C(=N/OCCN)c1ccc(C)c(N)c1,1,exact,1,1,B3DB_classification:6205,5-[(z)-n-(2-aminoethoxy)-c-pentylcarbonimidoyl]-2-methylaniline,CCCCC/C(=N/OCCN)c1ccc(C)c(N)c1,B3DB_classification:6205,5-[(z)-n-(2-aminoethoxy)-c-pentylcarbonimidoyl]-2-methylaniline,CCCCC/C(=N/OCCN)c1ccc(C)c(N)c1,,,
tdc_no_conflict_salt_removed,train,8,train:8,C#CC(OC(N)=O)c1ccccc1,1,True,,C#CC(OC(N)=O)c1ccccc1,C#CC(OC(N)=O)c1ccccc1,1,exact,1,1,B3DB_classification:1062,carfimate,C#CC(OC(N)=O)c1ccccc1,B3DB_classification:1062,carfimate,C#CC(OC(N)=O)c1ccccc1,,,
tdc_no_conflict_salt_removed,train,9,train:9,NS(=O)(=O)c1ccc(C(=O)O)cc1,1,True,,NS(=O)(=O)c1ccc(C(=O)O)cc1,NS(=O)(=O)c1ccc(C(=O)O)cc1,1,exact,1,1,B3DB_classification:2340,4-sulfamoylbenzoic acid,NS(=O)(=O)c1ccc(C(=O)O)cc1,B3DB_classification:2340,4-sulfamoylbenzoic acid,NS(=O)(=O)c1ccc(C(=O)O)cc1,,,
tdc_no_conflict_salt_removed,train,10,train:10,C[C@H](N)C(=O)c1ccccc1,1,True,,C[C@H](N)C(=O)c1ccccc1,C[C@H](N)C(=O)c1ccccc1,1,exact,1,1,B3DB_classification:2120,cathinone,C[C@H](N)C(=O)c1ccccc1,B3DB_classification:2120,cathinone,C[C@H](N)C(=O)c1ccccc1,,,
tdc_no_conflict_salt_removed,train,11,train:11,CC(=O)c1ccc(C(O)C(CO)NC(=O)C(Cl)Cl)cc1,1,True,,CC(=O)c1ccc(C(O)C(CO)NC(=O)C(Cl)Cl)cc1,CC(=O)c1ccc(C(O)C(CO)NC(=O)C(Cl)Cl)cc1,1,exact,1,1,B3DB_classification:1215,cetophenicol/cetofenicol,CC(=O)c1ccc(C(O)C(CO)NC(=O)C(Cl)Cl)cc1,B3DB_classification:1215,cetophenicol/cetofenicol,CC(=O)c1ccc(C(O)C(CO)NC(=O)C(Cl)Cl)cc1,,,
tdc_no_conflict_salt_removed,train,12,train:12,CS(=O)(=O)c1ccc([C@@H](O)[C@@H](CO)NC(=O)C(Cl)Cl)cc1,1,True,,CS(=O)(=O)c1ccc([C@@H](O)[C@@H](CO)NC(=O)C(Cl)Cl)cc1,CS(=O)(=O)c1ccc([C@@H](O)[C@@H](CO)NC(=O)C(Cl)Cl)cc1,1,exact,1,1,B3DB_classification:2088,thiamphenicol,CS(=O)(=O)c1ccc([C@@H](O)[C@@H](CO)NC(=O)C(Cl)Cl)cc1,B3DB_classification:2088,thiamphenicol,CS(=O)(=O)c1ccc([C@@H](O)[C@@H](CO)NC(=O)C(Cl)Cl)cc1,,,
tdc_no_conflict_salt_removed,train,13,train:13,Cc1cccc(C)c1OCC(C)N,1,True,,Cc1cccc(C)c1OCC(C)N,Cc1cccc(C)c1OCC(C)N,1,unmatched,,,,,,,,,,,
tdc_no_conflict_salt_removed,train,14,train:14,Cc1cccc(C)c1,1,True,,Cc1cccc(C)c1,Cc1cccc(C)c1,1,exact,1,1,B3DB_classification:676,m-xylene,Cc1cccc(C)c1,B3DB_classification:676,m-xylene,Cc1cccc(C)c1,,,
tdc_no_conflict_salt_removed,train,15,train:15,CCc1ccccc1,1,True,,CCc1ccccc1,CCc1ccccc1,1,exact,1,1,B3DB_classification:664,ethylbenzene,CCc1ccccc1,B3DB_classification:664,ethylbenzene,CCc1ccccc1,,,
tdc_no_conflict_salt_removed,train,16,train:16,CCCC(=O)Nc1ccc(OCC(O)CNC(C)C)c(C(C)=O)c1,1,True,,CCCC(=O)Nc1ccc(OCC(O)CNC(C)C)c(C(C)=O)c1,CCCC(=O)Nc1ccc(OCC(O)CNC(C)C)c(C(C)=O)c1,1,exact,1,1,B3DB_classification:442,acebutolol,CCCC(=O)Nc1ccc(OCC(O)CNC(C)C)c(C(C)=O)c1,B3DB_classification:442,acebutolol,CCCC(=O)Nc1ccc(OCC(O)CNC(C)C)c(C(C)=O)c1,,,
tdc_no_conflict_salt_removed,train,17,train:17,COC(=O)c1ccc(C(=O)OC)cc1,1,True,,COC(=O)c1ccc(C(=O)OC)cc1,COC(=O)c1ccc(C(=O)OC)cc1,1,exact,1,1,B3DB_classification:1970,dimethyl terephthalate,COC(=O)c1ccc(C(=O)OC)cc1,B3DB_classification:1970,dimethyl terephthalate,COC(=O)c1ccc(C(=O)OC)cc1,,,
tdc_no_conflict_salt_removed,train,18,train:18,Cc1ccccc1C,1,True,,Cc1ccccc1C,Cc1ccccc1C,1,exact,1,1,B3DB_classification:779,xylene,Cc1ccccc1C,B3DB_classification:779,xylene,Cc1ccccc1C,,,
tdc_no_conflict_salt_removed,train,19,train:19,Cc1ccc(C)cc1,1,True,,Cc1ccc(C)cc1,Cc1ccc(C)cc1,1,exact,1,1,B3DB_classification:776,p-xylene ,Cc1ccc(C)cc1,B3DB_classification:776,p-xylene ,Cc1ccc(C)cc1,,,
tdc_no_conflict_salt_removed,train,20,train:20,Cc1ccccc1OCC(COC(O)C(Cl)(Cl)Cl)OC(O)C(Cl)(Cl)Cl,1,True,,Cc1ccccc1OCC(COC(O)C(Cl)(Cl)Cl)OC(O)C(Cl)(Cl)Cl,Cc1ccccc1OCC(COC(O)C(Cl)(Cl)Cl)OC(O)C(Cl)(Cl)Cl,1,exact,1,1,B3DB_classification:2207,toloxychlorinol,Cc1ccccc1OCC(COC(O)C(Cl)(Cl)Cl)OC(O)C(Cl)(Cl)Cl,B3DB_classification:2207,toloxychlorinol,Cc1ccccc1OCC(COC(O)C(Cl)(Cl)Cl)OC(O)C(Cl)(Cl)Cl,,,
tdc_no_conflict_salt_removed,train,21,train:21,C#CCN(C)CCCOc1ccc(Cl)cc1Cl,1,True,,C#CCN(C)CCCOc1ccc(Cl)cc1Cl,C#CCN(C)CCCOc1ccc(Cl)cc1Cl,1,exact,1,1,B3DB_classification:1065,clorgiline,C#CCN(C)CCCOc1ccc(Cl)cc1Cl,B3DB_classification:1065,clorgiline,C#CCN(C)CCCOc1ccc(Cl)cc1Cl,,,
tdc_no_conflict_salt_removed,train,22,train:22,CC(C)(C)NCC(O)c1ccc(O)c(CO)c1,0,True,,CC(C)(C)NCC(O)c1ccc(O)c(CO)c1,CC(C)(C)NCC(O)c1ccc(O)c(CO)c1,1,exact,0,0,B3DB_classification:70,salbutamol ,CC(C)(C)NCC(O)c1ccc(O)c(CO)c1,B3DB_classification:70,salbutamol ,CC(C)(C)NCC(O)c1ccc(O)c(CO)c1,,,
tdc_no_conflict_salt_removed,train,23,train:23,CCN(CC)C(=O)CNC(=O)c1cc(OC)c(OC)c(OC)c1,1,True,,CCN(CC)C(=O)CNC(=O)c1cc(OC)c(OC)c(OC)c1,CCN(CC)C(=O)CNC(=O)c1cc(OC)c(OC)c(OC)c1,1,exact,1,1,B3DB_classification:1580,tricetamide,CCN(CC)C(=O)CNC(=O)c1cc(OC)c(OC)c(OC)c1,B3DB_classification:1580,tricetamide,CCN(CC)C(=O)CNC(=O)c1cc(OC)c(OC)c(OC)c1,,,
tdc_no_conflict_salt_removed,train,24,train:24,CCN(CC)C(=O)Nc1ccc(OCC(O)CNC(C)(C)C)c(C(C)=O)c1,1,True,,CCN(CC)C(=O)Nc1ccc(OCC(O)CNC(C)(C)C)c(C(C)=O)c1,CCN(CC)C(=O)Nc1ccc(OCC(O)CNC(C)(C)C)c(C(C)=O)c1,1,unmatched,,,,,,,,,,,
tdc_no_conflict_salt_removed,train,25,train:25,CC(=O)Nc1ccc(O)cc1,1,True,,CC(=O)Nc1ccc(O)cc1,CC(=O)Nc1ccc(O)cc1,1,exact,1,1,B3DB_classification:337,acetaminophen (p-acetamidophenol),CC(=O)Nc1ccc(O)cc1,B3DB_classification:337,acetaminophen (p-acetamidophenol),CC(=O)Nc1ccc(O)cc1,,,
tdc_no_conflict_salt_removed,train,26,train:26,CCCCCCCCCCOc1c(OC)cc(C(N)=O)cc1OC,1,True,,CCCCCCCCCCOc1c(OC)cc(C(N)=O)cc1OC,CCCCCCCCCCOc1c(OC)cc(C(N)=O)cc1OC,1,exact,1,1,B3DB_classification:1531,decimemide,CCCCCCCCCCOc1c(OC)cc(C(N)=O)cc1OC,B3DB_classification:1531,decimemide,CCCCCCCCCCOc1c(OC)cc(C(N)=O)cc1OC,,,
tdc_no_conflict_salt_removed,train,27,train:27,CC(C)C(CCCCCC(=O)O)NCc1ccc(F)cc1,1,True,,CC(C)C(CCCCCC(=O)O)NCc1ccc(F)cc1,CC(C)C(CCCCCC(=O)O)NCc1ccc(F)cc1,1,exact,1,1,B3DB_classification:1248,zafuleptine,CC(C)C(CCCCCC(=O)O)NCc1ccc(F)cc1,B3DB_classification:1248,zafuleptine,CC(C)C(CCCCCC(=O)O)NCc1ccc(F)cc1,,,
tdc_no_conflict_salt_removed,train,28,train:28,CCN(CC)CCNC(=O)c1cc(Cl)cc(Cl)c1OC,1,True,,CCN(CC)CCNC(=O)c1cc(Cl)cc(Cl)c1OC,CCN(CC)CCNC(=O)c1cc(Cl)cc(Cl)c1OC,1,exact,1,1,B3DB_classification:1600,diclometide,CCN(CC)CCNC(=O)c1cc(Cl)cc(Cl)c1OC,B3DB_classification:1600,diclometide,CCN(CC)CCNC(=O)c1cc(Cl)cc(Cl)c1OC,,,
tdc_no_conflict_salt_removed,train,29,train:29,C=CCC(N)Cc1ccccc1,1,True,,C=CCC(N)Cc1ccccc1,C=CCC(N)Cc1ccccc1,1,exact,1,1,B3DB_classification:1106,aletamine (alfetamine),C=CCC(N)Cc1ccccc1,B3DB_classification:1106,aletamine (alfetamine),C=CCC(N)Cc1ccccc1,,,
tdc_no_conflict_salt_removed,train,30,train:30,CC(Cc1ccccc1)N(C)C,1,True,,CC(Cc1ccccc1)N(C)C,CC(Cc1ccccc1)N(C)C,1,exact,1,1,B3DB_classification:1303,dimethylamphetamine,CC(Cc1ccccc1)N(C)C,B3DB_classification:1303,dimethylamphetamine,CC(Cc1ccccc1)N(C)C,,,
tdc_no_conflict_salt_removed,train,31,train:31,C[C@@](Cc1ccc(O)c(O)c1)(NN)C(=O)O,0,True,,C[C@@](Cc1ccc(O)c(O)c1)(NN)C(=O)O,C[C@@](Cc1ccc(O)c(O)c1)(NN)C(=O)O,1,exact,0,0,B3DB_classification:2118,carbidopa,C[C@@](Cc1ccc(O)c(O)c1)(NN)C(=O)O,B3DB_classification:2118,carbidopa,C[C@@](Cc1ccc(O)c(O)c1)(NN)C(=O)O,,,
tdc_no_conflict_salt_removed,train,32,train:32,Cc1cc(N(C)C)ccc1C[C@H](C)N,1,True,,Cc1cc(N(C)C)ccc1C[C@H](C)N,Cc1cc(N(C)C)ccc1C[C@H](C)N,1,exact,1,1,B3DB_classification:2179,amiflamine,Cc1cc(N(C)C)ccc1C[C@H](C)N,B3DB_classification:2179,amiflamine,Cc1cc(N(C)C)ccc1C[C@H](C)N,,,
tdc_no_conflict_salt_removed,train,33,train:33,O=C(O)CCCc1ccc(N(CCCl)CCCl)cc1,0,True,,O=C(O)CCCc1ccc(N(CCCl)CCCl)cc1,O=C(O)CCCc1ccc(N(CCCl)CCCl)cc1,1,exact,0,0,B3DB_classification:25,chlorambucil,O=C(O)CCCc1ccc(N(CCCl)CCCl)cc1,B3DB_classification:25,chlorambucil,O=C(O)CCCc1ccc(N(CCCl)CCCl)cc1,,,
tdc_no_conflict_salt_removed,train,34,train:34,CCC(O)(COC(N)=O)c1ccccc1,1,True,,CCC(O)(COC(N)=O)c1ccccc1,CCC(O)(COC(N)=O)c1ccccc1,1,exact,1,1,B3DB_classification:1462,hydroxyphenamate (oxyfenamate),CCC(O)(COC(N)=O)c1ccccc1,B3DB_classification:1462,hydroxyphenamate (oxyfenamate),CCC(O)(COC(N)=O)c1ccccc1,,,
tdc_no_conflict_salt_removed,train,35,train:35,NNCCc1ccccc1,1,True,,NNCCc1ccccc1,NNCCc1ccccc1,1,exact,1,1,B3DB_classification:411,phenelzine,NNCCc1ccccc1,B3DB_classification:411,phenelzine,NNCCc1ccccc1,,,
tdc_no_conflict_salt_removed,train,36,train:36,NC(=O)OCCCc1ccccc1,1,True,,NC(=O)OCCCc1ccccc1,NC(=O)OCCCc1ccccc1,1,exact,1,1,B3DB_classification:2297,phenprobamate,NC(=O)OCCCc1ccccc1,B3DB_classification:2297,phenprobamate,NC(=O)OCCCc1ccccc1,,,
tdc_no_conflict_salt_removed,train,37,train:37,NCC(O)c1ccc(O)c(O)c1,0,True,,NCC(O)c1ccc(O)c(O)c1,NCC(O)c1ccc(O)c(O)c1,1,exact,0,0,B3DB_classification:2318,dl-arterenol,NCC(O)c1ccc(O)c(O)c1,B3DB_classification:2318,dl-arterenol,NCC(O)c1ccc(O)c(O)c1,,,
tdc_no_conflict_salt_removed,train,38,train:38,O=C(NC(CO)C(O)c1ccc([N+](=O)[O-])cc1)C(Cl)Cl,0,True,,O=C(NC(CO)C(O)c1ccc([N+](=O)[O-])cc1)C(Cl)Cl,O=C(NC(CO)C(O)c1ccc([N+](=O)[O-])cc1)C(Cl)Cl,1,unmatched,,,,,,,,,,,
tdc_no_conflict_salt_removed,train,39,train:39,CCN(CC)CC(=O)Nc1c(C)cccc1C,1,True,,CCN(CC)CC(=O)Nc1c(C)cccc1C,CCN(CC)CC(=O)Nc1c(C)cccc1C,1,exact,1,1,B3DB_classification:742,lidocaine,CCN(CC)CC(=O)Nc1c(C)cccc1C,B3DB_classification:742,lidocaine,CCN(CC)CC(=O)Nc1c(C)cccc1C,,,
tdc_no_conflict_salt_removed,train,40,train:40,CCCNC(=O)NS(=O)(=O)c1ccc(Cl)cc1,0,True,,CCCNC(=O)NS(=O)(=O)c1ccc(Cl)cc1,CCCNC(=O)NS(=O)(=O)c1ccc(Cl)cc1,1,unmatched,,,,,,,,,,,
tdc_no_conflict_salt_removed,train,41,train:41,CCC(CC)(CNC(=O)CCCO)c1cccc(OC)c1,1,True,,CCC(CC)(CNC(=O)CCCO)c1cccc(OC)c1,CCC(CC)(CNC(=O)CCCO)c1cccc(OC)c1,1,exact,1,1,B3DB_classification:1460,embutramide,CCC(CC)(CNC(=O)CCCO)c1cccc(OC)c1,B3DB_classification:1460,embutramide,CCC(CC)(CNC(=O)CCCO)c1cccc(OC)c1,,,
tdc_no_conflict_salt_removed,train,42,train:42,CN(C)CCOC(=O)COc1ccc(Cl)cc1,1,True,,CN(C)CCOC(=O)COc1ccc(Cl)cc1,CN(C)CCOC(=O)COc1ccc(Cl)cc1,1,exact,1,1,B3DB_classification:1765,meclofenoxate,CN(C)CCOC(=O)COc1ccc(Cl)cc1,B3DB_classification:1765,meclofenoxate,CN(C)CCOC(=O)COc1ccc(Cl)cc1,,,
tdc_no_conflict_salt_removed,train,43,train:43,CCOC(=O)C(C)(C)Oc1ccc(Cl)cc1,0,True,,CCOC(=O)C(C)(C)Oc1ccc(Cl)cc1,CCOC(=O)C(C)(C)Oc1ccc(Cl)cc1,1,unmatched,,,,,,,,,,,
tdc_no_conflict_salt_removed,train,44,train:44,CC(C)(Oc1ccc(Cl)cc1)C(=O)O,0,True,,CC(C)(Oc1ccc(Cl)cc1)C(=O)O,CC(C)(Oc1ccc(Cl)cc1)C(=O)O,1,exact,0,0,B3DB_classification:1241,clofibric acid,CC(C)(Oc1ccc(Cl)cc1)C(=O)O,B3DB_classification:1241,clofibric acid,CC(C)(Oc1ccc(Cl)cc1)C(=O)O,,,
tdc_no_conflict_salt_removed,train,45,train:45,CN(C)C(=O)CCNc1ccc(Br)cc1,1,True,,CN(C)C(=O)CCNc1ccc(Br)cc1,CN(C)C(=O)CCNc1ccc(Br)cc1,1,exact,1,1,B3DB_classification:1719,bromamid,CN(C)C(=O)CCNc1ccc(Br)cc1,B3DB_classification:1719,bromamid,CN(C)C(=O)CCNc1ccc(Br)cc1,,,
tdc_no_conflict_salt_removed,train,46,train:46,COc1cc(CCN)cc(OC)c1OC,1,True,,COc1cc(CCN)cc(OC)c1OC,COc1cc(CCN)cc(OC)c1OC,1,exact,1,1,B3DB_classification:2027,mescaline,COc1cc(CCN)cc(OC)c1OC,B3DB_classification:2027,mescaline,COc1cc(CCN)cc(OC)c1OC,,,
tdc_no_conflict_salt_removed,train,47,train:47,CCN(CC)CCNC(=O)c1cc(Br)c(N)cc1OC,1,True,,CCN(CC)CCNC(=O)c1cc(Br)c(N)cc1OC,CCN(CC)CCNC(=O)c1cc(Br)c(N)cc1OC,1,exact,1,1,B3DB_classification:1599,bromopride,CCN(CC)CCNC(=O)c1cc(Br)c(N)cc1OC,B3DB_classification:1599,bromopride,CCN(CC)CCNC(=O)c1cc(Br)c(N)cc1OC,,,
tdc_no_conflict_salt_removed,train,48,train:48,CCN(CC)CCOC(=O)c1ccc(N)cc1,1,True,,CCN(CC)CCOC(=O)c1ccc(N)cc1,CCN(CC)CCOC(=O)c1ccc(N)cc1,1,exact,1,1,B3DB_classification:585,procaine,CCN(CC)CCOC(=O)c1ccc(N)cc1,B3DB_classification:585,procaine,CCN(CC)CCOC(=O)c1ccc(N)cc1,,,
tdc_no_conflict_salt_removed,train,49,train:49,CN[C@@H](C)Cc1ccccc1,1,True,,CN[C@@H](C)Cc1ccccc1,CN[C@@H](C)Cc1ccccc1,1,exact,1,1,B3DB_classification:977,methamphetamine,CN[C@@H](C)Cc1ccccc1,B3DB_classification:977,methamphetamine,CN[C@@H](C)Cc1ccccc1,,,
tdc_no_conflict_salt_removed,train,50,train:50,COc1ccccc1OCC(O)COC(N)=O,1,True,,COc1ccccc1OCC(O)COC(N)=O,COc1ccccc1OCC(O)COC(N)=O,1,exact,1,1,B3DB_classification:2083,methocarbamol,COc1ccccc1OCC(O)COC(N)=O,B3DB_classification:2083,methocarbamol,COc1ccccc1OCC(O)COC(N)=O,,,
tdc_no_conflict_salt_removed,train,51,train:51,CCOC(=O)NNC(C)c1ccccc1,1,True,,CCOC(=O)NNC(C)c1ccccc1,CCOC(=O)NNC(C)c1ccccc1,1,exact,1,1,B3DB_classification:1641,carbenzide,CCOC(=O)NNC(C)c1ccccc1,B3DB_classification:1641,carbenzide,CCOC(=O)NNC(C)c1ccccc1,,,
tdc_no_conflict_salt_removed,train,52,train:52,Nc1ccc(C(=O)O)c(O)c1,0,True,,Nc1ccc(C(=O)O)c(O)c1,Nc1ccc(C(=O)O)c(O)c1,1,exact,0,0,B3DB_classification:2350,clofazimine,Nc1ccc(C(=O)O)c(O)c1,B3DB_classification:2350,clofazimine,Nc1ccc(C(=O)O)c(O)c1,,,
tdc_no_conflict_salt_removed,train,53,train:53,NC(=O)OCC(COC(N)=O)c1ccccc1,1,True,,NC(=O)OCC(COC(N)=O)c1ccccc1,NC(=O)OCC(COC(N)=O)c1ccccc1,1,exact,1,1,B3DB_classification:417,felbamate,NC(=O)OCC(COC(N)=O)c1ccccc1,B3DB_classification:417,felbamate,NC(=O)OCC(COC(N)=O)c1ccccc1,,,
tdc_no_conflict_salt_removed,train,54,train:54,CN(C)C(C)(CO)Cc1ccc(Cl)c(Cl)c1,1,True,,CN(C)C(C)(CO)Cc1ccc(Cl)c(Cl)c1,CN(C)C(C)(CO)Cc1ccc(Cl)c(Cl)c1,1,exact,1,1,B3DB_classification:1723,cericlamine,CN(C)C(C)(CO)Cc1ccc(Cl)c(Cl)c1,B3DB_classification:1723,cericlamine,CN(C)C(C)(CO)Cc1ccc(Cl)c(Cl)c1,,,
tdc_no_conflict_salt_removed,train,55,train:55,NC(=O)OCC(O)COc1ccc(Cl)cc1,1,True,,NC(=O)OCC(O)COc1ccc(Cl)cc1,NC(=O)OCC(O)COc1ccc(Cl)cc1,1,exact,1,1,B3DB_classification:2295,chlorphenesin carbamate,NC(=O)OCC(O)COc1ccc(Cl)cc1,B3DB_classification:2295,chlorphenesin carbamate,NC(=O)OCC(O)COc1ccc(Cl)cc1,,,
tdc_no_conflict_salt_removed,train,56,train:56,CC(C)c1cccc(C(C)C)c1O,1,True,,CC(C)c1cccc(C(C)C)c1O,CC(C)c1cccc(C(C)C)c1O,1,exact,1,1,B3DB_classification:894,"propofol, diprivan",CC(C)c1cccc(C(C)C)c1O,B3DB_classification:894,"propofol, diprivan",CC(C)c1cccc(C(C)C)c1O,,,
tdc_no_conflict_salt_removed,train,57,train:57,CC(C)(O)CC(C)(O)c1ccc(Cl)cc1,1,True,,CC(C)(O)CC(C)(O)c1ccc(Cl)cc1,CC(C)(O)CC(C)(O)c1ccc(Cl)cc1,1,exact,1,1,B3DB_classification:1239,fenpentadiol,CC(C)(O)CC(C)(O)c1ccc(Cl)cc1,B3DB_classification:1239,fenpentadiol,CC(C)(O)CC(C)(O)c1ccc(Cl)cc1,,,
tdc_no_conflict_salt_removed,train,58,train:58,CC(C)(C)NCC(O)c1ccccc1F,1,True,,CC(C)(C)NCC(O)c1ccccc1F,CC(C)(C)NCC(O)c1ccccc1F,1,exact,1,1,B3DB_classification:1231,flerobuterol,CC(C)(C)NCC(O)c1ccccc1F,B3DB_classification:1231,flerobuterol,CC(C)(C)NCC(O)c1ccccc1F,,,
tdc_no_conflict_salt_removed,train,59,train:59,CS(=O)(=O)c1ccc([C@@H](O)[C@@H](CF)NC(=O)C(Cl)Cl)cc1,1,True,,CS(=O)(=O)c1ccc([C@@H](O)[C@@H](CF)NC(=O)C(Cl)Cl)cc1,CS(=O)(=O)c1ccc([C@@H](O)[C@@H](CF)NC(=O)C(Cl)Cl)cc1,1,exact,1,1,B3DB_classification:2087,florfenicol,CS(=O)(=O)c1ccc([C@@H](O)[C@@H](CF)NC(=O)C(Cl)Cl)cc1,B3DB_classification:2087,florfenicol,CS(=O)(=O)c1ccc([C@@H](O)[C@@H](CF)NC(=O)C(Cl)Cl)cc1,,,
tdc_no_conflict_salt_removed,train,60,train:60,CCNC(=O)/C=C/c1cccc(Br)c1,1,True,,CCNC(=O)/C=C/c1cccc(Br)c1,CCNC(=O)/C=C/c1cccc(Br)c1,1,exact,1,1,B3DB_classification:1619,cinromide,CCNC(=O)/C=C/c1cccc(Br)c1,B3DB_classification:1619,cinromide,CCNC(=O)/C=C/c1cccc(Br)c1,,,
tdc_no_conflict_salt_removed,train,61,train:61,COc1cc(/C=C/C(N)=O)cc(OC)c1OC,1,True,,COc1cc(/C=C/C(N)=O)cc(OC)c1OC,COc1cc(/C=C/C(N)=O)cc(OC)c1OC,1,exact,1,1,B3DB_classification:2020,cintriamide,COc1cc(/C=C/C(N)=O)cc(OC)c1OC,B3DB_classification:2020,cintriamide,COc1cc(/C=C/C(N)=O)cc(OC)c1OC,,,
tdc_no_conflict_salt_removed,train,62,train:62,CCOC(=O)N(CCN(C)C)c1cccc(C(F)(F)F)c1,1,True,,CCOC(=O)N(CCN(C)C)c1cccc(C(F)(F)F)c1,CCOC(=O)N(CCN(C)C)c1cccc(C(F)(F)F)c1,1,exact,1,1,B3DB_classification:1636,flubanilate,CCOC(=O)N(CCN(C)C)c1cccc(C(F)(F)F)c1,B3DB_classification:1636,flubanilate,CCOC(=O)N(CCN(C)C)c1cccc(C(F)(F)F)c1,,,
tdc_no_conflict_salt_removed,train,63,train:63,CNCC(O)c1ccc(O)c(O)c1,0,True,,CNCC(O)c1ccc(O)c(O)c1,CNCC(O)c1ccc(O)c(O)c1,1,exact,0,0,B3DB_classification:1911,dl-adrenaline,CNCC(O)c1ccc(O)c(O)c1,B3DB_classification:1911,dl-adrenaline,CNCC(O)c1ccc(O)c(O)c1,,,
tdc_no_conflict_salt_removed,train,64,train:64,NCCc1ccc(O)c(O)c1,0,True,,NCCc1ccc(O)c(O)c1,NCCc1ccc(O)c(O)c1,1,exact,0,0,B3DB_classification_external:174,dopamine,NCCc1cc(O)c(O)cc1,B3DB_classification_external:174,dopamine,NCCc1cc(O)c(O)cc1,,,
tdc_no_conflict_salt_removed,train,65,train:65,CCN(CC)CCNC(=O)COc1ccc(Cl)cc1,1,True,,CCN(CC)CCNC(=O)COc1ccc(Cl)cc1,CCN(CC)CCNC(=O)COc1ccc(Cl)cc1,1,exact,1,1,B3DB_classification:1597,clofexamide,CCN(CC)CCNC(=O)COc1ccc(Cl)cc1,B3DB_classification:1597,clofexamide,CCN(CC)CCNC(=O)COc1ccc(Cl)cc1,,,
tdc_no_conflict_salt_removed,train,66,train:66,CCS(=O)(=O)c1ccc(F)cc1,1,True,,CCS(=O)(=O)c1ccc(F)cc1,CCS(=O)(=O)c1ccc(F)cc1,1,exact,1,1,B3DB_classification:1662,fluoresone,CCS(=O)(=O)c1ccc(F)cc1,B3DB_classification:1662,fluoresone,CCS(=O)(=O)c1ccc(F)cc1,,,
tdc_no_conflict_salt_removed,train,67,train:67,COCCCC/C(=N\OCCN)c1ccc(Cl)cc1,1,True,,COCCCC/C(=N\OCCN)c1ccc(Cl)cc1,COCCCC/C(=N\OCCN)c1ccc(Cl)cc1,1,exact,1,1,B3DB_classification:3374,clovoxamine,COCCCC/C(=N\OCCN)c1ccc(Cl)cc1,B3DB_classification:3374,clovoxamine,COCCCC/C(=N\OCCN)c1ccc(Cl)cc1,,,
tdc_no_conflict_salt_removed,train,68,train:68,CN[C@@H](C)[C@H](O)c1ccccc1,0,True,,CN[C@@H](C)[C@H](O)c1ccccc1,CN[C@@H](C)[C@H](O)c1ccccc1,1,exact,0,0,B3DB_classification:1934,ephedrine,CN[C@@H](C)[C@H](O)c1ccccc1,B3DB_classification:1934,ephedrine,CN[C@@H](C)[C@H](O)c1ccccc1,,,
tdc_no_conflict_salt_removed,train,69,train:69,CNC[C@H](O)c1ccc(O)c(O)c1,0,True,,CNC[C@H](O)c1ccc(O)c(O)c1,CNC[C@H](O)c1ccc(O)c(O)c1,1,exact,0,0,B3DB_classification:1932,epinephrine,CNC[C@H](O)c1ccc(O)c(O)c1,B3DB_classification:1932,epinephrine,CNC[C@H](O)c1ccc(O)c(O)c1,,,
tdc_no_conflict_salt_removed,train,70,train:70,NC(CO)C(=O)NNCc1ccc(O)c(O)c1O,0,True,,NC(CO)C(=O)NNCc1ccc(O)c(O)c1O,NC(CO)C(=O)NNCc1ccc(O)c(O)c1O,1,exact,0,0,B3DB_classification:2305,benserazide,NC(CO)C(=O)NNCc1ccc(O)c(O)c1O,B3DB_classification:2305,benserazide,NC(CO)C(=O)NNCc1ccc(O)c(O)c1O,,,
tdc_no_conflict_salt_removed,train,71,train:71,CC(C)(C)NCC(O)c1ccc(O)c(NC(N)=O)c1,0,True,,CC(C)(C)NCC(O)c1ccc(O)c(NC(N)=O)c1,CC(C)(C)NCC(O)c1ccc(O)c(NC(N)=O)c1,1,exact,0,0,B3DB_classification:1230,carbuterol,CC(C)(C)NCC(O)c1ccc(O)c(NC(N)=O)c1,B3DB_classification:1230,carbuterol,CC(C)(C)NCC(O)c1ccc(O)c(NC(N)=O)c1,,,
tdc_no_conflict_salt_removed,train,72,train:72,COCCCC/C(=N\OCCN)c1ccc(C(F)(F)F)cc1,1,True,,COCCCC/C(=N\OCCN)c1ccc(C(F)(F)F)cc1,COCCCC/C(=N\OCCN)c1ccc(C(F)(F)F)cc1,1,exact,1,1,B3DB_classification:921,fluvoxamine,COCCCC/C(=N\OCCN)c1ccc(C(F)(F)F)cc1,B3DB_classification:921,fluvoxamine,COCCCC/C(=N\OCCN)c1ccc(C(F)(F)F)cc1,,,
tdc_no_conflict_salt_removed,train,73,train:73,C=C(CC)C(=O)c1ccc(OCC(=O)O)c(Cl)c1Cl,0,True,,C=C(CC)C(=O)c1ccc(OCC(=O)O)c(Cl)c1Cl,C=C(CC)C(=O)c1ccc(OCC(=O)O)c(Cl)c1Cl,1,exact,0,0,B3DB_classification:1089,etacrynicacid,C=C(CC)C(=O)c1ccc(OCC(=O)O)c(Cl)c1Cl,B3DB_classification:1089,etacrynicacid,C=C(CC)C(=O)c1ccc(OCC(=O)O)c(Cl)c1Cl,,,
tdc_no_conflict_salt_removed,train,74,train:74,NC(N)=N/N=C/c1c(Cl)cccc1Cl,0,True,,NC(N)=N/N=C/c1c(Cl)cccc1Cl,NC(N)=N/N=C/c1c(Cl)cccc1Cl,1,exact,0,0,B3DB_classification:2614,guanabenz,NC(N)=N/N=C/c1c(Cl)cccc1Cl,B3DB_classification:2614,guanabenz,NC(N)=N/N=C/c1c(Cl)cccc1Cl,,,
tdc_no_conflict_salt_removed,train,75,train:75,CC(C)Cc1ccc(C(C)C(=O)O)cc1,0,True,,CC(C)Cc1ccc(C(C)C(=O)O)cc1,CC(C)Cc1ccc(C(C)C(=O)O)cc1,1,exact,1,1,B3DB_classification:407,ibuprofen ,CC(C)Cc1ccc(C(C)C(=O)O)cc1,B3DB_classification:407,ibuprofen ,CC(C)Cc1ccc(C(C)C(=O)O)cc1,,,b3db_exact_label_mismatch|b3db_salt_removed_label_mismatch
tdc_no_conflict_salt_removed,train,76,train:76,O=C(CCCl)NCCc1ccccc1,1,True,,O=C(CCCl)NCCc1ccccc1,O=C(CCCl)NCCc1ccccc1,1,exact,1,1,B3DB_classification:2376,fenaclon,O=C(CCCl)NCCc1ccccc1,B3DB_classification:2376,fenaclon,O=C(CCCl)NCCc1ccccc1,,,
tdc_no_conflict_salt_removed,train,77,train:77,CC(C)NNC(=O)COc1ccc(Cl)cc1,1,True,,CC(C)NNC(=O)COc1ccc(Cl)cc1,CC(C)NNC(=O)COc1ccc(Cl)cc1,1,exact,1,1,B3DB_classification:1266,iproclozide,CC(C)NNC(=O)COc1ccc(Cl)cc1,B3DB_classification:1266,iproclozide,CC(C)NNC(=O)COc1ccc(Cl)cc1,,,
tdc_no_conflict_salt_removed,train,78,train:78,C[C@H](N)[C@H](O)c1cccc(O)c1,0,True,,C[C@H](N)[C@H](O)c1cccc(O)c1,C[C@H](N)[C@H](O)c1cccc(O)c1,1,exact,0,0,B3DB_classification:2122,metaraminol,C[C@H](N)[C@H](O)c1cccc(O)c1,B3DB_classification:2122,metaraminol,C[C@H](N)[C@H](O)c1cccc(O)c1,,,
tdc_no_conflict_salt_removed,train,79,train:79,CC(C)NCC(O)c1ccc(O)c(O)c1,0,True,,CC(C)NCC(O)c1ccc(O)c(O)c1,CC(C)NCC(O)c1ccc(O)c(O)c1,1,exact,0,0,B3DB_classification:1265,isoproterenol hydrochloride,CC(C)NCC(O)c1ccc(O)c(O)c1,B3DB_classification:1265,isoproterenol hydrochloride,CC(C)NCC(O)c1ccc(O)c(O)c1,,,
tdc_no_conflict_salt_removed,train,80,train:80,COCCc1ccc(OCC(O)CNC(C)C)cc1,1,True,,COCCc1ccc(OCC(O)CNC(C)C)cc1,COCCc1ccc(OCC(O)CNC(C)C)cc1,1,exact,1,1,B3DB_classification:1026,metoprolol,COCCc1ccc(OCC(O)CNC(C)C)cc1,B3DB_classification:1026,metoprolol,COCCc1ccc(OCC(O)CNC(C)C)cc1,,,
tdc_no_conflict_salt_removed,train,81,train:81,CNCC(O)c1ccc(OC(=O)C(C)(C)C)c(OC(=O)C(C)(C)C)c1,0,True,,CNCC(O)c1ccc(OC(=O)C(C)(C)C)c(OC(=O)C(C)(C)C)c1,CNCC(O)c1ccc(OC(=O)C(C)(C)C)c(OC(=O)C(C)(C)C)c1,1,unmatched,,,,,,,,,,,
tdc_no_conflict_salt_removed,train,82,train:82,NC(Cc1ccc(N(CCCl)CCCl)cc1)C(=O)O,0,True,,NC(Cc1ccc(N(CCCl)CCCl)cc1)C(=O)O,NC(Cc1ccc(N(CCCl)CCCl)cc1)C(=O)O,1,exact,1,1,B3DB_classification:282,melphalan,NC(Cc1ccc(N(CCCl)CCCl)cc1)C(=O)O,B3DB_classification:282,melphalan,NC(Cc1ccc(N(CCCl)CCCl)cc1)C(=O)O,,,b3db_exact_label_mismatch|b3db_salt_removed_label_mismatch
tdc_no_conflict_salt_removed,train,83,train:83,CCNCC(O)c1cccc(O)c1,0,True,,CCNCC(O)c1cccc(O)c1,CCNCC(O)c1cccc(O)c1,1,exact,0,0,B3DB_classification:1624,etilefrine,CCNCC(O)c1cccc(O)c1,B3DB_classification:1624,etilefrine,CCNCC(O)c1cccc(O)c1,,,
tdc_no_conflict_salt_removed,train,84,train:84,N=C(N)NCCCOc1ccccc1,1,True,,N=C(N)NCCCOc1ccccc1,N=C(N)NCCCOc1ccccc1,1,unmatched,,,,,,,,,,,
tdc_no_conflict_salt_removed,train,85,train:85,CC(NN)c1ccccc1,1,True,,CC(NN)c1ccccc1,CC(NN)c1ccccc1,1,exact,1,1,B3DB_classification:1315,mebanazine,CC(NN)c1ccccc1,B3DB_classification:1315,mebanazine,CC(NN)c1ccccc1,,,
tdc_no_conflict_salt_removed,train,86,train:86,C[C@](N)(Cc1ccc(O)c(O)c1)C(=O)O,0,True,,C[C@](N)(Cc1ccc(O)c(O)c1)C(=O)O,C[C@](N)(Cc1ccc(O)c(O)c1)C(=O)O,1,unmatched,,,,,,,,,,,
tdc_no_conflict_salt_removed,train,87,train:87,CCN(CC)CCNC(=O)COc1ccc(OC)cc1,1,True,,CCN(CC)CCNC(=O)COc1ccc(OC)cc1,CCN(CC)CCNC(=O)COc1ccc(OC)cc1,1,exact,1,1,B3DB_classification:1598,akos026749852,CCN(CC)CCNC(=O)COc1ccc(OC)cc1,B3DB_classification:1598,akos026749852,CCN(CC)CCNC(=O)COc1ccc(OC)cc1,,,
tdc_no_conflict_salt_removed,train,88,train:88,CC(=O)Nc1c(I)c(NC(C)=O)c(I)c(C(=O)[O-])c1I,0,True,,CC(=O)Nc1c(I)c(NC(C)=O)c(I)c(C(=O)[O-])c1I,CC(=O)Nc1c(I)c(NC(C)=O)c(I)c(C(=O)[O-])c1I,1,unmatched,,,,,,,,,,,
tdc_no_conflict_salt_removed,train,89,train:89,CC(C)NCC(O)c1ccc(NS(C)(=O)=O)cc1,1,True,,CC(C)NCC(O)c1ccc(NS(C)(=O)=O)cc1,CC(C)NCC(O)c1ccc(NS(C)(=O)=O)cc1,1,exact,1,1,B3DB_classification:365,sotalol,CC(C)NCC(O)c1ccc(NS(C)(=O)=O)cc1,B3DB_classification:365,sotalol,CC(C)NCC(O)c1ccc(NS(C)(=O)=O)cc1,,,
tdc_no_conflict_salt_removed,train,90,train:90,CC(Cc1ccccc1)NO,0,True,,CC(Cc1ccccc1)NO,CC(Cc1ccccc1)NO,1,exact,0,0,B3DB_classification:1310,n-(1-phenylpropan-2-yl)hydroxylamine,CC(Cc1ccccc1)NO,B3DB_classification:1310,n-(1-phenylpropan-2-yl)hydroxylamine,CC(Cc1ccccc1)NO,,,
tdc_no_conflict_salt_removed,train,91,train:91,CNC(C)C(O)c1ccc(O)cc1,0,True,,CNC(C)C(O)c1ccc(O)cc1,CNC(C)C(O)c1ccc(O)cc1,1,exact,0,0,B3DB_classification:1902,hydroxyephedrine,CNC(C)C(O)c1ccc(O)cc1,B3DB_classification:1902,hydroxyephedrine,CNC(C)C(O)c1ccc(O)cc1,,,
tdc_no_conflict_salt_removed,train,92,train:92,CC(=O)Nc1cccc(O)c1,1,True,,CC(=O)Nc1cccc(O)c1,CC(=O)Nc1cccc(O)c1,1,exact,1,1,B3DB_classification:1156,metacetamol,CC(=O)Nc1cccc(O)c1,B3DB_classification:1156,metacetamol,CC(=O)Nc1cccc(O)c1,,,
tdc_no_conflict_salt_removed,train,93,train:93,CC(C)(O)C(C)(O)c1cccc(Cl)c1,1,True,,CC(C)(O)C(C)(O)c1cccc(Cl)c1,CC(C)(O)C(C)(O)c1cccc(Cl)c1,1,exact,1,1,B3DB_classification:1238,metaglycodol,CC(C)(O)C(C)(O)c1cccc(Cl)c1,B3DB_classification:1238,metaglycodol,CC(C)(O)C(C)(O)c1cccc(Cl)c1,,,
tdc_no_conflict_salt_removed,train,94,train:94,NCC(O)c1cccc(O)c1,0,True,,NCC(O)c1cccc(O)c1,NCC(O)c1cccc(O)c1,1,exact,0,0,B3DB_classification:2319,norfenefrine,NCC(O)c1cccc(O)c1,B3DB_classification:2319,norfenefrine,NCC(O)c1cccc(O)c1,,,
tdc_no_conflict_salt_removed,train,95,train:95,CNC(C)C(=O)c1ccc(OC)cc1,0,True,,CNC(C)C(=O)c1ccc(OC)cc1,CNC(C)C(=O)c1ccc(OC)cc1,1,exact,0,0,B3DB_classification:1901,methoxyphedrine,CNC(C)C(=O)c1ccc(OC)cc1,B3DB_classification:1901,methoxyphedrine,CNC(C)C(=O)c1ccc(OC)cc1,,,
tdc_no_conflict_salt_removed,train,96,train:96,CC(C(=O)c1ccccc1)N(C)C,1,True,,CC(C(=O)c1ccccc1)N(C)C,CC(C(=O)c1ccccc1)N(C)C,1,exact,1,1,B3DB_classification:1220,metamfepramone,CC(C(=O)c1ccccc1)N(C)C,B3DB_classification:1220,metamfepramone,CC(C(=O)c1ccccc1)N(C)C,,,
tdc_no_conflict_salt_removed,train,97,train:97,CCOc1ccc(NC(C)=O)cc1,0,True,,CCOc1ccc(NC(C)=O)cc1,CCOc1ccc(NC(C)=O)cc1,1,exact,1,1,B3DB_classification_external:27,phenacetin,CCOc1ccc(NC(C)=O)cc1,B3DB_classification_external:27,phenacetin,CCOc1ccc(NC(C)=O)cc1,,,b3db_exact_label_mismatch|b3db_salt_removed_label_mismatch
tdc_no_conflict_salt_removed,train,98,train:98,NC/C(=C/F)CCc1ccc(F)cc1,1,True,,NC/C(=C/F)CCc1ccc(F)cc1,NC/C(=C/F)CCc1ccc(F)cc1,1,exact,1,1,B3DB_classification:2311,mofegiline,NC/C(=C/F)CCc1ccc(F)cc1,B3DB_classification:2311,mofegiline,NC/C(=C/F)CCc1ccc(F)cc1,,,
tdc_no_conflict_salt_removed,train,99,train:99,CNCC(O)c1cccc(OC(=O)C(C)(C)C)c1,0,True,,CNCC(O)c1cccc(OC(=O)C(C)(C)C)c1,CNCC(O)c1cccc(OC(=O)C(C)(C)C)c1,1,exact,0,0,B3DB_classification:1912,pivenfrine,CNCC(O)c1cccc(OC(=O)C(C)(C)C)c1,B3DB_classification:1912,pivenfrine,CNCC(O)c1cccc(OC(=O)C(C)(C)C)c1,,,
tdc_no_conflict_salt_removed,train,100,train:100,CCCN(CCC)S(=O)(=O)c1ccc(C(=O)O)cc1,0,True,,CCCN(CCC)S(=O)(=O)c1ccc(C(=O)O)cc1,CCCN(CCC)S(=O)(=O)c1ccc(C(=O)O)cc1,1,exact,1,1,B3DB_classification:313,probenecid,CCCN(CCC)S(=O)(=O)c1ccc(C(=O)O)cc1,B3DB_classification:313,probenecid,CCCN(CCC)S(=O)(=O)c1ccc(C(=O)O)cc1,,,b3db_exact_label_mismatch|b3db_salt_removed_label_mismatch
tdc_no_conflict_salt_removed,train,101,train:101,CCC(=O)Nc1ccc(O)cc1,1,True,,CCC(=O)Nc1ccc(O)cc1,CCC(=O)Nc1ccc(O)cc1,1,exact,1,1,B3DB_classification:1425,parapropamol,CCC(=O)Nc1ccc(O)cc1,B3DB_classification:1425,parapropamol,CCC(=O)Nc1ccc(O)cc1,,,
tdc_no_conflict_salt_removed,train,102,train:102,O=C(O)c1ccccc1O,0,True,,O=C(O)c1ccccc1O,O=C(O)c1ccccc1O,1,exact,0,0,B3DB_classification:115,salicylic acid (2-hydroxybenzoic acid),O=C(O)c1ccccc1O,B3DB_classification:115,salicylic acid (2-hydroxybenzoic acid),O=C(O)c1ccccc1O,,,
tdc_no_conflict_salt_removed,train,103,train:103,CC(C)(O)C(C)(O)c1ccc(Cl)cc1,1,True,,CC(C)(O)C(C)(O)c1ccc(Cl)cc1,CC(C)(O)C(C)(O)c1ccc(Cl)cc1,1,exact,1,1,B3DB_classification:1237,phenaglycodol,CC(C)(O)C(C)(O)c1ccc(Cl)cc1,B3DB_classification:1237,phenaglycodol,CC(C)(O)C(C)(O)c1ccc(Cl)cc1,,,
tdc_no_conflict_salt_removed,train,104,train:104,CC(Cc1ccccc1)NN,1,True,,CC(Cc1ccccc1)NN,CC(Cc1ccccc1)NN,1,exact,1,1,B3DB_classification:1309,pheniprazine,CC(Cc1ccccc1)NN,B3DB_classification:1309,pheniprazine,CC(Cc1ccccc1)NN,,,
tdc_no_conflict_salt_removed,train,105,train:105,CC(C)NCC(O)COc1ccc(CC(N)=O)cc1,0,True,,CC(C)NCC(O)COc1ccc(CC(N)=O)cc1,CC(C)NCC(O)COc1ccc(CC(N)=O)cc1,1,exact,1,1,B3DB_classification:155,atenolol ,CC(C)NCC(O)COc1ccc(CC(N)=O)cc1,B3DB_classification:155,atenolol ,CC(C)NCC(O)COc1ccc(CC(N)=O)cc1,,,b3db_exact_label_mismatch|b3db_salt_removed_label_mismatch
tdc_no_conflict_salt_removed,train,106,train:106,c1ccccc1,1,True,,c1ccccc1,c1ccccc1,1,exact,1,1,B3DB_classification:774,benzene,c1ccccc1,B3DB_classification:774,benzene,c1ccccc1,,,
tdc_no_conflict_salt_removed,train,107,train:107,C#CCN(C)Cc1ccccc1,1,True,,C#CCN(C)Cc1ccccc1,C#CCN(C)Cc1ccccc1,1,exact,1,1,B3DB_classification:1066,pargyline,C#CCN(C)Cc1ccccc1,B3DB_classification:1066,pargyline,C#CCN(C)Cc1ccccc1,,,
tdc_no_conflict_salt_removed,train,108,train:108,NC(=O)NC(=O)Cc1ccccc1,1,True,,NC(=O)NC(=O)Cc1ccccc1,NC(=O)NC(=O)Cc1ccccc1,1,exact,1,1,B3DB_classification:2293,phenacemide,NC(=O)NC(=O)Cc1ccccc1,B3DB_classification:2293,phenacemide,NC(=O)NC(=O)Cc1ccccc1,,,
tdc_no_conflict_salt_removed,train,109,train:109,CCCCNC(=O)NS(=O)(=O)c1ccc(C)cc1,0,True,,CCCCNC(=O)NS(=O)(=O)c1ccc(C)cc1,CCCCNC(=O)NS(=O)(=O)c1ccc(C)cc1,1,unmatched,,,,,,,,,,,
tdc_no_conflict_salt_removed,train,110,train:110,CCC(C(=O)NC(N)=O)c1ccccc1,1,True,,CCC(C(=O)NC(N)=O)c1ccccc1,CCC(C(=O)NC(N)=O)c1ccccc1,1,exact,1,1,B3DB_classification:1447,pheneturide,CCC(C(=O)NC(N)=O)c1ccccc1,B3DB_classification:1447,pheneturide,CCC(C(=O)NC(N)=O)c1ccccc1,,,
tdc_no_conflict_salt_removed,train,111,train:111,CC(COc1ccccc1)NN,1,True,,CC(COc1ccccc1)NN,CC(COc1ccccc1)NN,1,exact,1,1,B3DB_classification:1299,phenoxypropazine,CC(COc1ccccc1)NN,B3DB_classification:1299,phenoxypropazine,CC(COc1ccccc1)NN,,,
tdc_no_conflict_salt_removed,train,112,train:112,CC(N)C(=O)OC(C)(C)Cc1ccc(Cl)cc1,1,True,,CC(N)C(=O)OC(C)(C)Cc1ccc(Cl)cc1,CC(N)C(=O)OC(C)(C)Cc1ccc(Cl)cc1,1,exact,1,1,B3DB_classification:1313,alaproclate,CC(N)C(=O)OC(C)(C)Cc1ccc(Cl)cc1,B3DB_classification:1313,alaproclate,CC(N)C(=O)OC(C)(C)Cc1ccc(Cl)cc1,,,
tdc_no_conflict_salt_removed,train,113,train:113,CC(N)Cc1ccccc1,1,True,,CC(N)Cc1ccccc1,CC(N)Cc1ccccc1,1,exact,1,1,B3DB_classification:976,amphetamine,CC(N)Cc1ccccc1,B3DB_classification:976,amphetamine,CC(N)Cc1ccccc1,,,
tdc_no_conflict_salt_removed,train,114,train:114,CNNCc1ccc(C(=O)NC(C)C)cc1,1,True,,CNNCc1ccc(C(=O)NC(C)C)cc1,CNNCc1ccc(C(=O)NC(C)C)cc1,1,unmatched,,,,,,,,,,,
tdc_no_conflict_salt_removed,train,115,train:115,CCN(CC)CCNC(=O)c1cc(S(C)(=O)=O)ccc1OC,1,True,,CCN(CC)CCNC(=O)c1cc(S(C)(=O)=O)ccc1OC,CCN(CC)CCNC(=O)c1cc(S(C)(=O)=O)ccc1OC,1,exact,1,1,B3DB_classification:1601,tiapride,CCN(CC)CCNC(=O)c1cc(S(C)(=O)=O)ccc1OC,B3DB_classification:1601,tiapride,CCN(CC)CCNC(=O)c1cc(S(C)(=O)=O)ccc1OC,,,
tdc_no_conflict_salt_removed,train,116,train:116,CCN(CC)CC(=O)Oc1ccc(NC(C)=O)cc1,1,True,,CCN(CC)CC(=O)Oc1ccc(NC(C)=O)cc1,CCN(CC)CC(=O)Oc1ccc(NC(C)=O)cc1,1,exact,1,1,B3DB_classification:1593,propacetamol,CCN(CC)CC(=O)Oc1ccc(NC(C)=O)cc1,B3DB_classification:1593,propacetamol,CCN(CC)CC(=O)Oc1ccc(NC(C)=O)cc1,,,
tdc_no_conflict_salt_removed,train,117,train:117,O=C(Nc1ccc(O)cc1)C(Cl)(Cl)Cl,1,True,,O=C(Nc1ccc(O)cc1)C(Cl)(Cl)Cl,O=C(Nc1ccc(O)cc1)C(Cl)(Cl)Cl,1,exact,1,1,B3DB_classification:2407,triclacetamol,O=C(Nc1ccc(O)cc1)C(Cl)(Cl)Cl,B3DB_classification:2407,triclacetamol,O=C(Nc1ccc(O)cc1)C(Cl)(Cl)Cl,,,
tdc_no_conflict_salt_removed,train,118,train:118,CCOC(=O)c1ccc(N)cc1,1,True,,CCOC(=O)c1ccc(N)cc1,CCOC(=O)c1ccc(N)cc1,1,exact,1,1,B3DB_classification:699,ethyl 4-aminobenzoate (benzocaine),CCOC(=O)c1ccc(N)cc1,B3DB_classification:699,ethyl 4-aminobenzoate (benzocaine),CCOC(=O)c1ccc(N)cc1,,,
tdc_no_conflict_salt_removed,train,119,train:119,CCN(C)C(=O)Oc1cccc([C@H](C)N(C)C)c1,1,True,,CCN(C)C(=O)Oc1cccc([C@H](C)N(C)C)c1,CCN(C)C(=O)Oc1cccc([C@H](C)N(C)C)c1,1,exact,1,1,B3DB_classification:950,rivastigmine,CCN(C)C(=O)Oc1cccc([C@H](C)N(C)C)c1,B3DB_classification:950,rivastigmine,CCN(C)C(=O)Oc1cccc([C@H](C)N(C)C)c1,,,
tdc_no_conflict_salt_removed,train,120,train:120,CC(NC(C)(C)C)C(=O)c1cccc(Cl)c1,1,True,,CC(NC(C)(C)C)C(=O)c1cccc(Cl)c1,CC(NC(C)(C)C)C(=O)c1cccc(Cl)c1,1,exact,1,1,B3DB_classification:1048,bupropion (zyban),CC(NC(C)(C)C)C(=O)c1cccc(Cl)c1,B3DB_classification:1048,bupropion (zyban),CC(NC(C)(C)C)C(=O)c1cccc(Cl)c1,,,
tdc_no_conflict_salt_removed,train,121,train:121,O=C(NCc1ccccc1)OCCO,1,True,,O=C(NCc1ccccc1)OCCO,O=C(NCc1ccccc1)OCCO,1,exact,1,1,B3DB_classification:2406,buramate,O=C(NCc1ccccc1)OCCO,B3DB_classification:2406,buramate,O=C(NCc1ccccc1)OCCO,,,
tdc_no_conflict_salt_removed,train,122,train:122,O=C(CCCl)NCc1ccccc1,1,True,,O=C(CCCl)NCc1ccccc1,O=C(CCCl)NCc1ccccc1,1,exact,1,1,B3DB_classification:2377,beclamide,O=C(CCCl)NCc1ccccc1,B3DB_classification:2377,beclamide,O=C(CCCl)NCc1ccccc1,,,
tdc_no_conflict_salt_removed,train,123,train:123,[N-]=[N+]=NCC(=O)N[C@H](CO)[C@H](O)c1ccc([N+](=O)[O-])cc1,1,True,,[N-]=[N+]=NCC(=O)N[C@H](CO)[C@H](O)c1ccc([N+](=O)[O-])cc1,[N-]=[N+]=NCC(=O)N[C@H](CO)[C@H](O)c1ccc([N+](=O)[O-])cc1,1,exact,1,1,B3DB_classification:2563,azidamfenicol,[N-]=[N+]=NCC(=O)N[C@H](CO)[C@H](O)c1ccc([N+](=O)[O-])cc1,B3DB_classification:2563,azidamfenicol,[N-]=[N+]=NCC(=O)N[C@H](CO)[C@H](O)c1ccc([N+](=O)[O-])cc1,,,
tdc_no_conflict_salt_removed,train,124,train:124,NC(=O)c1ccccc1O,1,True,,NC(=O)c1ccccc1O,NC(=O)c1ccccc1O,1,exact,1,1,B3DB_classification_external:31,salicylamide,NC(=O)c1ccccc1O,B3DB_classification_external:31,salicylamide,NC(=O)c1ccccc1O,,,
tdc_no_conflict_salt_removed,train,125,train:125,C#CCN(C)[C@H](C)Cc1ccccc1,1,True,,C#CCN(C)[C@H](C)Cc1ccccc1,C#CCN(C)[C@H](C)Cc1ccccc1,1,exact,1,1,B3DB_classification:848,selegiline,C#CCN(C)[C@H](C)Cc1ccccc1,B3DB_classification:848,selegiline,C#CCN(C)[C@H](C)Cc1ccccc1,,,
tdc_no_conflict_salt_removed,train,126,train:126,OCc1ccccc1,1,True,,OCc1ccccc1,OCc1ccccc1,1,exact,1,1,B3DB_classification:2548,benzyl alcohol,OCc1ccccc1,B3DB_classification:2548,benzyl alcohol,OCc1ccccc1,,,
tdc_no_conflict_salt_removed,train,127,train:127,O=C(c1ccco1)N(c1cnccn1)C1CCN(CCc2ccccc2)CC1,1,True,,O=C(c1ccco1)N(c1cnccn1)C1CCN(CCc2ccccc2)CC1,O=C(c1ccco1)N(c1cnccn1)C1CCN(CCc2ccccc2)CC1,1,exact,1,1,B3DB_classification:2432,mirfentanil,O=C(c1ccco1)N(c1cnccn1)C1CCN(CCc2ccccc2)CC1,B3DB_classification:2432,mirfentanil,O=C(c1ccco1)N(c1cnccn1)C1CCN(CCc2ccccc2)CC1,,,
tdc_no_conflict_salt_removed,train,128,train:128,Nc1nnc(-c2cccc(Cl)c2Cl)c(N)n1,1,True,,Nc1nnc(-c2cccc(Cl)c2Cl)c(N)n1,Nc1nnc(-c2cccc(Cl)c2Cl)c(N)n1,1,exact,1,1,B3DB_classification:810,lamotrigine,Nc1nnc(-c2cccc(Cl)c2Cl)c(N)n1,B3DB_classification:810,lamotrigine,Nc1nnc(-c2cccc(Cl)c2Cl)c(N)n1,,,
tdc_no_conflict_salt_removed,train,129,train:129,CCC(C)n1ncn(-c2ccc(N3CCN(c4ccc(OC[C@H]5CO[C@](Cn6cncn6)(c6ccc(Cl)cc6Cl)O5)cc4)CC3)cc2)c1=O,0,True,,CCC(C)n1ncn(-c2ccc(N3CCN(c4ccc(OC[C@H]5CO[C@](Cn6cncn6)(c6ccc(Cl)cc6Cl)O5)cc4)CC3)cc2)c1=O,CCC(C)n1ncn(-c2ccc(N3CCN(c4ccc(OC[C@H]5CO[C@](Cn6cncn6)(c6ccc(Cl)cc6Cl)O5)cc4)CC3)cc2)c1=O,1,exact,1,1,B3DB_classification:238,itraconazole,CCC(C)n1ncn(-c2ccc(N3CCN(c4ccc(OC[C@H]5CO[C@](Cn6cncn6)(c6ccc(Cl)cc6Cl)O5)cc4)CC3)cc2)c1=O,B3DB_classification:238,itraconazole,CCC(C)n1ncn(-c2ccc(N3CCN(c4ccc(OC[C@H]5CO[C@](Cn6cncn6)(c6ccc(Cl)cc6Cl)O5)cc4)CC3)cc2)c1=O,,,b3db_exact_label_mismatch|b3db_salt_removed_label_mismatch
tdc_no_conflict_salt_removed,train,130,train:130,CN(C)CCn1nnnc1SCC1=C(C(=O)O)N2C(=O)[C@@H](NC(=O)Cc3csc(N)n3)[C@H]2SC1,0,True,,CN(C)CCn1nnnc1SCC1=C(C(=O)O)N2C(=O)[C@@H](NC(=O)Cc3csc(N)n3)[C@H]2SC1,CN(C)CCn1nnnc1SCC1=C(C(=O)O)N2C(=O)[C@@H](NC(=O)Cc3csc(N)n3)[C@H]2SC1,1,exact,0,0,B3DB_classification:1776,cefotiam,CN(C)CCn1nnnc1SCC1=C(C(=O)O)N2C(=O)[C@@H](NC(=O)Cc3csc(N)n3)[C@H]2SC1,B3DB_classification:1776,cefotiam,CN(C)CCn1nnnc1SCC1=C(C(=O)O)N2C(=O)[C@@H](NC(=O)Cc3csc(N)n3)[C@H]2SC1,,,
tdc_no_conflict_salt_removed,train,131,train:131,C[C@]12CC[C@@H]3c4ccc(O)cc4CC[C@H]3[C@@H]1CC[C@@H]2O,0,True,,C[C@]12CC[C@@H]3c4ccc(O)cc4CC[C@H]3[C@@H]1CC[C@@H]2O,C[C@]12CC[C@@H]3c4ccc(O)cc4CC[C@H]3[C@@H]1CC[C@@H]2O,1,unmatched,,,,,,,,,,,
tdc_no_conflict_salt_removed,train,132,train:132,C#C[C@]1(O)CC[C@H]2[C@@H]3CCc4cc(OC)ccc4[C@H]3CC[C@@]21C,0,True,,C#C[C@]1(O)CC[C@H]2[C@@H]3CCc4cc(OC)ccc4[C@H]3CC[C@@]21C,C#C[C@]1(O)CC[C@H]2[C@@H]3CCc4cc(OC)ccc4[C@H]3CC[C@@]21C,1,exact,0,0,B3DB_classification:1072,mestranol,C#C[C@]1(O)CC[C@H]2[C@@H]3CCc4cc(OC)ccc4[C@H]3CC[C@@]21C,B3DB_classification:1072,mestranol,C#C[C@]1(O)CC[C@H]2[C@@H]3CCc4cc(OC)ccc4[C@H]3CC[C@@]21C,,,
tdc_no_conflict_salt_removed,train,133,train:133,C#C[C@]1(O)CC[C@H]2[C@@H]3CCc4cc(O)ccc4[C@H]3CC[C@@]21C,0,True,,C#C[C@]1(O)CC[C@H]2[C@@H]3CCc4cc(O)ccc4[C@H]3CC[C@@]21C,C#C[C@]1(O)CC[C@H]2[C@@H]3CCc4cc(O)ccc4[C@H]3CC[C@@]21C,1,exact,0,0,B3DB_classification:1071,ethinyl estradiol,C#C[C@]1(O)CC[C@H]2[C@@H]3CCc4cc(O)ccc4[C@H]3CC[C@@]21C,B3DB_classification:1071,ethinyl estradiol,C#C[C@]1(O)CC[C@H]2[C@@H]3CCc4cc(O)ccc4[C@H]3CC[C@@]21C,,,
tdc_no_conflict_salt_removed,train,134,train:134,CN1c2ccccc2C(NCCCCCCC(=O)O)c2ccc(Cl)cc2S1(=O)=O,1,True,,CN1c2ccccc2C(NCCCCCCC(=O)O)c2ccc(Cl)cc2S1(=O)=O,CN1c2ccccc2C(NCCCCCCC(=O)O)c2ccc(Cl)cc2S1(=O)=O,1,exact,1,1,B3DB_classification:1891,tianeptine,CN1c2ccccc2C(NCCCCCCC(=O)O)c2ccc(Cl)cc2S1(=O)=O,B3DB_classification:1891,tianeptine,CN1c2ccccc2C(NCCCCCCC(=O)O)c2ccc(Cl)cc2S1(=O)=O,,,
tdc_no_conflict_salt_removed,train,135,train:135,C#CCC1(OC(N)=O)CCCCC1,1,True,,C#CCC1(OC(N)=O)CCCCC1,C#CCC1(OC(N)=O)CCCCC1,1,exact,1,1,B3DB_classification:1064,hexapropymate,C#CCC1(OC(N)=O)CCCCC1,B3DB_classification:1064,hexapropymate,C#CCC1(OC(N)=O)CCCCC1,,,
tdc_no_conflict_salt_removed,train,136,train:136,C1CCCCC1,1,True,,C1CCCCC1,C1CCCCC1,1,exact,1,1,B3DB_classification:961,cyclohexane,C1CCCCC1,B3DB_classification:961,cyclohexane,C1CCCCC1,,,
tdc_no_conflict_salt_removed,train,137,train:137,CCC(OC(N)=O)C1CCCCC1,1,True,,CCC(OC(N)=O)C1CCCCC1,CCC(OC(N)=O)C1CCCCC1,1,exact,1,1,B3DB_classification:1465,procymate,CCC(OC(N)=O)C1CCCCC1,B3DB_classification:1465,procymate,CCC(OC(N)=O)C1CCCCC1,,,
tdc_no_conflict_salt_removed,train,138,train:138,O=NN(CCCl)C(=O)NC1CCCCC1,1,True,,O=NN(CCCl)C(=O)NC1CCCCC1,O=NN(CCCl)C(=O)NC1CCCCC1,1,exact,1,1,B3DB_classification:2496,lomustine,O=NN(CCCl)C(=O)NC1CCCCC1,B3DB_classification:2496,lomustine,O=NN(CCCl)C(=O)NC1CCCCC1,,,
tdc_no_conflict_salt_removed,train,139,train:139,NNCC1CCCCC1,1,True,,NNCC1CCCCC1,NNCC1CCCCC1,1,exact,1,1,B3DB_classification:2335,cimemoxin,NNCC1CCCCC1,B3DB_classification:2335,cimemoxin,NNCC1CCCCC1,,,
tdc_no_conflict_salt_removed,train,140,train:140,CC(C)C(O)C1CCCCC1,1,True,,CC(C)C(O)C1CCCCC1,CC(C)C(O)C1CCCCC1,1,exact,1,1,B3DB_classification:1249,cimepanol,CC(C)C(O)C1CCCCC1,B3DB_classification:1249,cimepanol,CC(C)C(O)C1CCCCC1,,,
tdc_no_conflict_salt_removed,train,141,train:141,NCC1(CC(=O)O)CCCCC1,1,True,,NCC1(CC(=O)O)CCCCC1,NCC1(CC(=O)O)CCCCC1,1,exact,1,1,B3DB_classification:415,gabapentin,NCC1(CC(=O)O)CCCCC1,B3DB_classification:415,gabapentin,NCC1(CC(=O)O)CCCCC1,,,
tdc_no_conflict_salt_removed,train,142,train:142,C#CC1(OC(N)=O)CCCCC1,1,True,,C#CC1(OC(N)=O)CCCCC1,C#CC1(OC(N)=O)CCCCC1,1,unmatched,,,,,,,,,,,
tdc_no_conflict_salt_removed,train,143,train:143,CN(C)CCOC(=O)CCC1CCCCC1,1,True,,CN(C)CCOC(=O)CCC1CCCCC1,CN(C)CCOC(=O)CCC1CCCCC1,1,exact,1,1,B3DB_classification:1764,cyprodenate,CN(C)CCOC(=O)CCC1CCCCC1,B3DB_classification:1764,cyprodenate,CN(C)CCOC(=O)CCC1CCCCC1,,,
tdc_no_conflict_salt_removed,train,144,train:144,O=C1CC[C@H]2[C@H]3Cc4cccc(O)c4[C@@]2(CCN3CC2CC2)C1,1,True,,O=C1CC[C@H]2[C@H]3Cc4cccc(O)c4[C@@]2(CCN3CC2CC2)C1,O=C1CC[C@H]2[C@H]3Cc4cccc(O)c4[C@@]2(CCN3CC2CC2)C1,1,exact,1,1,B3DB_classification:2447,ketorfanol,O=C1CC[C@H]2[C@H]3Cc4cccc(O)c4[C@@]2(CCN3CC2CC2)C1,B3DB_classification:2447,ketorfanol,O=C1CC[C@H]2[C@H]3Cc4cccc(O)c4[C@@]2(CCN3CC2CC2)C1,,,
tdc_no_conflict_salt_removed,train,145,train:145,COc1cc2c(c(CN[C@@H]3CCCN[C@H]3c3ccccc3)c1)OCC2,1,True,,COc1cc2c(c(CN[C@@H]3CCCN[C@H]3c3ccccc3)c1)OCC2,COc1cc2c(c(CN[C@@H]3CCCN[C@H]3c3ccccc3)c1)OCC2,1,exact,1,1,B3DB_classification:2032,9-c15,COc1cc2c(c(CN[C@@H]3CCCN[C@H]3c3ccccc3)c1)OCC2,B3DB_classification:2032,9-c15,COc1cc2c(c(CN[C@@H]3CCCN[C@H]3c3ccccc3)c1)OCC2,,,
tdc_no_conflict_salt_removed,train,146,train:146,O=C1CCC(c2ccccc2)(C2CCN(C/C=C/c3ccccc3)CC2)C(=O)N1,1,True,,O=C1CCC(c2ccccc2)(C2CCN(C/C=C/c3ccccc3)CC2)C(=O)N1,O=C1CCC(c2ccccc2)(C2CCN(C/C=C/c3ccccc3)CC2)C(=O)N1,1,exact,1,1,B3DB_classification:2440,cinperene,O=C1CCC(c2ccccc2)(C2CCN(C/C=C/c3ccccc3)CC2)C(=O)N1,B3DB_classification:2440,cinperene,O=C1CCC(c2ccccc2)(C2CCN(C/C=C/c3ccccc3)CC2)C(=O)N1,,,
tdc_no_conflict_salt_removed,train,147,train:147,CCN1C(=O)NC(c2ccccc2)C1=O,1,True,,CCN1C(=O)NC(c2ccccc2)C1=O,CCN1C(=O)NC(c2ccccc2)C1=O,1,exact,1,1,B3DB_classification:1608,ethotoin,CCN1C(=O)NC(c2ccccc2)C1=O,B3DB_classification:1608,ethotoin,CCN1C(=O)NC(c2ccccc2)C1=O,,,
tdc_no_conflict_salt_removed,train,148,train:148,CCC1(c2ccccc2)C(=O)NC(=O)N1C,1,True,,CCC1(c2ccccc2)C(=O)NC(=O)N1C,CCC1(c2ccccc2)C(=O)NC(=O)N1C,1,exact,1,1,B3DB_classification:1480,methetoin,CCC1(c2ccccc2)C(=O)NC(=O)N1C,B3DB_classification:1480,methetoin,CCC1(c2ccccc2)C(=O)NC(=O)N1C,,,
tdc_no_conflict_salt_removed,train,149,train:149,CCC1(c2ccccc2)NC(=O)N(C)C1=O,1,True,,CCC1(c2ccccc2)NC(=O)N(C)C1=O,CCC1(c2ccccc2)NC(=O)N(C)C1=O,1,exact,1,1,B3DB_classification:1482,mephenytoin,CCC1(c2ccccc2)NC(=O)N(C)C1=O,B3DB_classification:1482,mephenytoin,CCC1(c2ccccc2)NC(=O)N(C)C1=O,,,
tdc_no_conflict_salt_removed,train,150,train:150,CC1(C)SC2C(N(C(=N)c3ccncc3)[C@H](C(=O)NC(=O)CN)c3ccccc3)C(=O)N2C1C(=O)O,0,True,,CC1(C)SC2C(N(C(=N)c3ccncc3)[C@H](C(=O)NC(=O)CN)c3ccccc3)C(=O)N2C1C(=O)O,CC1(C)SC2C(N(C(=N)c3ccncc3)[C@H](C(=O)NC(=O)CN)c3ccccc3)C(=O)N2C1C(=O)O,1,exact,0,0,B3DB_classification:1342,pirbenicillin,CC1(C)SC2C(N(C(=N)c3ccncc3)[C@H](C(=O)NC(=O)CN)c3ccccc3)C(=O)N2C1C(=O)O,B3DB_classification:1342,pirbenicillin,CC1(C)SC2C(N(C(=N)c3ccncc3)[C@H](C(=O)NC(=O)CN)c3ccccc3)C(=O)N2C1C(=O)O,,,
tdc_no_conflict_salt_removed,train,151,train:151,O=C(c1ccccn1)c1cnn2c(-c3ccncc3)ccnc12,1,True,,O=C(c1ccccn1)c1cnn2c(-c3ccncc3)ccnc12,O=C(c1ccccn1)c1cnn2c(-c3ccncc3)ccnc12,1,exact,1,1,B3DB_classification:2430,ocinaplon,O=C(c1ccccn1)c1cnn2c(-c3ccncc3)ccnc12,B3DB_classification:2430,ocinaplon,O=C(c1ccccn1)c1cnn2c(-c3ccncc3)ccnc12,,,
tdc_no_conflict_salt_removed,train,152,train:152,COc1ccc2c(c1OC)C(=O)O[C@@H]2[C@H]1c2c(cc3c(c2OC)OCO3)CCN1C,1,True,,COc1ccc2c(c1OC)C(=O)O[C@@H]2[C@H]1c2c(cc3c(c2OC)OCO3)CCN1C,COc1ccc2c(c1OC)C(=O)O[C@@H]2[C@H]1c2c(cc3c(c2OC)OCO3)CCN1C,1,exact,1,1,B3DB_classification:2065,noscapine,COc1ccc2c(c1OC)C(=O)O[C@@H]2[C@H]1c2c(cc3c(c2OC)OCO3)CCN1C,B3DB_classification:2065,noscapine,COc1ccc2c(c1OC)C(=O)O[C@@H]2[C@H]1c2c(cc3c(c2OC)OCO3)CCN1C,,,
tdc_no_conflict_salt_removed,train,153,train:153,c1cnc(N2CCN(Cc3ccc4c(c3)OCO4)CC2)nc1,1,True,,c1cnc(N2CCN(Cc3ccc4c(c3)OCO4)CC2)nc1,c1cnc(N2CCN(Cc3ccc4c(c3)OCO4)CC2)nc1,1,exact,1,1,B3DB_classification:2580,piribedil,c1cnc(N2CCN(Cc3ccc4c(c3)OCO4)CC2)nc1,B3DB_classification:2580,piribedil,c1cnc(N2CCN(Cc3ccc4c(c3)OCO4)CC2)nc1,,,
tdc_no_conflict_salt_removed,train,154,train:154,CC1=C(C(=O)O)N2C(=O)[C@@H](NC(=O)Cc3ccc(C4=NCCCN4)cc3)[C@H]2SC1,0,True,,CC1=C(C(=O)O)N2C(=O)[C@@H](NC(=O)Cc3ccc(C4=NCCCN4)cc3)[C@H]2SC1,CC1=C(C(=O)O)N2C(=O)[C@@H](NC(=O)Cc3ccc(C4=NCCCN4)cc3)[C@H]2SC1,1,exact,0,0,B3DB_classification:1380,cefrotil,CC1=C(C(=O)O)N2C(=O)[C@@H](NC(=O)Cc3ccc(C4=NCCCN4)cc3)[C@H]2SC1,B3DB_classification:1380,cefrotil,CC1=C(C(=O)O)N2C(=O)[C@@H](NC(=O)Cc3ccc(C4=NCCCN4)cc3)[C@H]2SC1,,,
tdc_no_conflict_salt_removed,train,155,train:155,CCCNCC(O)COc1ccccc1C(=O)CCc1ccccc1,0,True,,CCCNCC(O)COc1ccccc1C(=O)CCc1ccccc1,CCCNCC(O)COc1ccccc1C(=O)CCc1ccccc1,1,exact,0,0,B3DB_classification:1567,propafenone,CCCNCC(O)COc1ccccc1C(=O)CCc1ccccc1,B3DB_classification:1567,propafenone,CCCNCC(O)COc1ccccc1C(=O)CCc1ccccc1,,,
tdc_no_conflict_salt_removed,train,156,train:156,CC(=O)OCC(=O)OCC/C(SC(=O)c1ccco1)=C(/C)N(C=O)Cc1cnc(C)nc1N,1,True,,CC(=O)OCC(=O)OCC/C(SC(=O)c1ccco1)=C(/C)N(C=O)Cc1cnc(C)nc1N,CC(=O)OCC(=O)OCC/C(SC(=O)c1ccco1)=C(/C)N(C=O)Cc1cnc(C)nc1N,1,exact,1,1,B3DB_classification:1162,acefurtiamine,CC(=O)OCC(=O)OCC/C(SC(=O)c1ccco1)=C(/C)N(C=O)Cc1cnc(C)nc1N,B3DB_classification:1162,acefurtiamine,CC(=O)OCC(=O)OCC/C(SC(=O)c1ccco1)=C(/C)N(C=O)Cc1cnc(C)nc1N,,,
tdc_no_conflict_salt_removed,train,157,train:157,NC(=O)N1c2ccccc2C=Cc2ccccc21,1,True,,NC(=O)N1c2ccccc2C=Cc2ccccc21,NC(=O)N1c2ccccc2C=Cc2ccccc21,1,exact,1,1,B3DB_classification:470,carbamazepine,NC(=O)N1c2ccccc2C=Cc2ccccc21,B3DB_classification:470,carbamazepine,NC(=O)N1c2ccccc2C=Cc2ccccc21,,,
tdc_no_conflict_salt_removed,train,158,train:158,CN(C)CCCN1c2ccccc2C=Cc2ccccc21,1,True,,CN(C)CCCN1c2ccccc2C=Cc2ccccc21,CN(C)CCCN1c2ccccc2C=Cc2ccccc21,1,exact,1,1,B3DB_classification:1749,depramine,CN(C)CCCN1c2ccccc2C=Cc2ccccc21,B3DB_classification:1749,depramine,CN(C)CCCN1c2ccccc2C=Cc2ccccc21,,,
tdc_no_conflict_salt_removed,train,159,train:159,COc1ccc(CN(CCN(C)C)c2ccccn2)cc1,0,True,,COc1ccc(CN(CCN(C)C)c2ccccn2)cc1,COc1ccc(CN(CCN(C)C)c2ccccn2)cc1,1,exact,1,1,B3DB_classification:823|B3DB_classification_external:151,mepyramine (pyrilamine) ; Mepyramine,COc1ccc(CN(CCN(C)C)c2ccccn2)cc1 ; COc1ccc(CN(CCN(C)C)c2ccccn2)cc1,B3DB_classification:823|B3DB_classification_external:151,mepyramine (pyrilamine) ; Mepyramine,COc1ccc(CN(CCN(C)C)c2ccccn2)cc1 ; COc1ccc(CN(CCN(C)C)c2ccccn2)cc1,,,b3db_exact_label_mismatch|b3db_salt_removed_label_mismatch
tdc_no_conflict_salt_removed,train,160,train:160,CN(CCc1cc2cccc3c2n1-c1ccccc1CC3)Cc1ccccc1,1,True,,CN(CCc1cc2cccc3c2n1-c1ccccc1CC3)Cc1ccccc1,CN(CCc1cc2cccc3c2n1-c1ccccc1CC3)Cc1ccccc1,1,exact,1,1,B3DB_classification:1795,azipramine,CN(CCc1cc2cccc3c2n1-c1ccccc1CC3)Cc1ccccc1,B3DB_classification:1795,azipramine,CN(CCc1cc2cccc3c2n1-c1ccccc1CC3)Cc1ccccc1,,,
tdc_no_conflict_salt_removed,train,161,train:161,CN1CCC2=C(CC1)c1ccccc1N(C)c1ccccc12,1,True,,CN1CCC2=C(CC1)c1ccccc1N(C)c1ccccc12,CN1CCC2=C(CC1)c1ccccc1N(C)c1ccccc12,1,exact,1,1,B3DB_classification:1836,erizepine,CN1CCC2=C(CC1)c1ccccc1N(C)c1ccccc12,B3DB_classification:1836,erizepine,CN1CCC2=C(CC1)c1ccccc1N(C)c1ccccc12,,,
tdc_no_conflict_salt_removed,train,162,train:162,C=CC1CNCCC1CCCc1ccnc2ccc(OC)cc12,1,True,,C=CC1CNCCC1CCCc1ccnc2ccc(OC)cc12,C=CC1CNCCC1CCCc1ccnc2ccc(OC)cc12,1,exact,1,1,B3DB_classification:1103,viqualine,C=CC1CNCCC1CCCc1ccnc2ccc(OC)cc12,B3DB_classification:1103,viqualine,C=CC1CNCCC1CCCc1ccnc2ccc(OC)cc12,,,
tdc_no_conflict_salt_removed,train,163,train:163,C=C[C@@H]1CNCC[C@H]1CCCc1ccnc2ccc(OC)cc12,1,True,,C=C[C@@H]1CNCC[C@H]1CCCc1ccnc2ccc(OC)cc12,C=C[C@@H]1CNCC[C@H]1CCCc1ccnc2ccc(OC)cc12,1,exact,1,1,B3DB_classification:1128,ivoqualine,C=C[C@@H]1CNCC[C@H]1CCCc1ccnc2ccc(OC)cc12,B3DB_classification:1128,ivoqualine,C=C[C@@H]1CNCC[C@H]1CCCc1ccnc2ccc(OC)cc12,,,
tdc_no_conflict_salt_removed,train,164,train:164,CC(COc1ccccc1)N(CCCl)Cc1ccccc1,0,True,,CC(COc1ccccc1)N(CCCl)Cc1ccccc1,CC(COc1ccccc1)N(CCCl)Cc1ccccc1,1,exact,0,0,B3DB_classification:1298,phenoxybenzamine,CC(COc1ccccc1)N(CCCl)Cc1ccccc1,B3DB_classification:1298,phenoxybenzamine,CC(COc1ccccc1)N(CCCl)Cc1ccccc1,,,
tdc_no_conflict_salt_removed,train,165,train:165,CCOC(=O)N1CCC(=O)N(c2ccccc2)c2cc(Cl)ccc21,1,True,,CCOC(=O)N1CCC(=O)N(c2ccccc2)c2cc(Cl)ccc21,CCOC(=O)N1CCC(=O)N(c2ccccc2)c2cc(Cl)ccc21,1,exact,1,1,B3DB_classification:1638,arfendazam,CCOC(=O)N1CCC(=O)N(c2ccccc2)c2cc(Cl)ccc21,B3DB_classification:1638,arfendazam,CCOC(=O)N1CCC(=O)N(c2ccccc2)c2cc(Cl)ccc21,,,
tdc_no_conflict_salt_removed,train,166,train:166,O=C1CCNc2ccc(Cl)cc2N1c1ccccc1,1,True,,O=C1CCNc2ccc(Cl)cc2N1c1ccccc1,O=C1CCNc2ccc(Cl)cc2N1c1ccccc1,1,exact,1,1,B3DB_classification:2444,lofendazam,O=C1CCNc2ccc(Cl)cc2N1c1ccccc1,B3DB_classification:2444,lofendazam,O=C1CCNc2ccc(Cl)cc2N1c1ccccc1,,,
tdc_no_conflict_salt_removed,train,167,train:167,CCNC(=O)N1CCN(CCCC(c2ccc(F)cc2)c2ccc(F)cc2)CC1,1,True,,CCNC(=O)N1CCN(CCCC(c2ccc(F)cc2)c2ccc(F)cc2)CC1,CCNC(=O)N1CCN(CCCC(c2ccc(F)cc2)c2ccc(F)cc2)CC1,1,exact,1,1,B3DB_classification:1620,amperozide,CCNC(=O)N1CCN(CCCC(c2ccc(F)cc2)c2ccc(F)cc2)CC1,B3DB_classification:1620,amperozide,CCNC(=O)N1CCN(CCCC(c2ccc(F)cc2)c2ccc(F)cc2)CC1,,,
tdc_no_conflict_salt_removed,train,168,train:168,CCC1(c2ccccc2)NCC(=O)NC1=O,1,True,,CCC1(c2ccccc2)NCC(=O)NC1=O,CCC1(c2ccccc2)NCC(=O)NC1=O,1,exact,1,1,B3DB_classification:1483,iminophenimide,CCC1(c2ccccc2)NCC(=O)NC1=O,B3DB_classification:1483,iminophenimide,CCC1(c2ccccc2)NCC(=O)NC1=O,,,
tdc_no_conflict_salt_removed,train,169,train:169,Cc1noc(NS(=O)(=O)c2ccc(N)cc2)c1C,1,True,,Cc1noc(NS(=O)(=O)c2ccc(N)cc2)c1C,Cc1noc(NS(=O)(=O)c2ccc(N)cc2)c1C,1,unmatched,,,,,,,,,,,
tdc_no_conflict_salt_removed,train,170,train:170,S=C(NC1CCCCC1)N1CCC(c2cnc[nH]2)CC1,1,True,,S=C(NC1CCCCC1)N1CCC(c2cnc[nH]2)CC1,S=C(NC1CCCCC1)N1CCC(c2cnc[nH]2)CC1,1,exact,1,1,B3DB_classification:414,thioperamide,S=C(NC1CCCCC1)N1CCC(c2cnc[nH]2)CC1,B3DB_classification:414,thioperamide,S=C(NC1CCCCC1)N1CCC(c2cnc[nH]2)CC1,,,
tdc_no_conflict_salt_removed,train,171,train:171,CCCCN1C(=O)C2C(=O)N(CCCCN3CCN(c4ccccc4OC)CC3)C(=O)C(C1=O)C2(C)C,1,True,,CCCCN1C(=O)C2C(=O)N(CCCCN3CCN(c4ccccc4OC)CC3)C(=O)C(C1=O)C2(C)C,CCCCN1C(=O)C2C(=O)N(CCCCN3CCN(c4ccccc4OC)CC3)C(=O)C(C1=O)C2(C)C,1,exact,1,1,B3DB_classification:1541,umespirone,CCCCN1C(=O)C2C(=O)N(CCCCN3CCN(c4ccccc4OC)CC3)C(=O)C(C1=O)C2(C)C,B3DB_classification:1541,umespirone,CCCCN1C(=O)C2C(=O)N(CCCCN3CCN(c4ccccc4OC)CC3)C(=O)C(C1=O)C2(C)C,,,
tdc_no_conflict_salt_removed,train,172,train:172,CCCC(C)(O)C1CC23C=CC1(OC)C1Oc4c(O)ccc5c4C12CCN(C)C3C5,1,True,,CCCC(C)(O)C1CC23C=CC1(OC)C1Oc4c(O)ccc5c4C12CCN(C)C3C5,CCCC(C)(O)C1CC23C=CC1(OC)C1Oc4c(O)ccc5c4C12CCN(C)C3C5,1,exact,1,1,B3DB_classification:1498,etorphine,CCCC(C)(O)C1CC23C=CC1(OC)C1Oc4c(O)ccc5c4C12CCN(C)C3C5,B3DB_classification:1498,etorphine,CCCC(C)(O)C1CC23C=CC1(OC)C1Oc4c(O)ccc5c4C12CCN(C)C3C5,,,
tdc_no_conflict_salt_removed,train,173,train:173,C=CCN1CCC23c4c5ccc(O)c4OC2C2(OC)C=CC3(CC2[C@](C)(O)CCC)C1C5,1,True,,C=CCN1CCC23c4c5ccc(O)c4OC2C2(OC)C=CC3(CC2[C@](C)(O)CCC)C1C5,C=CCN1CCC23c4c5ccc(O)c4OC2C2(OC)C=CC3(CC2[C@](C)(O)CCC)C1C5,1,exact,1,1,B3DB_classification:1117,dtxsid90937058,C=CCN1CCC23c4c5ccc(O)c4OC2C2(OC)C=CC3(CC2[C@](C)(O)CCC)C1C5,B3DB_classification:1117,dtxsid90937058,C=CCN1CCC23c4c5ccc(O)c4OC2C2(OC)C=CC3(CC2[C@](C)(O)CCC)C1C5,,,
tdc_no_conflict_salt_removed,train,174,train:174,CCC[C@@](C)(O)[C@H]1CC23C=CC1(OC)[C@H]1Oc4c(OC(C)=O)ccc5c4C12CCN(C)C3C5,1,True,,CCC[C@@](C)(O)[C@H]1CC23C=CC1(OC)[C@H]1Oc4c(OC(C)=O)ccc5c4C12CCN(C)C3C5,CCC[C@@](C)(O)[C@H]1CC23C=CC1(OC)[C@H]1Oc4c(OC(C)=O)ccc5c4C12CCN(C)C3C5,1,exact,1,1,B3DB_classification:1575,acetorphine,CCC[C@@](C)(O)[C@H]1CC23C=CC1(OC)[C@H]1Oc4c(OC(C)=O)ccc5c4C12CCN(C)C3C5,B3DB_classification:1575,acetorphine,CCC[C@@](C)(O)[C@H]1CC23C=CC1(OC)[C@H]1Oc4c(OC(C)=O)ccc5c4C12CCN(C)C3C5,,,
tdc_no_conflict_salt_removed,train,175,train:175,OC1(c2cccc(Cl)c2)C2=NCCCN2c2ccccc21,1,True,,OC1(c2cccc(Cl)c2)C2=NCCCN2c2ccccc21,OC1(c2cccc(Cl)c2)C2=NCCCN2c2ccccc21,1,exact,1,1,B3DB_classification:2526,ciclazindol,OC1(c2cccc(Cl)c2)C2=NCCCN2c2ccccc21,B3DB_classification:2526,ciclazindol,OC1(c2cccc(Cl)c2)C2=NCCCN2c2ccccc21,,,
tdc_no_conflict_salt_removed,train,176,train:176,CN[C@H](CC(C)C)C(=O)NC1C(=O)N[C@@H](CC(N)=O)C(=O)N[C@H]2C(=O)N[C@H]3C(=O)N[C@H](C(=O)N[C@@H](C(=O)O)c4cc(O)cc(O)c4-c4cc3ccc4O)[C@H](O)c3ccc(c(Cl)c3)Oc3cc2cc(c3O[C@@H]2O[C@H](CO)[C@@H](O)[C@H](O)[C@H]2O[C@H]2C[C@](C)(N)[C@H](O)[C@H](C)O2)Oc2ccc(cc2Cl)[C@H]1O,0,True,,CN[C@H](CC(C)C)C(=O)NC1C(=O)N[C@@H](CC(N)=O)C(=O)N[C@H]2C(=O)N[C@H]3C(=O)N[C@H](C(=O)N[C@@H](C(=O)O)c4cc(O)cc(O)c4-c4cc3ccc4O)[C@H](O)c3ccc(c(Cl)c3)Oc3cc2cc(c3O[C@@H]2O[C@H](CO)[C@@H](O)[C@H](O)[C@H]2O[C@H]2C[C@](C)(N)[C@H](O)[C@H](C)O2)Oc2ccc(cc2Cl)[C@H]1O,CN[C@H](CC(C)C)C(=O)NC1C(=O)N[C@@H](CC(N)=O)C(=O)N[C@H]2C(=O)N[C@H]3C(=O)N[C@H](C(=O)N[C@@H](C(=O)O)c4cc(O)cc(O)c4-c4cc3ccc4O)[C@H](O)c3ccc(c(Cl)c3)Oc3cc2cc(c3O[C@@H]2O[C@H](CO)[C@@H](O)[C@H](O)[C@H]2O[C@H]2C[C@](C)(N)[C@H](O)[C@H](C)O2)Oc2ccc(cc2Cl)[C@H]1O,1,exact,0,0,B3DB_classification:1940,1404-90-6,CN[C@H](CC(C)C)C(=O)NC1C(=O)N[C@@H](CC(N)=O)C(=O)N[C@H]2C(=O)N[C@H]3C(=O)N[C@H](C(=O)N[C@@H](C(=O)O)c4cc(O)cc(O)c4-c4cc3ccc4O)[C@H](O)c3ccc(c(Cl)c3)Oc3cc2cc(c3O[C@@H]2O[C@H](CO)[C@@H](O)[C@H](O)[C@H]2O[C@H]2C[C@](C)(N)[C@H](O)[C@H](C)O2)Oc2ccc(cc2Cl)[C@H]1O,B3DB_classification:1940,1404-90-6,CN[C@H](CC(C)C)C(=O)NC1C(=O)N[C@@H](CC(N)=O)C(=O)N[C@H]2C(=O)N[C@H]3C(=O)N[C@H](C(=O)N[C@@H](C(=O)O)c4cc(O)cc(O)c4-c4cc3ccc4O)[C@H](O)c3ccc(c(Cl)c3)Oc3cc2cc(c3O[C@@H]2O[C@H](CO)[C@@H](O)[C@H](O)[C@H]2O[C@H]2C[C@](C)(N)[C@H](O)[C@H](C)O2)Oc2ccc(cc2Cl)[C@H]1O,,,
tdc_no_conflict_salt_removed,train,177,train:177,CC(C)(C)OC(=O)c1ncn2c1[C@@H]1CCCN1C(=O)c1c(Br)cccc1-2,1,True,,CC(C)(C)OC(=O)c1ncn2c1[C@@H]1CCCN1C(=O)c1c(Br)cccc1-2,CC(C)(C)OC(=O)c1ncn2c1[C@@H]1CCCN1C(=O)c1c(Br)cccc1-2,1,exact,1,1,B3DB_classification:485,bretazenil,CC(C)(C)OC(=O)c1ncn2c1[C@@H]1CCCN1C(=O)c1c(Br)cccc1-2,B3DB_classification:485,bretazenil,CC(C)(C)OC(=O)c1ncn2c1[C@@H]1CCCN1C(=O)c1c(Br)cccc1-2,,,
tdc_no_conflict_salt_removed,train,178,train:178,COc1cc([C@@H]2c3cc4c(cc3[C@@H](O[C@@H]3O[C@@H]5CO[C@@H](C)O[C@H]5[C@H](O)[C@H]3O)C3COC(=O)[C@@H]32)OCO4)cc(OC)c1O,0,True,,COc1cc([C@@H]2c3cc4c(cc3[C@@H](O[C@@H]3O[C@@H]5CO[C@@H](C)O[C@H]5[C@H](O)[C@H]3O)C3COC(=O)[C@@H]32)OCO4)cc(OC)c1O,COc1cc([C@@H]2c3cc4c(cc3[C@@H](O[C@@H]3O[C@@H]5CO[C@@H](C)O[C@H]5[C@H](O)[C@H]3O)C3COC(=O)[C@@H]32)OCO4)cc(OC)c1O,1,exact,0,0,B3DB_classification:2029,"4'-demethylepipodophyllotoxin 9-(4,6-o-ethylidene-beta-d-glucopyranoside)",COc1cc([C@@H]2c3cc4c(cc3[C@@H](O[C@@H]3O[C@@H]5CO[C@@H](C)O[C@H]5[C@H](O)[C@H]3O)C3COC(=O)[C@@H]32)OCO4)cc(OC)c1O,B3DB_classification:2029,"4'-demethylepipodophyllotoxin 9-(4,6-o-ethylidene-beta-d-glucopyranoside)",COc1cc([C@@H]2c3cc4c(cc3[C@@H](O[C@@H]3O[C@@H]5CO[C@@H](C)O[C@H]5[C@H](O)[C@H]3O)C3COC(=O)[C@@H]32)OCO4)cc(OC)c1O,,,
tdc_no_conflict_salt_removed,train,179,train:179,CNCCCC12CCC(c3ccccc31)c1ccccc12,1,True,,CNCCCC12CCC(c3ccccc31)c1ccccc12,CNCCCC12CCC(c3ccccc31)c1ccccc12,1,exact,1,1,B3DB_classification:1037,maprotiline,CNCCCC12CCC(c3ccccc31)c1ccccc12,B3DB_classification:1037,maprotiline,CNCCCC12CCC(c3ccccc31)c1ccccc12,,,
tdc_no_conflict_salt_removed,train,180,train:180,CNC[C@H](O)CC12CCC(c3ccccc31)c1ccccc12,1,True,,CNC[C@H](O)CC12CCC(c3ccccc31)c1ccccc12,CNC[C@H](O)CC12CCC(c3ccccc31)c1ccccc12,1,exact,1,1,B3DB_classification:1931,levoprotiline,CNC[C@H](O)CC12CCC(c3ccccc31)c1ccccc12,B3DB_classification:1931,levoprotiline,CNC[C@H](O)CC12CCC(c3ccccc31)c1ccccc12,,,
tdc_no_conflict_salt_removed,train,181,train:181,CNCC12CCC(c3ccccc31)c1ccccc12,1,True,,CNCC12CCC(c3ccccc31)c1ccccc12,CNCC12CCC(c3ccccc31)c1ccccc12,1,exact,1,1,B3DB_classification:1913,benzoctamine,CNCC12CCC(c3ccccc31)c1ccccc12,B3DB_classification:1913,benzoctamine,CNCC12CCC(c3ccccc31)c1ccccc12,,,
tdc_no_conflict_salt_removed,train,182,train:182,CC1(C)S[C@@H]2[C@H](N3C(=O)[C@@H](c4ccccc4)NC3(C)C)C(=O)N2[C@H]1C(=O)O,0,True,,CC1(C)S[C@@H]2[C@H](N3C(=O)[C@@H](c4ccccc4)NC3(C)C)C(=O)N2[C@H]1C(=O)O,CC1(C)S[C@@H]2[C@H](N3C(=O)[C@@H](c4ccccc4)NC3(C)C)C(=O)N2[C@H]1C(=O)O,1,exact,0,0,B3DB_classification:1347,hetacillin,CC1(C)S[C@@H]2[C@H](N3C(=O)[C@@H](c4ccccc4)NC3(C)C)C(=O)N2[C@H]1C(=O)O,B3DB_classification:1347,hetacillin,CC1(C)S[C@@H]2[C@H](N3C(=O)[C@@H](c4ccccc4)NC3(C)C)C(=O)N2[C@H]1C(=O)O,,,
tdc_no_conflict_salt_removed,train,183,train:183,COCOC(=O)C1N2C(=O)C(N3C(=O)C(c4ccc(O)cc4)NC3(C)C)C2SC1(C)C,0,True,,COCOC(=O)C1N2C(=O)C(N3C(=O)C(c4ccc(O)cc4)NC3(C)C)C2SC1(C)C,COCOC(=O)C1N2C(=O)C(N3C(=O)C(c4ccc(O)cc4)NC3(C)C)C2SC1(C)C,1,exact,0,0,B3DB_classification:1994,sarmoxicillin,COCOC(=O)C1N2C(=O)C(N3C(=O)C(c4ccc(O)cc4)NC3(C)C)C2SC1(C)C,B3DB_classification:1994,sarmoxicillin,COCOC(=O)C1N2C(=O)C(N3C(=O)C(c4ccc(O)cc4)NC3(C)C)C2SC1(C)C,,,
tdc_no_conflict_salt_removed,train,184,train:184,COCOC(=O)[C@@H]1N2C(=O)[C@@H](N3C(=O)C(c4ccccc4)NC3(C)C)[C@H]2SC1(C)C,0,True,,COCOC(=O)[C@@H]1N2C(=O)[C@@H](N3C(=O)C(c4ccccc4)NC3(C)C)[C@H]2SC1(C)C,COCOC(=O)[C@@H]1N2C(=O)[C@@H](N3C(=O)C(c4ccccc4)NC3(C)C)[C@H]2SC1(C)C,1,exact,0,0,B3DB_classification:1995,sarpicillin,COCOC(=O)[C@@H]1N2C(=O)[C@@H](N3C(=O)C(c4ccccc4)NC3(C)C)[C@H]2SC1(C)C,B3DB_classification:1995,sarpicillin,COCOC(=O)[C@@H]1N2C(=O)[C@@H](N3C(=O)C(c4ccccc4)NC3(C)C)[C@H]2SC1(C)C,,,
tdc_no_conflict_salt_removed,train,185,train:185,CC1(C)O[C@@H]2[C@@H](CO[C@@]3(COS(N)(=O)=O)OC(C)(C)O[C@@H]23)O1,1,True,,CC1(C)O[C@@H]2[C@@H](CO[C@@]3(COS(N)(=O)=O)OC(C)(C)O[C@@H]23)O1,CC1(C)O[C@@H]2[C@@H](CO[C@@]3(COS(N)(=O)=O)OC(C)(C)O[C@@H]23)O1,1,exact,1,1,B3DB_classification:491,topiramate,CC1(C)O[C@@H]2CO[C@@]3(COS(N)(=O)=O)OC(C)(C)O[C@H]3[C@@H]2O1,B3DB_classification:491,topiramate,CC1(C)O[C@@H]2CO[C@@]3(COS(N)(=O)=O)OC(C)(C)O[C@H]3[C@@H]2O1,,,
tdc_no_conflict_salt_removed,train,186,train:186,O=C(Nc1ccccc1)OCC1(COC(=O)Nc2ccccc2)CCCC1,1,True,,O=C(Nc1ccccc1)OCC1(COC(=O)Nc2ccccc2)CCCC1,O=C(Nc1ccccc1)OCC1(COC(=O)Nc2ccccc2)CCCC1,1,exact,1,1,B3DB_classification:2408,cyclarbamate,O=C(Nc1ccccc1)OCC1(COC(=O)Nc2ccccc2)CCCC1,B3DB_classification:2408,cyclarbamate,O=C(Nc1ccccc1)OCC1(COC(=O)Nc2ccccc2)CCCC1,,,
tdc_no_conflict_salt_removed,train,187,train:187,CN(C)CCC1(c2ccccc2)C=Cc2ccccc21,1,True,,CN(C)CCC1(c2ccccc2)C=Cc2ccccc21,CN(C)CCC1(c2ccccc2)C=Cc2ccccc21,1,exact,1,1,B3DB_classification:1743,indriline,CN(C)CCC1(c2ccccc2)C=Cc2ccccc21,B3DB_classification:1743,indriline,CN(C)CCC1(c2ccccc2)C=Cc2ccccc21,,,
tdc_no_conflict_salt_removed,train,188,train:188,O=C(CCCN1CCN(C(=O)OC2CCCCC2)CC1)c1ccc(F)cc1,1,True,,O=C(CCCN1CCN(C(=O)OC2CCCCC2)CC1)c1ccc(F)cc1,O=C(CCCN1CCN(C(=O)OC2CCCCC2)CC1)c1ccc(F)cc1,1,exact,1,1,B3DB_classification:2371,fenaperone,O=C(CCCN1CCN(C(=O)OC2CCCCC2)CC1)c1ccc(F)cc1,B3DB_classification:2371,fenaperone,O=C(CCCN1CCN(C(=O)OC2CCCCC2)CC1)c1ccc(F)cc1,,,
tdc_no_conflict_salt_removed,train,189,train:189,CNC1CCc2ncsc2C1,1,True,,CNC1CCc2ncsc2C1,CNC1CCc2ncsc2C1,1,exact,1,1,B3DB_classification:1909,etrabamine,CNC1CCc2ncsc2C1,B3DB_classification:1909,etrabamine,CNC1CCc2ncsc2C1,,,
tdc_no_conflict_salt_removed,train,190,train:190,CNC1C(O)C(OC2C(NC(=O)C(O)CN)CC(N)C(OC3OC(CN)C(O)C(O)C3O)C2O)OCC1(C)O,0,True,,CNC1C(O)C(OC2C(NC(=O)C(O)CN)CC(N)C(OC3OC(CN)C(O)C(O)C3O)C2O)OCC1(C)O,CNC1C(O)C(OC2C(NC(=O)C(O)CN)CC(N)C(OC3OC(CN)C(O)C(O)C3O)C2O)OCC1(C)O,1,exact,0,0,B3DB_classification:1906,isepamicin,CNC1C(O)C(OC2C(NC(=O)C(O)CN)CC(N)C(OC3OC(CN)C(O)C(O)C3O)C2O)OCC1(C)O,B3DB_classification:1906,isepamicin,CNC1C(O)C(OC2C(NC(=O)C(O)CN)CC(N)C(OC3OC(CN)C(O)C(O)C3O)C2O)OCC1(C)O,,,
tdc_no_conflict_salt_removed,train,191,train:191,NCC[C@H](O)C(=O)N[C@@H]1C[C@H](N)[C@@H](O[C@H]2O[C@H](CN)[C@@H](O)[C@H](O)[C@H]2O)[C@H](O)[C@H]1O[C@H]1O[C@H](CO)[C@@H](O)[C@H](N)[C@H]1O,1,True,,NCC[C@H](O)C(=O)N[C@@H]1C[C@H](N)[C@@H](O[C@H]2O[C@H](CN)[C@@H](O)[C@H](O)[C@H]2O)[C@H](O)[C@H]1O[C@H]1O[C@H](CO)[C@@H](O)[C@H](N)[C@H]1O,NCC[C@H](O)C(=O)N[C@@H]1C[C@H](N)[C@@H](O[C@H]2O[C@H](CN)[C@@H](O)[C@H](O)[C@H]2O)[C@H](O)[C@H]1O[C@H]1O[C@H](CO)[C@@H](O)[C@H](N)[C@H]1O,1,unmatched,,,,,,,,,,,
tdc_no_conflict_salt_removed,train,192,train:192,NCC1OC(OC2C(N)CC(N)C(OC3OC(CO)C(O)C(N)C3O)C2O)C(O)C(O)C1O,0,True,,NCC1OC(OC2C(N)CC(N)C(OC3OC(CO)C(O)C(N)C3O)C2O)C(O)C(O)C1O,NCC1OC(OC2C(N)CC(N)C(OC3OC(CO)C(O)C(N)C3O)C2O)C(O)C(O)C1O,1,exact,0,0,B3DB_classification:2323,"(2r,3s,4s,5r,6r)-2-(aminomethyl)-6-[(1r,2r,3s,4r,6s)-4,6-diamino-3-[(2s,3r,4s,5s,6r)-4-amino-3,5-dihydroxy-6-(hydroxymethyl)oxan-2-yl]oxy-2-hydroxycyclohexyl]oxyoxane-3,4,5-triol",NCC1OC(OC2C(N)CC(N)C(OC3OC(CO)C(O)C(N)C3O)C2O)C(O)C(O)C1O,B3DB_classification:2323,"(2r,3s,4s,5r,6r)-2-(aminomethyl)-6-[(1r,2r,3s,4r,6s)-4,6-diamino-3-[(2s,3r,4s,5s,6r)-4-amino-3,5-dihydroxy-6-(hydroxymethyl)oxan-2-yl]oxy-2-hydroxycyclohexyl]oxyoxane-3,4,5-triol",NCC1OC(OC2C(N)CC(N)C(OC3OC(CO)C(O)C(N)C3O)C2O)C(O)C(O)C1O,,,
tdc_no_conflict_salt_removed,train,193,train:193,NCC1OC(OC2C(N)CC(NC(CO)CO)C(OC3OC(CO)C(O)C(N)C3O)C2O)C(N)C(O)C1O,0,True,,NCC1OC(OC2C(N)CC(NC(CO)CO)C(OC3OC(CO)C(O)C(N)C3O)C2O)C(N)C(O)C1O,NCC1OC(OC2C(N)CC(NC(CO)CO)C(OC3OC(CO)C(O)C(N)C3O)C2O)C(N)C(O)C1O,1,exact,0,0,B3DB_classification:2324,propikacin,NCC1OC(OC2C(N)CC(NC(CO)CO)C(OC3OC(CO)C(O)C(N)C3O)C2O)C(N)C(O)C1O,B3DB_classification:2324,propikacin,NCC1OC(OC2C(N)CC(NC(CO)CO)C(OC3OC(CO)C(O)C(N)C3O)C2O)C(N)C(O)C1O,,,
tdc_no_conflict_salt_removed,train,194,train:194,NCC[C@H](O)C(=O)N[C@@H]1C[C@H](N)[C@@H](O[C@H]2O[C@H](CN)CC[C@H]2N)[C@H](O)[C@H]1O[C@H]1O[C@H](CO)[C@@H](O)[C@H](N)[C@H]1O,0,True,,NCC[C@H](O)C(=O)N[C@@H]1C[C@H](N)[C@@H](O[C@H]2O[C@H](CN)CC[C@H]2N)[C@H](O)[C@H]1O[C@H]1O[C@H](CO)[C@@H](O)[C@H](N)[C@H]1O,NCC[C@H](O)C(=O)N[C@@H]1C[C@H](N)[C@@H](O[C@H]2O[C@H](CN)CC[C@H]2N)[C@H](O)[C@H]1O[C@H]1O[C@H](CO)[C@@H](O)[C@H](N)[C@H]1O,1,exact,0,0,B3DB_classification:2328,arbekacin,NCC[C@H](O)C(=O)N[C@@H]1C[C@H](N)[C@@H](O[C@H]2O[C@H](CN)CC[C@H]2N)[C@H](O)[C@H]1O[C@H]1O[C@H](CO)[C@@H](O)[C@H](N)[C@H]1O,B3DB_classification:2328,arbekacin,NCC[C@H](O)C(=O)N[C@@H]1C[C@H](N)[C@@H](O[C@H]2O[C@H](CN)CC[C@H]2N)[C@H](O)[C@H]1O[C@H]1O[C@H](CO)[C@@H](O)[C@H](N)[C@H]1O,,,
tdc_no_conflict_salt_removed,train,195,train:195,NCC1OC(OC2C(N)CC(N)C(OC3OC(CO)C(O)C(N)C3O)C2O)C(N)C(O)C1O,0,True,,NCC1OC(OC2C(N)CC(N)C(OC3OC(CO)C(O)C(N)C3O)C2O)C(N)C(O)C1O,NCC1OC(OC2C(N)CC(N)C(OC3OC(CO)C(O)C(N)C3O)C2O)C(N)C(O)C1O,1,exact,0,0,B3DB_classification:2322,kanamycin b,NCC1OC(OC2C(N)CC(N)C(OC3OC(CO)C(O)C(N)C3O)C2O)C(N)C(O)C1O,B3DB_classification:2322,kanamycin b,NCC1OC(OC2C(N)CC(N)C(OC3OC(CO)C(O)C(N)C3O)C2O)C(N)C(O)C1O,,,
tdc_no_conflict_salt_removed,train,196,train:196,CNC(C)C1CCC(N)C(OC2C(N)CC(N)C(OC3OCC(C)(O)C(NC)C3O)C2O)O1,0,True,,CNC(C)C1CCC(N)C(OC2C(N)CC(N)C(OC3OCC(C)(O)C(NC)C3O)C2O)O1,CNC(C)C1CCC(N)C(OC2C(N)CC(N)C(OC3OCC(C)(O)C(NC)C3O)C2O)O1,1,exact,0,0,B3DB_classification:1903,gentamicin,CNC(C)C1CCC(N)C(OC2C(N)CC(N)C(OC3OCC(C)(O)C(NC)C3O)C2O)O1,B3DB_classification:1903,gentamicin,CNC(C)C1CCC(N)C(OC2C(N)CC(N)C(OC3OCC(C)(O)C(NC)C3O)C2O)O1,,,
tdc_no_conflict_salt_removed,train,197,train:197,NC[C@H]1O[C@H](O[C@H]2[C@H](O)[C@@H](O[C@H]3O[C@H](CO)[C@@H](O)[C@H](N)[C@H]3O)[C@H](N)C[C@@H]2N)[C@H](N)C[C@@H]1O,0,True,,NC[C@H]1O[C@H](O[C@H]2[C@H](O)[C@@H](O[C@H]3O[C@H](CO)[C@@H](O)[C@H](N)[C@H]3O)[C@H](N)C[C@@H]2N)[C@H](N)C[C@@H]1O,NC[C@H]1O[C@H](O[C@H]2[C@H](O)[C@@H](O[C@H]3O[C@H](CO)[C@@H](O)[C@H](N)[C@H]3O)[C@H](N)C[C@@H]2N)[C@H](N)C[C@@H]1O,1,exact,0,0,B3DB_classification:2332,tobramycin,NC[C@H]1O[C@H](O[C@@H]2[C@@H](N)C[C@@H](N)[C@H](O[C@H]3O[C@H](CO)[C@@H](O)[C@H](N)[C@H]3O)[C@H]2O)[C@H](N)C[C@@H]1O,B3DB_classification:2332,tobramycin,NC[C@H]1O[C@H](O[C@@H]2[C@@H](N)C[C@@H](N)[C@H](O[C@H]3O[C@H](CO)[C@@H](O)[C@H](N)[C@H]3O)[C@H]2O)[C@H](N)C[C@@H]1O,,,
tdc_no_conflict_salt_removed,train,198,train:198,NCCC(O)CNC1CC(N)C(OC2OC(CN)C(O)C(O)C2O)C(O)C1OC1OC(CO)C(O)C(N)C1O,0,True,,NCCC(O)CNC1CC(N)C(OC2OC(CN)C(O)C(O)C2O)C(O)C1OC1OC(CO)C(O)C(N)C1O,NCCC(O)CNC1CC(N)C(OC2OC(CN)C(O)C(O)C2O)C(O)C1OC1OC(CO)C(O)C(N)C1O,1,exact,0,0,B3DB_classification:2325,butikacin,NCCC(O)CNC1CC(N)C(OC2OC(CN)C(O)C(O)C2O)C(O)C1OC1OC(CO)C(O)C(N)C1O,B3DB_classification:2325,butikacin,NCCC(O)CNC1CC(N)C(OC2OC(CN)C(O)C(O)C2O)C(O)C1OC1OC(CO)C(O)C(N)C1O,,,
tdc_no_conflict_salt_removed,train,199,train:199,NCC1CCC(N)C(OC2C(N)CC(N)C(OC3OC(CO)C(O)C(N)C3O)C2O)O1,0,True,,NCC1CCC(N)C(OC2C(N)CC(N)C(OC3OC(CO)C(O)C(N)C3O)C2O)O1,NCC1CCC(N)C(OC2C(N)CC(N)C(OC3OC(CO)C(O)C(N)C3O)C2O)O1,1,exact,0,0,B3DB_classification:2321,dibekacin,NCC1CCC(N)C(OC2C(N)CC(N)C(OC3OC(CO)C(O)C(N)C3O)C2O)O1,B3DB_classification:2321,dibekacin,NCC1CCC(N)C(OC2C(N)CC(N)C(OC3OC(CO)C(O)C(N)C3O)C2O)O1,,,
tdc_no_conflict_salt_removed,train,200,train:200,CC(=O)NCCn1c(C)cc(C=O)c1C,1,True,,CC(=O)NCCn1c(C)cc(C=O)c1C,CC(=O)NCCn1c(C)cc(C=O)c1C,1,exact,1,1,B3DB_classification:1150,aloracetam,CC(=O)NCCn1c(C)cc(C=O)c1C,B3DB_classification:1150,aloracetam,CC(=O)NCCn1c(C)cc(C=O)c1C,,,
tdc_no_conflict_salt_removed,train,201,train:201,O=c1c(O[C@@H]2O[C@H](CO)[C@@H](O)[C@H](O)[C@H]2O)c(-c2ccc(O)c(O)c2)oc2cc(O)cc(O)c12,0,True,,O=c1c(O[C@@H]2O[C@H](CO)[C@@H](O)[C@H](O)[C@H]2O)c(-c2ccc(O)c(O)c2)oc2cc(O)cc(O)c12,O=c1c(O[C@@H]2O[C@H](CO)[C@@H](O)[C@H](O)[C@H]2O)c(-c2ccc(O)c(O)c2)oc2cc(O)cc(O)c12,1,exact,0,0,B3DB_classification:2509,isoquercitrin,O=c1c(O[C@@H]2O[C@H](CO)[C@@H](O)[C@H](O)[C@H]2O)c(-c2ccc(O)c(O)c2)oc2cc(O)cc(O)c12,B3DB_classification:2509,isoquercitrin,O=c1c(O[C@@H]2O[C@H](CO)[C@@H](O)[C@H](O)[C@H]2O)c(-c2ccc(O)c(O)c2)oc2cc(O)cc(O)c12,,,
tdc_no_conflict_salt_removed,train,202,train:202,O=C1C(O)=C(O)OC1C(O)CO,1,True,,O=C1C(O)=C(O)OC1C(O)CO,O=C1C(O)=C(O)OC1C(O)CO,1,unmatched,,,,,,,,,,,
tdc_no_conflict_salt_removed,train,203,train:203,CN1CCN2c3cc(F)ccc3C(c3cccs3)=NCC2C1,1,True,,CN1CCN2c3cc(F)ccc3C(c3cccs3)=NCC2C1,CN1CCN2c3cc(F)ccc3C(c3cccs3)=NCC2C1,1,exact,1,1,B3DB_classification:1864,timelotem,CN1CCN2c3cc(F)ccc3C(c3cccs3)=NCC2C1,B3DB_classification:1864,timelotem,CN1CCN2c3cc(F)ccc3C(c3cccs3)=NCC2C1,,,
tdc_no_conflict_salt_removed,train,204,train:204,OCCN1CCN(CCCN2c3ccccc3Sc3ccc(Cl)cc32)CC1,1,True,,OCCN1CCN(CCCN2c3ccccc3Sc3ccc(Cl)cc32)CC1,OCCN1CCN(CCCN2c3ccccc3Sc3ccc(Cl)cc32)CC1,1,exact,1,1,B3DB_classification:899,perphenazine,OCCN1CCN(CCCN2c3ccccc3Sc3ccc(Cl)cc32)CC1,B3DB_classification:899,perphenazine,OCCN1CCN(CCCN2c3ccccc3Sc3ccc(Cl)cc32)CC1,,,
tdc_no_conflict_salt_removed,train,205,train:205,CCC(=O)c1ccc2c(c1)N(CCCN1CCN(CCO)CC1)c1ccccc1S2,1,True,,CCC(=O)c1ccc2c(c1)N(CCCN1CCN(CCO)CC1)c1ccccc1S2,CCC(=O)c1ccc2c(c1)N(CCCN1CCN(CCO)CC1)c1ccccc1S2,1,exact,1,1,B3DB_classification:1443,carphenazine,CCC(=O)c1ccc2c(c1)N(CCCN1CCN(CCO)CC1)c1ccccc1S2,B3DB_classification:1443,carphenazine,CCC(=O)c1ccc2c(c1)N(CCCN1CCN(CCO)CC1)c1ccccc1S2,,,
tdc_no_conflict_salt_removed,train,206,train:206,CN1CCN(CCCN2c3ccccc3Sc3ccc(Cl)cc32)CC1,1,True,,CN1CCN(CCCN2c3ccccc3Sc3ccc(Cl)cc32)CC1,CN1CCN(CCCN2c3ccccc3Sc3ccc(Cl)cc32)CC1,1,exact,1,1,B3DB_classification:1856,phenobarbital,CN1CCN(CCCN2c3ccccc3Sc3ccc(Cl)cc32)CC1,B3DB_classification:1856,phenobarbital,CN1CCN(CCCN2c3ccccc3Sc3ccc(Cl)cc32)CC1,,,
tdc_no_conflict_salt_removed,train,207,train:207,CC(=O)OCCN1CCN(CCCN2c3ccccc3Sc3ccc(Cl)cc32)CC1,1,True,,CC(=O)OCCN1CCN(CCCN2c3ccccc3Sc3ccc(Cl)cc32)CC1,CC(=O)OCCN1CCN(CCCN2c3ccccc3Sc3ccc(Cl)cc32)CC1,1,exact,1,1,B3DB_classification:1195,thiopropazate,CC(=O)OCCN1CCN(CCCN2c3ccccc3Sc3ccc(Cl)cc32)CC1,B3DB_classification:1195,thiopropazate,CC(=O)OCCN1CCN(CCCN2c3ccccc3Sc3ccc(Cl)cc32)CC1,,,
tdc_no_conflict_salt_removed,train,208,train:208,CN1CCN(CCCN2c3ccccc3Sc3ccc(S(=O)(=O)N(C)C)cc32)CC1,1,True,,CN1CCN(CCCN2c3ccccc3Sc3ccc(S(=O)(=O)N(C)C)cc32)CC1,CN1CCN(CCCN2c3ccccc3Sc3ccc(S(=O)(=O)N(C)C)cc32)CC1,1,exact,1,1,B3DB_classification:1857,thioproperazine,CN1CCN(CCCN2c3ccccc3Sc3ccc(S(=O)(=O)N(C)C)cc32)CC1,B3DB_classification:1857,thioproperazine,CN1CCN(CCCN2c3ccccc3Sc3ccc(S(=O)(=O)N(C)C)cc32)CC1,,,
tdc_no_conflict_salt_removed,train,209,train:209,CCCC(=O)c1ccc2c(c1)N(CCCN1CCN(C)CC1)c1ccccc1S2,1,True,,CCCC(=O)c1ccc2c(c1)N(CCCN1CCN(C)CC1)c1ccccc1S2,CCCC(=O)c1ccc2c(c1)N(CCCN1CCN(C)CC1)c1ccccc1S2,1,exact,1,1,B3DB_classification:936,butaperazine,CCCC(=O)c1ccc2c(c1)N(CCCN1CCN(C)CC1)c1ccccc1S2,B3DB_classification:936,butaperazine,CCCC(=O)c1ccc2c(c1)N(CCCN1CCN(C)CC1)c1ccccc1S2,,,
tdc_no_conflict_salt_removed,train,210,train:210,CN1CCN(CCCN2c3ccccc3Sc3ccc(C(F)(F)F)cc32)CC1,1,True,,CN1CCN(CCCN2c3ccccc3Sc3ccc(C(F)(F)F)cc32)CC1,CN1CCN(CCCN2c3ccccc3Sc3ccc(C(F)(F)F)cc32)CC1,1,exact,1,1,B3DB_classification:1047,117-89-5,CN1CCN(CCCN2c3ccccc3Sc3ccc(C(F)(F)F)cc32)CC1,B3DB_classification:1047,117-89-5,CN1CCN(CCCN2c3ccccc3Sc3ccc(C(F)(F)F)cc32)CC1,,,
tdc_no_conflict_salt_removed,train,211,train:211,OCCN1CCN(CCCN2c3ccccc3Sc3ccc(C(F)(F)F)cc32)CC1,1,True,,OCCN1CCN(CCCN2c3ccccc3Sc3ccc(C(F)(F)F)cc32)CC1,OCCN1CCN(CCCN2c3ccccc3Sc3ccc(C(F)(F)F)cc32)CC1,1,exact,1,1,B3DB_classification:1053,fluphenazine,OCCN1CCN(CCCN2c3ccccc3Sc3ccc(C(F)(F)F)cc32)CC1,B3DB_classification:1053,fluphenazine,OCCN1CCN(CCCN2c3ccccc3Sc3ccc(C(F)(F)F)cc32)CC1,,,
tdc_no_conflict_salt_removed,train,212,train:212,CCCCCCC(=O)OCCN1CCN(CCCN2c3ccccc3Sc3ccc(C(F)(F)F)cc32)CC1,1,True,,CCCCCCC(=O)OCCN1CCN(CCCN2c3ccccc3Sc3ccc(C(F)(F)F)cc32)CC1,CCCCCCC(=O)OCCN1CCN(CCCN2c3ccccc3Sc3ccc(C(F)(F)F)cc32)CC1,1,exact,1,1,B3DB_classification:1521,fluphenazine-enanthate,CCCCCCC(=O)OCCN1CCN(CCCN2c3ccccc3Sc3ccc(C(F)(F)F)cc32)CC1,B3DB_classification:1521,fluphenazine-enanthate,CCCCCCC(=O)OCCN1CCN(CCCN2c3ccccc3Sc3ccc(C(F)(F)F)cc32)CC1,,,
tdc_no_conflict_salt_removed,train,213,train:213,CCSc1ccc2c(c1)N(CCCN1CCN(C)CC1)c1ccccc1S2,1,True,,CCSc1ccc2c(c1)N(CCCN1CCN(C)CC1)c1ccccc1S2,CCSc1ccc2c(c1)N(CCCN1CCN(C)CC1)c1ccccc1S2,1,exact,1,1,B3DB_classification:1664,thiethylperazine,CCSc1ccc2c(c1)N(CCCN1CCN(C)CC1)c1ccccc1S2,B3DB_classification:1664,thiethylperazine,CCSc1ccc2c(c1)N(CCCN1CCN(C)CC1)c1ccccc1S2,,,
tdc_no_conflict_salt_removed,train,214,train:214,CC(=O)c1ccc2c(c1)N(CCCN1CCN(CCO)CC1)c1ccccc1S2,1,True,,CC(=O)c1ccc2c(c1)N(CCCN1CCN(CCO)CC1)c1ccccc1S2,CC(=O)c1ccc2c(c1)N(CCCN1CCN(CCO)CC1)c1ccccc1S2,1,exact,1,1,B3DB_classification:1219,acetophenazine,CC(=O)c1ccc2c(c1)N(CCCN1CCN(CCO)CC1)c1ccccc1S2,B3DB_classification:1219,acetophenazine,CC(=O)c1ccc2c(c1)N(CCCN1CCN(CCO)CC1)c1ccccc1S2,,,
tdc_no_conflict_salt_removed,train,215,train:215,CC(CN1CCN(CCOCCO)CC1)CN1c2ccccc2Sc2ccccc21,1,True,,CC(CN1CCN(CCOCCO)CC1)CN1c2ccccc2Sc2ccccc21,CC(CN1CCN(CCOCCO)CC1)CN1c2ccccc2Sc2ccccc21,1,exact,1,1,B3DB_classification:1295,dixyrazine,CC(CN1CCN(CCOCCO)CC1)CN1c2ccccc2Sc2ccccc21,B3DB_classification:1295,dixyrazine,CC(CN1CCN(CCOCCO)CC1)CN1c2ccccc2Sc2ccccc21,,,
tdc_no_conflict_salt_removed,train,216,train:216,CN(C)CCC(c1ccccc1)c1ccccn1,0,True,,CN(C)CCC(c1ccccc1)c1ccccn1,CN(C)CCC(c1ccccc1)c1ccccn1,1,unmatched,,,,,,,,,,,
tdc_no_conflict_salt_removed,train,217,train:217,CN(C)CCOC(C)(c1ccccc1)c1ccccn1,1,True,,CN(C)CCOC(C)(c1ccccc1)c1ccccn1,CN(C)CCOC(C)(c1ccccc1)c1ccccn1,1,exact,1,1,B3DB_classification:883,doxylamine,CN(C)CCOC(C)(c1ccccc1)c1ccccn1,B3DB_classification:883,doxylamine,CN(C)CCOC(C)(c1ccccc1)c1ccccn1,,,
tdc_no_conflict_salt_removed,train,218,train:218,c1ccc(-c2cc(CCC3CCNCC3)c3ccccc3n2)cc1,1,True,,c1ccc(-c2cc(CCC3CCNCC3)c3ccccc3n2)cc1,c1ccc(-c2cc(CCC3CCNCC3)c3ccccc3n2)cc1,1,exact,1,1,B3DB_classification:2565,pipequaline,c1ccc(-c2cc(CCC3CCNCC3)c3ccccc3n2)cc1,B3DB_classification:2565,pipequaline,c1ccc(-c2cc(CCC3CCNCC3)c3ccccc3n2)cc1,,,
tdc_no_conflict_salt_removed,train,219,train:219,COc1ccccc1N1CCN(CCc2oc(=O)[nH]c2-c2ccc(F)cc2)CC1,1,True,,COc1ccccc1N1CCN(CCc2oc(=O)[nH]c2-c2ccc(F)cc2)CC1,COc1ccccc1N1CCN(CCc2oc(=O)[nH]c2-c2ccc(F)cc2)CC1,1,exact,1,1,B3DB_classification:2082,zoloperone,COc1ccccc1N1CCN(CCc2oc(=O)[nH]c2-c2ccc(F)cc2)CC1,B3DB_classification:2082,zoloperone,COc1ccccc1N1CCN(CCc2oc(=O)[nH]c2-c2ccc(F)cc2)CC1,,,
tdc_no_conflict_salt_removed,train,220,train:220,CC1CC(OC(=O)C2CCC(=O)N2)CC(C)(C)C1,1,True,,CC1CC(OC(=O)C2CCC(=O)N2)CC(C)(C)C1,CC1CC(OC(=O)C2CCC(=O)N2)CC(C)(C)C1,1,exact,1,1,B3DB_classification:1395,crilvastatin,CC1CC(OC(=O)C2CCC(=O)N2)CC(C)(C)C1,B3DB_classification:1395,crilvastatin,CC1CC(OC(=O)C2CCC(=O)N2)CC(C)(C)C1,,,
tdc_no_conflict_salt_removed,train,221,train:221,Cc1ccc(Cl)c(Nc2ccccc2C(=O)O)c1Cl,0,True,,Cc1ccc(Cl)c(Nc2ccccc2C(=O)O)c1Cl,Cc1ccc(Cl)c(Nc2ccccc2C(=O)O)c1Cl,1,unmatched,,,,,,,,,,,
tdc_no_conflict_salt_removed,train,222,train:222,Cc1cccc(Nc2ccccc2C(=O)O)c1C,0,True,,Cc1cccc(Nc2ccccc2C(=O)O)c1C,Cc1cccc(Nc2ccccc2C(=O)O)c1C,1,unmatched,,,,,,,,,,,
tdc_no_conflict_salt_removed,train,223,train:223,CO[C@@]1(NC(=O)C(C(=O)O)c2ccsc2)C(=O)N2[C@@H](C(=O)O)C(C)(C)S[C@@H]21,0,True,,CO[C@@]1(NC(=O)C(C(=O)O)c2ccsc2)C(=O)N2[C@@H](C(=O)O)C(C)(C)S[C@@H]21,CO[C@@]1(NC(=O)C(C(=O)O)c2ccsc2)C(=O)N2[C@@H](C(=O)O)C(C)(C)S[C@@H]21,1,exact,0,0,B3DB_classification:2004,temocillin,CO[C@@]1(NC(=O)C(C(=O)O)c2ccsc2)C(=O)N2[C@@H](C(=O)O)C(C)(C)S[C@@H]21,B3DB_classification:2004,temocillin,CO[C@@]1(NC(=O)C(C(=O)O)c2ccsc2)C(=O)N2[C@@H](C(=O)O)C(C)(C)S[C@@H]21,,,
tdc_no_conflict_salt_removed,train,224,train:224,CC1(C)S[C@@H]2[C@H](NC(=O)[C@H](C(=O)[O-])c3ccsc3)C(=O)N2[C@H]1C(=O)[O-],1,True,,CC1(C)S[C@@H]2[C@H](NC(=O)[C@H](C(=O)[O-])c3ccsc3)C(=O)N2[C@H]1C(=O)[O-],CC1(C)S[C@@H]2[C@H](NC(=O)[C@H](C(=O)[O-])c3ccsc3)C(=O)N2[C@H]1C(=O)[O-],1,unmatched,,,,,,,,,,,
tdc_no_conflict_salt_removed,train,225,train:225,Nc1c2c(nc3ccccc13)CCCC2O,1,True,,Nc1c2c(nc3ccccc13)CCCC2O,Nc1c2c(nc3ccccc13)CCCC2O,1,exact,1,1,B3DB_classification:2348,velnacrine,Nc1c2c(nc3ccccc13)CCCC2O,B3DB_classification:2348,velnacrine,Nc1c2c(nc3ccccc13)CCCC2O,,,
tdc_no_conflict_salt_removed,train,226,train:226,Nc1c2c(nc3ccccc13)CCCC2,1,True,,Nc1c2c(nc3ccccc13)CCCC2,Nc1c2c(nc3ccccc13)CCCC2,1,exact,1,1,B3DB_classification:2347,"tacrine, cognex",Nc1c2c(nc3ccccc13)CCCC2,B3DB_classification:2347,"tacrine, cognex",Nc1c2c(nc3ccccc13)CCCC2,,,
tdc_no_conflict_salt_removed,train,227,train:227,CN[C@@H]1[C@@H](O[C@H]2O[C@H](CO)[C@@H](N)[C@H](O)[C@H]2O)O[C@H]2C[C@@H](N)[C@H](O[C@H]3[C@H](O)[C@@H](O)[C@H](N)C[C@@H]3N)O[C@@H]2[C@@H]1O,0,True,,CN[C@@H]1[C@@H](O[C@H]2O[C@H](CO)[C@@H](N)[C@H](O)[C@H]2O)O[C@H]2C[C@@H](N)[C@H](O[C@H]3[C@H](O)[C@@H](O)[C@H](N)C[C@@H]3N)O[C@@H]2[C@@H]1O,CN[C@@H]1[C@@H](O[C@H]2O[C@H](CO)[C@@H](N)[C@H](O)[C@H]2O)O[C@H]2C[C@@H](N)[C@H](O[C@H]3[C@H](O)[C@@H](O)[C@H](N)C[C@@H]3N)O[C@@H]2[C@@H]1O,1,exact,0,0,B3DB_classification:1937,sr-05000001656,CN[C@@H]1[C@@H](O[C@H]2O[C@H](CO)[C@@H](N)[C@H](O)[C@H]2O)O[C@H]2C[C@@H](N)[C@H](O[C@@H]3[C@@H](N)C[C@@H](N)[C@H](O)[C@H]3O)O[C@@H]2[C@@H]1O,B3DB_classification:1937,sr-05000001656,CN[C@@H]1[C@@H](O[C@H]2O[C@H](CO)[C@@H](N)[C@H](O)[C@H]2O)O[C@H]2C[C@@H](N)[C@H](O[C@@H]3[C@@H](N)C[C@@H](N)[C@H](O)[C@H]3O)O[C@@H]2[C@@H]1O,,,
tdc_no_conflict_salt_removed,train,228,train:228,O=C(/C=C/c1ccc2c(c1)OCO2)N1CCCCC1,1,True,,O=C(/C=C/c1ccc2c(c1)OCO2)N1CCCCC1,O=C(/C=C/c1ccc2c(c1)OCO2)N1CCCCC1,1,exact,1,1,B3DB_classification:2360,ilepcimide,O=C(/C=C/c1ccc2c(c1)OCO2)N1CCCCC1,B3DB_classification:2360,ilepcimide,O=C(/C=C/c1ccc2c(c1)OCO2)N1CCCCC1,,,
tdc_no_conflict_salt_removed,train,229,train:229,Clc1ccc(C(OCCN2CCOCC2)c2ccccc2)cc1,1,True,,Clc1ccc(C(OCCN2CCOCC2)c2ccccc2)cc1,Clc1ccc(C(OCCN2CCOCC2)c2ccccc2)cc1,1,exact,1,1,B3DB_classification:2237,difencloxazine,Clc1ccc(C(OCCN2CCOCC2)c2ccccc2)cc1,B3DB_classification:2237,difencloxazine,Clc1ccc(C(OCCN2CCOCC2)c2ccccc2)cc1,,,
tdc_no_conflict_salt_removed,train,230,train:230,CN1CCN(C2=Nc3cscc3/C(=C/C#N)c3cscc32)CC1,1,True,,CN1CCN(C2=Nc3cscc3/C(=C/C#N)c3cscc32)CC1,CN1CCN(C2=Nc3cscc3/C(=C/C#N)c3cscc32)CC1,1,exact,1,1,B3DB_classification:1851,tenilapine,CN1CCN(C2=Nc3cscc3/C(=C/C#N)c3cscc32)CC1,B3DB_classification:1851,tenilapine,CN1CCN(C2=Nc3cscc3/C(=C/C#N)c3cscc32)CC1,,,
tdc_no_conflict_salt_removed,train,231,train:231,C/C(=C/CCN1CCC2(CC1)C(=O)NCN2c1ccccc1)c1ccc(F)cc1,1,True,,C/C(=C/CCN1CCC2(CC1)C(=O)NCN2c1ccccc1)c1ccc(F)cc1,C/C(=C/CCN1CCC2(CC1)C(=O)NCN2c1ccccc1)c1ccc(F)cc1,1,exact,1,1,B3DB_classification:1077,spirilene,C/C(=C/CCN1CCC2(CC1)C(=O)NCN2c1ccccc1)c1ccc(F)cc1,B3DB_classification:1077,spirilene,C/C(=C/CCN1CCC2(CC1)C(=O)NCN2c1ccccc1)c1ccc(F)cc1,,,
tdc_no_conflict_salt_removed,train,232,train:232,CCCCNCC1COc2cccc(OCC)c2O1,1,True,,CCCCNCC1COc2cccc(OCC)c2O1,CCCCNCC1COc2cccc(OCC)c2O1,1,exact,1,1,B3DB_classification:1544,ethomoxane,CCCCNCC1COc2cccc(OCC)c2O1,B3DB_classification:1544,ethomoxane,CCCCNCC1COc2cccc(OCC)c2O1,,,
tdc_no_conflict_salt_removed,train,233,train:233,CC(C)CCNCC1COc2ccccc2O1,1,True,,CC(C)CCNCC1COc2ccccc2O1,CC(C)CCNCC1COc2ccccc2O1,1,exact,1,1,B3DB_classification:1256,pentamoxane,CC(C)CCNCC1COc2ccccc2O1,B3DB_classification:1256,pentamoxane,CC(C)CCNCC1COc2ccccc2O1,,,
tdc_no_conflict_salt_removed,train,234,train:234,CCCCNCC1COc2ccccc2O1,1,True,,CCCCNCC1COc2ccccc2O1,CCCCNCC1COc2ccccc2O1,1,exact,1,1,B3DB_classification:1545,butamoxane,CCCCNCC1COc2ccccc2O1,B3DB_classification:1545,butamoxane,CCCCNCC1COc2ccccc2O1,,,
tdc_no_conflict_salt_removed,train,235,train:235,CC(C)n1c(=O)c2c(-c3noc(C4CC4)n3)ncn2c2ccccc21,1,True,,CC(C)n1c(=O)c2c(-c3noc(C4CC4)n3)ncn2c2ccccc21,CC(C)n1c(=O)c2c(-c3noc(C4CC4)n3)ncn2c2ccccc21,1,exact,1,1,B3DB_classification:1282,panadiplon,CC(C)n1c(=O)c2c(-c3noc(C4CC4)n3)ncn2c2ccccc21,B3DB_classification:1282,panadiplon,CC(C)n1c(=O)c2c(-c3noc(C4CC4)n3)ncn2c2ccccc21,,,
tdc_no_conflict_salt_removed,train,236,train:236,CC(C)[N+](C)(CCOC(=O)C1c2ccccc2Oc2ccccc21)C(C)C,0,True,,CC(C)[N+](C)(CCOC(=O)C1c2ccccc2Oc2ccccc21)C(C)C,CC(C)[N+](C)(CCOC(=O)C1c2ccccc2Oc2ccccc21)C(C)C,1,exact,0,0,B3DB_classification:1277,propantheline,CC(C)[N+](C)(CCOC(=O)C1c2ccccc2Oc2ccccc21)C(C)C,B3DB_classification:1277,propantheline,CC(C)[N+](C)(CCOC(=O)C1c2ccccc2Oc2ccccc21)C(C)C,,,
tdc_no_conflict_salt_removed,train,237,train:237,CC[N+](C)(CC)CCOC(=O)C1c2ccccc2Oc2ccccc21,0,True,,CC[N+](C)(CC)CCOC(=O)C1c2ccccc2Oc2ccccc21,CC[N+](C)(CC)CCOC(=O)C1c2ccccc2Oc2ccccc21,1,exact,0,0,B3DB_classification:1691,methantheline,CC[N+](C)(CC)CCOC(=O)C1c2ccccc2Oc2ccccc21,B3DB_classification:1691,methantheline,CC[N+](C)(CC)CCOC(=O)C1c2ccccc2Oc2ccccc21,,,
tdc_no_conflict_salt_removed,train,238,train:238,C[C@@H](CN1CC(=O)NC(=O)C1)N1CC(=O)NC(=O)C1,0,True,,C[C@@H](CN1CC(=O)NC(=O)C1)N1CC(=O)NC(=O)C1,C[C@@H](CN1CC(=O)NC(=O)C1)N1CC(=O)NC(=O)C1,1,exact,0,0,B3DB_classification:2097,dexrazoxane,C[C@@H](CN1CC(=O)NC(=O)C1)N1CC(=O)NC(=O)C1,B3DB_classification:2097,dexrazoxane,C[C@@H](CN1CC(=O)NC(=O)C1)N1CC(=O)NC(=O)C1,,,
tdc_no_conflict_salt_removed,train,239,train:239,CN(C)CC#CC=C1c2ccccc2C=Cc2ccccc21,1,True,,CN(C)CC#CC=C1c2ccccc2C=Cc2ccccc21,CN(C)CC#CC=C1c2ccccc2C=Cc2ccccc21,1,exact,1,1,B3DB_classification:1730,intriptyline,CN(C)CC#CC=C1c2ccccc2C=Cc2ccccc21,B3DB_classification:1730,intriptyline,CN(C)CC#CC=C1c2ccccc2C=Cc2ccccc21,,,
tdc_no_conflict_salt_removed,train,240,train:240,CN(C)CCC=C1c2ccccc2C=Cc2ccccc21,1,True,,CN(C)CCC=C1c2ccccc2C=Cc2ccccc21,CN(C)CCC=C1c2ccccc2C=Cc2ccccc21,1,exact,1,1,B3DB_classification:1009,cyclobenzaprine,CN(C)CCC=C1c2ccccc2C=Cc2ccccc21,B3DB_classification:1009,cyclobenzaprine,CN(C)CCC=C1c2ccccc2C=Cc2ccccc21,,,
tdc_no_conflict_salt_removed,train,241,train:241,C[N+](C)([O-])CC/C=C1/c2ccccc2C=Cc2c(Cl)cccc21,1,True,,C[N+](C)([O-])CC/C=C1/c2ccccc2C=Cc2c(Cl)cccc21,C[N+](C)([O-])CC/C=C1/c2ccccc2C=Cc2c(Cl)cccc21,1,exact,1,1,B3DB_classification:2153,schembl2734225,C[N+](C)([O-])CC/C=C1/c2ccccc2C=Cc2c(Cl)cccc21,B3DB_classification:2153,schembl2734225,C[N+](C)([O-])CC/C=C1/c2ccccc2C=Cc2c(Cl)cccc21,,,
tdc_no_conflict_salt_removed,train,242,train:242,CN1[C@@H]2CC[C@H]1CC(NC(=O)N1CC(C)(C)c3ccccc31)C2,1,True,,CN1[C@@H]2CC[C@H]1CC(NC(=O)N1CC(C)(C)c3ccccc31)C2,CN1[C@@H]2CC[C@H]1CC(NC(=O)N1CC(C)(C)c3ccccc31)C2,1,exact,1,1,B3DB_classification:1888,ricasetron,CN1[C@H]2CC[C@@H]1CC(NC(=O)N1CC(C)(C)c3ccccc31)C2,B3DB_classification:1888,ricasetron,CN1[C@H]2CC[C@@H]1CC(NC(=O)N1CC(C)(C)c3ccccc31)C2,,,
tdc_no_conflict_salt_removed,train,243,train:243,C/C(=C1/CCOC(=O)S1)N(C=O)Cc1cnc(C)nc1N,1,True,,C/C(=C1/CCOC(=O)S1)N(C=O)Cc1cnc(C)nc1N,C/C(=C1/CCOC(=O)S1)N(C=O)Cc1cnc(C)nc1N,1,exact,1,1,B3DB_classification:1078,cycotiamine,C/C(=C1/CCOC(=O)S1)N(C=O)Cc1cnc(C)nc1N,B3DB_classification:1078,cycotiamine,C/C(=C1/CCOC(=O)S1)N(C=O)Cc1cnc(C)nc1N,,,
tdc_no_conflict_salt_removed,train,244,train:244,CN1CCC(=C2c3ccccc3Oc3ccc(Cl)cc32)CC1,1,True,,CN1CCC(=C2c3ccccc3Oc3ccc(Cl)cc32)CC1,CN1CCC(=C2c3ccccc3Oc3ccc(Cl)cc32)CC1,1,exact,1,1,B3DB_classification:1827,clopipazan,CN1CCC(=C2c3ccccc3Oc3ccc(Cl)cc32)CC1,B3DB_classification:1827,clopipazan,CN1CCC(=C2c3ccccc3Oc3ccc(Cl)cc32)CC1,,,
tdc_no_conflict_salt_removed,train,245,train:245,CN1CCN(CCC(=O)N2c3ccccc3Sc3ccc(C(F)(F)F)cc32)CC1,1,True,,CN1CCN(CCC(=O)N2c3ccccc3Sc3ccc(C(F)(F)F)cc32)CC1,CN1CCN(CCC(=O)N2c3ccccc3Sc3ccc(C(F)(F)F)cc32)CC1,1,exact,1,1,B3DB_classification:1855,ftormetazine,CN1CCN(CCC(=O)N2c3ccccc3Sc3ccc(C(F)(F)F)cc32)CC1,B3DB_classification:1855,ftormetazine,CN1CCN(CCC(=O)N2c3ccccc3Sc3ccc(C(F)(F)F)cc32)CC1,,,
tdc_no_conflict_salt_removed,train,246,train:246,O=C(CCN1CCN(CCO)CC1)N1c2ccccc2Sc2ccc(C(F)(F)F)cc21,1,True,,O=C(CCN1CCN(CCO)CC1)N1c2ccccc2Sc2ccc(C(F)(F)F)cc21,O=C(CCN1CCN(CCO)CC1)N1c2ccccc2Sc2ccc(C(F)(F)F)cc21,1,exact,1,1,B3DB_classification:2378,ftorpropazine,O=C(CCN1CCN(CCO)CC1)N1c2ccccc2Sc2ccc(C(F)(F)F)cc21,B3DB_classification:2378,ftorpropazine,O=C(CCN1CCN(CCO)CC1)N1c2ccccc2Sc2ccc(C(F)(F)F)cc21,,,
tdc_no_conflict_salt_removed,train,247,train:247,CN1CCC(C)(CN2c3ccccc3Sc3ccccc32)C1,1,True,,CN1CCC(C)(CN2c3ccccc3Sc3ccccc32)C1,CN1CCC(C)(CN2c3ccccc3Sc3ccccc32)C1,1,exact,1,1,B3DB_classification:1829,dimelazine,CN1CCC(C)(CN2c3ccccc3Sc3ccccc32)C1,B3DB_classification:1829,dimelazine,CN1CCC(C)(CN2c3ccccc3Sc3ccccc32)C1,,,
tdc_no_conflict_salt_removed,train,248,train:248,Nn1cnc2cc3ccccc3cc2c1=O,1,True,,Nn1cnc2cc3ccccc3cc2c1=O,Nn1cnc2cc3ccccc3cc2c1=O,1,exact,1,1,B3DB_classification:2359,centazolone,Nn1cnc2cc3ccccc3cc2c1=O,B3DB_classification:2359,centazolone,Nn1cnc2cc3ccccc3cc2c1=O,,,
tdc_no_conflict_salt_removed,train,249,train:249,CN(C)N/N=C1/N=CN=C1C(N)=O,1,True,,CN(C)N/N=C1/N=CN=C1C(N)=O,CN(C)N/N=C1/N=CN=C1C(N)=O,1,unmatched,,,,,,,,,,,
tdc_no_conflict_salt_removed,train,250,train:250,CCCC(=O)O[C@]1(C(C)=O)CCC[C@H]2[C@@H]3CCC4=CC(=O)C=C[C@]4(C)[C@H]3[C@@H](O)C[C@@]21C,1,True,,CCCC(=O)O[C@]1(C(C)=O)CCC[C@H]2[C@@H]3CCC4=CC(=O)C=C[C@]4(C)[C@H]3[C@@H](O)C[C@@]21C,CCCC(=O)O[C@]1(C(C)=O)CCC[C@H]2[C@@H]3CCC4=CC(=O)C=C[C@]4(C)[C@H]3[C@@H](O)C[C@@]21C,1,exact,1,1,B3DB_classification:1496,domoprednate,CCCC(=O)O[C@]1(C(C)=O)CCC[C@H]2[C@@H]3CCC4=CC(=O)C=C[C@]4(C)[C@H]3[C@@H](O)C[C@@]21C,B3DB_classification:1496,domoprednate,CCCC(=O)O[C@]1(C(C)=O)CCC[C@H]2[C@@H]3CCC4=CC(=O)C=C[C@]4(C)[C@H]3[C@@H](O)C[C@@]21C,,,
tdc_no_conflict_salt_removed,train,251,train:251,CC(=O)OCC/C(SC(C)=O)=C(/C)N(C=O)Cc1cnc(C)nc1N,1,True,,CC(=O)OCC/C(SC(C)=O)=C(/C)N(C=O)Cc1cnc(C)nc1N,CC(=O)OCC/C(SC(C)=O)=C(/C)N(C=O)Cc1cnc(C)nc1N,1,exact,1,1,B3DB_classification:1185,diacetylthiamine,CC(=O)OCC/C(SC(C)=O)=C(/C)N(C=O)Cc1cnc(C)nc1N,B3DB_classification:1185,diacetylthiamine,CC(=O)OCC/C(SC(C)=O)=C(/C)N(C=O)Cc1cnc(C)nc1N,,,
tdc_no_conflict_salt_removed,train,252,train:252,CCOC(=O)OCC/C(SC(=O)OCC)=C(\C)N(C=O)Cc1cnc(C)nc1N,1,True,,CCOC(=O)OCC/C(SC(=O)OCC)=C(\C)N(C=O)Cc1cnc(C)nc1N,CCOC(=O)OCC/C(SC(=O)OCC)=C(\C)N(C=O)Cc1cnc(C)nc1N,1,exact,1,1,B3DB_classification:1645,cetotiamine,CCOC(=O)OCC/C(SC(=O)OCC)=C(\C)N(C=O)Cc1cnc(C)nc1N,B3DB_classification:1645,cetotiamine,CCOC(=O)OCC/C(SC(=O)OCC)=C(\C)N(C=O)Cc1cnc(C)nc1N,,,
tdc_no_conflict_salt_removed,train,253,train:253,O=C1CN=C(c2ccccc2)c2cc(Cl)ccc2N1CC1CC1,1,True,,O=C1CN=C(c2ccccc2)c2cc(Cl)ccc2N1CC1CC1,O=C1CN=C(c2ccccc2)c2cc(Cl)ccc2N1CC1CC1,1,exact,1,1,B3DB_classification:2458,prazepam,O=C1CN=C(c2ccccc2)c2cc(Cl)ccc2N1CC1CC1,B3DB_classification:2458,prazepam,O=C1CN=C(c2ccccc2)c2cc(Cl)ccc2N1CC1CC1,,,
tdc_no_conflict_salt_removed,train,254,train:254,O=C1CN=C(c2ccccc2F)c2cc(Cl)ccc2N1CC1CC1,1,True,,O=C1CN=C(c2ccccc2F)c2cc(Cl)ccc2N1CC1CC1,O=C1CN=C(c2ccccc2F)c2cc(Cl)ccc2N1CC1CC1,1,exact,1,1,B3DB_classification:2463,flutoprazepam,O=C1CN=C(c2ccccc2F)c2cc(Cl)ccc2N1CC1CC1,B3DB_classification:2463,flutoprazepam,O=C1CN=C(c2ccccc2F)c2cc(Cl)ccc2N1CC1CC1,,,
tdc_no_conflict_salt_removed,train,255,train:255,CC1(C)S[C@@H]2[C@H](NC(=O)C(Oc3ccccc3)c3ccccc3)C(=O)N2[C@H]1C(=O)O,0,True,,CC1(C)S[C@@H]2[C@H](NC(=O)C(Oc3ccccc3)c3ccccc3)C(=O)N2[C@H]1C(=O)O,CC1(C)S[C@@H]2[C@H](NC(=O)C(Oc3ccccc3)c3ccccc3)C(=O)N2[C@H]1C(=O)O,1,exact,0,0,B3DB_classification:1351,fenbenicillin,CC1(C)S[C@@H]2[C@H](NC(=O)C(Oc3ccccc3)c3ccccc3)C(=O)N2[C@H]1C(=O)O,B3DB_classification:1351,fenbenicillin,CC1(C)S[C@@H]2[C@H](NC(=O)C(Oc3ccccc3)c3ccccc3)C(=O)N2[C@H]1C(=O)O,,,
tdc_no_conflict_salt_removed,train,256,train:256,O=C1CCC(N2C(=O)C3C4CCC(C4)C3C2=O)C(=O)N1,1,True,,O=C1CCC(N2C(=O)C3C4CCC(C4)C3C2=O)C(=O)N1,O=C1CCC(N2C(=O)C3C4CCC(C4)C3C2=O)C(=O)N1,1,exact,1,1,B3DB_classification:2439,taglutimide(biglumide),O=C1CCC(N2C(=O)C3C4CCC(C4)C3C2=O)C(=O)N1,B3DB_classification:2439,taglutimide(biglumide),O=C1CCC(N2C(=O)C3C4CCC(C4)C3C2=O)C(=O)N1,,,
tdc_no_conflict_salt_removed,train,257,train:257,OC1CCN(c2ccc(-c3ccc(Cl)cc3Cl)nn2)CC1,1,True,,OC1CCN(c2ccc(-c3ccc(Cl)cc3Cl)nn2)CC1,OC1CCN(c2ccc(-c3ccc(Cl)cc3Cl)nn2)CC1,1,exact,1,1,B3DB_classification:2527,endixaprine,OC1CCN(c2ccc(-c3ccc(Cl)cc3Cl)nn2)CC1,B3DB_classification:2527,endixaprine,OC1CCN(c2ccc(-c3ccc(Cl)cc3Cl)nn2)CC1,,,
tdc_no_conflict_salt_removed,train,258,train:258,OC1CCN(c2ccc(-c3ccccc3Cl)nn2)CC1,1,True,,OC1CCN(c2ccc(-c3ccccc3Cl)nn2)CC1,OC1CCN(c2ccc(-c3ccccc3Cl)nn2)CC1,1,exact,1,1,B3DB_classification:2528,lodaxaprine,OC1CCN(c2ccc(-c3ccccc3Cl)nn2)CC1,B3DB_classification:2528,lodaxaprine,OC1CCN(c2ccc(-c3ccccc3Cl)nn2)CC1,,,
tdc_no_conflict_salt_removed,train,259,train:259,CNc1nc(Cl)c(SC)c(N2CCN(C)CC2)n1,1,True,,CNc1nc(Cl)c(SC)c(N2CCN(C)CC2)n1,CNc1nc(Cl)c(SC)c(N2CCN(C)CC2)n1,1,exact,1,1,B3DB_classification:1942,mezilamine,CNc1nc(Cl)c(SC)c(N2CCN(C)CC2)n1,B3DB_classification:1942,mezilamine,CNc1nc(Cl)c(SC)c(N2CCN(C)CC2)n1,,,
tdc_no_conflict_salt_removed,train,260,train:260,CSc1c(Cl)nc(NC(C)C)nc1N1CCN(C)CC1,1,True,,CSc1c(Cl)nc(NC(C)C)nc1N1CCN(C)CC1,CSc1c(Cl)nc(NC(C)C)nc1N1CCN(C)CC1,1,exact,1,1,B3DB_classification:2093,iprozilamine,CSc1c(Cl)nc(NC(C)C)nc1N1CCN(C)CC1,B3DB_classification:2093,iprozilamine,CSc1c(Cl)nc(NC(C)C)nc1N1CCN(C)CC1,,,
tdc_no_conflict_salt_removed,train,261,train:261,Cn1c(=O)c2[nH]cnc2n(C)c1=O,0,True,,Cn1c(=O)c2[nH]cnc2n(C)c1=O,Cn1c(=O)c2[nH]cnc2n(C)c1=O,1,exact,1,1,B3DB_classification:339,theophylline,Cn1c(=O)c2[nH]cnc2n(C)c1=O,B3DB_classification:339,theophylline,Cn1c(=O)c2[nH]cnc2n(C)c1=O,,,b3db_exact_label_mismatch|b3db_salt_removed_label_mismatch
tdc_no_conflict_salt_removed,train,262,train:262,CCCCn1c(=O)c2c(ncn2CC(C)=O)n(CCCC)c1=O,1,True,,CCCCn1c(=O)c2c(ncn2CC(C)=O)n(CCCC)c1=O,CCCCn1c(=O)c2c(ncn2CC(C)=O)n(CCCC)c1=O,1,exact,1,1,B3DB_classification:1555,denbufylline,CCCCn1c(=O)c2c(ncn2CC(C)=O)n(CCCC)c1=O,B3DB_classification:1555,denbufylline,CCCCn1c(=O)c2c(ncn2CC(C)=O)n(CCCC)c1=O,,,
tdc_no_conflict_salt_removed,train,263,train:263,Cn1c(=O)c2c(ncn2C)n(C)c1=O,1,True,,Cn1c(=O)c2c(ncn2C)n(C)c1=O,Cn1c(=O)c2c(ncn2C)n(C)c1=O,1,exact,1,1,B3DB_classification:481,58-08-2,Cn1c(=O)c2c(ncn2C)n(C)c1=O,B3DB_classification:481,58-08-2,Cn1c(=O)c2c(ncn2C)n(C)c1=O,,,
tdc_no_conflict_salt_removed,train,264,train:264,Cn1cnc2c1c(=O)[nH]c(=O)n2C,1,True,,Cn1cnc2c1c(=O)[nH]c(=O)n2C,Cn1cnc2c1c(=O)[nH]c(=O)n2C,1,exact,1,1,B3DB_classification:355,"theobromine (3,7-dimethylxanthine)",Cn1cnc2c1c(=O)[nH]c(=O)n2C,B3DB_classification:355,"theobromine (3,7-dimethylxanthine)",Cn1cnc2c1c(=O)[nH]c(=O)n2C,,,
tdc_no_conflict_salt_removed,train,265,train:265,CC(O)Cn1cnc2c1c(=O)n(C)c(=O)n2C,1,True,,CC(O)Cn1cnc2c1c(=O)n(C)c(=O)n2C,CC(O)Cn1cnc2c1c(=O)n(C)c(=O)n2C,1,exact,1,1,B3DB_classification:1317,proxyphylline,CC(O)Cn1cnc2c1c(=O)n(C)c(=O)n2C,B3DB_classification:1317,proxyphylline,CC(O)Cn1cnc2c1c(=O)n(C)c(=O)n2C,,,
tdc_no_conflict_salt_removed,train,266,train:266,Cn1c(=O)[nH]c2ncn(C)c2c1=O,1,True,,Cn1c(=O)[nH]c2ncn(C)c2c1=O,Cn1c(=O)[nH]c2ncn(C)c2c1=O,1,exact,1,1,B3DB_classification:611,paraxanthine,Cn1c(=O)[nH]c2ncn(C)c2c1=O,B3DB_classification:611,paraxanthine,Cn1c(=O)[nH]c2ncn(C)c2c1=O,,,
tdc_no_conflict_salt_removed,train,267,train:267,CN(C)CCn1cnc2c1c(=O)n(C)c(=O)n2C,1,True,,CN(C)CCn1cnc2c1c(=O)n(C)c(=O)n2C,CN(C)CCn1cnc2c1c(=O)n(C)c(=O)n2C,1,exact,1,1,B3DB_classification:1775,dimethazan,CN(C)CCn1cnc2c1c(=O)n(C)c(=O)n2C,B3DB_classification:1775,dimethazan,CN(C)CCn1cnc2c1c(=O)n(C)c(=O)n2C,,,
tdc_no_conflict_salt_removed,train,268,train:268,CCN(CC)CCn1cnc2c1c(=O)n(C)c(=O)n2C,1,True,,CCN(CC)CCn1cnc2c1c(=O)n(C)c(=O)n2C,CCN(CC)CCn1cnc2c1c(=O)n(C)c(=O)n2C,1,exact,1,1,B3DB_classification:1604,etamiphyllin,CCN(CC)CCn1cnc2c1c(=O)n(C)c(=O)n2C,B3DB_classification:1604,etamiphyllin,CCN(CC)CCn1cnc2c1c(=O)n(C)c(=O)n2C,,,
tdc_no_conflict_salt_removed,train,269,train:269,OC(Cn1ccnc1)c1ccc(CCc2ccccc2)cc1,1,True,,OC(Cn1ccnc1)c1ccc(CCc2ccccc2)cc1,OC(Cn1ccnc1)c1ccc(CCc2ccccc2)cc1,1,exact,1,1,B3DB_classification:2518,denzimol,OC(Cn1ccnc1)c1ccc(CCc2ccccc2)cc1,B3DB_classification:2518,denzimol,OC(Cn1ccnc1)c1ccc(CCc2ccccc2)cc1,,,
tdc_no_conflict_salt_removed,train,270,train:270,CC#C[C@]1(O)CC[C@H]2[C@@H]3CCC4=CC(=O)CCC4=C3[C@@H](c3ccc(N(C)C)cc3)C[C@@]21C,0,True,,CC#C[C@]1(O)CC[C@H]2[C@@H]3CCC4=CC(=O)CCC4=C3[C@@H](c3ccc(N(C)C)cc3)C[C@@]21C,CC#C[C@]1(O)CC[C@H]2[C@@H]3CCC4=CC(=O)CCC4=C3[C@@H](c3ccc(N(C)C)cc3)C[C@@]21C,1,exact,0,0,B3DB_classification:1131,mifepristone,CC#C[C@]1(O)CC[C@H]2[C@@H]3CCC4=CC(=O)CCC4=C3[C@@H](c3ccc(N(C)C)cc3)C[C@@]21C,B3DB_classification:1131,mifepristone,CC#C[C@]1(O)CC[C@H]2[C@@H]3CCC4=CC(=O)CCC4=C3[C@@H](c3ccc(N(C)C)cc3)C[C@@]21C,,,
tdc_no_conflict_salt_removed,train,271,train:271,CN(C(=O)Cc1ccc(Cl)c(Cl)c1)[C@@H](CN1CCCC1)c1ccccc1,1,True,,CN(C(=O)Cc1ccc(Cl)c(Cl)c1)[C@@H](CN1CCCC1)c1ccccc1,CN(C(=O)Cc1ccc(Cl)c(Cl)c1)[C@@H](CN1CCCC1)c1ccccc1,1,exact,1,1,B3DB_classification:1715,chembl106345,CN(C(=O)Cc1ccc(Cl)c(Cl)c1)[C@@H](CN1CCCC1)c1ccccc1,B3DB_classification:1715,chembl106345,CN(C(=O)Cc1ccc(Cl)c(Cl)c1)[C@@H](CN1CCCC1)c1ccccc1,,,
tdc_no_conflict_salt_removed,train,272,train:272,CN(C(=O)Cc1ccccc1N)[C@@H](CN1CC[C@@H](O)C1)c1ccccc1,0,True,,CN(C(=O)Cc1ccccc1N)[C@@H](CN1CC[C@@H](O)C1)c1ccccc1,CN(C(=O)Cc1ccccc1N)[C@@H](CN1CC[C@@H](O)C1)c1ccccc1,1,exact,0,0,B3DB_classification:1717,emd60400,CN(C(=O)Cc1ccccc1N)[C@@H](CN1CC[C@@H](O)C1)c1ccccc1,B3DB_classification:1717,emd60400,CN(C(=O)Cc1ccccc1N)[C@@H](CN1CC[C@@H](O)C1)c1ccccc1,,,
tdc_no_conflict_salt_removed,train,273,train:273,O=C(CN1CCCC1=O)NNC(=O)CN1CCCC1=O,1,True,,O=C(CN1CCCC1=O)NNC(=O)CN1CCCC1=O,O=C(CN1CCCC1=O)NNC(=O)CN1CCCC1=O,1,exact,1,1,B3DB_classification:2381,dupracetam,O=C(CN1CCCC1=O)NNC(=O)CN1CCCC1=O,B3DB_classification:2381,dupracetam,O=C(CN1CCCC1=O)NNC(=O)CN1CCCC1=O,,,
tdc_no_conflict_salt_removed,train,274,train:274,O=C(CCCN1CCC(n2c(=S)[nH]c3ccccc32)CC1)c1ccc(F)cc1,1,True,,O=C(CCCN1CCC(n2c(=S)[nH]c3ccccc32)CC1)c1ccc(F)cc1,O=C(CCCN1CCC(n2c(=S)[nH]c3ccccc32)CC1)c1ccc(F)cc1,1,exact,1,1,B3DB_classification:2369,timiperone,O=C(CCCN1CCC(n2c(=S)[nH]c3ccccc32)CC1)c1ccc(F)cc1,B3DB_classification:2369,timiperone,O=C(CCCN1CCC(n2c(=S)[nH]c3ccccc32)CC1)c1ccc(F)cc1,,,
tdc_no_conflict_salt_removed,train,275,train:275,CN(C)[C@@H]1C(=O)/C(=C(\N)O)C(=O)[C@@]2(O)C(=O)C3=C(O)c4c(O)ccc([N+](=O)[O-])c4C[C@H]3C[C@@H]12,0,True,,CN(C)[C@@H]1C(=O)/C(=C(\N)O)C(=O)[C@@]2(O)C(=O)C3=C(O)c4c(O)ccc([N+](=O)[O-])c4C[C@H]3C[C@@H]12,CN(C)[C@@H]1C(=O)/C(=C(\N)O)C(=O)[C@@]2(O)C(=O)C3=C(O)c4c(O)ccc([N+](=O)[O-])c4C[C@H]3C[C@@H]12,1,unmatched,,,,,,,,,,,
tdc_no_conflict_salt_removed,train,276,train:276,CN(C)[C@@H]1C(=O)/C(=C(\N)O)C(=O)[C@@]2(O)C(=O)C3=C(O)c4c(ccc(N)c4O)C[C@H]3C[C@@H]12,0,True,,CN(C)[C@@H]1C(=O)/C(=C(\N)O)C(=O)[C@@]2(O)C(=O)C3=C(O)c4c(ccc(N)c4O)C[C@H]3C[C@@H]12,CN(C)[C@@H]1C(=O)/C(=C(\N)O)C(=O)[C@@]2(O)C(=O)C3=C(O)c4c(ccc(N)c4O)C[C@H]3C[C@@H]12,1,unmatched,,,,,,,,,,,
tdc_no_conflict_salt_removed,train,277,train:277,C[C@H]1c2cccc(O)c2C(O)=C2C(=O)[C@]3(O)C(=O)/C(=C(/N)O)C(=O)[C@@H](N(C)C)[C@@H]3[C@@H](O)[C@@H]21,0,True,,C[C@H]1c2cccc(O)c2C(O)=C2C(=O)[C@]3(O)C(=O)/C(=C(/N)O)C(=O)[C@@H](N(C)C)[C@@H]3[C@@H](O)[C@@H]21,C[C@H]1c2cccc(O)c2C(O)=C2C(=O)[C@]3(O)C(=O)/C(=C(/N)O)C(=O)[C@@H](N(C)C)[C@@H]3[C@@H](O)[C@@H]21,1,unmatched,,,,,,,,,,,
tdc_no_conflict_salt_removed,train,278,train:278,CN(C)[C@@H]1C(=O)/C(=C(/N)O)C(=O)[C@@]2(O)C(=O)C3=C(O)c4c(O)ccc(Cl)c4[C@@](C)(O)[C@H]3C[C@@H]12,0,True,,CN(C)[C@@H]1C(=O)/C(=C(/N)O)C(=O)[C@@]2(O)C(=O)C3=C(O)c4c(O)ccc(Cl)c4[C@@](C)(O)[C@H]3C[C@@H]12,CN(C)[C@@H]1C(=O)/C(=C(/N)O)C(=O)[C@@]2(O)C(=O)C3=C(O)c4c(O)ccc(Cl)c4[C@@](C)(O)[C@H]3C[C@@H]12,1,unmatched,,,,,,,,,,,
tdc_no_conflict_salt_removed,train,279,train:279,CN(C)[C@@H]1C(=O)/C(=C(\N)O)C(=O)[C@@]2(O)C(=O)C3=C(O)c4c(O)cccc4[C@@](C)(O)[C@H]3C[C@@H]12,0,True,,CN(C)[C@@H]1C(=O)/C(=C(\N)O)C(=O)[C@@]2(O)C(=O)C3=C(O)c4c(O)cccc4[C@@](C)(O)[C@H]3C[C@@H]12,CN(C)[C@@H]1C(=O)/C(=C(\N)O)C(=O)[C@@]2(O)C(=O)C3=C(O)c4c(O)cccc4[C@@](C)(O)[C@H]3C[C@@H]12,1,unmatched,,,,,,,,,,,
tdc_no_conflict_salt_removed,train,280,train:280,CN(C)[C@@H]1C(=O)/C(=C(\N)O)C(=O)[C@@]2(O)C(=O)C3=C(O)c4c(O)ccc(Cl)c4[C@@H](O)[C@H]3C[C@@H]12,0,True,,CN(C)[C@@H]1C(=O)/C(=C(\N)O)C(=O)[C@@]2(O)C(=O)C3=C(O)c4c(O)ccc(Cl)c4[C@@H](O)[C@H]3C[C@@H]12,CN(C)[C@@H]1C(=O)/C(=C(\N)O)C(=O)[C@@]2(O)C(=O)C3=C(O)c4c(O)ccc(Cl)c4[C@@H](O)[C@H]3C[C@@H]12,1,unmatched,,,,,,,,,,,
tdc_no_conflict_salt_removed,train,281,train:281,CN(C)[C@@H]1C(=O)/C(=C(\N)O)C(=O)[C@@]2(O)C(=O)C3=C(O)c4c(O)ccc(Cl)c4[C@@](C)(O)[C@H]3C[C@@H]12,0,True,,CN(C)[C@@H]1C(=O)/C(=C(\N)O)C(=O)[C@@]2(O)C(=O)C3=C(O)c4c(O)ccc(Cl)c4[C@@](C)(O)[C@H]3C[C@@H]12,CN(C)[C@@H]1C(=O)/C(=C(\N)O)C(=O)[C@@]2(O)C(=O)C3=C(O)c4c(O)ccc(Cl)c4[C@@](C)(O)[C@H]3C[C@@H]12,1,unmatched,,,,,,,,,,,
tdc_no_conflict_salt_removed,train,282,train:282,CN(C)[C@@H]1C(=O)/C(=C(/O)NCO)C(=O)[C@@]2(O)C(=O)C3=C(O)c4c(O)ccc(Cl)c4[C@@](C)(O)[C@H]3C[C@@H]12,0,True,,CN(C)[C@@H]1C(=O)/C(=C(/O)NCO)C(=O)[C@@]2(O)C(=O)C3=C(O)c4c(O)ccc(Cl)c4[C@@](C)(O)[C@H]3C[C@@H]12,CN(C)[C@@H]1C(=O)/C(=C(/O)NCO)C(=O)[C@@]2(O)C(=O)C3=C(O)c4c(O)ccc(Cl)c4[C@@](C)(O)[C@H]3C[C@@H]12,1,unmatched,,,,,,,,,,,
tdc_no_conflict_salt_removed,train,283,train:283,CN(C)[C@@H]1C(=O)/C(=C(\N)O)C(=O)[C@@]2(O)C(=O)C3=C(O)c4c(O)cccc4[C@@H](O)[C@H]3C[C@@H]12,0,True,,CN(C)[C@@H]1C(=O)/C(=C(\N)O)C(=O)[C@@]2(O)C(=O)C3=C(O)c4c(O)cccc4[C@@H](O)[C@H]3C[C@@H]12,CN(C)[C@@H]1C(=O)/C(=C(\N)O)C(=O)[C@@]2(O)C(=O)C3=C(O)c4c(O)cccc4[C@@H](O)[C@H]3C[C@@H]12,1,unmatched,,,,,,,,,,,
tdc_no_conflict_salt_removed,train,284,train:284,CN(C)[C@@H]1C(=O)/C(=C(\N)O)C(=O)[C@@]2(O)C(=O)C3=C(O)c4c(O)cccc4[C@@](C)(O)[C@H]3[C@H](O)[C@@H]12,0,True,,CN(C)[C@@H]1C(=O)/C(=C(\N)O)C(=O)[C@@]2(O)C(=O)C3=C(O)c4c(O)cccc4[C@@](C)(O)[C@H]3[C@H](O)[C@@H]12,CN(C)[C@@H]1C(=O)/C(=C(\N)O)C(=O)[C@@]2(O)C(=O)C3=C(O)c4c(O)cccc4[C@@](C)(O)[C@H]3[C@H](O)[C@@H]12,1,unmatched,,,,,,,,,,,
tdc_no_conflict_salt_removed,train,285,train:285,CN(C)CCN1CCN(c2cccc(Cl)c2)C1=O,1,True,,CN(C)CCN1CCN(c2cccc(Cl)c2)C1=O,CN(C)CCN1CCN(c2cccc(Cl)c2)C1=O,1,exact,1,1,B3DB_classification:1762,imidoline,CN(C)CCN1CCN(c2cccc(Cl)c2)C1=O,B3DB_classification:1762,imidoline,CN(C)CCN1CCN(c2cccc(Cl)c2)C1=O,,,
tdc_no_conflict_salt_removed,train,286,train:286,CCn1c2c(c3ccccc31)CCSC2(C)CCN(C)C,1,True,,CCn1c2c(c3ccccc31)CCSC2(C)CCN(C)C,CCn1c2c(c3ccccc31)CCSC2(C)CCN(C)C,1,exact,1,1,B3DB_classification:1705,tandamine,CCn1c2c(c3ccccc31)CCSC2(C)CCN(C)C,B3DB_classification:1705,tandamine,CCn1c2c(c3ccccc31)CCSC2(C)CCN(C)C,,,
tdc_no_conflict_salt_removed,train,287,train:287,OC1OC(COCCOC(O)C(Cl)(Cl)Cl)C(OC2OC(COCCOCCOC(O)C(Cl)(Cl)Cl)CC(OC(O)C(Cl)(Cl)Cl)C2O)C(OCCOCCOC(O)C(Cl)(Cl)Cl)C1O,1,True,,OC1OC(COCCOC(O)C(Cl)(Cl)Cl)C(OC2OC(COCCOCCOC(O)C(Cl)(Cl)Cl)CC(OC(O)C(Cl)(Cl)Cl)C2O)C(OCCOCCOC(O)C(Cl)(Cl)Cl)C1O,OC1OC(COCCOC(O)C(Cl)(Cl)Cl)C(OC2OC(COCCOCCOC(O)C(Cl)(Cl)Cl)CC(OC(O)C(Cl)(Cl)Cl)C2O)C(OCCOCCOC(O)C(Cl)(Cl)Cl)C1O,1,exact,1,1,B3DB_classification:2529,celucloral,OC1OC(COCCOC(O)C(Cl)(Cl)Cl)C(OC2OC(COCCOCCOC(O)C(Cl)(Cl)Cl)CC(OC(O)C(Cl)(Cl)Cl)C2O)C(OCCOCCOC(O)C(Cl)(Cl)Cl)C1O,B3DB_classification:2529,celucloral,OC1OC(COCCOC(O)C(Cl)(Cl)Cl)C(OC2OC(COCCOCCOC(O)C(Cl)(Cl)Cl)CC(OC(O)C(Cl)(Cl)Cl)C2O)C(OCCOCCOC(O)C(Cl)(Cl)Cl)C1O,,,
tdc_no_conflict_salt_removed,train,288,train:288,CN(C)[C@@H]1C(=O)/C(=C(/O)NCN2CCCC2)C(=O)[C@@]2(O)C(=O)C3=C(O)c4c(O)cccc4[C@@](C)(O)[C@H]3C[C@@H]12,1,True,,CN(C)[C@@H]1C(=O)/C(=C(/O)NCN2CCCC2)C(=O)[C@@]2(O)C(=O)C3=C(O)c4c(O)cccc4[C@@](C)(O)[C@H]3C[C@@H]12,CN(C)[C@@H]1C(=O)/C(=C(/O)NCN2CCCC2)C(=O)[C@@]2(O)C(=O)C3=C(O)c4c(O)cccc4[C@@](C)(O)[C@H]3C[C@@H]12,1,unmatched,,,,,,,,,,,
tdc_no_conflict_salt_removed,train,289,train:289,CC1(C)O[C@@H]2C[C@H]3[C@@H]4CCC5=CC(=O)CC[C@]5(C)[C@@]4(F)[C@@H](O)C[C@]3(C)[C@]2(C(=O)CCl)O1,1,True,,CC1(C)O[C@@H]2C[C@H]3[C@@H]4CCC5=CC(=O)CC[C@]5(C)[C@@]4(F)[C@@H](O)C[C@]3(C)[C@]2(C(=O)CCl)O1,CC1(C)O[C@@H]2C[C@H]3[C@@H]4CCC5=CC(=O)CC[C@]5(C)[C@@]4(F)[C@@H](O)C[C@]3(C)[C@]2(C(=O)CCl)O1,1,exact,1,1,B3DB_classification:1339,halcinonide,CC1(C)O[C@@H]2C[C@H]3[C@@H]4CCC5=CC(=O)CC[C@]5(C)[C@@]4(F)[C@@H](O)C[C@]3(C)[C@]2(C(=O)CCl)O1,B3DB_classification:1339,halcinonide,CC1(C)O[C@@H]2C[C@H]3[C@@H]4CCC5=CC(=O)CC[C@]5(C)[C@@]4(F)[C@@H](O)C[C@]3(C)[C@]2(C(=O)CCl)O1,,,
tdc_no_conflict_salt_removed,train,290,train:290,CC(=O)C12OC(C)(C)OC1CC1C3CCC4=CC(=O)CCC4(C)C3CCC12C,1,True,,CC(=O)C12OC(C)(C)OC1CC1C3CCC4=CC(=O)CCC4(C)C3CCC12C,CC(=O)C12OC(C)(C)OC1CC1C3CCC4=CC(=O)CCC4(C)C3CCC12C,1,exact,1,1,B3DB_classification:1133,algestone-acetonide,CC(=O)C12OC(C)(C)OC1CC1C3CCC4=CC(=O)CCC4(C)C3CCC12C,B3DB_classification:1133,algestone-acetonide,CC(=O)C12OC(C)(C)OC1CC1C3CCC4=CC(=O)CCC4(C)C3CCC12C,,,
tdc_no_conflict_salt_removed,train,291,train:291,CC1(C)O[C@@H]2C[C@H]3[C@@H]4C[C@H](F)C5=CC(=O)CC[C@]5(C)[C@H]4[C@@H](O)C[C@]3(C)[C@]2(C(=O)CO)O1,1,True,,CC1(C)O[C@@H]2C[C@H]3[C@@H]4C[C@H](F)C5=CC(=O)CC[C@]5(C)[C@H]4[C@@H](O)C[C@]3(C)[C@]2(C(=O)CO)O1,CC1(C)O[C@@H]2C[C@H]3[C@@H]4C[C@H](F)C5=CC(=O)CC[C@]5(C)[C@H]4[C@@H](O)C[C@]3(C)[C@]2(C(=O)CO)O1,1,exact,1,1,B3DB_classification:1341,flurandrenolide,CC1(C)O[C@@H]2C[C@H]3[C@@H]4C[C@H](F)C5=CC(=O)CC[C@]5(C)[C@H]4[C@@H](O)C[C@]3(C)[C@]2(C(=O)CO)O1,B3DB_classification:1341,flurandrenolide,CC1(C)O[C@@H]2C[C@H]3[C@@H]4C[C@H](F)C5=CC(=O)CC[C@]5(C)[C@H]4[C@@H](O)C[C@]3(C)[C@]2(C(=O)CO)O1,,,
tdc_no_conflict_salt_removed,train,292,train:292,CCC[C@@H]1O[C@@H]2C[C@H]3[C@@H]4C[C@H](F)C5=CC(=O)CC[C@]5(C)[C@@]4(F)[C@@H](O)C[C@]3(C)[C@]2(C(=O)CO)O1,1,True,,CCC[C@@H]1O[C@@H]2C[C@H]3[C@@H]4C[C@H](F)C5=CC(=O)CC[C@]5(C)[C@@]4(F)[C@@H](O)C[C@]3(C)[C@]2(C(=O)CO)O1,CCC[C@@H]1O[C@@H]2C[C@H]3[C@@H]4C[C@H](F)C5=CC(=O)CC[C@]5(C)[C@@]4(F)[C@@H](O)C[C@]3(C)[C@]2(C(=O)CO)O1,1,exact,1,1,B3DB_classification:1574,rofleponide,CCC[C@@H]1O[C@@H]2C[C@H]3[C@@H]4C[C@H](F)C5=CC(=O)CC[C@]5(C)[C@@]4(F)[C@@H](O)C[C@]3(C)[C@]2(C(=O)CO)O1,B3DB_classification:1574,rofleponide,CCC[C@@H]1O[C@@H]2C[C@H]3[C@@H]4C[C@H](F)C5=CC(=O)CC[C@]5(C)[C@@]4(F)[C@@H](O)C[C@]3(C)[C@]2(C(=O)CO)O1,,,
tdc_no_conflict_salt_removed,train,293,train:293,CN1C2CCC1CC(OC(=O)C(O)c1ccccc1)C2,0,True,,CN1C2CCC1CC(OC(=O)C(O)c1ccccc1)C2,CN1C2CCC1CC(OC(=O)C(O)c1ccccc1)C2,1,unmatched,,,,,,,,,,,
tdc_no_conflict_salt_removed,train,294,train:294,CN1C2CCC1CC(OC(=O)[C@H](CO)c1ccccc1)C2,1,True,,CN1C2CCC1CC(OC(=O)[C@H](CO)c1ccccc1)C2,CN1C2CCC1CC(OC(=O)[C@H](CO)c1ccccc1)C2,1,exact,1,1,B3DB_classification:1820,hyoscyamine,CN1C2CCC1CC(OC(=O)[C@H](CO)c1ccccc1)C2,B3DB_classification:1820,hyoscyamine,CN1C2CCC1CC(OC(=O)[C@H](CO)c1ccccc1)C2,,,
tdc_no_conflict_salt_removed,train,295,train:295,CN1C2CCC1CC(OC(=O)C(C)(CO)c1ccccc1)C2,1,True,,CN1C2CCC1CC(OC(=O)C(C)(CO)c1ccccc1)C2,CN1C2CCC1CC(OC(=O)C(C)(CO)c1ccccc1)C2,1,exact,1,1,B3DB_classification:1819,atromepine,CN1C2CCC1CC(OC(=O)C(C)(CO)c1ccccc1)C2,B3DB_classification:1819,atromepine,CN1C2CCC1CC(OC(=O)C(C)(CO)c1ccccc1)C2,,,
tdc_no_conflict_salt_removed,train,296,train:296,CN(C/C=C/c1ccccc1)CCOC(c1ccccc1)c1ccccc1,1,True,,CN(C/C=C/c1ccccc1)CCOC(c1ccccc1)c1ccccc1,CN(C/C=C/c1ccccc1)CCOC(c1ccccc1)c1ccccc1,1,exact,1,1,B3DB_classification:1792,cinfenine,CN(C/C=C/c1ccccc1)CCOC(c1ccccc1)c1ccccc1,B3DB_classification:1792,cinfenine,CN(C/C=C/c1ccccc1)CCOC(c1ccccc1)c1ccccc1,,,
tdc_no_conflict_salt_removed,train,297,train:297,Cc1ncc(CSSCc2cnc(C)c(O)c2CO)c(CO)c1O,1,True,,Cc1ncc(CSSCc2cnc(C)c(O)c2CO)c(CO)c1O,Cc1ncc(CSSCc2cnc(C)c(O)c2CO)c(CO)c1O,1,exact,1,1,B3DB_classification:2218,pyritinol,Cc1ncc(CSSCc2cnc(C)c(O)c2CO)c(CO)c1O,B3DB_classification:2218,pyritinol,Cc1ncc(CSSCc2cnc(C)c(O)c2CO)c(CO)c1O,,,
tdc_no_conflict_salt_removed,train,298,train:298,CC1COc2c(N3CCN(C)CC3)c(F)cc3c(=O)c(C(=O)O)cn1c23,1,True,,CC1COc2c(N3CCN(C)CC3)c(F)cc3c(=O)c(C(=O)O)cn1c23,CC1COc2c(N3CCN(C)CC3)c(F)cc3c(=O)c(C(=O)O)cn1c23,1,exact,1,1,B3DB_classification:194,ofloxacin,CC1COc2c(N3CCN(C)CC3)c(F)cc3c(=O)c(C(=O)O)cn1c23,B3DB_classification:194,ofloxacin,CC1COc2c(N3CCN(C)CC3)c(F)cc3c(=O)c(C(=O)O)cn1c23,,,
tdc_no_conflict_salt_removed,train,299,train:299,C[C@H]1COc2c(N3CCN(C)CC3)c(F)cc3c(=O)c(C(=O)O)cn1c23,1,True,,C[C@H]1COc2c(N3CCN(C)CC3)c(F)cc3c(=O)c(C(=O)O)cn1c23,C[C@H]1COc2c(N3CCN(C)CC3)c(F)cc3c(=O)c(C(=O)O)cn1c23,1,unmatched,,,,,,,,,,,
tdc_no_conflict_salt_removed,train,300,train:300,CN(C)CC(CN1c2ccccc2Sc2ccccc21)N(C)C,1,True,,CN(C)CC(CN1c2ccccc2Sc2ccccc21)N(C)C,CN(C)CC(CN1c2ccccc2Sc2ccccc21)N(C)C,1,exact,1,1,B3DB_classification:1733,aminopromazine,CN(C)CC(CN1c2ccccc2Sc2ccccc21)N(C)C,B3DB_classification:1733,aminopromazine,CN(C)CC(CN1c2ccccc2Sc2ccccc21)N(C)C,,,
tdc_no_conflict_salt_removed,train,301,train:301,CN(C)CCCN1c2ccccc2Sc2ccc(Cl)cc21,1,True,,CN(C)CCCN1c2ccccc2Sc2ccc(Cl)cc21,CN(C)CCCN1c2ccccc2Sc2ccc(Cl)cc21,1,exact,1,1,B3DB_classification:1008,50-53-3,CN(C)CCCN1c2ccccc2Sc2ccc(Cl)cc21,B3DB_classification:1008,50-53-3,CN(C)CCCN1c2ccccc2Sc2ccc(Cl)cc21,,,
tdc_no_conflict_salt_removed,train,302,train:302,CC(CN1c2ccccc2Sc2ccccc21)N(C)C,1,True,,CC(CN1c2ccccc2Sc2ccccc21)N(C)C,CC(CN1c2ccccc2Sc2ccccc21)N(C)C,1,exact,1,1,B3DB_classification:1036,promethazine,CC(CN1c2ccccc2Sc2ccccc21)N(C)C,B3DB_classification:1036,promethazine,CC(CN1c2ccccc2Sc2ccccc21)N(C)C,,,
tdc_no_conflict_salt_removed,train,303,train:303,CN(C)CCCN1c2ccccc2Sc2ccccc21,1,True,,CN(C)CCCN1c2ccccc2Sc2ccccc21,CN(C)CCCN1c2ccccc2Sc2ccccc21,1,exact,1,1,B3DB_classification:1030,promazine,CN(C)CCCN1c2ccccc2Sc2ccccc21,B3DB_classification:1030,promazine,CN(C)CCCN1c2ccccc2Sc2ccccc21,,,
tdc_no_conflict_salt_removed,train,304,train:304,COc1ccc2c(c1)N(CCCN(C)C)c1ccccc1S2,1,True,,COc1ccc2c(c1)N(CCCN(C)C)c1ccccc1S2,COc1ccc2c(c1)N(CCCN(C)C)c1ccccc1S2,1,exact,1,1,B3DB_classification:2062,methopromazine,COc1ccc2c(c1)N(CCCN(C)C)c1ccccc1S2,B3DB_classification:2062,methopromazine,COc1ccc2c(c1)N(CCCN(C)C)c1ccccc1S2,,,
tdc_no_conflict_salt_removed,train,305,train:305,COc1ccc2c(c1)N(C[C@H](C)CN(C)C)c1ccccc1S2,1,True,,COc1ccc2c(c1)N(C[C@H](C)CN(C)C)c1ccccc1S2,COc1ccc2c(c1)N(C[C@H](C)CN(C)C)c1ccccc1S2,1,exact,1,1,B3DB_classification:2063,methotrimeprazine,COc1ccc2c(c1)N(C[C@H](C)CN(C)C)c1ccccc1S2,B3DB_classification:2063,methotrimeprazine,COc1ccc2c(c1)N(C[C@H](C)CN(C)C)c1ccccc1S2,,,
tdc_no_conflict_salt_removed,train,306,train:306,CNCCCN1c2ccccc2Sc2ccc(Cl)cc21,1,True,,CNCCCN1c2ccccc2Sc2ccc(Cl)cc21,CNCCCN1c2ccccc2Sc2ccc(Cl)cc21,1,exact,1,1,B3DB_classification:1046,1225-64-5,CNCCCN1c2ccccc2Sc2ccc(Cl)cc21,B3DB_classification:1046,1225-64-5,CNCCCN1c2ccccc2Sc2ccc(Cl)cc21,,,
tdc_no_conflict_salt_removed,train,307,train:307,CNCCCN1c2ccccc2Sc2ccccc21,1,True,,CNCCCN1c2ccccc2Sc2ccccc21,CNCCCN1c2ccccc2Sc2ccccc21,1,exact,1,1,B3DB_classification:862,desmonomethylpromazine,CNCCCN1c2ccccc2Sc2ccccc21,B3DB_classification:862,desmonomethylpromazine,CNCCCN1c2ccccc2Sc2ccccc21,,,
tdc_no_conflict_salt_removed,train,308,train:308,NCCCN1c2ccccc2Sc2ccc(Cl)cc21,1,True,,NCCCN1c2ccccc2Sc2ccc(Cl)cc21,NCCCN1c2ccccc2Sc2ccc(Cl)cc21,1,exact,1,1,B3DB_classification:981,2095-17-2,NCCCN1c2ccccc2Sc2ccc(Cl)cc21,B3DB_classification:981,2095-17-2,NCCCN1c2ccccc2Sc2ccc(Cl)cc21,,,
tdc_no_conflict_salt_removed,train,309,train:309,CCC(=O)c1ccc2c(c1)N(CC(C)N(C)C)c1ccccc1S2,1,True,,CCC(=O)c1ccc2c(c1)N(CC(C)N(C)C)c1ccccc1S2,CCC(=O)c1ccc2c(c1)N(CC(C)N(C)C)c1ccccc1S2,1,exact,1,1,B3DB_classification:1442,propiomazine,CCC(=O)c1ccc2c(c1)N(CC(C)N(C)C)c1ccccc1S2,B3DB_classification:1442,propiomazine,CCC(=O)c1ccc2c(c1)N(CC(C)N(C)C)c1ccccc1S2,,,
tdc_no_conflict_salt_removed,train,310,train:310,CC(=O)c1ccc2c(c1)N(CCCN(C)C)c1ccccc1S2,1,True,,CC(=O)c1ccc2c(c1)N(CCCN(C)C)c1ccccc1S2,CC(=O)c1ccc2c(c1)N(CCCN(C)C)c1ccccc1S2,1,exact,1,1,B3DB_classification:1217,acepromazine,CC(=O)c1ccc2c(c1)N(CCCN(C)C)c1ccccc1S2,B3DB_classification:1217,acepromazine,CC(=O)c1ccc2c(c1)N(CCCN(C)C)c1ccccc1S2,,,
tdc_no_conflict_salt_removed,train,311,train:311,CCN(CC)C(C)CN1c2ccccc2Sc2ccccc21,1,True,,CCN(CC)C(C)CN1c2ccccc2Sc2ccccc21,CCN(CC)C(C)CN1c2ccccc2Sc2ccccc21,1,exact,1,1,B3DB_classification:1589,isothamine(profenamine),CCN(CC)C(C)CN1c2ccccc2Sc2ccccc21,B3DB_classification:1589,isothamine(profenamine),CCN(CC)C(C)CN1c2ccccc2Sc2ccccc21,,,
tdc_no_conflict_salt_removed,train,312,train:312,CCN(CC)CCC(=O)N1c2ccccc2Sc2ccc(C(F)(F)F)cc21,1,True,,CCN(CC)CCC(=O)N1c2ccccc2Sc2ccc(C(F)(F)F)cc21,CCN(CC)CCC(=O)N1c2ccccc2Sc2ccc(C(F)(F)F)cc21,1,exact,1,1,B3DB_classification:1594,fluacizine,CCN(CC)CCC(=O)N1c2ccccc2Sc2ccc(C(F)(F)F)cc21,B3DB_classification:1594,fluacizine,CCN(CC)CCC(=O)N1c2ccccc2Sc2ccc(C(F)(F)F)cc21,,,
tdc_no_conflict_salt_removed,train,313,train:313,CC(CN(C)C)CN1c2ccccc2Sc2ccc(C#N)cc21,1,True,,CC(CN(C)C)CN1c2ccccc2Sc2ccc(C#N)cc21,CC(CN(C)C)CN1c2ccccc2Sc2ccc(C#N)cc21,1,exact,1,1,B3DB_classification:1290,cyamemazine,CC(CN(C)C)CN1c2ccccc2Sc2ccc(C#N)cc21,B3DB_classification:1290,cyamemazine,CC(CN(C)C)CN1c2ccccc2Sc2ccc(C#N)cc21,,,
tdc_no_conflict_salt_removed,train,314,train:314,CC(CN(C)C)CN1c2ccccc2Sc2ccc(C(F)(F)F)cc21,1,True,,CC(CN(C)C)CN1c2ccccc2Sc2ccc(C(F)(F)F)cc21,CC(CN(C)C)CN1c2ccccc2Sc2ccc(C(F)(F)F)cc21,1,exact,1,1,B3DB_classification:1291,trifluomeprazine,CC(CN(C)C)CN1c2ccccc2Sc2ccc(C(F)(F)F)cc21,B3DB_classification:1291,trifluomeprazine,CC(CN(C)C)CN1c2ccccc2Sc2ccc(C(F)(F)F)cc21,,,
tdc_no_conflict_salt_removed,train,315,train:315,CSc1ccc2c(c1)N(CC(C)CN(C)C)c1ccccc1S2,1,True,,CSc1ccc2c(c1)N(CC(C)CN(C)C)c1ccccc1S2,CSc1ccc2c(c1)N(CC(C)CN(C)C)c1ccccc1S2,1,exact,1,1,B3DB_classification:2096,methiomeprazine(levometiomeprazine),CSc1ccc2c(c1)N(CC(C)CN(C)C)c1ccccc1S2,B3DB_classification:2096,methiomeprazine(levometiomeprazine),CSc1ccc2c(c1)N(CC(C)CN(C)C)c1ccccc1S2,,,
tdc_no_conflict_salt_removed,train,316,train:316,CN(C)CC(=O)N1c2ccccc2Sc2ccccc21,1,True,,CN(C)CC(=O)N1c2ccccc2Sc2ccccc21,CN(C)CC(=O)N1c2ccccc2Sc2ccccc21,1,exact,1,1,B3DB_classification:1732,dacemazine,CN(C)CC(=O)N1c2ccccc2Sc2ccccc21,B3DB_classification:1732,dacemazine,CN(C)CC(=O)N1c2ccccc2Sc2ccccc21,,,
tdc_no_conflict_salt_removed,train,317,train:317,CCc1ccc2c(c1)N(CC(C)CN(C)C)c1ccccc1S2,1,True,,CCc1ccc2c(c1)N(CC(C)CN(C)C)c1ccccc1S2,CCc1ccc2c(c1)N(CC(C)CN(C)C)c1ccccc1S2,1,exact,1,1,B3DB_classification:1701,etymemazine,CCc1ccc2c(c1)N(CC(C)CN(C)C)c1ccccc1S2,B3DB_classification:1701,etymemazine,CCc1ccc2c(c1)N(CC(C)CN(C)C)c1ccccc1S2,,,
tdc_no_conflict_salt_removed,train,318,train:318,CN(C)CCCN1c2ccccc2Sc2ccc(C(F)(F)F)cc21,1,True,,CN(C)CCCN1c2ccccc2Sc2ccc(C(F)(F)F)cc21,CN(C)CCCN1c2ccccc2Sc2ccc(C(F)(F)F)cc21,1,exact,1,1,B3DB_classification:1050,trifluopromazine,CN(C)CCCN1c2ccccc2Sc2ccc(C(F)(F)F)cc21,B3DB_classification:1050,trifluopromazine,CN(C)CCCN1c2ccccc2Sc2ccc(C(F)(F)F)cc21,,,
tdc_no_conflict_salt_removed,train,319,train:319,CCN(CC)CCN1c2ccccc2Sc2ccccc21,1,True,,CCN(CC)CCN1c2ccccc2Sc2ccccc21,CCN(CC)CCN1c2ccccc2Sc2ccccc21,1,exact,1,1,B3DB_classification:1596,diethazine,CCN(CC)CCN1c2ccccc2Sc2ccccc21,B3DB_classification:1596,diethazine,CCN(CC)CCN1c2ccccc2Sc2ccccc21,,,
tdc_no_conflict_salt_removed,train,320,train:320,CC(=O)c1ccc2c(c1)N(CC(C)N(C)C)c1ccccc1S2,1,True,,CC(=O)c1ccc2c(c1)N(CC(C)N(C)C)c1ccccc1S2,CC(=O)c1ccc2c(c1)N(CC(C)N(C)C)c1ccccc1S2,1,exact,1,1,B3DB_classification:1216,aceprometazine,CC(=O)c1ccc2c(c1)N(CC(C)N(C)C)c1ccccc1S2,B3DB_classification:1216,aceprometazine,CC(=O)c1ccc2c(c1)N(CC(C)N(C)C)c1ccccc1S2,,,
tdc_no_conflict_salt_removed,train,321,train:321,CC(CN(C)C)CN1c2ccccc2Sc2ccccc21,1,True,,CC(CN(C)C)CN1c2ccccc2Sc2ccccc21,CC(CN(C)C)CN1c2ccccc2Sc2ccccc21,1,exact,1,1,B3DB_classification:1292,alimemazine,CC(CN(C)C)CN1c2ccccc2Sc2ccccc21,B3DB_classification:1292,alimemazine,CC(CN(C)C)CN1c2ccccc2Sc2ccccc21,,,
tdc_no_conflict_salt_removed,train,322,train:322,CC(C)N=c1cc2n(-c3ccc(Cl)cc3)c3ccccc3nc-2cc1Nc1ccc(Cl)cc1,0,True,,CC(C)N=c1cc2n(-c3ccc(Cl)cc3)c3ccccc3nc-2cc1Nc1ccc(Cl)cc1,CC(C)N=c1cc2n(-c3ccc(Cl)cc3)c3ccccc3nc-2cc1Nc1ccc(Cl)cc1,1,exact,0,0,B3DB_classification:1263,clofazimine,CC(C)N=c1cc2n(-c3ccc(Cl)cc3)c3ccccc3nc-2cc1Nc1ccc(Cl)cc1,B3DB_classification:1263,clofazimine,CC(C)N=c1cc2n(-c3ccc(Cl)cc3)c3ccccc3nc-2cc1Nc1ccc(Cl)cc1,,,
tdc_no_conflict_salt_removed,train,323,train:323,Fc1cccc(Br)c1NC1=NCCN1,1,True,,Fc1cccc(Br)c1NC1=NCCN1,Fc1cccc(Br)c1NC1=NCCN1,1,exact,1,1,B3DB_classification:2269,romifidine,Fc1cccc(Br)c1NC1=NCCN1,B3DB_classification:2269,romifidine,Fc1cccc(Br)c1NC1=NCCN1,,,
tdc_no_conflict_salt_removed,train,324,train:324,Clc1cccc(Cl)c1NC1=NCCN1,1,True,,Clc1cccc(Cl)c1NC1=NCCN1,Clc1cccc(Cl)c1NC1=NCCN1,1,exact,1,1,B3DB_classification:619,2pnc,Clc1cccc(Cl)c1NC1=NCCN1,B3DB_classification:619,2pnc,Clc1cccc(Cl)c1NC1=NCCN1,,,
tdc_no_conflict_salt_removed,train,325,train:325,CN1CCC2=C(C1)c1ccccc1Cc1ccccc12,1,True,,CN1CCC2=C(C1)c1ccccc1Cc1ccccc12,CN1CCC2=C(C1)c1ccccc1Cc1ccccc12,1,exact,1,1,B3DB_classification:1834,setiptiline,CN1CCC2=C(C1)c1ccccc1Cc1ccccc12,B3DB_classification:1834,setiptiline,CN1CCC2=C(C1)c1ccccc1Cc1ccccc12,,,
tdc_no_conflict_salt_removed,train,326,train:326,CO/N=C(\C(=O)N[C@@H]1C(=O)N2C(C(=O)O)=C(CSC(=O)c3ccco3)CS[C@H]12)c1csc(N)n1,0,True,,CO/N=C(\C(=O)N[C@@H]1C(=O)N2C(C(=O)O)=C(CSC(=O)c3ccco3)CS[C@H]12)c1csc(N)n1,CO/N=C(\C(=O)N[C@@H]1C(=O)N2C(C(=O)O)=C(CSC(=O)c3ccco3)CS[C@H]12)c1csc(N)n1,1,unmatched,,,,,,,,,,,
tdc_no_conflict_salt_removed,train,327,train:327,CC(C)CCOC(CN1CCCC1)c1ccccc1,1,True,,CC(C)CCOC(CN1CCCC1)c1ccccc1,CC(C)CCOC(CN1CCCC1)c1ccccc1,1,exact,1,1,B3DB_classification:1257,amixetrine,CC(C)CCOC(CN1CCCC1)c1ccccc1,B3DB_classification:1257,amixetrine,CC(C)CCOC(CN1CCCC1)c1ccccc1,,,
tdc_no_conflict_salt_removed,train,328,train:328,CCCC(Cc1ccccc1)N1CCCC1,1,True,,CCCC(Cc1ccccc1)N1CCCC1,CCCC(Cc1ccccc1)N1CCCC1,1,exact,1,1,B3DB_classification:1505,prolintane,CCCC(Cc1ccccc1)N1CCCC1,B3DB_classification:1505,prolintane,CCCC(Cc1ccccc1)N1CCCC1,,,
tdc_no_conflict_salt_removed,train,329,train:329,CCCCCC1CNC(C(=O)NC(C(C)Cl)C2OC(SC)C(O)C(O)C2O)C1,0,True,,CCCCCC1CNC(C(=O)NC(C(C)Cl)C2OC(SC)C(O)C(O)C2O)C1,CCCCCC1CNC(C(=O)NC(C(C)Cl)C2OC(SC)C(O)C(O)C2O)C1,1,exact,0,0,B3DB_classification:1520,mirincamycin,CCCCCC1CNC(C(=O)NC(C(C)Cl)C2OC(SC)C(O)C(O)C2O)C1,B3DB_classification:1520,mirincamycin,CCCCCC1CNC(C(=O)NC(C(C)Cl)C2OC(SC)C(O)C(O)C2O)C1,,,
tdc_no_conflict_salt_removed,train,330,train:330,CCCC1CC(C(=O)NC(C(C)O)C2OC(SC)C(O)C(O)C2O)N(C)C1,0,True,,CCCC1CC(C(=O)NC(C(C)O)C2OC(SC)C(O)C(O)C2O)N(C)C1,CCCC1CC(C(=O)NC(C(C)O)C2OC(SC)C(O)C(O)C2O)N(C)C1,1,exact,0,0,B3DB_classification:1508,lincomycine,CCCC1CC(C(=O)NC(C(C)O)C2OC(SC)C(O)C(O)C2O)N(C)C1,B3DB_classification:1508,lincomycine,CCCC1CC(C(=O)NC(C(C)O)C2OC(SC)C(O)C(O)C2O)N(C)C1,,,
tdc_no_conflict_salt_removed,train,331,train:331,CCC[C@@H]1C[C@@H](C(=O)NC(C(C)Cl)[C@H]2O[C@H](SC)[C@H](O)[C@@H](O)[C@H]2O)N(C)C1,0,True,,CCC[C@@H]1C[C@@H](C(=O)NC(C(C)Cl)[C@H]2O[C@H](SC)[C@H](O)[C@@H](O)[C@H]2O)N(C)C1,CCC[C@@H]1C[C@@H](C(=O)NC(C(C)Cl)[C@H]2O[C@H](SC)[C@H](O)[C@@H](O)[C@H]2O)N(C)C1,1,exact,0,0,B3DB_classification:1571,clindamycin,CCC[C@@H]1C[C@@H](C(=O)NC(C(C)Cl)[C@H]2O[C@H](SC)[C@H](O)[C@@H](O)[C@H]2O)N(C)C1,B3DB_classification:1571,clindamycin,CCC[C@@H]1C[C@@H](C(=O)NC(C(C)Cl)[C@H]2O[C@H](SC)[C@H](O)[C@@H](O)[C@H]2O)N(C)C1,,,
tdc_no_conflict_salt_removed,train,332,train:332,CCC[C@@H]1C[C@@H](C(=O)NC(C(C)Cl)[C@H]2O[C@H](SC)[C@H](OP(=O)(O)O)[C@@H](O)[C@H]2O)N(C)C1,0,True,,CCC[C@@H]1C[C@@H](C(=O)NC(C(C)Cl)[C@H]2O[C@H](SC)[C@H](OP(=O)(O)O)[C@@H](O)[C@H]2O)N(C)C1,CCC[C@@H]1C[C@@H](C(=O)NC(C(C)Cl)[C@H]2O[C@H](SC)[C@H](OP(=O)(O)O)[C@@H](O)[C@H]2O)N(C)C1,1,exact,0,0,B3DB_classification:1572,clindamycin-phosphate,CCC[C@@H]1C[C@@H](C(=O)NC(C(C)Cl)[C@H]2O[C@H](SC)[C@H](OP(=O)(O)O)[C@@H](O)[C@H]2O)N(C)C1,B3DB_classification:1572,clindamycin-phosphate,CCC[C@@H]1C[C@@H](C(=O)NC(C(C)Cl)[C@H]2O[C@H](SC)[C@H](OP(=O)(O)O)[C@@H](O)[C@H]2O)N(C)C1,,,
tdc_no_conflict_salt_removed,train,333,train:333,CN1CCN(/C=C2\N=C3CN=C(c4ccccc4Cl)c4cc([N+](=O)[O-])ccc4N3C2=O)CC1,1,True,,CN1CCN(/C=C2\N=C3CN=C(c4ccccc4Cl)c4cc([N+](=O)[O-])ccc4N3C2=O)CC1,CN1CCN(/C=C2\N=C3CN=C(c4ccccc4Cl)c4cc([N+](=O)[O-])ccc4N3C2=O)CC1,1,exact,1,1,B3DB_classification:1841,loprazolam,CN1CCN(/C=C2\N=C3CN=C(c4ccccc4Cl)c4cc([N+](=O)[O-])ccc4N3C2=O)CC1,B3DB_classification:1841,loprazolam,CN1CCN(/C=C2\N=C3CN=C(c4ccccc4Cl)c4cc([N+](=O)[O-])ccc4N3C2=O)CC1,,,
tdc_no_conflict_salt_removed,train,334,train:334,CC1(C)S[C@@H]2[C@H](NC(=O)[C@H](N)c3ccc(O)cc3)C(=O)N2[C@H]1C(=O)O,0,True,,CC1(C)S[C@@H]2[C@H](NC(=O)[C@H](N)c3ccc(O)cc3)C(=O)N2[C@H]1C(=O)O,CC1(C)S[C@@H]2[C@H](NC(=O)[C@H](N)c3ccc(O)cc3)C(=O)N2[C@H]1C(=O)O,1,exact,0,0,B3DB_classification:1360,amoxicillin,CC1(C)S[C@@H]2[C@H](NC(=O)[C@H](N)c3ccc(O)cc3)C(=O)N2[C@H]1C(=O)O,B3DB_classification:1360,amoxicillin,CC1(C)S[C@@H]2[C@H](NC(=O)[C@H](N)c3ccc(O)cc3)C(=O)N2[C@H]1C(=O)O,,,
tdc_no_conflict_salt_removed,train,335,train:335,CC1(C)S[C@@H]2[C@H](NC(=O)[C@H](N)c3ccccc3)C(=O)N2[C@H]1C(=O)O,0,True,,CC1(C)S[C@@H]2[C@H](NC(=O)[C@H](N)c3ccccc3)C(=O)N2[C@H]1C(=O)O,CC1(C)S[C@@H]2[C@H](NC(=O)[C@H](N)c3ccccc3)C(=O)N2[C@H]1C(=O)O,1,exact,0,0,B3DB_classification:1361,ampicillin,CC1(C)S[C@@H]2[C@H](NC(=O)[C@H](N)c3ccccc3)C(=O)N2[C@H]1C(=O)O,B3DB_classification:1361|B3DB_classification:1362,ampicillin ; sultamicillin,CC1(C)S[C@@H]2[C@H](NC(=O)[C@H](N)c3ccccc3)C(=O)N2[C@H]1C(=O)O ; CC1(C)S[C@@H]2[C@H](NC(=O)[C@H](N)c3ccccc3)C(=O)N2[C@H]1C(=O)O.CC1(C)[C@H](C(=O)O)N2C(=O)C[C@H]2S1(=O)=O,train:335|test:171,train:335|test:171,tdc_exact_duplicate_same_label|tdc_salt_removed_duplicate_same_label
tdc_no_conflict_salt_removed,train,336,train:336,CC(=O)OCOC(=O)C1N2C(=O)C(NC(=O)Cc3ccccc3)C2SC1(C)C,0,True,,CC(=O)OCOC(=O)C1N2C(=O)C(NC(=O)Cc3ccccc3)C2SC1(C)C,CC(=O)OCOC(=O)C1N2C(=O)C(NC(=O)Cc3ccccc3)C2SC1(C)C,1,exact,0,0,B3DB_classification:1196,schembl33896,CC(=O)OCOC(=O)C1N2C(=O)C(NC(=O)Cc3ccccc3)C2SC1(C)C,B3DB_classification:1196,schembl33896,CC(=O)OCOC(=O)C1N2C(=O)C(NC(=O)Cc3ccccc3)C2SC1(C)C,,,
tdc_no_conflict_salt_removed,train,337,train:337,CC1(C)SC2C(NC(=O)Cc3ccccc3)C(=O)N2C1C(=O)O,0,True,,CC1(C)SC2C(NC(=O)Cc3ccccc3)C(=O)N2C1C(=O)O,CC1(C)SC2C(NC(=O)Cc3ccccc3)C(=O)N2C1C(=O)O,1,exact,0,0,B3DB_classification:1344,penicillin,CC1(C)SC2C(NC(=O)Cc3ccccc3)C(=O)N2C1C(=O)O,B3DB_classification:1344,penicillin,CC1(C)SC2C(NC(=O)Cc3ccccc3)C(=O)N2C1C(=O)O,,,
tdc_no_conflict_salt_removed,train,338,train:338,CC1(C)S[C@@H]2[C@H](NC(=O)C(c3ccccc3)S(=O)(=O)O)C(=O)N2[C@H]1C(=O)O,0,True,,CC1(C)S[C@@H]2[C@H](NC(=O)C(c3ccccc3)S(=O)(=O)O)C(=O)N2[C@H]1C(=O)O,CC1(C)S[C@@H]2[C@H](NC(=O)C(c3ccccc3)S(=O)(=O)O)C(=O)N2[C@H]1C(=O)O,1,exact,0,0,B3DB_classification:1352,sulbenicillin,CC1(C)S[C@@H]2[C@H](NC(=O)C(c3ccccc3)S(=O)(=O)O)C(=O)N2[C@H]1C(=O)O,B3DB_classification:1352,sulbenicillin,CC1(C)S[C@@H]2[C@H](NC(=O)C(c3ccccc3)S(=O)(=O)O)C(=O)N2[C@H]1C(=O)O,,,
tdc_no_conflict_salt_removed,train,339,train:339,CC1(C)S[C@@H]2[C@H](NC(=O)[C@H](NS(=O)(=O)[O-])c3ccccc3)C(=O)N2[C@H]1C(=O)[O-],0,True,,CC1(C)S[C@@H]2[C@H](NC(=O)[C@H](NS(=O)(=O)[O-])c3ccccc3)C(=O)N2[C@H]1C(=O)[O-],CC1(C)S[C@@H]2[C@H](NC(=O)[C@H](NS(=O)(=O)[O-])c3ccccc3)C(=O)N2[C@H]1C(=O)[O-],1,unmatched,,,,,,,,,,,
tdc_no_conflict_salt_removed,train,340,train:340,C=NC(C(=O)NC1C(=O)N2C1SC(C)(C)C2C(=O)O)c1ccccc1,0,True,,C=NC(C(=O)NC1C(=O)N2C1SC(C)(C)C2C(=O)O)c1ccccc1,C=NC(C(=O)NC1C(=O)N2C1SC(C)(C)C2C(=O)O)c1ccccc1,1,exact,0,0,B3DB_classification:1130,6489-97-0,C=NC(C(=O)NC1C(=O)N2C1SC(C)(C)C2C(=O)O)c1ccccc1,B3DB_classification:1130,6489-97-0,C=NC(C(=O)NC1C(=O)N2C1SC(C)(C)C2C(=O)O)c1ccccc1,,,
tdc_no_conflict_salt_removed,train,341,train:341,CNC(=O)C[C@@H](N)C(=O)N[C@@H](C(=O)N[C@@H]1C(=O)N2[C@@H]1SC(C)(C)[C@@H]2C(=O)O)c1ccc(O)cc1,0,True,,CNC(=O)C[C@@H](N)C(=O)N[C@@H](C(=O)N[C@@H]1C(=O)N2[C@@H]1SC(C)(C)[C@@H]2C(=O)O)c1ccc(O)cc1,CNC(=O)C[C@@H](N)C(=O)N[C@@H](C(=O)N[C@@H]1C(=O)N2[C@@H]1SC(C)(C)[C@@H]2C(=O)O)c1ccc(O)cc1,1,exact,0,0,B3DB_classification:1897,aspoxicillin,CNC(=O)C[C@@H](N)C(=O)N[C@@H](C(=O)N[C@@H]1C(=O)N2[C@@H](C(=O)O)C(C)(C)S[C@H]12)c1ccc(O)cc1,B3DB_classification:1897,aspoxicillin,CNC(=O)C[C@@H](N)C(=O)N[C@@H](C(=O)N[C@@H]1C(=O)N2[C@@H](C(=O)O)C(C)(C)S[C@H]12)c1ccc(O)cc1,,,
tdc_no_conflict_salt_removed,train,342,train:342,CC(C)(C)C(=O)OCOC(=O)[C@@H]1N2C(=O)[C@@H](NC(=O)[C@H](N)c3ccccc3)[C@H]2SC1(C)C,0,True,,CC(C)(C)C(=O)OCOC(=O)[C@@H]1N2C(=O)[C@@H](NC(=O)[C@H](N)c3ccccc3)[C@H]2SC1(C)C,CC(C)(C)C(=O)OCOC(=O)[C@@H]1N2C(=O)[C@@H](NC(=O)[C@H](N)c3ccccc3)[C@H]2SC1(C)C,1,exact,0,0,B3DB_classification:1225,pivampicillin,CC(C)(C)C(=O)OCOC(=O)[C@@H]1N2C(=O)[C@@H](NC(=O)[C@H](N)c3ccccc3)[C@H]2SC1(C)C,B3DB_classification:1225,pivampicillin,CC(C)(C)C(=O)OCOC(=O)[C@@H]1N2C(=O)[C@@H](NC(=O)[C@H](N)c3ccccc3)[C@H]2SC1(C)C,,,
tdc_no_conflict_salt_removed,train,343,train:343,COC(C(=O)N[C@@H]1C(=O)N2[C@@H]1SC(C)(C)[C@@H]2C(=O)O)c1ccc(Cl)c(Cl)c1,0,True,,COC(C(=O)N[C@@H]1C(=O)N2[C@@H]1SC(C)(C)[C@@H]2C(=O)O)c1ccc(Cl)c(Cl)c1,COC(C(=O)N[C@@H]1C(=O)N2[C@@H]1SC(C)(C)[C@@H]2C(=O)O)c1ccc(Cl)c(Cl)c1,1,exact,0,0,B3DB_classification:1972,clometocillin,COC(C(=O)N[C@@H]1C(=O)N2[C@@H](C(=O)O)C(C)(C)S[C@H]12)c1ccc(Cl)c(Cl)c1,B3DB_classification:1972,clometocillin,COC(C(=O)N[C@@H]1C(=O)N2[C@@H](C(=O)O)C(C)(C)S[C@H]12)c1ccc(Cl)c(Cl)c1,,,
tdc_no_conflict_salt_removed,train,344,train:344,CC1(C)S[C@@H]2[C@H](NC(=O)Cc3ccccc3)C(=O)N2[C@H]1C(=O)O,0,True,,CC1(C)S[C@@H]2[C@H](NC(=O)Cc3ccccc3)C(=O)N2[C@H]1C(=O)O,CC1(C)S[C@@H]2[C@H](NC(=O)Cc3ccccc3)C(=O)N2[C@H]1C(=O)O,1,exact,0,0,B3DB_classification:1357,benzylpenicillin,CC1(C)S[C@@H]2[C@H](NC(=O)Cc3ccccc3)C(=O)N2[C@H]1C(=O)O,B3DB_classification:1357,benzylpenicillin,CC1(C)S[C@@H]2[C@H](NC(=O)Cc3ccccc3)C(=O)N2[C@H]1C(=O)O,,,
tdc_no_conflict_salt_removed,train,345,train:345,CC1(C)S[C@@H]2[C@H](NC(=O)C(C(=O)O)c3ccccc3)C(=O)N2[C@H]1C(=O)O,0,True,,CC1(C)S[C@@H]2[C@H](NC(=O)C(C(=O)O)c3ccccc3)C(=O)N2[C@H]1C(=O)O,CC1(C)S[C@@H]2[C@H](NC(=O)C(C(=O)O)c3ccccc3)C(=O)N2[C@H]1C(=O)O,1,unmatched,,,,,,,,,,,
tdc_no_conflict_salt_removed,train,346,train:346,CCC1(c2ccccc2)C(=O)NC(=O)N(C(=O)c2ccccc2)C1=O,1,True,,CCC1(c2ccccc2)C(=O)NC(=O)N(C(=O)c2ccccc2)C1=O,CCC1(c2ccccc2)C(=O)NC(=O)N(C(=O)c2ccccc2)C1=O,1,exact,1,1,B3DB_classification:1478,benzobarbital,CCC1(c2ccccc2)C(=O)NC(=O)N(C(=O)c2ccccc2)C1=O,B3DB_classification:1478,benzobarbital,CCC1(c2ccccc2)C(=O)NC(=O)N(C(=O)c2ccccc2)C1=O,,,
tdc_no_conflict_salt_removed,train,347,train:347,CC[C@H]1OC(=O)[C@H](C)[C@@H](O[C@H]2C[C@@](C)(OC)[C@@H](O)[C@H](C)O2)[C@H](C)[C@@H](O[C@@H]2O[C@H](C)C[C@H](N(C)C)[C@H]2O)[C@](C)(O)C[C@@H](C)[C@@H]2N[C@@H](COCCOC)O[C@H]([C@H]2C)[C@]1(C)O,0,True,,CC[C@H]1OC(=O)[C@H](C)[C@@H](O[C@H]2C[C@@](C)(OC)[C@@H](O)[C@H](C)O2)[C@H](C)[C@@H](O[C@@H]2O[C@H](C)C[C@H](N(C)C)[C@H]2O)[C@](C)(O)C[C@@H](C)[C@@H]2N[C@@H](COCCOC)O[C@H]([C@H]2C)[C@]1(C)O,CC[C@H]1OC(=O)[C@H](C)[C@@H](O[C@H]2C[C@@](C)(OC)[C@@H](O)[C@H](C)O2)[C@H](C)[C@@H](O[C@@H]2O[C@H](C)C[C@H](N(C)C)[C@H]2O)[C@](C)(O)C[C@@H](C)[C@@H]2N[C@@H](COCCOC)O[C@H]([C@H]2C)[C@]1(C)O,1,exact,0,0,B3DB_classification:1685,dirithromycin,CC[C@H]1OC(=O)[C@H](C)[C@@H](O[C@H]2C[C@@](C)(OC)[C@@H](O)[C@H](C)O2)[C@H](C)[C@@H](O[C@@H]2O[C@H](C)C[C@H](N(C)C)[C@H]2O)[C@](C)(O)C[C@@H](C)[C@@H]2N[C@@H](COCCOC)O[C@H]([C@H]2C)[C@]1(C)O,B3DB_classification:1685,dirithromycin,CC[C@H]1OC(=O)[C@H](C)[C@@H](O[C@H]2C[C@@](C)(OC)[C@@H](O)[C@H](C)O2)[C@H](C)[C@@H](O[C@@H]2O[C@H](C)C[C@H](N(C)C)[C@H]2O)[C@](C)(O)C[C@@H](C)[C@@H]2N[C@@H](COCCOC)O[C@H]([C@H]2C)[C@]1(C)O,,,
tdc_no_conflict_salt_removed,train,348,train:348,O=C1C(=O)c2ccccc2C(O)=C1C1CCC(c2ccc(Cl)cc2)CC1,0,True,,O=C1C(=O)c2ccccc2C(O)=C1C1CCC(c2ccc(Cl)cc2)CC1,O=C1C(=O)c2ccccc2C(O)=C1C1CCC(c2ccc(Cl)cc2)CC1,1,unmatched,,,,,,,,,,,
tdc_no_conflict_salt_removed,train,349,train:349,COc1ccccc1N1CCN(CCCC(O)c2ccc(F)cc2)CC1,1,True,,COc1ccccc1N1CCN(CCCC(O)c2ccc(F)cc2)CC1,COc1ccccc1N1CCN(CCCC(O)c2ccc(F)cc2)CC1,1,exact,1,1,B3DB_classification:2081,anisopirol,COc1ccccc1N1CCN(CCCC(O)c2ccc(F)cc2)CC1,B3DB_classification:2081,anisopirol,COc1ccccc1N1CCN(CCCC(O)c2ccc(F)cc2)CC1,,,
tdc_no_conflict_salt_removed,train,350,train:350,CN(C)c1cc(-c2n[nH]c(N)n2)ccn1,0,True,,CN(C)c1cc(-c2n[nH]c(N)n2)ccn1,CN(C)c1cc(-c2n[nH]c(N)n2)ccn1,1,exact,0,0,B3DB_classification:105,y-g12 (bbcpd10),CN(C)c1cc(-c2n[nH]c(N)n2)ccn1,B3DB_classification:105,y-g12 (bbcpd10),CN(C)c1cc(-c2n[nH]c(N)n2)ccn1,,,
tdc_no_conflict_salt_removed,train,351,train:351,CN[C@@H]1[C@H](O[C@H]2[C@H](O[C@H]3[C@H](O)[C@@H](O)[C@H](N=C(N)N)[C@@H](O)[C@@H]3N=C(N)N)O[C@@H](C)[C@]2(O)C=O)O[C@@H](CO)[C@H](O)[C@H]1O,0,True,,CN[C@@H]1[C@H](O[C@H]2[C@H](O[C@H]3[C@H](O)[C@@H](O)[C@H](N=C(N)N)[C@@H](O)[C@@H]3N=C(N)N)O[C@@H](C)[C@]2(O)C=O)O[C@@H](CO)[C@H](O)[C@H]1O,CN[C@@H]1[C@H](O[C@H]2[C@H](O[C@H]3[C@H](O)[C@@H](O)[C@H](N=C(N)N)[C@@H](O)[C@@H]3N=C(N)N)O[C@@H](C)[C@]2(O)C=O)O[C@@H](CO)[C@H](O)[C@H]1O,1,exact,0,0,B3DB_classification:1938,streptomycin,CN[C@@H]1[C@H](O[C@H]2[C@H](O[C@@H]3[C@@H](N=C(N)N)[C@H](O)[C@@H](N=C(N)N)[C@H](O)[C@H]3O)O[C@@H](C)[C@]2(O)C=O)O[C@@H](CO)[C@H](O)[C@H]1O,B3DB_classification:1938,streptomycin,CN[C@@H]1[C@H](O[C@H]2[C@H](O[C@@H]3[C@@H](N=C(N)N)[C@H](O)[C@@H](N=C(N)N)[C@H](O)[C@H]3O)O[C@@H](C)[C@]2(O)C=O)O[C@@H](CO)[C@H](O)[C@H]1O,,,
tdc_no_conflict_salt_removed,train,352,train:352,CN[C@@H]1[C@H](O[C@H]2[C@H](O[C@@H]3[C@@H](O)[C@H](O)[C@@H](N=C(N)N)[C@H](O)[C@H]3N=C(N)N)O[C@@H](C)[C@]2(O)CO)O[C@@H](CO)[C@H](O)[C@H]1O,0,True,,CN[C@@H]1[C@H](O[C@H]2[C@H](O[C@@H]3[C@@H](O)[C@H](O)[C@@H](N=C(N)N)[C@H](O)[C@H]3N=C(N)N)O[C@@H](C)[C@]2(O)CO)O[C@@H](CO)[C@H](O)[C@H]1O,CN[C@@H]1[C@H](O[C@H]2[C@H](O[C@@H]3[C@@H](O)[C@H](O)[C@@H](N=C(N)N)[C@H](O)[C@H]3N=C(N)N)O[C@@H](C)[C@]2(O)CO)O[C@@H](CO)[C@H](O)[C@H]1O,1,exact,0,0,B3DB_classification:1939,prestwick0_000159,CN[C@@H]1[C@H](O[C@H]2[C@H](O[C@@H]3[C@@H](O)[C@H](O)[C@@H](N=C(N)N)[C@H](O)[C@H]3N=C(N)N)O[C@@H](C)[C@]2(O)CO)O[C@@H](CO)[C@H](O)[C@H]1O,B3DB_classification:1939,prestwick0_000159,CN[C@@H]1[C@H](O[C@H]2[C@H](O[C@@H]3[C@@H](O)[C@H](O)[C@@H](N=C(N)N)[C@H](O)[C@H]3N=C(N)N)O[C@@H](C)[C@]2(O)CO)O[C@@H](CO)[C@H](O)[C@H]1O,,,
tdc_no_conflict_salt_removed,train,353,train:353,CNC(=O)O[C@H]1OC(=O)[C@@]2(C)[C@@H]1[C@H]1C=C[C@@H]2C1,1,True,,CNC(=O)O[C@H]1OC(=O)[C@@]2(C)[C@@H]1[C@H]1C=C[C@@H]2C1,CNC(=O)O[C@H]1OC(=O)[C@@]2(C)[C@@H]1[C@H]1C=C[C@@H]2C1,1,exact,1,1,B3DB_classification:1900,moxadolen,CNC(=O)O[C@H]1OC(=O)[C@]2(C)[C@@H]3C=C[C@@H](C3)[C@H]12,B3DB_classification:1900,moxadolen,CNC(=O)O[C@H]1OC(=O)[C@]2(C)[C@@H]3C=C[C@@H](C3)[C@H]12,,,
tdc_no_conflict_salt_removed,train,354,train:354,C[C@]12Cc3cn[nH]c3C[C@@H]1CC[C@@H]1[C@@H]2CC[C@@]2(C)[C@H]1CC[C@]2(C)O,0,True,,C[C@]12Cc3cn[nH]c3C[C@@H]1CC[C@@H]1[C@@H]2CC[C@@]2(C)[C@H]1CC[C@]2(C)O,C[C@]12Cc3cn[nH]c3C[C@@H]1CC[C@@H]1[C@@H]2CC[C@@]2(C)[C@H]1CC[C@]2(C)O,1,exact,0,0,B3DB_classification:2151,stanozolol,C[C@]12Cc3cn[nH]c3C[C@@H]1CC[C@@H]1[C@@H]2CC[C@@]2(C)[C@H]1CC[C@]2(C)O,B3DB_classification:2151,stanozolol,C[C@]12Cc3cn[nH]c3C[C@@H]1CC[C@@H]1[C@@H]2CC[C@@]2(C)[C@H]1CC[C@]2(C)O,,,
tdc_no_conflict_salt_removed,train,355,train:355,Cc1c[nH+][o+]c(C([NH])CC(C)C(C)(C)N(C(C)(C)C)C(C)(N)N)c1[O-],1,True,,Cc1c[nH+][o+]c(C([NH])CC(C)C(C)(C)N(C(C)(C)C)C(C)(N)N)c1[O-],Cc1c[nH+][o+]c(C([NH])CC(C)C(C)(C)N(C(C)(C)C)C(C)(N)N)c1[O-],1,unmatched,,,,,,,,,,,
tdc_no_conflict_salt_removed,train,356,train:356,O=C1Nc2ccc(Cl)cc2[C@@](C#CC2CC2)(C(F)(F)F)O1,0,True,,O=C1Nc2ccc(Cl)cc2[C@@](C#CC2CC2)(C(F)(F)F)O1,O=C1Nc2ccc(Cl)cc2[C@@](C#CC2CC2)(C(F)(F)F)O1,1,exact,0,0,B3DB_classification:2487,efavirenz,O=C1Nc2ccc(Cl)cc2[C@@](C#CC2CC2)(C(F)(F)F)O1,B3DB_classification:2487,efavirenz,O=C1Nc2ccc(Cl)cc2[C@@](C#CC2CC2)(C(F)(F)F)O1,,,
tdc_no_conflict_salt_removed,train,357,train:357,COc1ccc([C@H](O)CN2CCN(c3cccccc3=O)CC2)cc1OC,1,True,,COc1ccc([C@H](O)CN2CCN(c3cccccc3=O)CC2)cc1OC,COc1ccc([C@H](O)CN2CCN(c3cccccc3=O)CC2)cc1OC,1,exact,1,1,B3DB_classification:2054,ciladopa,COc1ccc([C@H](O)CN2CCN(c3cccccc3=O)CC2)cc1OC,B3DB_classification:2054,ciladopa,COc1ccc([C@H](O)CN2CCN(c3cccccc3=O)CC2)cc1OC,,,
tdc_no_conflict_salt_removed,train,358,train:358,CC(=O)Nc1ccc(OC(=O)[C@@H]2CCC(=O)N2)cc1,1,True,,CC(=O)Nc1ccc(OC(=O)[C@@H]2CCC(=O)N2)cc1,CC(=O)Nc1ccc(OC(=O)[C@@H]2CCC(=O)N2)cc1,1,exact,1,1,B3DB_classification:1153,pidolacetamol,CC(=O)Nc1ccc(OC(=O)[C@@H]2CCC(=O)N2)cc1,B3DB_classification:1153,pidolacetamol,CC(=O)Nc1ccc(OC(=O)[C@@H]2CCC(=O)N2)cc1,,,
tdc_no_conflict_salt_removed,train,359,train:359,C[N+]1([O-])C2CCC1CC(OC(=O)C(CO)c1ccccc1)C2,1,True,,C[N+]1([O-])C2CCC1CC(OC(=O)C(CO)c1ccccc1)C2,C[N+]1([O-])C2CCC1CC(OC(=O)C(CO)c1ccccc1)C2,1,exact,1,1,B3DB_classification:2158,atropine oxide,C[N+]1([O-])C2CCC1CC(OC(=O)C(CO)c1ccccc1)C2,B3DB_classification:2158,atropine oxide,C[N+]1([O-])C2CCC1CC(OC(=O)C(CO)c1ccccc1)C2,,,
tdc_no_conflict_salt_removed,train,360,train:360,CC(C)[N+]1(C)C2CCC1CC(OC(=O)C(CO)c1ccccc1)C2,0,True,,CC(C)[N+]1(C)C2CCC1CC(OC(=O)C(CO)c1ccccc1)C2,CC(C)[N+]1(C)C2CCC1CC(OC(=O)C(CO)c1ccccc1)C2,1,exact,0,0,B3DB_classification:1278,skb-f,CC(C)[N+]1(C)C2CCC1CC(OC(=O)C(CO)c1ccccc1)C2,B3DB_classification:1278,skb-f,CC(C)[N+]1(C)C2CCC1CC(OC(=O)C(CO)c1ccccc1)C2,,,
tdc_no_conflict_salt_removed,train,361,train:361,O=C1N(c2ccccc2)c2ccccc2C1(Cc1ccncc1)Cc1ccncc1,1,True,,O=C1N(c2ccccc2)c2ccccc2C1(Cc1ccncc1)Cc1ccncc1,O=C1N(c2ccccc2)c2ccccc2C1(Cc1ccncc1)Cc1ccncc1,1,exact,1,1,B3DB_classification:2470,linopirdine,O=C1N(c2ccccc2)c2ccccc2C1(Cc1ccncc1)Cc1ccncc1,B3DB_classification:2470,linopirdine,O=C1N(c2ccccc2)c2ccccc2C1(Cc1ccncc1)Cc1ccncc1,,,
tdc_no_conflict_salt_removed,train,362,train:362,COc1ccc(C#N)cc1C(=O)NCCN1CCC(C(=O)c2ccc(F)cc2)CC1,1,True,,COc1ccc(C#N)cc1C(=O)NCCN1CCC(C(=O)c2ccc(F)cc2)CC1,COc1ccc(C#N)cc1C(=O)NCCN1CCC(C(=O)c2ccc(F)cc2)CC1,1,exact,1,1,B3DB_classification:2042,prideperone,COc1ccc(C#N)cc1C(=O)NCCN1CCC(C(=O)c2ccc(F)cc2)CC1,B3DB_classification:2042,prideperone,COc1ccc(C#N)cc1C(=O)NCCN1CCC(C(=O)c2ccc(F)cc2)CC1,,,
tdc_no_conflict_salt_removed,train,363,train:363,CC(CN1CCOCC1)C(C(=O)N1CCCC1)(c1ccccc1)c1ccccc1,1,True,,CC(CN1CCOCC1)C(C(=O)N1CCCC1)(c1ccccc1)c1ccccc1,CC(CN1CCOCC1)C(C(=O)N1CCCC1)(c1ccccc1)c1ccccc1,1,exact,1,1,B3DB_classification:1296,dextromoramide (levomoramide and racemoramide),CC(CN1CCOCC1)C(C(=O)N1CCCC1)(c1ccccc1)c1ccccc1,B3DB_classification:1296,dextromoramide (levomoramide and racemoramide),CC(CN1CCOCC1)C(C(=O)N1CCCC1)(c1ccccc1)c1ccccc1,,,
tdc_no_conflict_salt_removed,train,364,train:364,CCN(CCO)CCn1c(Cc2ccccc2)nc2c1c(=O)n(C)c(=O)n2C,1,True,,CCN(CCO)CCn1c(Cc2ccccc2)nc2c1c(=O)n(C)c(=O)n2C,CCN(CCO)CCn1c(Cc2ccccc2)nc2c1c(=O)n(C)c(=O)n2C,1,unmatched,,,,,,,,,,,
tdc_no_conflict_salt_removed,train,365,train:365,CN(C)CCON=C1c2ccccc2CCc2ccccc21,1,True,,CN(C)CCON=C1c2ccccc2CCc2ccccc21,CN(C)CCON=C1c2ccccc2CCc2ccccc21,1,exact,1,1,B3DB_classification:1771,noxiptiline,CN(C)CCON=C1c2ccccc2CCc2ccccc21,B3DB_classification:1771,noxiptiline,CN(C)CCON=C1c2ccccc2CCc2ccccc21,,,
tdc_no_conflict_salt_removed,train,366,train:366,Cc1ccc(S(=O)(=O)NC(=O)NN2CCCCCC2)cc1,0,True,,Cc1ccc(S(=O)(=O)NC(=O)NN2CCCCCC2)cc1,Cc1ccc(S(=O)(=O)NC(=O)NN2CCCCCC2)cc1,1,exact,0,0,B3DB_classification:2188,tolazamide,Cc1ccc(S(=O)(=O)NC(=O)NN2CCCCCC2)cc1,B3DB_classification:2188,tolazamide,Cc1ccc(S(=O)(=O)NC(=O)NN2CCCCCC2)cc1,,,
tdc_no_conflict_salt_removed,train,367,train:367,Oc1ccc2c(c1)[C@@]13CCCC[C@@]1(O)[C@@H](C2)N(CC1CC1)CC3,1,True,,Oc1ccc2c(c1)[C@@]13CCCC[C@@]1(O)[C@@H](C2)N(CC1CC1)CC3,Oc1ccc2c(c1)[C@@]13CCCC[C@@]1(O)[C@@H](C2)N(CC1CC1)CC3,1,exact,1,1,B3DB_classification:2556,oxilorphan,Oc1ccc2c(c1)[C@@]13CCCC[C@@]1(O)[C@@H](C2)N(CC1CC1)CC3,B3DB_classification:2556,oxilorphan,Oc1ccc2c(c1)[C@@]13CCCC[C@@]1(O)[C@@H](C2)N(CC1CC1)CC3,,,
tdc_no_conflict_salt_removed,train,368,train:368,Cc1nc2ccccc2c(=O)n1-c1ccccc1Cl,1,True,,Cc1nc2ccccc2c(=O)n1-c1ccccc1Cl,Cc1nc2ccccc2c(=O)n1-c1ccccc1Cl,1,exact,1,1,B3DB_classification:2214,mecloqualone,Cc1nc2ccccc2c(=O)n1-c1ccccc1Cl,B3DB_classification:2214,mecloqualone,Cc1nc2ccccc2c(=O)n1-c1ccccc1Cl,,,
tdc_no_conflict_salt_removed,train,369,train:369,CCc1ccccc1-n1c(C)nc2ccccc2c1=O,1,True,,CCc1ccccc1-n1c(C)nc2ccccc2c1=O,CCc1ccccc1-n1c(C)nc2ccccc2c1=O,1,exact,1,1,B3DB_classification:1702,etaqualone,CCc1ccccc1-n1c(C)nc2ccccc2c1=O,B3DB_classification:1702,etaqualone,CCc1ccccc1-n1c(C)nc2ccccc2c1=O,,,
tdc_no_conflict_salt_removed,train,370,train:370,Cc1ccccc1-n1c(C)nc2ccccc2c1=O,1,True,,Cc1ccccc1-n1c(C)nc2ccccc2c1=O,Cc1ccccc1-n1c(C)nc2ccccc2c1=O,1,exact,1,1,B3DB_classification:2205,morphine,Cc1ccccc1-n1c(C)nc2ccccc2c1=O,B3DB_classification:2205,morphine,Cc1ccccc1-n1c(C)nc2ccccc2c1=O,,,
tdc_no_conflict_salt_removed,train,371,train:371,O=C(c1ccc(F)cc1)C1CCN(CCCn2c(=O)[nH]c3ccccc32)CC1,1,True,,O=C(c1ccc(F)cc1)C1CCN(CCCn2c(=O)[nH]c3ccccc32)CC1,O=C(c1ccc(F)cc1)C1CCN(CCCn2c(=O)[nH]c3ccccc32)CC1,1,exact,1,1,B3DB_classification:2428,declenperone,O=C(c1ccc(F)cc1)C1CCN(CCCn2c(=O)[nH]c3ccccc32)CC1,B3DB_classification:2428,declenperone,O=C(c1ccc(F)cc1)C1CCN(CCCn2c(=O)[nH]c3ccccc32)CC1,,,
tdc_no_conflict_salt_removed,train,372,train:372,O=C(c1ccc(F)cc1)C1CCN(CCCn2c(=O)[nH]c3cc(Cl)ccc32)CC1,1,True,,O=C(c1ccc(F)cc1)C1CCN(CCCn2c(=O)[nH]c3cc(Cl)ccc32)CC1,O=C(c1ccc(F)cc1)C1CCN(CCCn2c(=O)[nH]c3cc(Cl)ccc32)CC1,1,exact,1,1,B3DB_classification:2427,milenperone,O=C(c1ccc(F)cc1)C1CCN(CCCn2c(=O)[nH]c3cc(Cl)ccc32)CC1,B3DB_classification:2427,milenperone,O=C(c1ccc(F)cc1)C1CCN(CCCn2c(=O)[nH]c3cc(Cl)ccc32)CC1,,,
tdc_no_conflict_salt_removed,train,373,train:373,Nc1ccc(-c2nc3ccc(O)cc3s2)cc1I,1,True,,Nc1ccc(-c2nc3ccc(O)cc3s2)cc1I,Nc1ccc(-c2nc3ccc(O)cc3s2)cc1I,1,exact,1,1,B3DB_classification:659,2-(3'-iodo-4'-aminophenyl)-6-hydroxybenzothiazole,Nc1ccc(-c2nc3ccc(O)cc3s2)cc1I,B3DB_classification:659,2-(3'-iodo-4'-aminophenyl)-6-hydroxybenzothiazole,Nc1ccc(-c2nc3ccc(O)cc3s2)cc1I,,,
tdc_no_conflict_salt_removed,train,374,train:374,OC(CCN1CCCC1)(c1ccccc1)C1CCCCC1,1,True,,OC(CCN1CCCC1)(c1ccccc1)C1CCCCC1,OC(CCN1CCCC1)(c1ccccc1)C1CCCCC1,1,exact,1,1,B3DB_classification:2516,procyclidine hydrochloride,OC(CCN1CCCC1)(c1ccccc1)C1CCCCC1,B3DB_classification:2516,procyclidine hydrochloride,OC(CCN1CCCC1)(c1ccccc1)C1CCCCC1,,,
tdc_no_conflict_salt_removed,train,375,train:375,CN(C)CCCn1c2c(c3ccccc31)CCCCCC2,1,True,,CN(C)CCCn1c2c(c3ccccc31)CCCCCC2,CN(C)CCCn1c2c(c3ccccc31)CCCCCC2,1,exact,1,1,B3DB_classification:1756,iprindole,CN(C)CCCn1c2c(c3ccccc31)CCCCCC2,B3DB_classification:1756,iprindole,CN(C)CCCn1c2c(c3ccccc31)CCCCCC2,,,
tdc_no_conflict_salt_removed,train,376,train:376,C=C(C)[C@@H]1CCC(C)=CC1c1c(O)cc(CCCCC)cc1O,1,True,,C=C(C)[C@@H]1CCC(C)=CC1c1c(O)cc(CCCCC)cc1O,C=C(C)[C@@H]1CCC(C)=CC1c1c(O)cc(CCCCC)cc1O,1,exact,1,1,B3DB_classification:1088,"resorcinol, 2-p-mentha-1,8-dien-3-yl-5-pentyl-, (-)-(e)-",C=C(C)[C@@H]1CCC(C)=CC1c1c(O)cc(CCCCC)cc1O,B3DB_classification:1088,"resorcinol, 2-p-mentha-1,8-dien-3-yl-5-pentyl-, (-)-(e)-",C=C(C)[C@@H]1CCC(C)=CC1c1c(O)cc(CCCCC)cc1O,,,
tdc_no_conflict_salt_removed,train,377,train:377,OCc1ccccc1O[C@@H]1O[C@H](CO)[C@@H](O)[C@H](O)[C@H]1O,1,True,,OCc1ccccc1O[C@@H]1O[C@H](CO)[C@@H](O)[C@H](O)[C@H]1O,OCc1ccccc1O[C@@H]1O[C@H](CO)[C@@H](O)[C@H](O)[C@H]1O,1,exact,1,1,B3DB_classification:2549,salicin,OCc1ccccc1O[C@@H]1O[C@H](CO)[C@@H](O)[C@H](O)[C@H]1O,B3DB_classification:2549,salicin,OCc1ccccc1O[C@@H]1O[C@H](CO)[C@@H](O)[C@H](O)[C@H]1O,,,
tdc_no_conflict_salt_removed,train,378,train:378,CN(C)CC/C=C1/c2ccccc2COc2ccccc21,1,True,,CN(C)CC/C=C1/c2ccccc2COc2ccccc21,CN(C)CC/C=C1/c2ccccc2COc2ccccc21,1,exact,1,1,B3DB_classification:1736,sinequan,CN(C)CC/C=C1/c2ccccc2COc2ccccc21,B3DB_classification:1736,sinequan,CN(C)CC/C=C1/c2ccccc2COc2ccccc21,,,
tdc_no_conflict_salt_removed,train,379,train:379,CN(C)CCC=C1c2ccccc2COc2ccccc21,1,True,,CN(C)CCC=C1c2ccccc2COc2ccccc21,CN(C)CCC=C1c2ccccc2COc2ccccc21,1,exact,1,1,B3DB_classification:995,doxepin,CN(C)CCC=C1c2ccccc2COc2ccccc21,B3DB_classification:995,doxepin,CN(C)CCC=C1c2ccccc2COc2ccccc21,,,
tdc_no_conflict_salt_removed,train,380,train:380,COc1ccccc1OCC1CNC(=O)O1,1,True,,COc1ccccc1OCC1CNC(=O)O1,COc1ccccc1OCC1CNC(=O)O1,1,exact,1,1,B3DB_classification:2084,mephenoxalone,COc1ccccc1OCC1CNC(=O)O1,B3DB_classification:2084,mephenoxalone,COc1ccccc1OCC1CNC(=O)O1,,,
tdc_no_conflict_salt_removed,train,381,train:381,Cc1cc(C)cc(OCC2CNC(=O)O2)c1,1,True,,Cc1cc(C)cc(OCC2CNC(=O)O2)c1,Cc1cc(C)cc(OCC2CNC(=O)O2)c1,1,exact,1,1,B3DB_classification:2177,metaxalone,Cc1cc(C)cc(OCC2CNC(=O)O2)c1,B3DB_classification:2177,metaxalone,Cc1cc(C)cc(OCC2CNC(=O)O2)c1,,,
tdc_no_conflict_salt_removed,train,382,train:382,C1=Cc2cccc(OCC3CNCCO3)c2C1,1,True,,C1=Cc2cccc(OCC3CNCCO3)c2C1,C1=Cc2cccc(OCC3CNCCO3)c2C1,1,exact,1,1,B3DB_classification:1086,indeloxazine,C1=Cc2cccc(OCC3CNCCO3)c2C1,B3DB_classification:1086,indeloxazine,C1=Cc2cccc(OCC3CNCCO3)c2C1,,,
tdc_no_conflict_salt_removed,train,383,train:383,O=C(Cc1ccc(Cl)c(Cl)c1)N1CCc2ccccc2[C@H]1CN1CCCC1,1,True,,O=C(Cc1ccc(Cl)c(Cl)c1)N1CCc2ccccc2[C@H]1CN1CCCC1,O=C(Cc1ccc(Cl)c(Cl)c1)N1CCc2ccccc2[C@H]1CN1CCCC1,1,exact,1,1,B3DB_classification:2390,chembl68441,O=C(Cc1ccc(Cl)c(Cl)c1)N1CCc2ccccc2[C@H]1CN1CCCC1,B3DB_classification:2390,chembl68441,O=C(Cc1ccc(Cl)c(Cl)c1)N1CCc2ccccc2[C@H]1CN1CCCC1,,,
tdc_no_conflict_salt_removed,train,384,train:384,CN(C)CCCn1c(=O)n(-c2ccccc2)c2cc(Cl)ccc21,1,True,,CN(C)CCCn1c(=O)n(-c2ccccc2)c2cc(Cl)ccc21,CN(C)CCCn1c(=O)n(-c2ccccc2)c2cc(Cl)ccc21,1,exact,1,1,B3DB_classification:1755,clodazon,CN(C)CCCn1c(=O)n(-c2ccccc2)c2cc(Cl)ccc21,B3DB_classification:1755,clodazon,CN(C)CCCn1c(=O)n(-c2ccccc2)c2cc(Cl)ccc21,,,
tdc_no_conflict_salt_removed,train,385,train:385,O=C1C=CC=C/C1=C1/NN=CO1,1,True,,O=C1C=CC=C/C1=C1/NN=CO1,O=C1C=CC=C/C1=C1/NN=CO1,1,unmatched,,,,,,,,,,,
tdc_no_conflict_salt_removed,train,386,train:386,CN1CC2c3ccccc3Oc3ccc(Cl)cc3C2C1,1,True,,CN1CC2c3ccccc3Oc3ccc(Cl)cc3C2C1,CN1CC2c3ccccc3Oc3ccc(Cl)cc3C2C1,1,exact,1,1,B3DB_classification:1001,org-5222,CN1CC2c3ccccc3Oc3ccc(Cl)cc3C2C1,B3DB_classification:1001,org-5222,CN1CC2c3ccccc3Oc3ccc(Cl)cc3C2C1,,,
tdc_no_conflict_salt_removed,train,387,train:387,Clc1ccc2c(c1)C1CNCC1c1ccccc1O2,1,True,,Clc1ccc2c(c1)C1CNCC1c1ccccc1O2,Clc1ccc2c(c1)C1CNCC1c1ccccc1O2,1,exact,1,1,B3DB_classification:764,128915-56-0,Clc1ccc2c(c1)C1CNCC1c1ccccc1O2,B3DB_classification:764,128915-56-0,Clc1ccc2c(c1)C1CNCC1c1ccccc1O2,,,
tdc_no_conflict_salt_removed,train,388,train:388,CN1C[C@@H]2c3cc(Cl)ccc3Oc3ccccc3[C@@H]2C1,1,True,,CN1C[C@@H]2c3cc(Cl)ccc3Oc3ccccc3[C@@H]2C1,CN1C[C@@H]2c3cc(Cl)ccc3Oc3ccccc3[C@@H]2C1,1,exact,1,1,B3DB_classification:1883,org5222,CN1C[C@@H]2c3cc(Cl)ccc3Oc3ccccc3[C@@H]2C1,B3DB_classification:1883,org5222,CN1C[C@@H]2c3cc(Cl)ccc3Oc3ccccc3[C@@H]2C1,,,
tdc_no_conflict_salt_removed,train,389,train:389,Clc1ccc2c(c1)[C@H]1CNC[C@H]1c1ccccc1O2,1,True,,Clc1ccc2c(c1)[C@H]1CNC[C@H]1c1ccccc1O2,Clc1ccc2c(c1)[C@H]1CNC[C@H]1c1ccccc1O2,1,exact,1,1,B3DB_classification:2245,org30526,Clc1ccc2c(c1)[C@H]1CNC[C@H]1c1ccccc1O2,B3DB_classification:2245,org30526,Clc1ccc2c(c1)[C@H]1CNC[C@H]1c1ccccc1O2,,,
tdc_no_conflict_salt_removed,train,390,train:390,CC/C=C(\C(=O)N[C@@H]1C(=O)N2C(C(=O)O)=C(COC(N)=O)CS[C@H]12)c1csc(N)n1,0,True,,CC/C=C(\C(=O)N[C@@H]1C(=O)N2C(C(=O)O)=C(COC(N)=O)CS[C@H]12)c1csc(N)n1,CC/C=C(\C(=O)N[C@@H]1C(=O)N2C(C(=O)O)=C(COC(N)=O)CS[C@H]12)c1csc(N)n1,1,exact,0,0,B3DB_classification:1322,cefcapene,CC/C=C(\C(=O)N[C@@H]1C(=O)N2C(C(=O)O)=C(COC(N)=O)CS[C@H]12)c1csc(N)n1,B3DB_classification:1322,cefcapene,CC/C=C(\C(=O)N[C@@H]1C(=O)N2C(C(=O)O)=C(COC(N)=O)CS[C@H]12)c1csc(N)n1,,,
tdc_no_conflict_salt_removed,train,391,train:391,Nc1nc(/C(=C/CC(=O)O)C(=O)N[C@@H]2C(=O)N3C(C(=O)O)=CCS[C@H]23)cs1,0,True,,Nc1nc(/C(=C/CC(=O)O)C(=O)N[C@@H]2C(=O)N3C(C(=O)O)=CCS[C@H]23)cs1,Nc1nc(/C(=C/CC(=O)O)C(=O)N[C@@H]2C(=O)N3C(C(=O)O)=CCS[C@H]23)cs1,1,exact,0,0,B3DB_classification:2353,ceftibuten,Nc1nc(/C(=C/CC(=O)O)C(=O)N[C@@H]2C(=O)N3C(C(=O)O)=CCS[C@H]23)cs1,B3DB_classification:2353,ceftibuten,Nc1nc(/C(=C/CC(=O)O)C(=O)N[C@@H]2C(=O)N3C(C(=O)O)=CCS[C@H]23)cs1,,,
tdc_no_conflict_salt_removed,train,392,train:392,CC(=O)C1=C(O)[C@@]2(O)C(=O)c3c(c(C)c4ccc(C)c(O)c4c3O)C[C@H]2[C@@H](N)C1=O,0,True,,CC(=O)C1=C(O)[C@@]2(O)C(=O)c3c(c(C)c4ccc(C)c(O)c4c3O)C[C@H]2[C@@H](N)C1=O,CC(=O)C1=C(O)[C@@]2(O)C(=O)c3c(c(C)c4ccc(C)c(O)c4c3O)C[C@H]2[C@@H](N)C1=O,1,exact,0,0,B3DB_classification:1134,cetocycline,CC(=O)C1=C(O)[C@@]2(O)C(=O)c3c(c(C)c4ccc(C)c(O)c4c3O)C[C@H]2[C@@H](N)C1=O,B3DB_classification:1134,cetocycline,CC(=O)C1=C(O)[C@@]2(O)C(=O)c3c(c(C)c4ccc(C)c(O)c4c3O)C[C@H]2[C@@H](N)C1=O,,,
tdc_no_conflict_salt_removed,train,393,train:393,CCN1CCN(C(=O)N[C@@H](C(=O)N[C@@H]2C(=O)N3C(C(=O)O)=C(CSc4nnnn4C)CS[C@H]23)c2ccc(O)cc2)C(=O)C1=O,1,True,,CCN1CCN(C(=O)N[C@@H](C(=O)N[C@@H]2C(=O)N3C(C(=O)O)=C(CSc4nnnn4C)CS[C@H]23)c2ccc(O)cc2)C(=O)C1=O,CCN1CCN(C(=O)N[C@@H](C(=O)N[C@@H]2C(=O)N3C(C(=O)O)=C(CSc4nnnn4C)CS[C@H]23)c2ccc(O)cc2)C(=O)C1=O,1,unmatched,,,,,,,,,,,
tdc_no_conflict_salt_removed,train,394,train:394,COc1cc2oc(=O)c(C)c(C)c2cc1OCCCN1CCN(c2ccccc2OC)CC1,1,True,,COc1cc2oc(=O)c(C)c(C)c2cc1OCCCN1CCN(c2ccccc2OC)CC1,COc1cc2oc(=O)c(C)c(C)c2cc1OCCCN1CCN(c2ccccc2OC)CC1,1,exact,1,1,B3DB_classification:2040,ensaculin,COc1cc2oc(=O)c(C)c(C)c2cc1OCCCN1CCN(c2ccccc2OC)CC1,B3DB_classification:2040,ensaculin,COc1cc2oc(=O)c(C)c(C)c2cc1OCCCN1CCN(c2ccccc2OC)CC1,,,
tdc_no_conflict_salt_removed,train,395,train:395,COc1cccc2c1C(=O)c1c(O)c3c(c(O)c1C2=O)C[C@@](O)(/C(C)=N/NC(=O)c1ccccc1)C[C@@H]3O[C@H]1C[C@H](N)[C@H](O)[C@H](C)O1,0,True,,COc1cccc2c1C(=O)c1c(O)c3c(c(O)c1C2=O)C[C@@](O)(/C(C)=N/NC(=O)c1ccccc1)C[C@@H]3O[C@H]1C[C@H](N)[C@H](O)[C@H](C)O1,COc1cccc2c1C(=O)c1c(O)c3c(c(O)c1C2=O)C[C@@](O)(/C(C)=N/NC(=O)c1ccccc1)C[C@@H]3O[C@H]1C[C@H](N)[C@H](O)[C@H](C)O1,1,exact,0,0,B3DB_classification:2074,zorubicin,COc1cccc2c1C(=O)c1c(O)c3c(c(O)c1C2=O)C[C@@](O)(/C(C)=N/NC(=O)c1ccccc1)C[C@@H]3O[C@H]1C[C@H](N)[C@H](O)[C@H](C)O1,B3DB_classification:2074,zorubicin,COc1cccc2c1C(=O)c1c(O)c3c(c(O)c1C2=O)C[C@@](O)(/C(C)=N/NC(=O)c1ccccc1)C[C@@H]3O[C@H]1C[C@H](N)[C@H](O)[C@H](C)O1,,,
tdc_no_conflict_salt_removed,train,396,train:396,COc1cc(Cc2cnc(N)nc2N)cc(OC)c1OC,1,True,,COc1cc(Cc2cnc(N)nc2N)cc(OC)c1OC,COc1cc(Cc2cnc(N)nc2N)cc(OC)c1OC,1,unmatched,,,,,,,,,,,
tdc_no_conflict_salt_removed,train,397,train:397,COc1cccc2c1C(=O)c1c(O)c3c(c(O)c1C2=O)CC(O)(C(=O)CO)CC3O,0,True,,COc1cccc2c1C(=O)c1c(O)c3c(c(O)c1C2=O)CC(O)(C(=O)CO)CC3O,COc1cccc2c1C(=O)c1c(O)c3c(c(O)c1C2=O)CC(O)(C(=O)CO)CC3O,1,exact,0,0,B3DB_classification:2073,adriamycinol-aglycone,COc1cccc2c1C(=O)c1c(O)c3c(c(O)c1C2=O)CC(O)(C(=O)CO)CC3O,B3DB_classification:2073,adriamycinol-aglycone,COc1cccc2c1C(=O)c1c(O)c3c(c(O)c1C2=O)CC(O)(C(=O)CO)CC3O,,,
tdc_no_conflict_salt_removed,train,398,train:398,O=C(OC1CN2CCC1CC2)c1ccccc1,1,True,,O=C(OC1CN2CCC1CC2)c1ccccc1,O=C(OC1CN2CCC1CC2)c1ccccc1,1,exact,1,1,B3DB_classification:2422,benzoclidine,O=C(OC1CN2CCC1CC2)c1ccccc1,B3DB_classification:2422,benzoclidine,O=C(OC1CN2CCC1CC2)c1ccccc1,,,
tdc_no_conflict_salt_removed,train,399,train:399,CC(=O)O[C@H]1C(=O)[C@@]2(C)C([C@H](OC(=O)c3ccccc3)[C@]3(O)C[C@H](OC(=O)[C@H](O)[C@@H](NC(=O)c4ccccc4)c4ccccc4)C(C)=C1C3(C)C)[C@]1(OC(C)=O)CO[C@@H]1C[C@@H]2O,0,True,,CC(=O)O[C@H]1C(=O)[C@@]2(C)C([C@H](OC(=O)c3ccccc3)[C@]3(O)C[C@H](OC(=O)[C@H](O)[C@@H](NC(=O)c4ccccc4)c4ccccc4)C(C)=C1C3(C)C)[C@]1(OC(C)=O)CO[C@@H]1C[C@@H]2O,CC(=O)O[C@H]1C(=O)[C@@]2(C)C([C@H](OC(=O)c3ccccc3)[C@]3(O)C[C@H](OC(=O)[C@H](O)[C@@H](NC(=O)c4ccccc4)c4ccccc4)C(C)=C1C3(C)C)[C@]1(OC(C)=O)CO[C@@H]1C[C@@H]2O,1,exact,0,0,B3DB_classification:1199,paclitaxel,CC(=O)O[C@H]1C(=O)[C@@]2(C)C([C@H](OC(=O)c3ccccc3)[C@]3(O)C[C@H](OC(=O)[C@H](O)[C@@H](NC(=O)c4ccccc4)c4ccccc4)C(C)=C1C3(C)C)[C@]1(OC(C)=O)CO[C@@H]1C[C@@H]2O,B3DB_classification:1199,paclitaxel,CC(=O)O[C@H]1C(=O)[C@@]2(C)C([C@H](OC(=O)c3ccccc3)[C@]3(O)C[C@H](OC(=O)[C@H](O)[C@@H](NC(=O)c4ccccc4)c4ccccc4)C(C)=C1C3(C)C)[C@]1(OC(C)=O)CO[C@@H]1C[C@@H]2O,,,
tdc_no_conflict_salt_removed,train,400,train:400,O=C(CCCN1CC2CCC(CC2)C1)c1ccc(F)cc1,1,True,,O=C(CCCN1CC2CCC(CC2)C1)c1ccc(F)cc1,O=C(CCCN1CC2CCC(CC2)C1)c1ccc(F)cc1,1,exact,1,1,B3DB_classification:2362,nonaperone,O=C(CCCN1CC2CCC(CC2)C1)c1ccc(F)cc1,B3DB_classification:2362,nonaperone,O=C(CCCN1CC2CCC(CC2)C1)c1ccc(F)cc1,,,
tdc_no_conflict_salt_removed,train,401,train:401,O=[N+]([O-])C1=CC=NC1NCCSCc1ccccn1,1,True,,O=[N+]([O-])C1=CC=NC1NCCSCc1ccccn1,O=[N+]([O-])C1=CC=NC1NCCSCc1ccccn1,1,exact,1,1,B3DB_classification:235,compound 32,O=[N+]([O-])C1=CC=NC1NCCSCc1ccccn1,B3DB_classification:235,compound 32,O=[N+]([O-])C1=CC=NC1NCCSCc1ccccn1,,,
tdc_no_conflict_salt_removed,train,402,train:402,O=[N+]([O-])C1=CC=NC1NCCSCc1ncccc1Br,1,True,,O=[N+]([O-])C1=CC=NC1NCCSCc1ncccc1Br,O=[N+]([O-])C1=CC=NC1NCCSCc1ncccc1Br,1,exact,1,1,B3DB_classification:228,compound 31,O=[N+]([O-])C1=CC=NC1NCCSCc1ncccc1Br,B3DB_classification:228,compound 31,O=[N+]([O-])C1=CC=NC1NCCSCc1ncccc1Br,,,
tdc_no_conflict_salt_removed,train,403,train:403,O=C(NC(=O)c1ccccc1)NC1CCN(Cc2ccc3ccccc3c2)CC1,1,True,,O=C(NC(=O)c1ccccc1)NC1CCN(Cc2ccc3ccccc3c2)CC1,O=C(NC(=O)c1ccccc1)NC1CCN(Cc2ccc3ccccc3c2)CC1,1,exact,1,1,B3DB_classification:2400,panuramine,O=C(NC(=O)c1ccccc1)NC1CCN(Cc2ccc3ccccc3c2)CC1,B3DB_classification:2400,panuramine,O=C(NC(=O)c1ccccc1)NC1CCN(Cc2ccc3ccccc3c2)CC1,,,
tdc_no_conflict_salt_removed,train,404,train:404,CC(CNC(=O)c1ccccc1)C(=O)OCC(=O)[C@@]12OC(C)(C)O[C@@H]1C[C@H]1[C@@H]3CCC4=CC(=O)C=C[C@]4(C)[C@@]3(F)[C@@H](O)C[C@@]12C,1,True,,CC(CNC(=O)c1ccccc1)C(=O)OCC(=O)[C@@]12OC(C)(C)O[C@@H]1C[C@H]1[C@@H]3CCC4=CC(=O)C=C[C@]4(C)[C@@]3(F)[C@@H](O)C[C@@]12C,CC(CNC(=O)c1ccccc1)C(=O)OCC(=O)[C@@]12OC(C)(C)O[C@@H]1C[C@H]1[C@@H]3CCC4=CC(=O)C=C[C@]4(C)[C@@]3(F)[C@@H](O)C[C@@]12C,1,exact,1,1,B3DB_classification:1297,triamcinolone benetonide,CC(CNC(=O)c1ccccc1)C(=O)OCC(=O)[C@@]12OC(C)(C)O[C@@H]1C[C@H]1[C@@H]3CCC4=CC(=O)C=C[C@]4(C)[C@@]3(F)[C@@H](O)C[C@@]12C,B3DB_classification:1297,triamcinolone benetonide,CC(CNC(=O)c1ccccc1)C(=O)OCC(=O)[C@@]12OC(C)(C)O[C@@H]1C[C@H]1[C@@H]3CCC4=CC(=O)C=C[C@]4(C)[C@@]3(F)[C@@H](O)C[C@@]12C,,,
tdc_no_conflict_salt_removed,train,405,train:405,Fc1ccccc1C1=NCCN(CC(F)(F)F)c2ccc(Cl)cc21,1,True,,Fc1ccccc1C1=NCCN(CC(F)(F)F)c2ccc(Cl)cc21,Fc1ccccc1C1=NCCN(CC(F)(F)F)c2ccc(Cl)cc21,1,exact,1,1,B3DB_classification:2271,fletazepam,Fc1ccccc1C1=NCCN(CC(F)(F)F)c2ccc(Cl)cc21,B3DB_classification:2271,fletazepam,Fc1ccccc1C1=NCCN(CC(F)(F)F)c2ccc(Cl)cc21,,,
tdc_no_conflict_salt_removed,train,406,train:406,CN1CCN=C(c2ccccc2)c2cc(Cl)ccc21,1,True,,CN1CCN=C(c2ccccc2)c2cc(Cl)ccc21,CN1CCN=C(c2ccccc2)c2cc(Cl)ccc21,1,exact,1,1,B3DB_classification:1866,medazepam,CN1CCN=C(c2ccccc2)c2cc(Cl)ccc21,B3DB_classification:1866,medazepam,CN1CCN=C(c2ccccc2)c2cc(Cl)ccc21,,,
tdc_no_conflict_salt_removed,train,407,train:407,CN1c2ccccc2C(c2ccccc2Cl)=NCC1(Cl)CO,1,True,,CN1c2ccccc2C(c2ccccc2Cl)=NCC1(Cl)CO,CN1c2ccccc2C(c2ccccc2Cl)=NCC1(Cl)CO,1,exact,1,1,B3DB_classification:1892,tuclazepam,CN1c2ccccc2C(c2ccccc2Cl)=NCC1(Cl)CO,B3DB_classification:1892,tuclazepam,CN1c2ccccc2C(c2ccccc2Cl)=NCC1(Cl)CO,,,
tdc_no_conflict_salt_removed,train,408,train:408,COCC1CN=C(c2ccccc2Cl)c2cc(Br)ccc2N1C,1,True,,COCC1CN=C(c2ccccc2Cl)c2cc(Br)ccc2N1C,COCC1CN=C(c2ccccc2Cl)c2cc(Br)ccc2N1C,1,exact,1,1,B3DB_classification:1989,metaclazepam,COCC1CN=C(c2ccccc2Cl)c2cc(Br)ccc2N1C,B3DB_classification:1989,metaclazepam,COCC1CN=C(c2ccccc2Cl)c2cc(Br)ccc2N1C,,,
tdc_no_conflict_salt_removed,train,409,train:409,COc1cccc2c1C(=O)c1c(O)c3c(c(O)c1C2=O)C[C@@](O)(C(=O)CO)C[C@@H]3O[C@H]1C[C@H](N)[C@H](O[C@H]2CCCCO2)[C@H](C)O1,0,True,,COc1cccc2c1C(=O)c1c(O)c3c(c(O)c1C2=O)C[C@@](O)(C(=O)CO)C[C@@H]3O[C@H]1C[C@H](N)[C@H](O[C@H]2CCCCO2)[C@H](C)O1,COc1cccc2c1C(=O)c1c(O)c3c(c(O)c1C2=O)C[C@@](O)(C(=O)CO)C[C@@H]3O[C@H]1C[C@H](N)[C@H](O[C@H]2CCCCO2)[C@H](C)O1,1,exact,0,0,B3DB_classification:2075,pirarubicin,COc1cccc2c1C(=O)c1c(O)c3c(c(O)c1C2=O)C[C@@](O)(C(=O)CO)C[C@@H]3O[C@H]1C[C@H](N)[C@H](O[C@H]2CCCCO2)[C@H](C)O1,B3DB_classification:2075,pirarubicin,COc1cccc2c1C(=O)c1c(O)c3c(c(O)c1C2=O)C[C@@](O)(C(=O)CO)C[C@@H]3O[C@H]1C[C@H](N)[C@H](O[C@H]2CCCCO2)[C@H](C)O1,,,
tdc_no_conflict_salt_removed,train,410,train:410,CC(C)CCC(=O)CC1c2ccccc2C(=O)N1c1ccc2ccc(Cl)nc2n1,1,True,,CC(C)CCC(=O)CC1c2ccccc2C(=O)N1c1ccc2ccc(Cl)nc2n1,CC(C)CCC(=O)CC1c2ccccc2C(=O)N1c1ccc2ccc(Cl)nc2n1,1,exact,1,1,B3DB_classification:1255,pagoclone,CC(C)CCC(=O)CC1c2ccccc2C(=O)N1c1ccc2ccc(Cl)nc2n1,B3DB_classification:1255,pagoclone,CC(C)CCC(=O)CC1c2ccccc2C(=O)N1c1ccc2ccc(Cl)nc2n1,,,
tdc_no_conflict_salt_removed,train,411,train:411,c1ccc2c(c1)cc1n2CCCNC1,1,True,,c1ccc2c(c1)cc1n2CCCNC1,c1ccc2c(c1)cc1n2CCCNC1,1,exact,1,1,B3DB_classification:2577,azepindole,c1ccc2c(c1)cc1n2CCCNC1,B3DB_classification:2577,azepindole,c1ccc2c(c1)cc1n2CCCNC1,,,
tdc_no_conflict_salt_removed,train,412,train:412,CO/N=C(\C(=O)N[C@@H]1C(=O)N2C(C(=O)O)=C(COC(C)=O)CS(=O)[C@H]12)c1csc(N)n1,0,True,,CO/N=C(\C(=O)N[C@@H]1C(=O)N2C(C(=O)O)=C(COC(C)=O)CS(=O)[C@H]12)c1csc(N)n1,CO/N=C(\C(=O)N[C@@H]1C(=O)N2C(C(=O)O)=C(COC(C)=O)CS(=O)[C@H]12)c1csc(N)n1,1,unmatched,,,,,,,,,,,
tdc_no_conflict_salt_removed,train,413,train:413,O=C1CCC(C(=O)NC2CC2c2ccccc2)N1,1,True,,O=C1CCC(C(=O)NC2CC2c2ccccc2)N1,O=C1CCC(C(=O)NC2CC2c2ccccc2)N1,1,exact,1,1,B3DB_classification:2438,rolicyprine,O=C1CCC(C(=O)NC2CC2c2ccccc2)N1,B3DB_classification:2438,rolicyprine,O=C1CCC(C(=O)NC2CC2c2ccccc2)N1,,,
tdc_no_conflict_salt_removed,train,414,train:414,Cc1cn([C@H]2C=C[C@@H](CO)O2)c(=O)[nH]c1=O,1,True,,Cc1cn([C@H]2C=C[C@@H](CO)O2)c(=O)[nH]c1=O,Cc1cn([C@H]2C=C[C@@H](CO)O2)c(=O)[nH]c1=O,1,exact,1,1,B3DB_classification:2209,stavudine,Cc1cn([C@H]2C=C[C@@H](CO)O2)c(=O)[nH]c1=O,B3DB_classification:2209,stavudine,Cc1cn([C@H]2C=C[C@@H](CO)O2)c(=O)[nH]c1=O,,,
tdc_no_conflict_salt_removed,train,415,train:415,CO/N=C(\C(=O)N[C@@H]1C(=O)N2C(C(=O)O)=C(CSc3nc(=O)c(=O)[nH]n3C)CS[C@H]12)c1csc(N)n1,1,True,,CO/N=C(\C(=O)N[C@@H]1C(=O)N2C(C(=O)O)=C(CSc3nc(=O)c(=O)[nH]n3C)CS[C@H]12)c1csc(N)n1,CO/N=C(\C(=O)N[C@@H]1C(=O)N2C(C(=O)O)=C(CSc3nc(=O)c(=O)[nH]n3C)CS[C@H]12)c1csc(N)n1,1,exact,0,0,B3DB_classification:2602,ceftriaxone,CO/N=C(\C(=O)N[C@@H]1C(=O)N2C(C(=O)O)=C(CSc3nc(=O)c(=O)[nH]n3C)CS[C@H]12)c1csc(N)n1,B3DB_classification:2602,ceftriaxone,CO/N=C(\C(=O)N[C@@H]1C(=O)N2C(C(=O)O)=C(CSc3nc(=O)c(=O)[nH]n3C)CS[C@H]12)c1csc(N)n1,,,b3db_exact_label_mismatch|b3db_salt_removed_label_mismatch
tdc_no_conflict_salt_removed,train,416,train:416,NC(=O)NCCN1CCN(c2cccc(C(F)(F)F)c2)CC1,1,True,,NC(=O)NCCN1CCN(c2cccc(C(F)(F)F)c2)CC1,NC(=O)NCCN1CCN(c2cccc(C(F)(F)F)c2)CC1,1,exact,1,1,B3DB_classification:2294,fluprazine,NC(=O)NCCN1CCN(c2cccc(C(F)(F)F)c2)CC1,B3DB_classification:2294,fluprazine,NC(=O)NCCN1CCN(c2cccc(C(F)(F)F)c2)CC1,,,
tdc_no_conflict_salt_removed,train,417,train:417,CC(=O)NCCCN1CCN(c2cc(Cl)ccc2Cl)CC1,1,True,,CC(=O)NCCCN1CCN(c2cc(Cl)ccc2Cl)CC1,CC(=O)NCCCN1CCN(c2cc(Cl)ccc2Cl)CC1,1,exact,1,1,B3DB_classification:1148,acaprazine,CC(=O)NCCCN1CCN(c2cc(Cl)ccc2Cl)CC1,B3DB_classification:1148,acaprazine,CC(=O)NCCCN1CCN(c2cc(Cl)ccc2Cl)CC1,,,
tdc_no_conflict_salt_removed,train,418,train:418,O=C1[C@@H]2[C@@H]3C=C[C@@H]([C@H]4C=C[C@H]43)[C@@H]2C(=O)N1CCCCN1CCN(c2ncccn2)CC1,1,True,,O=C1[C@@H]2[C@@H]3C=C[C@@H]([C@H]4C=C[C@H]43)[C@@H]2C(=O)N1CCCCN1CCN(c2ncccn2)CC1,O=C1[C@@H]2[C@@H]3C=C[C@@H]([C@H]4C=C[C@H]43)[C@@H]2C(=O)N1CCCCN1CCN(c2ncccn2)CC1,1,exact,1,1,B3DB_classification:2493,zalospirone,O=C1[C@H]2[C@H]3C=C[C@H]([C@@H]4C=C[C@@H]43)[C@H]2C(=O)N1CCCCN1CCN(c2ncccn2)CC1,B3DB_classification:2493,zalospirone,O=C1[C@H]2[C@H]3C=C[C@H]([C@@H]4C=C[C@@H]43)[C@H]2C(=O)N1CCCCN1CCN(c2ncccn2)CC1,,,
tdc_no_conflict_salt_removed,train,419,train:419,CC(C)Oc1ccccc1N1CCN(Cc2cccc(C(=O)N3CCCCC3)c2)CC1,1,True,,CC(C)Oc1ccccc1N1CCN(Cc2cccc(C(=O)N3CCCCC3)c2)CC1,CC(C)Oc1ccccc1N1CCN(Cc2cccc(C(=O)N3CCCCC3)c2)CC1,1,exact,1,1,B3DB_classification:1272,mazapertine succinate,CC(C)Oc1ccccc1N1CCN(Cc2cccc(C(=O)N3CCCCC3)c2)CC1,B3DB_classification:1272,mazapertine succinate,CC(C)Oc1ccccc1N1CCN(Cc2cccc(C(=O)N3CCCCC3)c2)CC1,,,
tdc_no_conflict_salt_removed,train,420,train:420,CN(C)CC(Oc1ccccc1)Oc1ccccc1,1,True,,CN(C)CC(Oc1ccccc1)Oc1ccccc1,CN(C)CC(Oc1ccccc1)Oc1ccccc1,1,exact,1,1,B3DB_classification:1735,medifoxamine,CN(C)CC(Oc1ccccc1)Oc1ccccc1,B3DB_classification:1735,medifoxamine,CN(C)CC(Oc1ccccc1)Oc1ccccc1,,,
tdc_no_conflict_salt_removed,train,421,train:421,CCNC1C2CCC(C2)C1c1ccccc1,1,True,,CCNC1C2CCC(C2)C1c1ccccc1,CCNC1C2CCC(C2)C1c1ccccc1,1,unmatched,,,,,,,,,,,
tdc_no_conflict_salt_removed,train,422,train:422,CN(CCN(C)CN/C(O)=C1\C(=O)[C@@H](N(C)C)[C@@H]2C[C@H]3C(=C(O)c4c(O)cccc4[C@@]3(C)O)C(=O)[C@]2(O)C1=O)CN/C(O)=C1\C(=O)[C@@H](N(C)C)[C@@H]2C[C@H]3C(=C(O)c4c(O)cccc4[C@@]3(C)O)C(=O)[C@]2(O)C1=O,0,True,,CN(CCN(C)CN/C(O)=C1\C(=O)[C@@H](N(C)C)[C@@H]2C[C@H]3C(=C(O)c4c(O)cccc4[C@@]3(C)O)C(=O)[C@]2(O)C1=O)CN/C(O)=C1\C(=O)[C@@H](N(C)C)[C@@H]2C[C@H]3C(=C(O)c4c(O)cccc4[C@@]3(C)O)C(=O)[C@]2(O)C1=O,CN(CCN(C)CN/C(O)=C1\C(=O)[C@@H](N(C)C)[C@@H]2C[C@H]3C(=C(O)c4c(O)cccc4[C@@]3(C)O)C(=O)[C@]2(O)C1=O)CN/C(O)=C1\C(=O)[C@@H](N(C)C)[C@@H]2C[C@H]3C(=C(O)c4c(O)cccc4[C@@]3(C)O)C(=O)[C@]2(O)C1=O,1,unmatched,,,,,,,,,,,
tdc_no_conflict_salt_removed,train,423,train:423,CC(Cc1ccccc1)N(C)Cc1ccco1,1,True,,CC(Cc1ccccc1)N(C)Cc1ccco1,CC(Cc1ccccc1)N(C)Cc1ccco1,1,exact,1,1,B3DB_classification:1305,furfenorex,CC(Cc1ccccc1)N(C)Cc1ccco1,B3DB_classification:1305,furfenorex,CC(Cc1ccccc1)N(C)Cc1ccco1,,,
tdc_no_conflict_salt_removed,train,424,train:424,CN(C)CCOC1(Cc2ccccc2)CC2CCC1(C)C2(C)C,1,True,,CN(C)CCOC1(Cc2ccccc2)CC2CCC1(C)C2(C)C,CN(C)CCOC1(Cc2ccccc2)CC2CCC1(C)C2(C)C,1,exact,1,1,B3DB_classification:1769,ramciclane,CN(C)CCOC1(Cc2ccccc2)CC2CCC1(C)C2(C)C,B3DB_classification:1769,ramciclane,CN(C)CCOC1(Cc2ccccc2)CC2CCC1(C)C2(C)C,,,
tdc_no_conflict_salt_removed,train,425,train:425,CN1C(=O)OC(C)(C)C1=O,1,True,,CN1C(=O)OC(C)(C)C1=O,CN1C(=O)OC(C)(C)C1=O,1,exact,1,1,B3DB_classification:1813,trimethadione,CN1C(=O)OC(C)(C)C1=O,B3DB_classification:1813,trimethadione,CN1C(=O)OC(C)(C)C1=O,,,
tdc_no_conflict_salt_removed,train,426,train:426,CC1(C)OC(=O)NC1=O,1,True,,CC1(C)OC(=O)NC1=O,CC1(C)OC(=O)NC1=O,1,exact,1,1,B3DB_classification:1328,dimethadione,CC1(C)OC(=O)NC1=O,B3DB_classification:1328,dimethadione,CC1(C)OC(=O)NC1=O,,,
tdc_no_conflict_salt_removed,train,427,train:427,CCC1(C)OC(=O)N(C)C1=O,1,True,,CCC1(C)OC(=O)N(C)C1=O,CCC1(C)OC(=O)N(C)C1=O,1,exact,1,1,B3DB_classification:1468,paramethadione,CCC1(C)OC(=O)N(C)C1=O,B3DB_classification:1468,paramethadione,CCC1(C)OC(=O)N(C)C1=O,,,
tdc_no_conflict_salt_removed,train,428,train:428,C=CCN1C(=O)OC(C)C1=O,1,True,,C=CCN1C(=O)OC(C)C1=O,C=CCN1C(=O)OC(C)C1=O,1,exact,1,1,B3DB_classification:1116,allomethadione,C=CCN1C(=O)OC(C)C1=O,B3DB_classification:1116,allomethadione,C=CCN1C(=O)OC(C)C1=O,,,
tdc_no_conflict_salt_removed,train,429,train:429,CN(C(=O)Cc1ccc(Cl)c(Cl)c1)[C@H]1CC[C@@]2(CCCO2)C[C@@H]1N1CCCC1,1,True,,CN(C(=O)Cc1ccc(Cl)c(Cl)c1)[C@H]1CC[C@@]2(CCCO2)C[C@@H]1N1CCCC1,CN(C(=O)Cc1ccc(Cl)c(Cl)c1)[C@H]1CC[C@@]2(CCCO2)C[C@@H]1N1CCCC1,1,exact,1,1,B3DB_classification:1716,spiradoline,CN(C(=O)Cc1ccc(Cl)c(Cl)c1)[C@H]1CC[C@@]2(CCCO2)C[C@@H]1N1CCCC1,B3DB_classification:1716,spiradoline,CN(C(=O)Cc1ccc(Cl)c(Cl)c1)[C@H]1CC[C@@]2(CCCO2)C[C@@H]1N1CCCC1,,,
tdc_no_conflict_salt_removed,train,430,train:430,CCOC(=O)C1=C(C)NC(C)=C(C(=O)OC)C1c1cccc([N+](=O)[O-])c1,0,True,,CCOC(=O)C1=C(C)NC(C)=C(C(=O)OC)C1c1cccc([N+](=O)[O-])c1,CCOC(=O)C1=C(C)NC(C)=C(C(=O)OC)C1c1cccc([N+](=O)[O-])c1,1,unmatched,,,,,,,,,,,
tdc_no_conflict_salt_removed,train,431,train:431,CCOC(=O)C1=C(C)NC(C)=C(C(=O)OC)C1c1cccc(Cl)c1Cl,0,True,,CCOC(=O)C1=C(C)NC(C)=C(C(=O)OC)C1c1cccc(Cl)c1Cl,CCOC(=O)C1=C(C)NC(C)=C(C(=O)OC)C1c1cccc(Cl)c1Cl,1,exact,0,0,B3DB_classification:1633,felodipine,CCOC(=O)C1=C(C)NC(C)=C(C(=O)OC)C1c1cccc(Cl)c1Cl,B3DB_classification:1633,felodipine,CCOC(=O)C1=C(C)NC(C)=C(C(=O)OC)C1c1cccc(Cl)c1Cl,,,
tdc_no_conflict_salt_removed,train,432,train:432,COC(=O)C1=C(C)NC(C)=C(C(=O)OC)C1c1ccccc1[N+](=O)[O-],0,True,,COC(=O)C1=C(C)NC(C)=C(C(=O)OC)C1c1ccccc1[N+](=O)[O-],COC(=O)C1=C(C)NC(C)=C(C(=O)OC)C1c1ccccc1[N+](=O)[O-],1,unmatched,,,,,,,,,,,
tdc_no_conflict_salt_removed,train,433,train:433,CC[C@H](NC(=O)c1c(OCCNC(=O)[C@@H]2CCCN2)c(-c2ccccc2)nc2ccccc12)c1ccccc1,0,True,,CC[C@H](NC(=O)c1c(OCCNC(=O)[C@@H]2CCCN2)c(-c2ccccc2)nc2ccccc12)c1ccccc1,CC[C@H](NC(=O)c1c(OCCNC(=O)[C@@H]2CCCN2)c(-c2ccccc2)nc2ccccc12)c1ccccc1,1,exact,0,0,B3DB_classification:1677,skb-h,CC[C@H](NC(=O)c1c(OCCNC(=O)[C@@H]2CCCN2)c(-c2ccccc2)nc2ccccc12)c1ccccc1,B3DB_classification:1677,skb-h,CC[C@H](NC(=O)c1c(OCCNC(=O)[C@@H]2CCCN2)c(-c2ccccc2)nc2ccccc12)c1ccccc1,,,
tdc_no_conflict_salt_removed,train,434,train:434,Cc1ccccc1-n1c(/C=C/c2ccccn2)nc2ccccc2c1=O,1,True,,Cc1ccccc1-n1c(/C=C/c2ccccn2)nc2ccccc2c1=O,Cc1ccccc1-n1c(/C=C/c2ccccn2)nc2ccccc2c1=O,1,exact,1,1,B3DB_classification:2204,piriqualone,Cc1ccccc1-n1c(/C=C/c2ccccn2)nc2ccccc2c1=O,B3DB_classification:2204,piriqualone,Cc1ccccc1-n1c(/C=C/c2ccccn2)nc2ccccc2c1=O,,,
tdc_no_conflict_salt_removed,train,435,train:435,C[C@@H](O)[C@H]1C(=O)N2C(C(=O)O)=C([C@H]3CCCO3)S[C@H]12,0,True,,C[C@@H](O)[C@H]1C(=O)N2C(C(=O)O)=C([C@H]3CCCO3)S[C@H]12,C[C@@H](O)[C@H]1C(=O)N2C(C(=O)O)=C([C@H]3CCCO3)S[C@H]12,1,exact,0,0,B3DB_classification:2100,faropenem,C[C@@H](O)[C@H]1C(=O)N2C(C(=O)O)=C([C@H]3CCCO3)S[C@H]12,B3DB_classification:2100,faropenem,C[C@@H](O)[C@H]1C(=O)N2C(C(=O)O)=C([C@H]3CCCO3)S[C@H]12,,,
tdc_no_conflict_salt_removed,train,436,train:436,OCCN1CCN(CCCN2c3cc(C(F)(F)F)ccc3Sc3sccc32)CC1,1,True,,OCCN1CCN(CCCN2c3cc(C(F)(F)F)ccc3Sc3sccc32)CC1,OCCN1CCN(CCCN2c3cc(C(F)(F)F)ccc3Sc3sccc32)CC1,1,exact,1,1,B3DB_classification:2540,flutizenol,OCCN1CCN(CCCN2c3cc(C(F)(F)F)ccc3Sc3sccc32)CC1,B3DB_classification:2540,flutizenol,OCCN1CCN(CCCN2c3cc(C(F)(F)F)ccc3Sc3sccc32)CC1,,,
tdc_no_conflict_salt_removed,train,437,train:437,CC12CC(=O)[C@H]3C(CC[C@H]4C[C@H](O)CCC43C)[C@@H]1CCC2C(=O)CO,1,True,,CC12CC(=O)[C@H]3C(CC[C@H]4C[C@H](O)CCC43C)[C@@H]1CCC2C(=O)CO,CC12CC(=O)[C@H]3C(CC[C@H]4C[C@H](O)CCC43C)[C@@H]1CCC2C(=O)CO,1,exact,1,1,B3DB_classification:1373,alfadolonum [inn-latin],CC12CC(=O)[C@H]3C(CC[C@H]4C[C@H](O)CCC43C)[C@@H]1CCC2C(=O)CO,B3DB_classification:1373,alfadolonum [inn-latin],CC12CC(=O)[C@H]3C(CC[C@H]4C[C@H](O)CCC43C)[C@@H]1CCC2C(=O)CO,,,
tdc_no_conflict_salt_removed,train,438,train:438,CC(=O)[C@H]1CC[C@H]2[C@@H]3CC[C@H]4C[C@H](O)CC[C@]4(C)[C@H]3C(=O)C[C@]12C,1,True,,CC(=O)[C@H]1CC[C@H]2[C@@H]3CC[C@H]4C[C@H](O)CC[C@]4(C)[C@H]3C(=O)C[C@]12C,CC(=O)[C@H]1CC[C@H]2[C@@H]3CC[C@H]4C[C@H](O)CC[C@]4(C)[C@H]3C(=O)C[C@]12C,1,exact,1,1,B3DB_classification:1209,alphaxalone,CC(=O)[C@H]1CC[C@H]2[C@@H]3CC[C@H]4C[C@H](O)CC[C@]4(C)[C@H]3C(=O)C[C@]12C,B3DB_classification:1209,alphaxalone,CC(=O)[C@H]1CC[C@H]2[C@@H]3CC[C@H]4C[C@H](O)CC[C@]4(C)[C@H]3C(=O)C[C@]12C,,,
tdc_no_conflict_salt_removed,train,439,train:439,CC(CC1c2ccccc2CCc2ccccc21)CN(C)C,1,True,,CC(CC1c2ccccc2CCc2ccccc21)CN(C)C,CC(CC1c2ccccc2CCc2ccccc21)CN(C)C,1,exact,1,1,B3DB_classification:1286,butriptyline,CC(CC1c2ccccc2CCc2ccccc21)CN(C)C,B3DB_classification:1286,butriptyline,CC(CC1c2ccccc2CCc2ccccc21)CN(C)C,,,
tdc_no_conflict_salt_removed,train,440,train:440,CN(C)C(=O)COC1c2ccccc2CCc2ccccc21,1,True,,CN(C)C(=O)COC1c2ccccc2CCc2ccccc21,CN(C)C(=O)COC1c2ccccc2CCc2ccccc21,1,exact,1,1,B3DB_classification:1720,oxitriptyline,CN(C)C(=O)COC1c2ccccc2CCc2ccccc21,B3DB_classification:1720,oxitriptyline,CN(C)C(=O)COC1c2ccccc2CCc2ccccc21,,,
tdc_no_conflict_salt_removed,train,441,train:441,NC(=O)C1c2ccccc2CCc2ccccc21,1,True,,NC(=O)C1c2ccccc2CCc2ccccc21,NC(=O)C1c2ccccc2CCc2ccccc21,1,exact,1,1,B3DB_classification:2284,cyheptamide,NC(=O)C1c2ccccc2CCc2ccccc21,B3DB_classification:2284,cyheptamide,NC(=O)C1c2ccccc2CCc2ccccc21,,,
tdc_no_conflict_salt_removed,train,442,train:442,O=C(O)CCCCCC[NH2+]C1c2ccccc2CCc2ccccc21,1,True,,O=C(O)CCCCCC[NH2+]C1c2ccccc2CCc2ccccc21,O=C(O)CCCCCC[NH2+]C1c2ccccc2CCc2ccccc21,1,unmatched,,,,,,,,,,,
tdc_no_conflict_salt_removed,train,443,train:443,CC1COC2(c3ccccc3Cl)c3cc(Cl)ccc3NC(=O)CN12,1,True,,CC1COC2(c3ccccc3Cl)c3cc(Cl)ccc3NC(=O)CN12,CC1COC2(c3ccccc3Cl)c3cc(Cl)ccc3NC(=O)CN12,1,exact,1,1,B3DB_classification:1402,mexazolam,CC1COC2(c3ccccc3Cl)c3cc(Cl)ccc3NC(=O)CN12,B3DB_classification:1402,mexazolam,CC1COC2(c3ccccc3Cl)c3cc(Cl)ccc3NC(=O)CN12,,,
tdc_no_conflict_salt_removed,train,444,train:444,O=C1CN2CCOC2(c2ccccc2Cl)c2cc(Cl)ccc2N1,1,True,,O=C1CN2CCOC2(c2ccccc2Cl)c2cc(Cl)ccc2N1,O=C1CN2CCOC2(c2ccccc2Cl)c2cc(Cl)ccc2N1,1,exact,1,1,B3DB_classification:2452,cloxazolam,O=C1CN2CCOC2(c2ccccc2Cl)c2cc(Cl)ccc2N1,B3DB_classification:2452,cloxazolam,O=C1CN2CCOC2(c2ccccc2Cl)c2cc(Cl)ccc2N1,,,
tdc_no_conflict_salt_removed,train,445,train:445,O=C1CN2CCOC2(c2ccccc2F)c2cc(Br)ccc2N1,1,True,,O=C1CN2CCOC2(c2ccccc2F)c2cc(Br)ccc2N1,O=C1CN2CCOC2(c2ccccc2F)c2cc(Br)ccc2N1,1,exact,1,1,B3DB_classification:2453,haloxazolam,O=C1CN2CCOC2(c2ccccc2F)c2cc(Br)ccc2N1,B3DB_classification:2453,haloxazolam,O=C1CN2CCOC2(c2ccccc2F)c2cc(Br)ccc2N1,,,
tdc_no_conflict_salt_removed,train,446,train:446,O=C1CN2CCOC2(c2ccccc2F)c2cc(Cl)ccc2N1CCO,1,True,,O=C1CN2CCOC2(c2ccccc2F)c2cc(Cl)ccc2N1CCO,O=C1CN2CCOC2(c2ccccc2F)c2cc(Cl)ccc2N1CCO,1,exact,1,1,B3DB_classification:2454,flutazolam,O=C1CN2CCOC2(c2ccccc2F)c2cc(Cl)ccc2N1CCO,B3DB_classification:2454,flutazolam,O=C1CN2CCOC2(c2ccccc2F)c2cc(Cl)ccc2N1CCO,,,
tdc_no_conflict_salt_removed,train,447,train:447,C[C@@H]1CN2CC(=O)Nc3ccc(Cl)cc3[C@]2(c2ccccc2)O1,1,True,,C[C@@H]1CN2CC(=O)Nc3ccc(Cl)cc3[C@]2(c2ccccc2)O1,C[C@@H]1CN2CC(=O)Nc3ccc(Cl)cc3[C@]2(c2ccccc2)O1,1,exact,1,1,B3DB_classification:2106,oxazolam,C[C@@H]1CN2CC(=O)Nc3ccc(Cl)cc3[C@]2(c2ccccc2)O1,B3DB_classification:2106,oxazolam,C[C@@H]1CN2CC(=O)Nc3ccc(Cl)cc3[C@]2(c2ccccc2)O1,,,
tdc_no_conflict_salt_removed,train,448,train:448,CC1CN(C)CC2Cc3c(ccc4ccccc34)OC12O,1,True,,CC1CN(C)CC2Cc3c(ccc4ccccc34)OC12O,CC1CN(C)CC2Cc3c(ccc4ccccc34)OC12O,1,exact,1,1,B3DB_classification:1400,naranol,CC1CN(C)CC2Cc3c(ccc4ccccc34)OC12O,B3DB_classification:1400,naranol,CC1CN(C)CC2Cc3c(ccc4ccccc34)OC12O,,,
tdc_no_conflict_salt_removed,train,449,train:449,NC(=O)CN1C(=O)C(c2ccccc2)c2ccccc21,1,True,,NC(=O)CN1C(=O)C(c2ccccc2)c2ccccc21,NC(=O)CN1C(=O)C(c2ccccc2)c2ccccc21,1,exact,1,1,B3DB_classification:2285,doliracetam,NC(=O)CN1C(=O)C(c2ccccc2)c2ccccc21,B3DB_classification:2285,doliracetam,NC(=O)CN1C(=O)C(c2ccccc2)c2ccccc21,,,
tdc_no_conflict_salt_removed,train,450,train:450,CC(=O)N1CCN(c2ccc(OC[C@H]3CO[C@](Cn4ccnc4)(c4ccc(Cl)cc4Cl)O3)cc2)CC1,0,True,,CC(=O)N1CCN(c2ccc(OC[C@H]3CO[C@](Cn4ccnc4)(c4ccc(Cl)cc4Cl)O3)cc2)CC1,CC(=O)N1CCN(c2ccc(OC[C@H]3CO[C@](Cn4ccnc4)(c4ccc(Cl)cc4Cl)O3)cc2)CC1,1,exact,1,1,B3DB_classification:364,ketoconazole,CC(=O)N1CCN(c2ccc(OC[C@H]3CO[C@](Cn4ccnc4)(c4ccc(Cl)cc4Cl)O3)cc2)CC1,B3DB_classification:364,ketoconazole,CC(=O)N1CCN(c2ccc(OC[C@H]3CO[C@](Cn4ccnc4)(c4ccc(Cl)cc4Cl)O3)cc2)CC1,,,b3db_exact_label_mismatch|b3db_salt_removed_label_mismatch
tdc_no_conflict_salt_removed,train,451,train:451,O=C1C[C@H]2SC(C3(O)CN4C(=O)C[C@H]4S3)CN12,1,True,,O=C1C[C@H]2SC(C3(O)CN4C(=O)C[C@H]4S3)CN12,O=C1C[C@H]2SC(C3(O)CN4C(=O)C[C@H]4S3)CN12,1,exact,1,1,B3DB_classification:2467,schembl499258,O=C1C[C@H]2SC(C3(O)CN4C(=O)C[C@H]4S3)CN12,B3DB_classification:2467,schembl499258,O=C1C[C@H]2SC(C3(O)CN4C(=O)C[C@H]4S3)CN12,,,
tdc_no_conflict_salt_removed,train,452,train:452,CCCCCN[C@@]12C=CC(=O)[C@@H]3Oc4c(O)ccc5c4[C@@]31CCN(C)[C@@H]2C5,1,True,,CCCCCN[C@@]12C=CC(=O)[C@@H]3Oc4c(O)ccc5c4[C@@]31CCN(C)[C@@H]2C5,CCCCCN[C@@]12C=CC(=O)[C@@H]3Oc4c(O)ccc5c4[C@@]31CCN(C)[C@@H]2C5,1,exact,1,1,B3DB_classification:1538,pentamorphone,CCCCCN[C@@]12C=CC(=O)[C@@H]3Oc4c(O)ccc5c4[C@@]31CCN(C)[C@@H]2C5,B3DB_classification:1538,pentamorphone,CCCCCN[C@@]12C=CC(=O)[C@@H]3Oc4c(O)ccc5c4[C@@]31CCN(C)[C@@H]2C5,,,
tdc_no_conflict_salt_removed,train,453,train:453,c1ccc(C2CN=C3NCCN32)cc1,1,True,,c1ccc(C2CN=C3NCCN32)cc1,c1ccc(C2CN=C3NCCN32)cc1,1,exact,1,1,B3DB_classification:2569,deximafen (imafen),c1ccc(C2CN=C3NCCN32)cc1,B3DB_classification:2569,deximafen (imafen),c1ccc(C2CN=C3NCCN32)cc1,,,
tdc_no_conflict_salt_removed,train,454,train:454,O=c1n(CCCN2CCN(c3cccc(Cl)c3)CC2)nc2ccccn12,1,True,,O=c1n(CCCN2CCN(c3cccc(Cl)c3)CC2)nc2ccccn12,O=c1n(CCCN2CCN(c3cccc(Cl)c3)CC2)nc2ccccn12,1,exact,1,1,B3DB_classification:406,trazodone,O=c1n(CCCN2CCN(c3cccc(Cl)c3)CC2)nc2ccccn12,B3DB_classification:406,trazodone,O=c1n(CCCN2CCN(c3cccc(Cl)c3)CC2)nc2ccccn12,,,
tdc_no_conflict_salt_removed,train,455,train:455,CCC1(C2=CCCCC2)C(=O)NC(=O)NC1=O,1,True,,CCC1(C2=CCCCC2)C(=O)NC(=O)NC1=O,CCC1(C2=CCCCC2)C(=O)NC(=O)NC1=O,1,exact,1,1,B3DB_classification:344,cyclobarbital,CCC1(C2=CCCCC2)C(=O)NC(=O)NC1=O,B3DB_classification:344,cyclobarbital,CCC1(C2=CCCCC2)C(=O)NC(=O)NC1=O,,,
tdc_no_conflict_salt_removed,train,456,train:456,CN1C(=O)NC(=O)C(C)(C2=CCCCC2)C1=O,1,True,,CN1C(=O)NC(=O)C(C)(C2=CCCCC2)C1=O,CN1C(=O)NC(=O)C(C)(C2=CCCCC2)C1=O,1,exact,1,1,B3DB_classification:606,56-29-1,CN1C(=O)NC(=O)C(C)(C2=CCCCC2)C1=O,B3DB_classification:606,56-29-1,CN1C(=O)NC(=O)C(C)(C2=CCCCC2)C1=O,,,
tdc_no_conflict_salt_removed,train,457,train:457,CN(C)[C@@H](CCOc1cccc2ccccc12)c1ccccc1,1,True,,CN(C)[C@@H](CCOc1cccc2ccccc12)c1ccccc1,CN(C)[C@@H](CCOc1cccc2ccccc12)c1ccccc1,1,exact,1,1,B3DB_classification:1779,dapoxetine,CN(C)[C@@H](CCOc1cccc2ccccc12)c1ccccc1,B3DB_classification:1779,dapoxetine,CN(C)[C@@H](CCOc1cccc2ccccc12)c1ccccc1,,,
tdc_no_conflict_salt_removed,train,458,train:458,CO[C@H]1/C=C/O[C@@]2(C)Oc3c(C)c(O)c4c(c3C2=O)C2=NC3(CCN(CC(C)C)CC3)NC2=C(NC(=O)/C(C)=C\C=C\[C@H](C)[C@H](O)[C@@H](C)[C@@H](O)[C@@H](C)[C@H](OC(C)=O)[C@@H]1C)C4=O,0,True,,CO[C@H]1/C=C/O[C@@]2(C)Oc3c(C)c(O)c4c(c3C2=O)C2=NC3(CCN(CC(C)C)CC3)NC2=C(NC(=O)/C(C)=C\C=C\[C@H](C)[C@H](O)[C@@H](C)[C@@H](O)[C@@H](C)[C@H](OC(C)=O)[C@@H]1C)C4=O,CO[C@H]1/C=C/O[C@@]2(C)Oc3c(C)c(O)c4c(c3C2=O)C2=NC3(CCN(CC(C)C)CC3)NC2=C(NC(=O)/C(C)=C\C=C\[C@H](C)[C@H](O)[C@@H](C)[C@@H](O)[C@@H](C)[C@H](OC(C)=O)[C@@H]1C)C4=O,1,unmatched,,,,,,,,,,,
tdc_no_conflict_salt_removed,train,459,train:459,OC1(c2ccc(Cl)cc2)c2ccccc2C2=NCCN21,1,True,,OC1(c2ccc(Cl)cc2)c2ccccc2C2=NCCN21,OC1(c2ccc(Cl)cc2)c2ccccc2C2=NCCN21,1,exact,1,1,B3DB_classification:2525,mazindol,OC1(c2ccc(Cl)cc2)c2ccccc2C2=NCCN21,B3DB_classification:2525,mazindol,OC1(c2ccc(Cl)cc2)c2ccccc2C2=NCCN21,,,
tdc_no_conflict_salt_removed,train,460,train:460,CCC12CCN(CC3CCC3)C(Cc3ccc(O)cc31)C2(C)C,1,True,,CCC12CCN(CC3CCC3)C(Cc3ccc(O)cc31)C2(C)C,CCC12CCN(CC3CCC3)C(Cc3ccc(O)cc31)C2(C)C,1,exact,1,1,B3DB_classification:1486,cogazocine,CCC12CCN(CC3CCC3)C(Cc3ccc(O)cc31)C2(C)C,B3DB_classification:1486,cogazocine,CCC12CCN(CC3CCC3)C(Cc3ccc(O)cc31)C2(C)C,,,
tdc_no_conflict_salt_removed,train,461,train:461,CN1CCN(C2=Cc3cc(Cl)ccc3/C(=C\C#N)c3ccccc32)CC1,1,True,,CN1CCN(C2=Cc3cc(Cl)ccc3/C(=C\C#N)c3ccccc32)CC1,CN1CCN(C2=Cc3cc(Cl)ccc3/C(=C\C#N)c3ccccc32)CC1,1,exact,1,1,B3DB_classification:1845,schembl11084330,CN1CCN(C2=Cc3cc(Cl)ccc3/C(=C\C#N)c3ccccc32)CC1,B3DB_classification:1845,schembl11084330,CN1CCN(C2=Cc3cc(Cl)ccc3/C(=C\C#N)c3ccccc32)CC1,,,
tdc_no_conflict_salt_removed,train,462,train:462,CC(CCN1CCN(c2ccc(F)cc2)CC1)NC(=O)c1cccnc1,1,True,,CC(CCN1CCN(c2ccc(F)cc2)CC1)NC(=O)c1cccnc1,CC(CCN1CCN(c2ccc(F)cc2)CC1)NC(=O)c1cccnc1,1,exact,1,1,B3DB_classification:1287,niaprazine,CC(CCN1CCN(c2ccc(F)cc2)CC1)NC(=O)c1cccnc1,B3DB_classification:1287,niaprazine,CC(CCN1CCN(c2ccc(F)cc2)CC1)NC(=O)c1cccnc1,,,
tdc_no_conflict_salt_removed,train,463,train:463,OCCN1CCN([C@@H]2C[C@@H](c3ccc(F)cc3)c3ccc(C(F)(F)F)cc32)CC1,1,True,,OCCN1CCN([C@@H]2C[C@@H](c3ccc(F)cc3)c3ccc(C(F)(F)F)cc32)CC1,OCCN1CCN([C@@H]2C[C@@H](c3ccc(F)cc3)c3ccc(C(F)(F)F)cc32)CC1,1,exact,1,1,B3DB_classification:2543,tefludazine,OCCN1CCN([C@@H]2C[C@@H](c3ccc(F)cc3)c3ccc(C(F)(F)F)cc32)CC1,B3DB_classification:2543,tefludazine,OCCN1CCN([C@@H]2C[C@@H](c3ccc(F)cc3)c3ccc(C(F)(F)F)cc32)CC1,,,
tdc_no_conflict_salt_removed,train,464,train:464,O=C1CCC(N2C(=O)c3ccccc3C2=O)C(=O)N1,1,True,,O=C1CCC(N2C(=O)c3ccccc3C2=O)C(=O)N1,O=C1CCC(N2C(=O)c3ccccc3C2=O)C(=O)N1,1,exact,1,1,B3DB_classification:514,thalidomide,O=C1CCC(N2C(=O)c3ccccc3C2=O)C(=O)N1,B3DB_classification:514,thalidomide,O=C1CCC(N2C(=O)c3ccccc3C2=O)C(=O)N1,,,
tdc_no_conflict_salt_removed,train,465,train:465,CN1C[C@H](C(=O)N[C@]2(C)O[C@@]3(O)[C@@H]4CCCN4C(=O)[C@H](Cc4ccccc4)N3C2=O)C[C@@H]2c3cccc4[nH]cc(c34)C[C@H]21,0,True,,CN1C[C@H](C(=O)N[C@]2(C)O[C@@]3(O)[C@@H]4CCCN4C(=O)[C@H](Cc4ccccc4)N3C2=O)C[C@@H]2c3cccc4[nH]cc(c34)C[C@H]21,CN1C[C@H](C(=O)N[C@]2(C)O[C@@]3(O)[C@@H]4CCCN4C(=O)[C@H](Cc4ccccc4)N3C2=O)C[C@@H]2c3cccc4[nH]cc(c34)C[C@H]21,1,exact,0,0,B3DB_classification:1884,dihydroergotamine,CN1C[C@H](C(=O)N[C@]2(C)O[C@@]3(O)[C@@H]4CCCN4C(=O)[C@H](Cc4ccccc4)N3C2=O)C[C@@H]2c3cccc4[nH]cc(c34)C[C@H]21,B3DB_classification:1884,dihydroergotamine,CN1C[C@H](C(=O)N[C@]2(C)O[C@@]3(O)[C@@H]4CCCN4C(=O)[C@H](Cc4ccccc4)N3C2=O)C[C@@H]2c3cccc4[nH]cc(c34)C[C@H]21,,,
tdc_no_conflict_salt_removed,train,466,train:466,CC(=O)[C@@]1(O)[C@@H](C)C[C@H]2[C@@H]3CCC4=CC(=O)C=C[C@]4(C)[C@@]3(F)[C@@H](O)C[C@@]21C,1,True,,CC(=O)[C@@]1(O)[C@@H](C)C[C@H]2[C@@H]3CCC4=CC(=O)C=C[C@]4(C)[C@@]3(F)[C@@H](O)C[C@@]21C,CC(=O)[C@@]1(O)[C@@H](C)C[C@H]2[C@@H]3CCC4=CC(=O)C=C[C@]4(C)[C@@]3(F)[C@@H](O)C[C@@]21C,1,exact,1,1,B3DB_classification:1205,doxibetasol,CC(=O)[C@@]1(O)[C@@H](C)C[C@H]2[C@@H]3CCC4=CC(=O)C=C[C@]4(C)[C@@]3(F)[C@@H](O)C[C@@]21C,B3DB_classification:1205,doxibetasol,CC(=O)[C@@]1(O)[C@@H](C)C[C@H]2[C@@H]3CCC4=CC(=O)C=C[C@]4(C)[C@@]3(F)[C@@H](O)C[C@@]21C,,,
tdc_no_conflict_salt_removed,train,467,train:467,C[C@@H]1C[C@H]2[C@@H]3C[C@H](F)C4=CC(=O)C=C[C@]4(C)[C@H]3[C@@H](O)C[C@]2(C)[C@@]1(O)C(=O)CO,1,True,,C[C@@H]1C[C@H]2[C@@H]3C[C@H](F)C4=CC(=O)C=C[C@]4(C)[C@H]3[C@@H](O)C[C@]2(C)[C@@]1(O)C(=O)CO,C[C@@H]1C[C@H]2[C@@H]3C[C@H](F)C4=CC(=O)C=C[C@]4(C)[C@H]3[C@@H](O)C[C@]2(C)[C@@]1(O)C(=O)CO,1,exact,1,1,B3DB_classification:2114,paramethasone,C[C@@H]1C[C@H]2[C@@H]3C[C@H](F)C4=CC(=O)C=C[C@]4(C)[C@H]3[C@@H](O)C[C@]2(C)[C@@]1(O)C(=O)CO,B3DB_classification:2114,paramethasone,C[C@@H]1C[C@H]2[C@@H]3C[C@H](F)C4=CC(=O)C=C[C@]4(C)[C@H]3[C@@H](O)C[C@]2(C)[C@@]1(O)C(=O)CO,,,
tdc_no_conflict_salt_removed,train,468,train:468,CCC(=O)OCC(=O)[C@@]1(OC(=O)CC)[C@@H](C)C[C@H]2[C@@H]3CCC4=CC(=O)C=C[C@]4(C)[C@@]3(Cl)[C@@H](O)C[C@@]21C,1,True,,CCC(=O)OCC(=O)[C@@]1(OC(=O)CC)[C@@H](C)C[C@H]2[C@@H]3CCC4=CC(=O)C=C[C@]4(C)[C@@]3(Cl)[C@@H](O)C[C@@]21C,CCC(=O)OCC(=O)[C@@]1(OC(=O)CC)[C@@H](C)C[C@H]2[C@@H]3CCC4=CC(=O)C=C[C@]4(C)[C@@]3(Cl)[C@@H](O)C[C@@]21C,1,exact,1,1,B3DB_classification:1428,beclomethasonedipropionate(beclometasone-dipropionate),CCC(=O)OCC(=O)[C@@]1(OC(=O)CC)[C@@H](C)C[C@H]2[C@@H]3CCC4=CC(=O)C=C[C@]4(C)[C@@]3(Cl)[C@@H](O)C[C@@]21C,B3DB_classification:1428,beclomethasonedipropionate(beclometasone-dipropionate),CCC(=O)OCC(=O)[C@@]1(OC(=O)CC)[C@@H](C)C[C@H]2[C@@H]3CCC4=CC(=O)C=C[C@]4(C)[C@@]3(Cl)[C@@H](O)C[C@@]21C,,,
tdc_no_conflict_salt_removed,train,469,train:469,C[C@@H]1C[C@H]2[C@H]3[C@H]([C@@H](O)C[C@]2(C)[C@@]1(O)C(=O)CO)[C@@]1(C)C=CC(=O)C=C1C[C@H]3Cl,1,True,,C[C@@H]1C[C@H]2[C@H]3[C@H]([C@@H](O)C[C@]2(C)[C@@]1(O)C(=O)CO)[C@@]1(C)C=CC(=O)C=C1C[C@H]3Cl,C[C@@H]1C[C@H]2[C@H]3[C@H]([C@@H](O)C[C@]2(C)[C@@]1(O)C(=O)CO)[C@@]1(C)C=CC(=O)C=C1C[C@H]3Cl,1,unmatched,,,,,,,,,,,
tdc_no_conflict_salt_removed,train,470,train:470,CC12C=CC(=O)C=C1CCC1C3CCC(O)(C(=O)CO)C3(C)CC(O)C12F,1,True,,CC12C=CC(=O)C=C1CCC1C3CCC(O)(C(=O)CO)C3(C)CC(O)C12F,CC12C=CC(=O)C=C1CCC1C3CCC(O)(C(=O)CO)C3(C)CC(O)C12F,1,exact,1,1,B3DB_classification:1372,isoflupredone,CC12C=CC(=O)C=C1CCC1C3CCC(O)(C(=O)CO)C3(C)CC(O)C12F,B3DB_classification:1372,isoflupredone,CC12C=CC(=O)C=C1CCC1C3CCC(O)(C(=O)CO)C3(C)CC(O)C12F,,,
tdc_no_conflict_salt_removed,train,471,train:471,CC(=O)OCC(=O)[C@@]1(O)CC[C@H]2[C@@H]3CCC4=CC(=O)C=C[C@]4(C)[C@@]3(F)[C@@H](O)C[C@@]21C,1,True,,CC(=O)OCC(=O)[C@@]1(O)CC[C@H]2[C@@H]3CCC4=CC(=O)C=C[C@]4(C)[C@@]3(F)[C@@H](O)C[C@@]21C,CC(=O)OCC(=O)[C@@]1(O)CC[C@H]2[C@@H]3CCC4=CC(=O)C=C[C@]4(C)[C@@]3(F)[C@@H](O)C[C@@]21C,1,exact,1,1,B3DB_classification:1164,isoflupredone-acetate,CC(=O)OCC(=O)[C@@]1(O)CC[C@H]2[C@@H]3CCC4=CC(=O)C=C[C@]4(C)[C@@]3(F)[C@@H](O)C[C@@]21C,B3DB_classification:1164,isoflupredone-acetate,CC(=O)OCC(=O)[C@@]1(O)CC[C@H]2[C@@H]3CCC4=CC(=O)C=C[C@]4(C)[C@@]3(F)[C@@H](O)C[C@@]21C,,,
tdc_no_conflict_salt_removed,train,472,train:472,CC(=O)OCC(=O)[C@@]1(O)[C@H](C)C[C@H]2[C@@H]3C[C@H](F)C4=CC(=O)C=C[C@]4(C)[C@H]3[C@@H](O)C[C@@]21C,1,True,,CC(=O)OCC(=O)[C@@]1(O)[C@H](C)C[C@H]2[C@@H]3C[C@H](F)C4=CC(=O)C=C[C@]4(C)[C@H]3[C@@H](O)C[C@@]21C,CC(=O)OCC(=O)[C@@]1(O)[C@H](C)C[C@H]2[C@@H]3C[C@H](F)C4=CC(=O)C=C[C@]4(C)[C@H]3[C@@H](O)C[C@@]21C,1,exact,1,1,B3DB_classification:1173,paramethasone-acetate,CC(=O)OCC(=O)[C@@]1(O)[C@H](C)C[C@H]2[C@@H]3C[C@H](F)C4=CC(=O)C=C[C@]4(C)[C@H]3[C@@H](O)C[C@@]21C,B3DB_classification:1173,paramethasone-acetate,CC(=O)OCC(=O)[C@@]1(O)[C@H](C)C[C@H]2[C@@H]3C[C@H](F)C4=CC(=O)C=C[C@]4(C)[C@H]3[C@@H](O)C[C@@]21C,,,
tdc_no_conflict_salt_removed,train,473,train:473,C[C@@H]1C[C@H]2[C@@H]3CCC4=CC(=O)C=C[C@]4(C)[C@@]3(F)[C@@H](O)C[C@]2(C)[C@@]1(C)C(=O)CO,1,True,,C[C@@H]1C[C@H]2[C@@H]3CCC4=CC(=O)C=C[C@]4(C)[C@@]3(F)[C@@H](O)C[C@]2(C)[C@@]1(C)C(=O)CO,C[C@@H]1C[C@H]2[C@@H]3CCC4=CC(=O)C=C[C@]4(C)[C@@]3(F)[C@@H](O)C[C@]2(C)[C@@]1(C)C(=O)CO,1,exact,1,1,B3DB_classification:2109,dimesone,C[C@@H]1C[C@H]2[C@@H]3CCC4=CC(=O)C=C[C@]4(C)[C@@]3(F)[C@@H](O)C[C@]2(C)[C@@]1(C)C(=O)CO,B3DB_classification:2109,dimesone,C[C@@H]1C[C@H]2[C@@H]3CCC4=CC(=O)C=C[C@]4(C)[C@@]3(F)[C@@H](O)C[C@]2(C)[C@@]1(C)C(=O)CO,,,
tdc_no_conflict_salt_removed,train,474,train:474,C[C@@H]1C[C@H]2[C@@H]3C[C@H](F)C4=CC(=O)C=C[C@]4(C)[C@@]3(F)[C@@H](O)C[C@]2(C)[C@@]1(O)C(=O)CO,1,True,,C[C@@H]1C[C@H]2[C@@H]3C[C@H](F)C4=CC(=O)C=C[C@]4(C)[C@@]3(F)[C@@H](O)C[C@]2(C)[C@@]1(O)C(=O)CO,C[C@@H]1C[C@H]2[C@@H]3C[C@H](F)C4=CC(=O)C=C[C@]4(C)[C@@]3(F)[C@@H](O)C[C@]2(C)[C@@]1(O)C(=O)CO,1,exact,1,1,B3DB_classification:2112,flumethasone(flumetasoneanddiflorasone),C[C@@H]1C[C@H]2[C@@H]3C[C@H](F)C4=CC(=O)C=C[C@]4(C)[C@@]3(F)[C@@H](O)C[C@]2(C)[C@@]1(O)C(=O)CO,B3DB_classification:2112,flumethasone(flumetasoneanddiflorasone),C[C@@H]1C[C@H]2[C@@H]3C[C@H](F)C4=CC(=O)C=C[C@]4(C)[C@@]3(F)[C@@H](O)C[C@]2(C)[C@@]1(O)C(=O)CO,,,
tdc_no_conflict_salt_removed,train,475,train:475,CC(=O)C1CCC2C3CC(C)C4=CC(=O)C=CC4(C)C3C(O)CC12C,1,True,,CC(=O)C1CCC2C3CC(C)C4=CC(=O)C=CC4(C)C3C(O)CC12C,CC(=O)C1CCC2C3CC(C)C4=CC(=O)C=CC4(C)C3C(O)CC12C,1,exact,1,1,B3DB_classification:1135,endrysone (endrisone),CC(=O)C1CCC2C3CC(C)C4=CC(=O)C=CC4(C)C3C(O)CC12C,B3DB_classification:1135,endrysone (endrisone),CC(=O)C1CCC2C3CC(C)C4=CC(=O)C=CC4(C)C3C(O)CC12C,,,
tdc_no_conflict_salt_removed,train,476,train:476,CC(=O)OCC(=O)[C@@]1(OC(=O)C(C)C)[C@@H](C)C[C@H]2[C@@H]3CCC4=CC(=O)C=C[C@]4(C)[C@@]3(F)[C@@H](O)C[C@@]21C,1,True,,CC(=O)OCC(=O)[C@@]1(OC(=O)C(C)C)[C@@H](C)C[C@H]2[C@@H]3CCC4=CC(=O)C=C[C@]4(C)[C@@]3(F)[C@@H](O)C[C@@]21C,CC(=O)OCC(=O)[C@@]1(OC(=O)C(C)C)[C@@H](C)C[C@H]2[C@@H]3CCC4=CC(=O)C=C[C@]4(C)[C@@]3(F)[C@@H](O)C[C@@]21C,1,exact,1,1,B3DB_classification:1175,betamethasone-acetate(dexamethasone-acetate),CC(=O)OCC(=O)[C@@]1(OC(=O)C(C)C)[C@@H](C)C[C@H]2[C@@H]3CCC4=CC(=O)C=C[C@]4(C)[C@@]3(F)[C@@H](O)C[C@@]21C,B3DB_classification:1175,betamethasone-acetate(dexamethasone-acetate),CC(=O)OCC(=O)[C@@]1(OC(=O)C(C)C)[C@@H](C)C[C@H]2[C@@H]3CCC4=CC(=O)C=C[C@]4(C)[C@@]3(F)[C@@H](O)C[C@@]21C,,,
tdc_no_conflict_salt_removed,train,477,train:477,CC(=O)OCC(=O)[C@@]1(O)[C@@H](C)C[C@H]2[C@@H]3CCC4=CC(=O)C=C[C@]4(C)[C@@]3(F)[C@@H](O)C[C@@]21C,1,True,,CC(=O)OCC(=O)[C@@]1(O)[C@@H](C)C[C@H]2[C@@H]3CCC4=CC(=O)C=C[C@]4(C)[C@@]3(F)[C@@H](O)C[C@@]21C,CC(=O)OCC(=O)[C@@]1(O)[C@@H](C)C[C@H]2[C@@H]3CCC4=CC(=O)C=C[C@]4(C)[C@@]3(F)[C@@H](O)C[C@@]21C,1,exact,1,1,B3DB_classification:1171,betamethasone-acetate,CC(=O)OCC(=O)[C@@]1(O)[C@@H](C)C[C@H]2[C@@H]3CCC4=CC(=O)C=C[C@]4(C)[C@@]3(F)[C@@H](O)C[C@@]21C,B3DB_classification:1171,betamethasone-acetate,CC(=O)OCC(=O)[C@@]1(O)[C@@H](C)C[C@H]2[C@@H]3CCC4=CC(=O)C=C[C@]4(C)[C@@]3(F)[C@@H](O)C[C@@]21C,,,
tdc_no_conflict_salt_removed,train,478,train:478,CCC(=O)OCC(=O)[C@@]1(OC(=O)CC)[C@@H](C)C[C@H]2[C@@H]3CCC4=CC(=O)C=C[C@]4(C)[C@@]3(F)[C@@H](O)C[C@@]21C,1,True,,CCC(=O)OCC(=O)[C@@]1(OC(=O)CC)[C@@H](C)C[C@H]2[C@@H]3CCC4=CC(=O)C=C[C@]4(C)[C@@]3(F)[C@@H](O)C[C@@]21C,CCC(=O)OCC(=O)[C@@]1(OC(=O)CC)[C@@H](C)C[C@H]2[C@@H]3CCC4=CC(=O)C=C[C@]4(C)[C@@]3(F)[C@@H](O)C[C@@]21C,1,exact,1,1,B3DB_classification:1429,betamethasone-valerate,CCC(=O)OCC(=O)[C@@]1(OC(=O)CC)[C@@H](C)C[C@H]2[C@@H]3CCC4=CC(=O)C=C[C@]4(C)[C@@]3(F)[C@@H](O)C[C@@]21C,B3DB_classification:1429,betamethasone-valerate,CCC(=O)OCC(=O)[C@@]1(OC(=O)CC)[C@@H](C)C[C@H]2[C@@H]3CCC4=CC(=O)C=C[C@]4(C)[C@@]3(F)[C@@H](O)C[C@@]21C,,,
tdc_no_conflict_salt_removed,train,479,train:479,C[C@@H]1C[C@H]2C3C[C@H](F)C4=CC(=O)C=CC4(C)[C@@]3(F)[C@@H](O)CC2(C)[C@@]1(O)C(=O)COC(=O)C(C)(C)C,1,True,,C[C@@H]1C[C@H]2C3C[C@H](F)C4=CC(=O)C=CC4(C)[C@@]3(F)[C@@H](O)CC2(C)[C@@]1(O)C(=O)COC(=O)C(C)(C)C,C[C@@H]1C[C@H]2C3C[C@H](F)C4=CC(=O)C=CC4(C)[C@@]3(F)[C@@H](O)CC2(C)[C@@]1(O)C(=O)COC(=O)C(C)(C)C,1,exact,1,1,B3DB_classification:2107,locacorten,C[C@@H]1C[C@H]2C3C[C@H](F)C4=CC(=O)C=CC4(C)[C@@]3(F)[C@@H](O)CC2(C)[C@@]1(O)C(=O)COC(=O)C(C)(C)C,B3DB_classification:2107,locacorten,C[C@@H]1C[C@H]2C3C[C@H](F)C4=CC(=O)C=CC4(C)[C@@]3(F)[C@@H](O)CC2(C)[C@@]1(O)C(=O)COC(=O)C(C)(C)C,,,
tdc_no_conflict_salt_removed,train,480,train:480,C[C@]12C=CC(=O)C=C1[C@@H](F)C[C@H]1[C@@H]3C[C@@H](O)[C@](O)(C(=O)CO)[C@@]3(C)C[C@H](O)[C@@]12F,1,True,,C[C@]12C=CC(=O)C=C1[C@@H](F)C[C@H]1[C@@H]3C[C@@H](O)[C@](O)(C(=O)CO)[C@@]3(C)C[C@H](O)[C@@]12F,C[C@]12C=CC(=O)C=C1[C@@H](F)C[C@H]1[C@@H]3C[C@@H](O)[C@](O)(C(=O)CO)[C@@]3(C)C[C@H](O)[C@@]12F,1,exact,1,1,B3DB_classification:2144,fluocinolone,C[C@]12C[C@H](O)[C@@]3(F)[C@@H](C[C@H](F)C4=CC(=O)C=C[C@@]43C)[C@@H]1C[C@@H](O)[C@]2(O)C(=O)CO,B3DB_classification:2144,fluocinolone,C[C@]12C[C@H](O)[C@@]3(F)[C@@H](C[C@H](F)C4=CC(=O)C=C[C@@]43C)[C@@H]1C[C@@H](O)[C@]2(O)C(=O)CO,,,
tdc_no_conflict_salt_removed,train,481,train:481,CCCCOC(=O)C(=O)[C@H]1[C@H](C)C[C@H]2[C@@H]3C[C@H](F)C4=CC(=O)C=C[C@]4(C)[C@H]3[C@@H](O)C[C@@]21C,1,True,,CCCCOC(=O)C(=O)[C@H]1[C@H](C)C[C@H]2[C@@H]3C[C@H](F)C4=CC(=O)C=C[C@]4(C)[C@H]3[C@@H](O)C[C@@]21C,CCCCOC(=O)C(=O)[C@H]1[C@H](C)C[C@H]2[C@@H]3C[C@H](F)C4=CC(=O)C=C[C@]4(C)[C@H]3[C@@H](O)C[C@@]21C,1,exact,1,1,B3DB_classification:1549,fluocortin butyl,CCCCOC(=O)C(=O)[C@H]1[C@H](C)C[C@H]2[C@@H]3C[C@H](F)C4=CC(=O)C=C[C@]4(C)[C@H]3[C@@H](O)C[C@@]21C,B3DB_classification:1549,fluocortin butyl,CCCCOC(=O)C(=O)[C@H]1[C@H](C)C[C@H]2[C@@H]3C[C@H](F)C4=CC(=O)C=C[C@]4(C)[C@H]3[C@@H](O)C[C@@]21C,,,
tdc_no_conflict_salt_removed,train,482,train:482,C[C@@H]1C[C@H]2[C@@H]3C[C@H](F)C4=CC(=O)C=C[C@]4(C)[C@H]3[C@@H](O)C[C@]2(C)[C@H]1C(=O)CO,1,True,,C[C@@H]1C[C@H]2[C@@H]3C[C@H](F)C4=CC(=O)C=C[C@]4(C)[C@H]3[C@@H](O)C[C@]2(C)[C@H]1C(=O)CO,C[C@@H]1C[C@H]2[C@@H]3C[C@H](F)C4=CC(=O)C=C[C@]4(C)[C@H]3[C@@H](O)C[C@]2(C)[C@H]1C(=O)CO,1,exact,1,1,B3DB_classification:2115,fluocortolone,C[C@@H]1C[C@H]2[C@@H]3C[C@H](F)C4=CC(=O)C=C[C@]4(C)[C@H]3[C@@H](O)C[C@]2(C)[C@H]1C(=O)CO,B3DB_classification:2115,fluocortolone,C[C@@H]1C[C@H]2[C@@H]3C[C@H](F)C4=CC(=O)C=C[C@]4(C)[C@H]3[C@@H](O)C[C@]2(C)[C@H]1C(=O)CO,,,
tdc_no_conflict_salt_removed,train,483,train:483,CC(=O)[C@@]1(O)CC[C@H]2[C@@H]3C[C@H](C)C4=CC(=O)C=C[C@]4(C)[C@@]3(F)[C@@H](O)C[C@@]21C,1,True,,CC(=O)[C@@]1(O)CC[C@H]2[C@@H]3C[C@H](C)C4=CC(=O)C=C[C@]4(C)[C@@]3(F)[C@@H](O)C[C@@]21C,CC(=O)[C@@]1(O)CC[C@H]2[C@@H]3C[C@H](C)C4=CC(=O)C=C[C@]4(C)[C@@]3(F)[C@@H](O)C[C@@]21C,1,exact,1,1,B3DB_classification:1204,fluorometholone,CC(=O)[C@@]1(O)CC[C@H]2[C@@H]3C[C@H](C)C4=CC(=O)C=C[C@]4(C)[C@@]3(F)[C@@H](O)C[C@@]21C,B3DB_classification:1204,fluorometholone,CC(=O)[C@@]1(O)CC[C@H]2[C@@H]3C[C@H](C)C4=CC(=O)C=C[C@]4(C)[C@@]3(F)[C@@H](O)C[C@@]21C,,,
tdc_no_conflict_salt_removed,train,484,train:484,CC(=O)O[C@@H](C)C(=O)[C@@]1(O)CC[C@H]2[C@@H]3CCC4=CC(=O)C=C[C@]4(C)[C@@]3(F)[C@@H](O)C[C@@]21C,1,True,,CC(=O)O[C@@H](C)C(=O)[C@@]1(O)CC[C@H]2[C@@H]3CCC4=CC(=O)C=C[C@]4(C)[C@@]3(F)[C@@H](O)C[C@@]21C,CC(=O)O[C@@H](C)C(=O)[C@@]1(O)CC[C@H]2[C@@H]3CCC4=CC(=O)C=C[C@]4(C)[C@@]3(F)[C@@H](O)C[C@@]21C,1,exact,1,1,B3DB_classification:1197,fluperolone acetate,CC(=O)O[C@@H](C)C(=O)[C@@]1(O)CC[C@H]2[C@@H]3CCC4=CC(=O)C=C[C@]4(C)[C@@]3(F)[C@@H](O)C[C@@]21C,B3DB_classification:1197,fluperolone acetate,CC(=O)O[C@@H](C)C(=O)[C@@]1(O)CC[C@H]2[C@@H]3CCC4=CC(=O)C=C[C@]4(C)[C@@]3(F)[C@@H](O)C[C@@]21C,,,
tdc_no_conflict_salt_removed,train,485,train:485,C[C@]12C=CC(=O)C=C1[C@@H](F)C[C@@H]1[C@@H]2[C@@H](O)C[C@@]2(C)[C@H]1CC[C@]2(O)C(=O)CO,1,True,,C[C@]12C=CC(=O)C=C1[C@@H](F)C[C@@H]1[C@@H]2[C@@H](O)C[C@@]2(C)[C@H]1CC[C@]2(O)C(=O)CO,C[C@]12C=CC(=O)C=C1[C@@H](F)C[C@@H]1[C@@H]2[C@@H](O)C[C@@]2(C)[C@H]1CC[C@]2(O)C(=O)CO,1,exact,1,1,B3DB_classification:2150,fluprednisolone,C[C@]12C[C@H](O)[C@H]3[C@@H](C[C@H](F)C4=CC(=O)C=C[C@@]43C)[C@@H]1CC[C@]2(O)C(=O)CO,B3DB_classification:2150,fluprednisolone,C[C@]12C[C@H](O)[C@H]3[C@@H](C[C@H](F)C4=CC(=O)C=C[C@@]43C)[C@@H]1CC[C@]2(O)C(=O)CO,,,
tdc_no_conflict_salt_removed,train,486,train:486,CCCCC(=O)O[C@]1(C(=O)CO)CCC2C3CC(F)C4=CC(=O)C=CC4(C)C3C(O)CC21C,1,True,,CCCCC(=O)O[C@]1(C(=O)CO)CCC2C3CC(F)C4=CC(=O)C=CC4(C)C3C(O)CC21C,CCCCC(=O)O[C@]1(C(=O)CO)CCC2C3CC(F)C4=CC(=O)C=CC4(C)C3C(O)CC21C,1,exact,1,1,B3DB_classification:1510,fluprednisolone-valerate,CCCCC(=O)O[C@]1(C(=O)CO)CCC2C3CC(F)C4=CC(=O)C=CC4(C)C3C(O)CC21C,B3DB_classification:1510,fluprednisolone-valerate,CCCCC(=O)O[C@]1(C(=O)CO)CCC2C3CC(F)C4=CC(=O)C=CC4(C)C3C(O)CC21C,,,
tdc_no_conflict_salt_removed,train,487,train:487,CC(=O)OCC(=O)[C@@]1(O)CC[C@H]2[C@@H]3CCC4=CC(=O)C=C[C@]4(C)[C@H]3[C@@H](O)C[C@@]21C,1,True,,CC(=O)OCC(=O)[C@@]1(O)CC[C@H]2[C@@H]3CCC4=CC(=O)C=C[C@]4(C)[C@H]3[C@@H](O)C[C@@]21C,CC(=O)OCC(=O)[C@@]1(O)CC[C@H]2[C@@H]3CCC4=CC(=O)C=C[C@]4(C)[C@H]3[C@@H](O)C[C@@]21C,1,exact,1,1,B3DB_classification:1165,prednisolone acetate,CC(=O)OCC(=O)[C@@]1(O)CC[C@H]2[C@@H]3CCC4=CC(=O)C=C[C@]4(C)[C@H]3[C@@H](O)C[C@@]21C,B3DB_classification:1165,prednisolone acetate,CC(=O)OCC(=O)[C@@]1(O)CC[C@H]2[C@@H]3CCC4=CC(=O)C=C[C@]4(C)[C@H]3[C@@H](O)C[C@@]21C,,,
tdc_no_conflict_salt_removed,train,488,train:488,C[C@]12C=CC(=O)C=C1CC[C@H]1[C@@H]3C[C@@H](O)[C@](O)(C(=O)CO)[C@@]3(C)C[C@H](O)[C@@]12F,0,True,,C[C@]12C=CC(=O)C=C1CC[C@H]1[C@@H]3C[C@@H](O)[C@](O)(C(=O)CO)[C@@]3(C)C[C@H](O)[C@@]12F,C[C@]12C=CC(=O)C=C1CC[C@H]1[C@@H]3C[C@@H](O)[C@](O)(C(=O)CO)[C@@]3(C)C[C@H](O)[C@@]12F,1,unmatched,,,,,,,,,,,
tdc_no_conflict_salt_removed,train,489,train:489,C[C@]12C=CC(=O)C=C1CC[C@@H]1[C@@H]2[C@@H](O)C[C@@]2(C)[C@H]1CC[C@]2(O)C(=O)COC(=O)CCC(=O)[O-],1,True,,C[C@]12C=CC(=O)C=C1CC[C@@H]1[C@@H]2[C@@H](O)C[C@@]2(C)[C@H]1CC[C@]2(O)C(=O)COC(=O)CCC(=O)[O-],C[C@]12C=CC(=O)C=C1CC[C@@H]1[C@@H]2[C@@H](O)C[C@@]2(C)[C@H]1CC[C@]2(O)C(=O)COC(=O)CCC(=O)[O-],1,unmatched,,,,,,,,,,,
tdc_no_conflict_salt_removed,train,490,train:490,CCCCC(=O)OC1(C(=O)CO)CCC2C3CCC4=CC(=O)C=CC4(C)C3C(O)CC21C,1,True,,CCCCC(=O)OC1(C(=O)CO)CCC2C3CCC4=CC(=O)C=CC4(C)C3C(O)CC21C,CCCCC(=O)OC1(C(=O)CO)CCC2C3CCC4=CC(=O)C=CC4(C)C3C(O)CC21C,1,exact,1,1,B3DB_classification:1509,prednival,CCCCC(=O)OC1(C(=O)CO)CCC2C3CCC4=CC(=O)C=CC4(C)C3C(O)CC21C,B3DB_classification:1509,prednival,CCCCC(=O)OC1(C(=O)CO)CCC2C3CCC4=CC(=O)C=CC4(C)C3C(O)CC21C,,,
tdc_no_conflict_salt_removed,train,491,train:491,CCOC(=O)OC1(C(=O)OCCl)CCC2C3CCC4=CC(=O)C=CC4(C)C3C(O)CC21C,1,True,,CCOC(=O)OC1(C(=O)OCCl)CCC2C3CCC4=CC(=O)C=CC4(C)C3C(O)CC21C,CCOC(=O)OC1(C(=O)OCCl)CCC2C3CCC4=CC(=O)C=CC4(C)C3C(O)CC21C,1,exact,1,1,B3DB_classification:1644,loteprednol etabonate,CCOC(=O)OC1(C(=O)OCCl)CCC2C3CCC4=CC(=O)C=CC4(C)C3C(O)CC21C,B3DB_classification:1644,loteprednol etabonate,CCOC(=O)OC1(C(=O)OCCl)CCC2C3CCC4=CC(=O)C=CC4(C)C3C(O)CC21C,,,
tdc_no_conflict_salt_removed,train,492,train:492,C[C@@H]1CC2[C@@H]3C[C@H](F)C4=CC(=O)C(Cl)=C[C@]4(C)[C@@]3(F)[C@@H](O)C[C@]2(C)[C@@]1(O)C(=O)CO,1,True,,C[C@@H]1CC2[C@@H]3C[C@H](F)C4=CC(=O)C(Cl)=C[C@]4(C)[C@@]3(F)[C@@H](O)C[C@]2(C)[C@@]1(O)C(=O)CO,C[C@@H]1CC2[C@@H]3C[C@H](F)C4=CC(=O)C(Cl)=C[C@]4(C)[C@@]3(F)[C@@H](O)C[C@]2(C)[C@@]1(O)C(=O)CO,1,exact,1,1,B3DB_classification:2105,halometasone,C[C@@H]1CC2[C@@H]3C[C@H](F)C4=CC(=O)C(Cl)=C[C@]4(C)[C@@]3(F)[C@@H](O)C[C@]2(C)[C@@]1(O)C(=O)CO,B3DB_classification:2105,halometasone,C[C@@H]1CC2[C@@H]3C[C@H](F)C4=CC(=O)C(Cl)=C[C@]4(C)[C@@]3(F)[C@@H](O)C[C@]2(C)[C@@]1(O)C(=O)CO,,,
tdc_no_conflict_salt_removed,train,493,train:493,C[C@@H]1CC2C3CCC4=CC(=O)C=CC4(C)[C@@]3(Cl)C(Cl)CC2(C)[C@@]1(O)C(=O)CO,1,True,,C[C@@H]1CC2C3CCC4=CC(=O)C=CC4(C)[C@@]3(Cl)C(Cl)CC2(C)[C@@]1(O)C(=O)CO,C[C@@H]1CC2C3CCC4=CC(=O)C=CC4(C)[C@@]3(Cl)C(Cl)CC2(C)[C@@]1(O)C(=O)CO,1,exact,1,1,B3DB_classification:2101,meclorisone(meclorisone-dibutyrate),C[C@@H]1CC2C3CCC4=CC(=O)C=CC4(C)[C@@]3(Cl)C(Cl)CC2(C)[C@@]1(O)C(=O)CO,B3DB_classification:2101,meclorisone(meclorisone-dibutyrate),C[C@@H]1CC2C3CCC4=CC(=O)C=CC4(C)[C@@]3(Cl)C(Cl)CC2(C)[C@@]1(O)C(=O)CO,,,
tdc_no_conflict_salt_removed,train,494,train:494,CCC(=O)OCC(=O)[C@@]1(OC(=O)CC)[C@H](C)C[C@H]2[C@H]3[C@H]([C@@H](O)C[C@@]21C)[C@@]1(C)C=CC(=O)C=C1C[C@H]3Cl,1,True,,CCC(=O)OCC(=O)[C@@]1(OC(=O)CC)[C@H](C)C[C@H]2[C@H]3[C@H]([C@@H](O)C[C@@]21C)[C@@]1(C)C=CC(=O)C=C1C[C@H]3Cl,CCC(=O)OCC(=O)[C@@]1(OC(=O)CC)[C@H](C)C[C@H]2[C@H]3[C@H]([C@@H](O)C[C@@]21C)[C@@]1(C)C=CC(=O)C=C1C[C@H]3Cl,1,exact,1,1,B3DB_classification:1430,alclometasone-dipropionate,CCC(=O)OCC(=O)[C@@]1(OC(=O)CC)[C@H](C)C[C@H]2[C@H]3[C@H]([C@@H](O)C[C@@]21C)[C@@]1(C)C=CC(=O)C=C1C[C@H]3Cl,B3DB_classification:1430,alclometasone-dipropionate,CCC(=O)OCC(=O)[C@@]1(OC(=O)CC)[C@H](C)C[C@H]2[C@H]3[C@H]([C@@H](O)C[C@@]21C)[C@@]1(C)C=CC(=O)C=C1C[C@H]3Cl,,,
tdc_no_conflict_salt_removed,train,495,train:495,CSC(=O)C1(OC(C)=O)[C@@H](C)C[C@H]2[C@@H]3CCC4=CC(=O)C=C[C@]4(C)C3(F)[C@@H](O)C[C@@]21C,1,True,,CSC(=O)C1(OC(C)=O)[C@@H](C)C[C@H]2[C@@H]3CCC4=CC(=O)C=C[C@]4(C)C3(F)[C@@H](O)C[C@@]21C,CSC(=O)C1(OC(C)=O)[C@@H](C)C[C@H]2[C@@H]3CCC4=CC(=O)C=C[C@]4(C)C3(F)[C@@H](O)C[C@@]21C,1,exact,1,1,B3DB_classification:2091,dtxsid201000603,CSC(=O)C1(OC(C)=O)[C@@H](C)C[C@H]2[C@@H]3CCC4=CC(=O)C=C[C@]4(C)C3(F)[C@@H](O)C[C@@]21C,B3DB_classification:2091,dtxsid201000603,CSC(=O)C1(OC(C)=O)[C@@H](C)C[C@H]2[C@@H]3CCC4=CC(=O)C=C[C@]4(C)C3(F)[C@@H](O)C[C@@]21C,,,
tdc_no_conflict_salt_removed,train,496,train:496,CCCC(=O)O[C@]1(C(=O)COC(C)=O)[C@H](C)C[C@H]2[C@@H]3CCC4=CC(=O)C=C[C@]4(C)[C@@]3(Cl)[C@@H](O)C[C@@]21C,1,True,,CCCC(=O)O[C@]1(C(=O)COC(C)=O)[C@H](C)C[C@H]2[C@@H]3CCC4=CC(=O)C=C[C@]4(C)[C@@]3(Cl)[C@@H](O)C[C@@]21C,CCCC(=O)O[C@]1(C(=O)COC(C)=O)[C@H](C)C[C@H]2[C@@H]3CCC4=CC(=O)C=C[C@]4(C)[C@@]3(Cl)[C@@H](O)C[C@@]21C,1,exact,1,1,B3DB_classification:1495,icometasone-enbutate,CCCC(=O)O[C@]1(C(=O)COC(C)=O)[C@H](C)C[C@H]2[C@@H]3CCC4=CC(=O)C=C[C@]4(C)[C@@]3(Cl)[C@@H](O)C[C@@]21C,B3DB_classification:1495,icometasone-enbutate,CCCC(=O)O[C@]1(C(=O)COC(C)=O)[C@H](C)C[C@H]2[C@@H]3CCC4=CC(=O)C=C[C@]4(C)[C@@]3(Cl)[C@@H](O)C[C@@]21C,,,
tdc_no_conflict_salt_removed,train,497,train:497,C[C@@H]1CC2C3C[C@H](F)C4=CC(=O)C=CC4(C)[C@@]3(Cl)C(O)CC2(C)C1C(=O)CO,1,True,,C[C@@H]1CC2C3C[C@H](F)C4=CC(=O)C=CC4(C)[C@@]3(Cl)C(O)CC2(C)C1C(=O)CO,C[C@@H]1CC2C3C[C@H](F)C4=CC(=O)C=CC4(C)[C@@]3(Cl)C(O)CC2(C)C1C(=O)CO,1,exact,1,1,B3DB_classification:2102,chembl63427,C[C@@H]1CC2C3C[C@H](F)C4=CC(=O)C=CC4(C)[C@@]3(Cl)C(O)CC2(C)C1C(=O)CO,B3DB_classification:2102,chembl63427,C[C@@H]1CC2C3C[C@H](F)C4=CC(=O)C=CC4(C)[C@@]3(Cl)C(O)CC2(C)C1C(=O)CO,,,
tdc_no_conflict_salt_removed,train,498,train:498,CC(=O)OCC(=O)[C@H]1[C@H](C)C[C@H]2[C@@H]3C[C@H](F)C4=CC(=O)C=C[C@]4(C)C3(Cl)[C@@H](O)C[C@@]21C,1,True,,CC(=O)OCC(=O)[C@H]1[C@H](C)C[C@H]2[C@@H]3C[C@H](F)C4=CC(=O)C=C[C@]4(C)C3(Cl)[C@@H](O)C[C@@]21C,CC(=O)OCC(=O)[C@H]1[C@H](C)C[C@H]2[C@@H]3C[C@H](F)C4=CC(=O)C=C[C@]4(C)C3(Cl)[C@@H](O)C[C@@]21C,1,exact,1,1,B3DB_classification:1184,clocortolone-acetate,CC(=O)OCC(=O)[C@H]1[C@H](C)C[C@H]2[C@@H]3C[C@H](F)C4=CC(=O)C=C[C@]4(C)C3(Cl)[C@@H](O)C[C@@]21C,B3DB_classification:1184,clocortolone-acetate,CC(=O)OCC(=O)[C@H]1[C@H](C)C[C@H]2[C@@H]3C[C@H](F)C4=CC(=O)C=C[C@]4(C)C3(Cl)[C@@H](O)C[C@@]21C,,,
tdc_no_conflict_salt_removed,train,499,train:499,C[C@@H]1CC2C3C[C@H](F)C4=CC(=O)C=CC4(C)[C@@]3(Cl)C(O)CC2(C)C1C(=O)COC(=O)C(C)(C)C,1,True,,C[C@@H]1CC2C3C[C@H](F)C4=CC(=O)C=CC4(C)[C@@]3(Cl)C(O)CC2(C)C1C(=O)COC(=O)C(C)(C)C,C[C@@H]1CC2C3C[C@H](F)C4=CC(=O)C=CC4(C)[C@@]3(Cl)C(O)CC2(C)C1C(=O)COC(=O)C(C)(C)C,1,exact,1,1,B3DB_classification:2103,clocortolone-pivalate,C[C@@H]1CC2C3C[C@H](F)C4=CC(=O)C=CC4(C)[C@@]3(Cl)C(O)CC2(C)C1C(=O)COC(=O)C(C)(C)C,B3DB_classification:2103,clocortolone-pivalate,C[C@@H]1CC2C3C[C@H](F)C4=CC(=O)C=CC4(C)[C@@]3(Cl)C(O)CC2(C)C1C(=O)COC(=O)C(C)(C)C,,,
tdc_no_conflict_salt_removed,train,500,train:500,CCOC(=O)O[C@]1(C(=O)COC(=O)CC)CC[C@H]2[C@@H]3CCC4=CC(=O)C=C[C@]4(C)[C@H]3[C@@H](O)C[C@@]21C,1,True,,CCOC(=O)O[C@]1(C(=O)COC(=O)CC)CC[C@H]2[C@@H]3CCC4=CC(=O)C=C[C@]4(C)[C@H]3[C@@H](O)C[C@@]21C,CCOC(=O)O[C@]1(C(=O)COC(=O)CC)CC[C@H]2[C@@H]3CCC4=CC(=O)C=C[C@]4(C)[C@H]3[C@@H](O)C[C@@]21C,1,exact,1,1,B3DB_classification:1646,prednicarbate,CCOC(=O)O[C@]1(C(=O)COC(=O)CC)CC[C@H]2[C@@H]3CCC4=CC(=O)C=C[C@]4(C)[C@H]3[C@@H](O)C[C@@]21C,B3DB_classification:1646,prednicarbate,CCOC(=O)O[C@]1(C(=O)COC(=O)CC)CC[C@H]2[C@@H]3CCC4=CC(=O)C=C[C@]4(C)[C@H]3[C@@H](O)C[C@@]21C,,,
tdc_no_conflict_salt_removed,train,501,train:501,CCN(CC)CC(=O)OCC(=O)C1(O)CCC2C3CCC4=CC(=O)C=CC4(C)C3C(O)CC21C,1,True,,CCN(CC)CC(=O)OCC(=O)C1(O)CCC2C3CCC4=CC(=O)C=CC4(C)C3C(O)CC21C,CCN(CC)CC(=O)OCC(=O)C1(O)CCC2C3CCC4=CC(=O)C=CC4(C)C3C(O)CC21C,1,exact,1,1,B3DB_classification:1591,prednisolamate,CCN(CC)CC(=O)OCC(=O)C1(O)CCC2C3CCC4=CC(=O)C=CC4(C)C3C(O)CC21C,B3DB_classification:1591,prednisolamate,CCN(CC)CC(=O)OCC(=O)C1(O)CCC2C3CCC4=CC(=O)C=CC4(C)C3C(O)CC21C,,,
tdc_no_conflict_salt_removed,train,502,train:502,CCCCCCCCCCCCCCCCCC(=O)OCC(=O)OCC(=O)[C@@]1(O)CC[C@H]2[C@@H]3CCC4=CC(=O)C=C[C@]4(C)[C@H]3[C@@H](O)C[C@@]21C,1,True,,CCCCCCCCCCCCCCCCCC(=O)OCC(=O)OCC(=O)[C@@]1(O)CC[C@H]2[C@@H]3CCC4=CC(=O)C=C[C@]4(C)[C@H]3[C@@H](O)C[C@@]21C,CCCCCCCCCCCCCCCCCC(=O)OCC(=O)OCC(=O)[C@@]1(O)CC[C@H]2[C@@H]3CCC4=CC(=O)C=C[C@]4(C)[C@H]3[C@@H](O)C[C@@]21C,1,exact,1,1,B3DB_classification:1530,prednisolone-steaglate,CCCCCCCCCCCCCCCCCC(=O)OCC(=O)OCC(=O)[C@@]1(O)CC[C@H]2[C@@H]3CCC4=CC(=O)C=C[C@]4(C)[C@H]3[C@@H](O)C[C@@]21C,B3DB_classification:1530,prednisolone-steaglate,CCCCCCCCCCCCCCCCCC(=O)OCC(=O)OCC(=O)[C@@]1(O)CC[C@H]2[C@@H]3CCC4=CC(=O)C=C[C@]4(C)[C@H]3[C@@H](O)C[C@@]21C,,,
tdc_no_conflict_salt_removed,train,503,train:503,CC(C)(C)CC(=O)OCC(=O)[C@@]1(O)CC[C@H]2[C@@H]3CCC4=CC(=O)C=C[C@]4(C)[C@H]3[C@@H](O)C[C@@]21C,1,True,,CC(C)(C)CC(=O)OCC(=O)[C@@]1(O)CC[C@H]2[C@@H]3CCC4=CC(=O)C=C[C@]4(C)[C@H]3[C@@H](O)C[C@@]21C,CC(C)(C)CC(=O)OCC(=O)[C@@]1(O)CC[C@H]2[C@@H]3CCC4=CC(=O)C=C[C@]4(C)[C@H]3[C@@H](O)C[C@@]21C,1,exact,1,1,B3DB_classification:1228,prednisolone-tebutate,CC(C)(C)CC(=O)OCC(=O)[C@@]1(O)CC[C@H]2[C@@H]3CCC4=CC(=O)C=C[C@]4(C)[C@H]3[C@@H](O)C[C@@]21C,B3DB_classification:1228,prednisolone-tebutate,CC(C)(C)CC(=O)OCC(=O)[C@@]1(O)CC[C@H]2[C@@H]3CCC4=CC(=O)C=C[C@]4(C)[C@H]3[C@@H](O)C[C@@]21C,,,
tdc_no_conflict_salt_removed,train,504,train:504,CCC(=O)O[C@]1(C(=O)COC(C)=O)CC[C@H]2[C@@H]3C[C@H](C)C4=CC(=O)C=C[C@]4(C)[C@H]3[C@@H](O)C[C@@]21C,1,True,,CCC(=O)O[C@]1(C(=O)COC(C)=O)CC[C@H]2[C@@H]3C[C@H](C)C4=CC(=O)C=C[C@]4(C)[C@H]3[C@@H](O)C[C@@]21C,CCC(=O)O[C@]1(C(=O)COC(C)=O)CC[C@H]2[C@@H]3C[C@H](C)C4=CC(=O)C=C[C@]4(C)[C@H]3[C@@H](O)C[C@@]21C,1,exact,1,1,B3DB_classification:1436,methylprednisolone-aceponate,CCC(=O)O[C@]1(C(=O)COC(C)=O)CC[C@H]2[C@@H]3C[C@H](C)C4=CC(=O)C=C[C@]4(C)[C@H]3[C@@H](O)C[C@@]21C,B3DB_classification:1436,methylprednisolone-aceponate,CCC(=O)O[C@]1(C(=O)COC(C)=O)CC[C@H]2[C@@H]3C[C@H](C)C4=CC(=O)C=C[C@]4(C)[C@H]3[C@@H](O)C[C@@]21C,,,
tdc_no_conflict_salt_removed,train,505,train:505,CCS[C@]1(SC)CC[C@H]2[C@@H]3CCC4=CC(=O)C=C[C@]4(C)[C@@]3(F)[C@@H](O)C[C@@]21C,1,True,,CCS[C@]1(SC)CC[C@H]2[C@@H]3CCC4=CC(=O)C=C[C@]4(C)[C@@]3(F)[C@@H](O)C[C@@]21C,CCS[C@]1(SC)CC[C@H]2[C@@H]3CCC4=CC(=O)C=C[C@]4(C)[C@@]3(F)[C@@H](O)C[C@@]21C,1,exact,1,1,B3DB_classification:1663,tipredane,CCS[C@]1(SC)CC[C@H]2[C@@H]3CCC4=CC(=O)C=C[C@]4(C)[C@@]3(F)[C@@H](O)C[C@@]21C,B3DB_classification:1663,tipredane,CCS[C@]1(SC)CC[C@H]2[C@@H]3CCC4=CC(=O)C=C[C@]4(C)[C@@]3(F)[C@@H](O)C[C@@]21C,,,
tdc_no_conflict_salt_removed,train,506,train:506,CCC(=O)O[C@]1(C(=O)SC)[C@H](C)CC2C3C[C@H](F)C4=CC(=O)C=CC4(C)[C@@]3(F)[C@@H](O)C[C@@]21C,1,True,,CCC(=O)O[C@]1(C(=O)SC)[C@H](C)CC2C3C[C@H](F)C4=CC(=O)C=CC4(C)[C@@]3(F)[C@@H](O)C[C@@]21C,CCC(=O)O[C@]1(C(=O)SC)[C@H](C)CC2C3C[C@H](F)C4=CC(=O)C=CC4(C)[C@@]3(F)[C@@H](O)C[C@@]21C,1,exact,1,1,B3DB_classification:1438,schembl144284,CCC(=O)O[C@]1(C(=O)SC)[C@H](C)CC2C3C[C@H](F)C4=CC(=O)C=CC4(C)[C@@]3(F)[C@@H](O)C[C@@]21C,B3DB_classification:1438,schembl144284,CCC(=O)O[C@]1(C(=O)SC)[C@H](C)CC2C3C[C@H](F)C4=CC(=O)C=CC4(C)[C@@]3(F)[C@@H](O)C[C@@]21C,,,
tdc_no_conflict_salt_removed,train,507,train:507,CCC(=O)O[C@]1(C(=O)COC)[C@@H](C)C[C@H]2[C@@H]3CCC4=CC(=O)C=C[C@]4(C)[C@@]3(F)[C@@H](O)C[C@@]21C,1,True,,CCC(=O)O[C@]1(C(=O)COC)[C@@H](C)C[C@H]2[C@@H]3CCC4=CC(=O)C=C[C@]4(C)[C@@]3(F)[C@@H](O)C[C@@]21C,CCC(=O)O[C@]1(C(=O)COC)[C@@H](C)C[C@H]2[C@@H]3CCC4=CC(=O)C=C[C@]4(C)[C@@]3(F)[C@@H](O)C[C@@]21C,1,exact,1,1,B3DB_classification:1437,amelometasone,CCC(=O)O[C@]1(C(=O)COC)[C@@H](C)C[C@H]2[C@@H]3CCC4=CC(=O)C=C[C@]4(C)[C@@]3(F)[C@@H](O)C[C@@]21C,B3DB_classification:1437,amelometasone,CCC(=O)O[C@]1(C(=O)COC)[C@@H](C)C[C@H]2[C@@H]3CCC4=CC(=O)C=C[C@]4(C)[C@@]3(F)[C@@H](O)C[C@@]21C,,,
tdc_no_conflict_salt_removed,train,508,train:508,CCC(=O)O[C@]1(C(=O)SCCl)[C@H](C)C[C@H]2C3C[C@H](F)C4=CC(=O)C=C[C@]4(C)[C@@]3(F)[C@@H](O)C[C@@]21C,1,True,,CCC(=O)O[C@]1(C(=O)SCCl)[C@H](C)C[C@H]2C3C[C@H](F)C4=CC(=O)C=C[C@]4(C)[C@@]3(F)[C@@H](O)C[C@@]21C,CCC(=O)O[C@]1(C(=O)SCCl)[C@H](C)C[C@H]2C3C[C@H](F)C4=CC(=O)C=C[C@]4(C)[C@@]3(F)[C@@H](O)C[C@@]21C,1,exact,1,1,B3DB_classification:1439,schembl13773292,CCC(=O)O[C@]1(C(=O)SCCl)[C@H](C)C[C@H]2C3C[C@H](F)C4=CC(=O)C=C[C@]4(C)[C@@]3(F)[C@@H](O)C[C@@]21C,B3DB_classification:1439,schembl13773292,CCC(=O)O[C@]1(C(=O)SCCl)[C@H](C)C[C@H]2C3C[C@H](F)C4=CC(=O)C=C[C@]4(C)[C@@]3(F)[C@@H](O)C[C@@]21C,,,
tdc_no_conflict_salt_removed,train,509,train:509,CCCCOC(=O)C(=O)C1C(C)CC2C3CC(F)C4=CC(=O)C=CC4(C)C3C(O)CC21C,1,True,,CCCCOC(=O)C(=O)C1C(C)CC2C3CC(F)C4=CC(=O)C=CC4(C)C3C(O)CC21C,CCCCOC(=O)C(=O)C1C(C)CC2C3CC(F)C4=CC(=O)C=CC4(C)C3C(O)CC21C,1,exact,1,1,B3DB_classification:1548,schembl25219,CCCCOC(=O)C(=O)C1C(C)CC2C3CC(F)C4=CC(=O)C=CC4(C)C3C(O)CC21C,B3DB_classification:1548,schembl25219,CCCCOC(=O)C(=O)C1C(C)CC2C3CC(F)C4=CC(=O)C=CC4(C)C3C(O)CC21C,,,
tdc_no_conflict_salt_removed,train,510,train:510,CCCCCC(=O)OCC(=O)C1C(C)CC2C3CC(F)C4=CC(=O)C=CC4(C)C3C(O)CC21C,1,True,,CCCCCC(=O)OCC(=O)C1C(C)CC2C3CC(F)C4=CC(=O)C=CC4(C)C3C(O)CC21C,CCCCCC(=O)OCC(=O)C1C(C)CC2C3CC(F)C4=CC(=O)C=CC4(C)C3C(O)CC21C,1,exact,1,1,B3DB_classification:1517,fluocortolone-21-hexanoat,CCCCCC(=O)OCC(=O)C1C(C)CC2C3CC(F)C4=CC(=O)C=CC4(C)C3C(O)CC21C,B3DB_classification:1517,fluocortolone-21-hexanoat,CCCCCC(=O)OCC(=O)C1C(C)CC2C3CC(F)C4=CC(=O)C=CC4(C)C3C(O)CC21C,,,
tdc_no_conflict_salt_removed,train,511,train:511,CC1CC2C3CC(F)(F)C4=CC(=O)C=C[C@]4(C)C3(F)C(O)CC2(C)C1(O)C(=O)CO,1,True,,CC1CC2C3CC(F)(F)C4=CC(=O)C=C[C@]4(C)C3(F)C(O)CC2(C)C1(O)C(=O)CO,CC1CC2C3CC(F)(F)C4=CC(=O)C=C[C@]4(C)C3(F)C(O)CC2(C)C1(O)C(=O)CO,1,exact,1,1,B3DB_classification:1396,cormetasone,CC1CC2C3CC(F)(F)C4=CC(=O)C=C[C@]4(C)C3(F)C(O)CC2(C)C1(O)C(=O)CO,B3DB_classification:1396,cormetasone,CC1CC2C3CC(F)(F)C4=CC(=O)C=C[C@]4(C)C3(F)C(O)CC2(C)C1(O)C(=O)CO,,,
tdc_no_conflict_salt_removed,train,512,train:512,CC(=O)O[C@]1(C(C)=O)CC[C@H]2[C@@H]3C[C@H](C)C4=CC(=O)C=C[C@]4(C)[C@@]3(F)[C@@H](O)C[C@@]21C,1,True,,CC(=O)O[C@]1(C(C)=O)CC[C@H]2[C@@H]3C[C@H](C)C4=CC(=O)C=C[C@]4(C)[C@@]3(F)[C@@H](O)C[C@@]21C,CC(=O)O[C@]1(C(C)=O)CC[C@H]2[C@@H]3C[C@H](C)C4=CC(=O)C=C[C@]4(C)[C@@]3(F)[C@@H](O)C[C@@]21C,1,exact,1,1,B3DB_classification:1202,fluorometholone acetate,CC(=O)O[C@]1(C(C)=O)CC[C@H]2[C@@H]3C[C@H](C)C4=CC(=O)C=C[C@]4(C)[C@@]3(F)[C@@H](O)C[C@@]21C,B3DB_classification:1202,fluorometholone acetate,CC(=O)O[C@]1(C(C)=O)CC[C@H]2[C@@H]3C[C@H](C)C4=CC(=O)C=C[C@]4(C)[C@@]3(F)[C@@H](O)C[C@@]21C,,,
tdc_no_conflict_salt_removed,train,513,train:513,CC1CC2C3CCC4=CC(=O)C=CC4(C)[C@@]3(F)C(O)CC2(C)[C@@]1(O)C(=O)CCl,1,True,,CC1CC2C3CCC4=CC(=O)C=CC4(C)[C@@]3(F)C(O)CC2(C)[C@@]1(O)C(=O)CCl,CC1CC2C3CCC4=CC(=O)C=CC4(C)[C@@]3(F)C(O)CC2(C)[C@@]1(O)C(=O)CCl,1,exact,1,1,B3DB_classification:1399,clobetasol,CC1CC2C3CCC4=CC(=O)C=CC4(C)[C@@]3(F)C(O)CC2(C)[C@@]1(O)C(=O)CCl,B3DB_classification:1399,clobetasol,CC1CC2C3CCC4=CC(=O)C=CC4(C)[C@@]3(F)C(O)CC2(C)[C@@]1(O)C(=O)CCl,,,
tdc_no_conflict_salt_removed,train,514,train:514,CCC(=O)O[C@]1(C(=O)CCl)[C@@H](C)C[C@H]2[C@@H]3CCC4=CC(=O)C=C[C@]4(C)[C@@]3(F)[C@@H](O)C[C@@]21C,1,True,,CCC(=O)O[C@]1(C(=O)CCl)[C@@H](C)C[C@H]2[C@@H]3CCC4=CC(=O)C=C[C@]4(C)[C@@]3(F)[C@@H](O)C[C@@]21C,CCC(=O)O[C@]1(C(=O)CCl)[C@@H](C)C[C@H]2[C@@H]3CCC4=CC(=O)C=C[C@]4(C)[C@@]3(F)[C@@H](O)C[C@@]21C,1,exact,1,1,B3DB_classification:1434,clobetasol-propionate,CCC(=O)O[C@]1(C(=O)CCl)[C@@H](C)C[C@H]2[C@@H]3CCC4=CC(=O)C=C[C@]4(C)[C@@]3(F)[C@@H](O)C[C@@]21C,B3DB_classification:1434,clobetasol-propionate,CCC(=O)O[C@]1(C(=O)CCl)[C@@H](C)C[C@H]2[C@@H]3CCC4=CC(=O)C=C[C@]4(C)[C@@]3(F)[C@@H](O)C[C@@]21C,,,
tdc_no_conflict_salt_removed,train,515,train:515,CSC(=O)C1(O)C(C)CC2C3CCC4=CC(=O)C=CC4(C)C3(F)C(O)CC21C,1,True,,CSC(=O)C1(O)C(C)CC2C3CCC4=CC(=O)C=CC4(C)C3(F)C(O)CC21C,CSC(=O)C1(O)C(C)CC2C3CCC4=CC(=O)C=CC4(C)C3(F)C(O)CC21C,1,exact,1,1,B3DB_classification:2090,timobesone,CSC(=O)C1(O)C(C)CC2C3CCC4=CC(=O)C=CC4(C)C3(F)C(O)CC21C,B3DB_classification:2090,timobesone,CSC(=O)C1(O)C(C)CC2C3CCC4=CC(=O)C=CC4(C)C3(F)C(O)CC21C,,,
tdc_no_conflict_salt_removed,train,516,train:516,CC(=O)OCC(=O)C1(O)C(C)CC2C3CC(F)(F)C4=CC(=O)C=CC4(C)C3(F)C(O)CC21C,1,True,,CC(=O)OCC(=O)C1(O)C(C)CC2C3CC(F)(F)C4=CC(=O)C=CC4(C)C3(F)C(O)CC21C,CC(=O)OCC(=O)C1(O)C(C)CC2C3CC(F)(F)C4=CC(=O)C=CC4(C)C3(F)C(O)CC21C,1,exact,1,1,B3DB_classification:1160,cormethasoneacetate (cormetasone-acetate),CC(=O)OCC(=O)C1(O)C(C)CC2C3CC(F)(F)C4=CC(=O)C=CC4(C)C3(F)C(O)CC21C,B3DB_classification:1160,cormethasoneacetate (cormetasone-acetate),CC(=O)OCC(=O)C1(O)C(C)CC2C3CC(F)(F)C4=CC(=O)C=CC4(C)C3(F)C(O)CC21C,,,
tdc_no_conflict_salt_removed,train,517,train:517,CC(=O)OCC(=O)[C@@]1(O)[C@H](OC(C)=O)C[C@H]2[C@@H]3CCC4=CC(=O)C=C[C@]4(C)[C@@]3(F)[C@@H](O)C[C@@]21C,1,True,,CC(=O)OCC(=O)[C@@]1(O)[C@H](OC(C)=O)C[C@H]2[C@@H]3CCC4=CC(=O)C=C[C@]4(C)[C@@]3(F)[C@@H](O)C[C@@]21C,CC(=O)OCC(=O)[C@@]1(O)[C@H](OC(C)=O)C[C@H]2[C@@H]3CCC4=CC(=O)C=C[C@]4(C)[C@@]3(F)[C@@H](O)C[C@@]21C,1,exact,1,1,B3DB_classification:1174,triamcinolone-diacetate,CC(=O)OCC(=O)[C@@]1(O)[C@H](OC(C)=O)C[C@H]2[C@@H]3CCC4=CC(=O)C=C[C@]4(C)[C@@]3(F)[C@@H](O)C[C@@]21C,B3DB_classification:1174,triamcinolone-diacetate,CC(=O)OCC(=O)[C@@]1(O)[C@H](OC(C)=O)C[C@H]2[C@@H]3CCC4=CC(=O)C=C[C@]4(C)[C@@]3(F)[C@@H](O)C[C@@]21C,,,
tdc_no_conflict_salt_removed,train,518,train:518,CC1CC2C3CC(F)C4=CC(=O)C=CC4(C)C3(F)C(O)CC2(C)C1(O)C(=O)SCF,1,True,,CC1CC2C3CC(F)C4=CC(=O)C=CC4(C)C3(F)C(O)CC2(C)C1(O)C(=O)SCF,CC1CC2C3CC(F)C4=CC(=O)C=CC4(C)C3(F)C(O)CC2(C)C1(O)C(=O)SCF,1,exact,1,1,B3DB_classification:1398,90566-53-3,CC1CC2C3CC(F)C4=CC(=O)C=CC4(C)C3(F)C(O)CC2(C)C1(O)C(=O)SCF,B3DB_classification:1398,90566-53-3,CC1CC2C3CC(F)C4=CC(=O)C=CC4(C)C3(F)C(O)CC2(C)C1(O)C(=O)SCF,,,
tdc_no_conflict_salt_removed,train,519,train:519,CCC(=O)O[C@]1(C(=O)SCF)[C@H](C)C[C@H]2[C@@H]3C[C@H](F)C4=CC(=O)C=C[C@]4(C)[C@@]3(F)[C@@H](O)C[C@@]21C,1,True,,CCC(=O)O[C@]1(C(=O)SCF)[C@H](C)C[C@H]2[C@@H]3C[C@H](F)C4=CC(=O)C=C[C@]4(C)[C@@]3(F)[C@@H](O)C[C@@]21C,CCC(=O)O[C@]1(C(=O)SCF)[C@H](C)C[C@H]2[C@@H]3C[C@H](F)C4=CC(=O)C=C[C@]4(C)[C@@]3(F)[C@@H](O)C[C@@]21C,1,exact,1,1,B3DB_classification:1440,fluticasone propionate,CCC(=O)O[C@]1(C(=O)SCF)[C@H](C)C[C@H]2[C@@H]3C[C@H](F)C4=CC(=O)C=C[C@]4(C)[C@@]3(F)[C@@H](O)C[C@@]21C,B3DB_classification:1440,fluticasone propionate,CCC(=O)O[C@]1(C(=O)SCF)[C@H](C)C[C@H]2[C@@H]3C[C@H](F)C4=CC(=O)C=C[C@]4(C)[C@@]3(F)[C@@H](O)C[C@@]21C,,,
tdc_no_conflict_salt_removed,train,520,train:520,C[C@@H]1C[C@H]2[C@@H]3CCC4=CC(=O)C=C[C@]4(C)[C@@]3(Cl)[C@@H](O)C[C@]2(C)[C@@]1(O)C(=O)CCl,1,True,,C[C@@H]1C[C@H]2[C@@H]3CCC4=CC(=O)C=C[C@]4(C)[C@@]3(Cl)[C@@H](O)C[C@]2(C)[C@@]1(O)C(=O)CCl,C[C@@H]1C[C@H]2[C@@H]3CCC4=CC(=O)C=C[C@]4(C)[C@@]3(Cl)[C@@H](O)C[C@]2(C)[C@@]1(O)C(=O)CCl,1,exact,1,1,B3DB_classification:2108,mometasone,C[C@@H]1C[C@H]2[C@@H]3CCC4=CC(=O)C=C[C@]4(C)[C@@]3(Cl)[C@@H](O)C[C@]2(C)[C@@]1(O)C(=O)CCl,B3DB_classification:2108,mometasone,C[C@@H]1C[C@H]2[C@@H]3CCC4=CC(=O)C=C[C@]4(C)[C@@]3(Cl)[C@@H](O)C[C@]2(C)[C@@]1(O)C(=O)CCl,,,
tdc_no_conflict_salt_removed,train,521,train:521,CC1CC2C3CC(F)C4=CC(=O)C=CC4(C)C3(F)C(O)CC2(C)C1(O)C(=O)CCl,1,True,,CC1CC2C3CC(F)C4=CC(=O)C=CC4(C)C3(F)C(O)CC2(C)C1(O)C(=O)CCl,CC1CC2C3CC(F)C4=CC(=O)C=CC4(C)C3(F)C(O)CC2(C)C1(O)C(=O)CCl,1,exact,1,1,B3DB_classification:1397,ft-0778082,CC1CC2C3CC(F)C4=CC(=O)C=CC4(C)C3(F)C(O)CC2(C)C1(O)C(=O)CCl,B3DB_classification:1397,ft-0778082,CC1CC2C3CC(F)C4=CC(=O)C=CC4(C)C3(F)C(O)CC2(C)C1(O)C(=O)CCl,,,
tdc_no_conflict_salt_removed,train,522,train:522,CC(=O)OCC(=O)[C@@]1(O)CC[C@H]2[C@@H]3C[C@H](C)C4=CC(=O)C=C[C@]4(C)[C@H]3[C@@H](O)C[C@@]21C,1,True,,CC(=O)OCC(=O)[C@@]1(O)CC[C@H]2[C@@H]3C[C@H](C)C4=CC(=O)C=C[C@]4(C)[C@H]3[C@@H](O)C[C@@]21C,CC(=O)OCC(=O)[C@@]1(O)CC[C@H]2[C@@H]3C[C@H](C)C4=CC(=O)C=C[C@]4(C)[C@H]3[C@@H](O)C[C@@]21C,1,exact,1,1,B3DB_classification:1169,methylprednisolone-acetate,CC(=O)OCC(=O)[C@@]1(O)CC[C@H]2[C@@H]3C[C@H](C)C4=CC(=O)C=C[C@]4(C)[C@H]3[C@@H](O)C[C@@]21C,B3DB_classification:1169,methylprednisolone-acetate,CC(=O)OCC(=O)[C@@]1(O)CC[C@H]2[C@@H]3C[C@H](C)C4=CC(=O)C=C[C@]4(C)[C@H]3[C@@H](O)C[C@@]21C,,,
tdc_no_conflict_salt_removed,train,523,train:523,C[C@H]1C[C@@H]2[C@H]([C@@H](O)C[C@@]3(C)[C@H]2CC[C@]3(O)C(=O)COC(=O)CCC(=O)O)[C@@]2(C)C=CC(=O)C=C12,1,True,,C[C@H]1C[C@@H]2[C@H]([C@@H](O)C[C@@]3(C)[C@H]2CC[C@]3(O)C(=O)COC(=O)CCC(=O)O)[C@@]2(C)C=CC(=O)C=C12,C[C@H]1C[C@@H]2[C@H]([C@@H](O)C[C@@]3(C)[C@H]2CC[C@]3(O)C(=O)COC(=O)CCC(=O)O)[C@@]2(C)C=CC(=O)C=C12,1,exact,1,1,B3DB_classification:2129,methylprednisolone hemisuccinate,C[C@H]1C[C@H]2[C@@H]3CC[C@](O)(C(=O)COC(=O)CCC(=O)O)[C@@]3(C)C[C@H](O)[C@@H]2[C@@]2(C)C=CC(=O)C=C12,B3DB_classification:2129,methylprednisolone hemisuccinate,C[C@H]1C[C@H]2[C@@H]3CC[C@](O)(C(=O)COC(=O)CCC(=O)O)[C@@]3(C)C[C@H](O)[C@@H]2[C@@]2(C)C=CC(=O)C=C12,,,
tdc_no_conflict_salt_removed,train,524,train:524,CCC(=O)[C@@]1(C)[C@H](C)C[C@H]2[C@@H]3CCC4=CC(=O)C=C[C@]4(C)[C@H]3[C@@H](O)C[C@@]21C,1,True,,CCC(=O)[C@@]1(C)[C@H](C)C[C@H]2[C@@H]3CCC4=CC(=O)C=C[C@]4(C)[C@H]3[C@@H](O)C[C@@]21C,CCC(=O)[C@@]1(C)[C@H](C)C[C@H]2[C@@H]3CCC4=CC(=O)C=C[C@]4(C)[C@H]3[C@@H](O)C[C@@]21C,1,unmatched,,,,,,,,,,,
tdc_no_conflict_salt_removed,train,525,train:525,CC(=O)C1(O)CCC2C3CCC4=CC(=O)C=CC4(C)C3C(O)CC21C,1,True,,CC(=O)C1(O)CCC2C3CCC4=CC(=O)C=CC4(C)C3C(O)CC21C,CC(=O)C1(O)CCC2C3CCC4=CC(=O)C=CC4(C)C3C(O)CC21C,1,exact,1,1,B3DB_classification:1132,deprodone,CC(=O)C1(O)CCC2C3CCC4=CC(=O)C=CC4(C)C3C(O)CC21C,B3DB_classification:1132,deprodone,CC(=O)C1(O)CCC2C3CCC4=CC(=O)C=CC4(C)C3C(O)CC21C,,,
tdc_no_conflict_salt_removed,train,526,train:526,CC(=O)[C@@]1(O)[C@H](O)C[C@H]2[C@@H]3CCC4=CC(=O)C=C[C@]4(C)[C@@]3(F)[C@@H](O)C[C@@]21C,1,True,,CC(=O)[C@@]1(O)[C@H](O)C[C@H]2[C@@H]3CCC4=CC(=O)C=C[C@]4(C)[C@@]3(F)[C@@H](O)C[C@@]21C,CC(=O)[C@@]1(O)[C@H](O)C[C@H]2[C@@H]3CCC4=CC(=O)C=C[C@]4(C)[C@@]3(F)[C@@H](O)C[C@@]21C,1,exact,1,1,B3DB_classification:1206,descinolone(descinolone-acetonide),CC(=O)[C@@]1(O)[C@H](O)C[C@H]2[C@@H]3CCC4=CC(=O)C=C[C@]4(C)[C@@]3(F)[C@@H](O)C[C@@]21C,B3DB_classification:1206,descinolone(descinolone-acetonide),CC(=O)[C@@]1(O)[C@H](O)C[C@H]2[C@@H]3CCC4=CC(=O)C=C[C@]4(C)[C@@]3(F)[C@@H](O)C[C@@]21C,,,
tdc_no_conflict_salt_removed,train,527,train:527,C[C@@H]1C[C@H]2[C@@H]3CCC4=CC(=O)C=C[C@]4(C)[C@@]3(F)[C@@H](O)C[C@]2(C)[C@H]1C(=O)CO,1,True,,C[C@@H]1C[C@H]2[C@@H]3CCC4=CC(=O)C=C[C@]4(C)[C@@]3(F)[C@@H](O)C[C@]2(C)[C@H]1C(=O)CO,C[C@@H]1C[C@H]2[C@@H]3CCC4=CC(=O)C=C[C@]4(C)[C@@]3(F)[C@@H](O)C[C@]2(C)[C@H]1C(=O)CO,1,exact,1,1,B3DB_classification:2110,desoximetasone,C[C@@H]1C[C@H]2[C@@H]3CCC4=CC(=O)C=C[C@]4(C)[C@@]3(F)[C@@H](O)C[C@]2(C)[C@H]1C(=O)CO,B3DB_classification:2110,desoximetasone,C[C@@H]1C[C@H]2[C@@H]3CCC4=CC(=O)C=C[C@]4(C)[C@@]3(F)[C@@H](O)C[C@]2(C)[C@H]1C(=O)CO,,,
tdc_no_conflict_salt_removed,train,528,train:528,C[C@H]1C[C@H]2[C@@H]3CCC4=CC(=O)C=C[C@]4(C)[C@@]3(Cl)[C@@H](O)C[C@]2(C)[C@@]1(O)C(=O)CO,1,True,,C[C@H]1C[C@H]2[C@@H]3CCC4=CC(=O)C=C[C@]4(C)[C@@]3(Cl)[C@@H](O)C[C@]2(C)[C@@]1(O)C(=O)CO,C[C@H]1C[C@H]2[C@@H]3CCC4=CC(=O)C=C[C@]4(C)[C@@]3(Cl)[C@@H](O)C[C@]2(C)[C@@]1(O)C(=O)CO,1,unmatched,,,,,,,,,,,
tdc_no_conflict_salt_removed,train,529,train:529,CC12C=CC(=O)C=C1CCC1C3CC[C@](O)(C(=O)CO)C3(C)CC(Cl)[C@@]12Cl,1,True,,CC12C=CC(=O)C=C1CCC1C3CC[C@](O)(C(=O)CO)C3(C)CC(Cl)[C@@]12Cl,CC12C=CC(=O)C=C1CCC1C3CC[C@](O)(C(=O)CO)C3(C)CC(Cl)[C@@]12Cl,1,exact,1,1,B3DB_classification:1374,schembl1649910,CC12CC(Cl)[C@@]3(Cl)C(CCC4=CC(=O)C=CC43C)C1CC[C@]2(O)C(=O)CO,B3DB_classification:1374,schembl1649910,CC12CC(Cl)[C@@]3(Cl)C(CCC4=CC(=O)C=CC43C)C1CC[C@]2(O)C(=O)CO,,,
tdc_no_conflict_salt_removed,train,530,train:530,CC(=O)OCC(=O)[C@@]1(O)CCC2C3CCC4=CC(=O)C=CC4(C)[C@@]3(Cl)C(Cl)CC21C,1,True,,CC(=O)OCC(=O)[C@@]1(O)CCC2C3CCC4=CC(=O)C=CC4(C)[C@@]3(Cl)C(Cl)CC21C,CC(=O)OCC(=O)[C@@]1(O)CCC2C3CCC4=CC(=O)C=CC4(C)[C@@]3(Cl)C(Cl)CC21C,1,exact,1,1,B3DB_classification:1163,dichlorisone-acetate,CC(=O)OCC(=O)[C@@]1(O)CCC2C3CCC4=CC(=O)C=CC4(C)[C@@]3(Cl)C(Cl)CC21C,B3DB_classification:1163,dichlorisone-acetate,CC(=O)OCC(=O)[C@@]1(O)CCC2C3CCC4=CC(=O)C=CC4(C)[C@@]3(Cl)C(Cl)CC21C,,,
tdc_no_conflict_salt_removed,train,531,train:531,C[C@]12C=CC(=O)C=C1CC[C@@H]1[C@@H]2[C@@H](O)C[C@@]2(C)[C@H]1CC[C@]2(O)C(=O)CO,0,True,,C[C@]12C=CC(=O)C=C1CC[C@@H]1[C@@H]2[C@@H](O)C[C@@]2(C)[C@H]1CC[C@]2(O)C(=O)CO,C[C@]12C=CC(=O)C=C1CC[C@@H]1[C@@H]2[C@@H](O)C[C@@]2(C)[C@H]1CC[C@]2(O)C(=O)CO,1,exact,1,1,B3DB_classification:422,prednisolone,C[C@]12C[C@H](O)[C@H]3[C@@H](CCC4=CC(=O)C=C[C@@]43C)[C@@H]1CC[C@]2(O)C(=O)CO,B3DB_classification:422,prednisolone,C[C@]12C[C@H](O)[C@H]3[C@@H](CCC4=CC(=O)C=C[C@@]43C)[C@@H]1CC[C@]2(O)C(=O)CO,,,b3db_exact_label_mismatch|b3db_salt_removed_label_mismatch
tdc_no_conflict_salt_removed,train,532,train:532,C[C@@H]1C[C@H]2[C@@H]3C[C@H](F)C4=CC(=O)C=C[C@]4(C)C3(Cl)[C@@H](F)C[C@]2(C)[C@H]1C(=O)CO,1,True,,C[C@@H]1C[C@H]2[C@@H]3C[C@H](F)C4=CC(=O)C=C[C@]4(C)C3(Cl)[C@@H](F)C[C@]2(C)[C@H]1C(=O)CO,C[C@@H]1C[C@H]2[C@@H]3C[C@H](F)C4=CC(=O)C=C[C@]4(C)C3(Cl)[C@@H](F)C[C@]2(C)[C@H]1C(=O)CO,1,exact,1,1,B3DB_classification:2111,halocortolone,C[C@@H]1C[C@H]2[C@@H]3C[C@H](F)C4=CC(=O)C=C[C@]4(C)C3(Cl)[C@@H](F)C[C@]2(C)[C@H]1C(=O)CO,B3DB_classification:2111,halocortolone,C[C@@H]1C[C@H]2[C@@H]3C[C@H](F)C4=CC(=O)C=C[C@]4(C)C3(Cl)[C@@H](F)C[C@]2(C)[C@H]1C(=O)CO,,,
tdc_no_conflict_salt_removed,train,533,train:533,C[C@]12C=C(Br)C(=O)C=C1[C@H](F)C[C@H]1[C@@H]3CCC(O)(C(=O)CO)[C@@]3(C)C[C@H](O)C12F,1,True,,C[C@]12C=C(Br)C(=O)C=C1[C@H](F)C[C@H]1[C@@H]3CCC(O)(C(=O)CO)[C@@]3(C)C[C@H](O)C12F,C[C@]12C=C(Br)C(=O)C=C1[C@H](F)C[C@H]1[C@@H]3CCC(O)(C(=O)CO)[C@@]3(C)C[C@H](O)C12F,1,exact,1,1,B3DB_classification:2137,halopredone(halopredone-acetate),C[C@]12C=C(Br)C(=O)C=C1[C@H](F)C[C@H]1[C@@H]3CCC(O)(C(=O)CO)[C@@]3(C)C[C@H](O)C12F,B3DB_classification:2137,halopredone(halopredone-acetate),C[C@]12C=C(Br)C(=O)C=C1[C@H](F)C[C@H]1[C@@H]3CCC(O)(C(=O)CO)[C@@]3(C)C[C@H](O)C12F,,,
tdc_no_conflict_salt_removed,train,534,train:534,CC(=O)OCC(=O)[C@@]1(OC(C)=O)[C@@H](C)C[C@H]2[C@@H]3C[C@H](F)C4=CC(=O)C=C[C@]4(C)[C@@]3(F)[C@@H](O)C[C@@]21C,1,True,,CC(=O)OCC(=O)[C@@]1(OC(C)=O)[C@@H](C)C[C@H]2[C@@H]3C[C@H](F)C4=CC(=O)C=C[C@]4(C)[C@@]3(F)[C@@H](O)C[C@@]21C,CC(=O)OCC(=O)[C@@]1(OC(C)=O)[C@@H](C)C[C@H]2[C@@H]3C[C@H](F)C4=CC(=O)C=C[C@]4(C)[C@@]3(F)[C@@H](O)C[C@@]21C,1,exact,1,1,B3DB_classification:1177,diflorasone diacetate,CC(=O)OCC(=O)[C@@]1(OC(C)=O)[C@@H](C)C[C@H]2[C@@H]3C[C@H](F)C4=CC(=O)C=C[C@]4(C)[C@@]3(F)[C@@H](O)C[C@@]21C,B3DB_classification:1177,diflorasone diacetate,CC(=O)OCC(=O)[C@@]1(OC(C)=O)[C@@H](C)C[C@H]2[C@@H]3C[C@H](F)C4=CC(=O)C=C[C@]4(C)[C@@]3(F)[C@@H](O)C[C@@]21C,,,
tdc_no_conflict_salt_removed,train,535,train:535,C[C@@H]1CC2C3C[C@H](F)C4=CC(=O)C=CC4(C)[C@@]3(F)C(O)CC2(C)C1C(=O)CO,1,True,,C[C@@H]1CC2C3C[C@H](F)C4=CC(=O)C=CC4(C)[C@@]3(F)C(O)CC2(C)C1C(=O)CO,C[C@@H]1CC2C3C[C@H](F)C4=CC(=O)C=CC4(C)[C@@]3(F)C(O)CC2(C)C1C(=O)CO,1,exact,1,1,B3DB_classification:2104,diflucortolonum [inn-latin],C[C@@H]1CC2C3C[C@H](F)C4=CC(=O)C=CC4(C)[C@@]3(F)C(O)CC2(C)C1C(=O)CO,B3DB_classification:2104,diflucortolonum [inn-latin],C[C@@H]1CC2C3C[C@H](F)C4=CC(=O)C=CC4(C)[C@@]3(F)C(O)CC2(C)C1C(=O)CO,,,
tdc_no_conflict_salt_removed,train,536,train:536,C[C@@H]1C[C@H]2[C@@H]3C[C@H](F)C4=CC(=O)C=C[C@]4(C)[C@@]3(F)[C@@H](O)C[C@]2(C)[C@H]1C(=O)COC(=O)C(C)(C)C,1,True,,C[C@@H]1C[C@H]2[C@@H]3C[C@H](F)C4=CC(=O)C=C[C@]4(C)[C@@]3(F)[C@@H](O)C[C@]2(C)[C@H]1C(=O)COC(=O)C(C)(C)C,C[C@@H]1C[C@H]2[C@@H]3C[C@H](F)C4=CC(=O)C=C[C@]4(C)[C@@]3(F)[C@@H](O)C[C@]2(C)[C@H]1C(=O)COC(=O)C(C)(C)C,1,exact,1,1,B3DB_classification:2113,diflucortolone pivalate,C[C@@H]1C[C@H]2[C@@H]3C[C@H](F)C4=CC(=O)C=C[C@]4(C)[C@@]3(F)[C@@H](O)C[C@]2(C)[C@H]1C(=O)COC(=O)C(C)(C)C,B3DB_classification:2113,diflucortolone pivalate,C[C@@H]1C[C@H]2[C@@H]3C[C@H](F)C4=CC(=O)C=C[C@]4(C)[C@@]3(F)[C@@H](O)C[C@]2(C)[C@H]1C(=O)COC(=O)C(C)(C)C,,,
tdc_no_conflict_salt_removed,train,537,train:537,CCCC(=O)O[C@]1(C(=O)COC(C)=O)CC[C@H]2[C@@H]3C[C@H](F)C4=CC(=O)C=C[C@]4(C)[C@@]3(F)[C@@H](O)C[C@@]21C,1,True,,CCCC(=O)O[C@]1(C(=O)COC(C)=O)CC[C@H]2[C@@H]3C[C@H](F)C4=CC(=O)C=C[C@]4(C)[C@@]3(F)[C@@H](O)C[C@@]21C,CCCC(=O)O[C@]1(C(=O)COC(C)=O)CC[C@H]2[C@@H]3C[C@H](F)C4=CC(=O)C=C[C@]4(C)[C@@]3(F)[C@@H](O)C[C@@]21C,1,exact,1,1,B3DB_classification:1494,difluprednate,CCCC(=O)O[C@]1(C(=O)COC(C)=O)CC[C@H]2[C@@H]3C[C@H](F)C4=CC(=O)C=C[C@]4(C)[C@@]3(F)[C@@H](O)C[C@@]21C,B3DB_classification:1494,difluprednate,CCCC(=O)O[C@]1(C(=O)COC(C)=O)CC[C@H]2[C@@H]3C[C@H](F)C4=CC(=O)C=C[C@]4(C)[C@@]3(F)[C@@H](O)C[C@@]21C,,,
tdc_no_conflict_salt_removed,train,538,train:538,CCCCC(=O)O[C@]1(C(=O)CO)[C@@H](C)C[C@H]2[C@@H]3CCC4=CC(=O)C=C[C@]4(C)[C@@]3(F)[C@@H](O)C[C@@]21C,1,True,,CCCCC(=O)O[C@]1(C(=O)CO)[C@@H](C)C[C@H]2[C@@H]3CCC4=CC(=O)C=C[C@]4(C)[C@@]3(F)[C@@H](O)C[C@@]21C,CCCCC(=O)O[C@]1(C(=O)CO)[C@@H](C)C[C@H]2[C@@H]3CCC4=CC(=O)C=C[C@]4(C)[C@@]3(F)[C@@H](O)C[C@@]21C,1,exact,1,1,B3DB_classification:1512,betamethasone valerate,CCCCC(=O)O[C@]1(C(=O)CO)[C@@H](C)C[C@H]2[C@@H]3CCC4=CC(=O)C=C[C@]4(C)[C@@]3(F)[C@@H](O)C[C@@]21C,B3DB_classification:1512,betamethasone valerate,CCCCC(=O)O[C@]1(C(=O)CO)[C@@H](C)C[C@H]2[C@@H]3CCC4=CC(=O)C=C[C@]4(C)[C@@]3(F)[C@@H](O)C[C@@]21C,,,
tdc_no_conflict_salt_removed,train,539,train:539,C[C@H]1C[C@H]2[C@@H]3CCC4=CC(=O)C=C[C@]4(C)[C@@]3(F)[C@@H](O)C[C@]2(C)[C@@]1(O)C(=O)CO,0,True,,C[C@H]1C[C@H]2[C@@H]3CCC4=CC(=O)C=C[C@]4(C)[C@@]3(F)[C@@H](O)C[C@]2(C)[C@@]1(O)C(=O)CO,C[C@H]1C[C@H]2[C@@H]3CCC4=CC(=O)C=C[C@]4(C)[C@@]3(F)[C@@H](O)C[C@]2(C)[C@@]1(O)C(=O)CO,1,unmatched,,,,,,,,,,,
tdc_no_conflict_salt_removed,train,540,train:540,C[C@H]1C[C@H]2[C@@H]3CCC4=CC(=O)C=C[C@]4(C)[C@@]3(F)[C@@H](O)C[C@]2(C)[C@@]1(OC(=O)c1ccccc1)C(=O)CO,1,True,,C[C@H]1C[C@H]2[C@@H]3CCC4=CC(=O)C=C[C@]4(C)[C@@]3(F)[C@@H](O)C[C@]2(C)[C@@]1(OC(=O)c1ccccc1)C(=O)CO,C[C@H]1C[C@H]2[C@@H]3CCC4=CC(=O)C=C[C@]4(C)[C@@]3(F)[C@@H](O)C[C@]2(C)[C@@]1(OC(=O)c1ccccc1)C(=O)CO,1,exact,1,1,B3DB_classification:2127,betamethasone-benzoate,C[C@H]1C[C@H]2[C@@H]3CCC4=CC(=O)C=C[C@]4(C)[C@@]3(F)[C@@H](O)C[C@]2(C)[C@@]1(OC(=O)c1ccccc1)C(=O)CO,B3DB_classification:2127,betamethasone-benzoate,C[C@H]1C[C@H]2[C@@H]3CCC4=CC(=O)C=C[C@]4(C)[C@@]3(F)[C@@H](O)C[C@]2(C)[C@@]1(OC(=O)c1ccccc1)C(=O)CO,,,
tdc_no_conflict_salt_removed,train,541,train:541,O=C(Cc1ccc(Cl)c(Cl)c1)N1CCn2ccnc2[C@H]1CN1CC[C@@H](O)C1,0,True,,O=C(Cc1ccc(Cl)c(Cl)c1)N1CCn2ccnc2[C@H]1CN1CC[C@@H](O)C1,O=C(Cc1ccc(Cl)c(Cl)c1)N1CCn2ccnc2[C@H]1CN1CC[C@@H](O)C1,1,exact,0,0,B3DB_classification:2395,chembl304504,O=C(Cc1ccc(Cl)c(Cl)c1)N1CCn2ccnc2[C@H]1CN1CC[C@@H](O)C1,B3DB_classification:2395,chembl304504,O=C(Cc1ccc(Cl)c(Cl)c1)N1CCn2ccnc2[C@H]1CN1CC[C@@H](O)C1,,,
tdc_no_conflict_salt_removed,train,542,train:542,O=C(Cc1ccc(Cl)c(Cl)c1)N1CCn2ccnc2[C@H]1CN1CCCC1,1,True,,O=C(Cc1ccc(Cl)c(Cl)c1)N1CCn2ccnc2[C@H]1CN1CCCC1,O=C(Cc1ccc(Cl)c(Cl)c1)N1CCn2ccnc2[C@H]1CN1CCCC1,1,exact,1,1,B3DB_classification:2394,sb201708,O=C(Cc1ccc(Cl)c(Cl)c1)N1CCn2ccnc2[C@H]1CN1CCCC1,B3DB_classification:2394,sb201708,O=C(Cc1ccc(Cl)c(Cl)c1)N1CCn2ccnc2[C@H]1CN1CCCC1,,,
tdc_no_conflict_salt_removed,train,543,train:543,COc1cccc(OC)c1C(=O)N[C@@H]1C(=O)N2[C@@H]1SC(C)(C)[C@@H]2C(=O)O,0,True,,COc1cccc(OC)c1C(=O)N[C@@H]1C(=O)N2[C@@H]1SC(C)(C)[C@@H]2C(=O)O,COc1cccc(OC)c1C(=O)N[C@@H]1C(=O)N2[C@@H]1SC(C)(C)[C@@H]2C(=O)O,1,exact,0,0,B3DB_classification:2072,methicillin,COc1cccc(OC)c1C(=O)N[C@@H]1C(=O)N2[C@@H](C(=O)O)C(C)(C)S[C@H]12,B3DB_classification:2072,methicillin,COc1cccc(OC)c1C(=O)N[C@@H]1C(=O)N2[C@@H](C(=O)O)C(C)(C)S[C@H]12,,,
tdc_no_conflict_salt_removed,train,544,train:544,C=C1C[C@H](C)[C@H]2[C@H]3Cc4ccc(O)cc4[C@@]2(CCN3CC2CCC2)C1,1,True,,C=C1C[C@H](C)[C@H]2[C@H]3Cc4ccc(O)cc4[C@@]2(CCN3CC2CCC2)C1,C=C1C[C@H](C)[C@H]2[C@H]3Cc4ccc(O)cc4[C@@]2(CCN3CC2CCC2)C1,1,exact,1,1,B3DB_classification:1093,xorphanol,C=C1C[C@H](C)[C@H]2[C@H]3Cc4ccc(O)cc4[C@@]2(CCN3CC2CCC2)C1,B3DB_classification:1093,xorphanol,C=C1C[C@H](C)[C@H]2[C@H]3Cc4ccc(O)cc4[C@@]2(CCN3CC2CCC2)C1,,,
tdc_no_conflict_salt_removed,train,545,train:545,O=C1CCN=C2CC(c3ccccc3)CN12,1,True,,O=C1CCN=C2CC(c3ccccc3)CN12,O=C1CCN=C2CC(c3ccccc3)CN12,1,exact,1,1,B3DB_classification:2443,rofelodine,O=C1CCN=C2CC(c3ccccc3)CN12,B3DB_classification:2443,rofelodine,O=C1CCN=C2CC(c3ccccc3)CN12,,,
tdc_no_conflict_salt_removed,train,546,train:546,CCOC(=O)Nc1ccc(NCc2ccc(F)cc2)cc1N,1,True,,CCOC(=O)Nc1ccc(NCc2ccc(F)cc2)cc1N,CCOC(=O)Nc1ccc(NCc2ccc(F)cc2)cc1N,1,exact,1,1,B3DB_classification:1642,ezogabine,CCOC(=O)Nc1ccc(NCc2ccc(F)cc2)cc1N,B3DB_classification:1642,ezogabine,CCOC(=O)Nc1ccc(NCc2ccc(F)cc2)cc1N,,,
tdc_no_conflict_salt_removed,train,547,train:547,CCN(CC)CCOC1(c2ccc(Cl)cc2)CCCCC1,1,True,,CCN(CC)CCOC1(c2ccc(Cl)cc2)CCCCC1,CCN(CC)CCOC1(c2ccc(Cl)cc2)CCCCC1,1,exact,1,1,B3DB_classification:1603,clofenciclan,CCN(CC)CCOC1(c2ccc(Cl)cc2)CCCCC1,B3DB_classification:1603,clofenciclan,CCN(CC)CCOC1(c2ccc(Cl)cc2)CCCCC1,,,
tdc_no_conflict_salt_removed,train,548,train:548,COc1cccc([C@@]2(O)CCCC[C@@H]2CN(C)C)c1,1,True,,COc1cccc([C@@]2(O)CCCC[C@@H]2CN(C)C)c1,COc1cccc([C@@]2(O)CCCC[C@@H]2CN(C)C)c1,1,exact,1,1,B3DB_classification:895,tramadol,COc1cccc([C@@]2(O)CCCC[C@@H]2CN(C)C)c1,B3DB_classification:895,tramadol,COc1cccc([C@@]2(O)CCCC[C@@H]2CN(C)C)c1,,,
tdc_no_conflict_salt_removed,train,549,train:549,CCNC1(c2ccccc2)CCCCC1,1,True,,CCNC1(c2ccccc2)CCCCC1,CCNC1(c2ccccc2)CCCCC1,1,exact,1,1,B3DB_classification:1621,eticyclidine,CCNC1(c2ccccc2)CCCCC1,B3DB_classification:1621,eticyclidine,CCNC1(c2ccccc2)CCCCC1,,,
tdc_no_conflict_salt_removed,train,550,train:550,CC[C@H]1CN2CCc3cc(OC)c(OC)cc3[C@@H]2C[C@@H]1C[C@H]1NCCc2cc(OC)c(OC)cc21,0,True,,CC[C@H]1CN2CCc3cc(OC)c(OC)cc3[C@@H]2C[C@@H]1C[C@H]1NCCc2cc(OC)c(OC)cc21,CC[C@H]1CN2CCc3cc(OC)c(OC)cc3[C@@H]2C[C@@H]1C[C@H]1NCCc2cc(OC)c(OC)cc21,1,exact,0,0,B3DB_classification:1679,emetine hydrochloride,CC[C@H]1CN2CCc3cc(OC)c(OC)cc3[C@@H]2C[C@@H]1C[C@H]1NCCc2cc(OC)c(OC)cc21,B3DB_classification:1679,emetine hydrochloride,CC[C@H]1CN2CCc3cc(OC)c(OC)cc3[C@@H]2C[C@@H]1C[C@H]1NCCc2cc(OC)c(OC)cc21,,,
tdc_no_conflict_salt_removed,train,551,train:551,COc1ccc(Cl)cc1C(=O)NCCc1ccc(S(=O)(=O)NC(=O)NC2CCCCC2)cc1,1,True,,COc1ccc(Cl)cc1C(=O)NCCc1ccc(S(=O)(=O)NC(=O)NC2CCCCC2)cc1,COc1ccc(Cl)cc1C(=O)NCCc1ccc(S(=O)(=O)NC(=O)NC2CCCCC2)cc1,1,exact,1,1,B3DB_classification:157,glibenclamide,COc1ccc(Cl)cc1C(=O)NCCc1ccc(S(=O)(=O)NC(=O)NC2CCCCC2)cc1,B3DB_classification:157,glibenclamide,COc1ccc(Cl)cc1C(=O)NCCc1ccc(S(=O)(=O)NC(=O)NC2CCCCC2)cc1,,,
tdc_no_conflict_salt_removed,train,552,train:552,NS(=O)(=O)c1ccc(N2C(=O)CC(c3ccccc3)C2=O)c(Cl)c1,1,True,,NS(=O)(=O)c1ccc(N2C(=O)CC(c3ccccc3)C2=O)c(Cl)c1,NS(=O)(=O)c1ccc(N2C(=O)CC(c3ccccc3)C2=O)c(Cl)c1,1,exact,1,1,B3DB_classification:2341,suclofenide,NS(=O)(=O)c1ccc(N2C(=O)CC(c3ccccc3)C2=O)c(Cl)c1,B3DB_classification:2341,suclofenide,NS(=O)(=O)c1ccc(N2C(=O)CC(c3ccccc3)C2=O)c(Cl)c1,,,
tdc_no_conflict_salt_removed,train,553,train:553,O=C(Cc1ccc(Cl)c(Cl)c1)N1CCn2ncnc2[C@H]1CN1CCCC1,1,True,,O=C(Cc1ccc(Cl)c(Cl)c1)N1CCn2ncnc2[C@H]1CN1CCCC1,O=C(Cc1ccc(Cl)c(Cl)c1)N1CCn2ncnc2[C@H]1CN1CCCC1,1,exact,1,1,B3DB_classification:2396,sb204484,O=C(Cc1ccc(Cl)c(Cl)c1)N1CCn2ncnc2[C@H]1CN1CCCC1,B3DB_classification:2396,sb204484,O=C(Cc1ccc(Cl)c(Cl)c1)N1CCn2ncnc2[C@H]1CN1CCCC1,,,
tdc_no_conflict_salt_removed,train,554,train:554,CON=C(C#N)C1CN2CCC1CC2,1,True,,CON=C(C#N)C1CN2CCC1CC2,CON=C(C#N)C1CN2CCC1CC2,1,exact,1,1,B3DB_classification:1999,sabcomeline,CON=C(C#N)C1CN2CCC1CC2,B3DB_classification:1999,sabcomeline,CON=C(C#N)C1CN2CCC1CC2,,,
tdc_no_conflict_salt_removed,train,555,train:555,COC(=O)[C@H]1[C@H]2C[C@@H]3c4[nH]c5cc(OC)ccc5c4CCN3C[C@H]2C[C@@H](OC(=O)c2cc(OC)c(OC)c(OC)c2)[C@@H]1OC,1,True,,COC(=O)[C@H]1[C@H]2C[C@@H]3c4[nH]c5cc(OC)ccc5c4CCN3C[C@H]2C[C@@H](OC(=O)c2cc(OC)c(OC)c(OC)c2)[C@@H]1OC,COC(=O)[C@H]1[C@H]2C[C@@H]3c4[nH]c5cc(OC)ccc5c4CCN3C[C@H]2C[C@@H](OC(=O)c2cc(OC)c(OC)c(OC)c2)[C@@H]1OC,1,exact,1,1,B3DB_classification:1967,reserpine,COC(=O)[C@H]1[C@H]2C[C@@H]3c4[nH]c5cc(OC)ccc5c4CCN3C[C@H]2C[C@@H](OC(=O)c2cc(OC)c(OC)c(OC)c2)[C@@H]1OC,B3DB_classification:1967,reserpine,COC(=O)[C@H]1[C@H]2C[C@@H]3c4[nH]c5cc(OC)ccc5c4CCN3C[C@H]2C[C@@H](OC(=O)c2cc(OC)c(OC)c(OC)c2)[C@@H]1OC,,,
tdc_no_conflict_salt_removed,train,556,train:556,COC(=O)[C@H]1[C@H]2C[C@@H]3c4[nH]c5ccccc5c4CCN3C[C@H]2C[C@@H](OC(=O)c2cc(OC)c(OC)c(OC)c2)[C@@H]1OC,1,True,,COC(=O)[C@H]1[C@H]2C[C@@H]3c4[nH]c5ccccc5c4CCN3C[C@H]2C[C@@H](OC(=O)c2cc(OC)c(OC)c(OC)c2)[C@@H]1OC,COC(=O)[C@H]1[C@H]2C[C@@H]3c4[nH]c5ccccc5c4CCN3C[C@H]2C[C@@H](OC(=O)c2cc(OC)c(OC)c(OC)c2)[C@@H]1OC,1,exact,1,1,B3DB_classification:1969,deserpidine,COC(=O)[C@H]1[C@H]2C[C@@H]3c4[nH]c5ccccc5c4CCN3C[C@H]2C[C@@H](OC(=O)c2cc(OC)c(OC)c(OC)c2)[C@@H]1OC,B3DB_classification:1969,deserpidine,COC(=O)[C@H]1[C@H]2C[C@@H]3c4[nH]c5ccccc5c4CCN3C[C@H]2C[C@@H](OC(=O)c2cc(OC)c(OC)c(OC)c2)[C@@H]1OC,,,
tdc_no_conflict_salt_removed,train,557,train:557,COC(=O)[C@H]1[C@H]2C[C@@H]3c4[nH]c5ccc(Cl)cc5c4CCN3C[C@H]2C[C@@H](OC(=O)c2cc(OC)c(OC)c(OC)c2)[C@@H]1OC,1,True,,COC(=O)[C@H]1[C@H]2C[C@@H]3c4[nH]c5ccc(Cl)cc5c4CCN3C[C@H]2C[C@@H](OC(=O)c2cc(OC)c(OC)c(OC)c2)[C@@H]1OC,COC(=O)[C@H]1[C@H]2C[C@@H]3c4[nH]c5ccc(Cl)cc5c4CCN3C[C@H]2C[C@@H](OC(=O)c2cc(OC)c(OC)c(OC)c2)[C@@H]1OC,1,exact,1,1,B3DB_classification:1968,chloroserpidine,COC(=O)[C@H]1[C@H]2C[C@@H]3c4[nH]c5ccc(Cl)cc5c4CCN3C[C@H]2C[C@@H](OC(=O)c2cc(OC)c(OC)c(OC)c2)[C@@H]1OC,B3DB_classification:1968,chloroserpidine,COC(=O)[C@H]1[C@H]2C[C@@H]3c4[nH]c5ccc(Cl)cc5c4CCN3C[C@H]2C[C@@H](OC(=O)c2cc(OC)c(OC)c(OC)c2)[C@@H]1OC,,,
tdc_no_conflict_salt_removed,train,558,train:558,CCn1cc(C(=O)O)c(=O)c2ccc(C)nc21,0,True,,CCn1cc(C(=O)O)c(=O)c2ccc(C)nc21,CCn1cc(C(=O)O)c(=O)c2ccc(C)nc21,1,exact,1,1,B3DB_classification:230,nalidixicacid,CCn1cc(C(=O)O)c(=O)c2ccc(C)nc21,B3DB_classification:230,nalidixicacid,CCn1cc(C(=O)O)c(=O)c2ccc(C)nc21,,,b3db_exact_label_mismatch|b3db_salt_removed_label_mismatch
tdc_no_conflict_salt_removed,train,559,train:559,CN[C@@H]1[C@@H](O)[C@@H](O[C@@H]2[C@@H](O)[C@H](O[C@H]3OC(CN)=CC[C@H]3N)[C@@H](N)C[C@H]2N)OC[C@]1(C)O,0,True,,CN[C@@H]1[C@@H](O)[C@@H](O[C@@H]2[C@@H](O)[C@H](O[C@H]3OC(CN)=CC[C@H]3N)[C@@H](N)C[C@H]2N)OC[C@]1(C)O,CN[C@@H]1[C@@H](O)[C@@H](O[C@@H]2[C@@H](O)[C@H](O[C@H]3OC(CN)=CC[C@H]3N)[C@@H](N)C[C@H]2N)OC[C@]1(C)O,1,exact,0,0,B3DB_classification:1936,sisomicin,CN[C@@H]1[C@@H](O)[C@@H](O[C@@H]2[C@@H](O)[C@H](O[C@H]3OC(CN)=CC[C@H]3N)[C@@H](N)C[C@H]2N)OC[C@]1(C)O,B3DB_classification:1936,sisomicin,CN[C@@H]1[C@@H](O)[C@@H](O[C@@H]2[C@@H](O)[C@H](O[C@H]3OC(CN)=CC[C@H]3N)[C@@H](N)C[C@H]2N)OC[C@]1(C)O,,,
tdc_no_conflict_salt_removed,train,560,train:560,CCN[C@@H]1C[C@H](N)[C@@H](O[C@H]2OC(CN)=CC[C@H]2N)[C@H](O)[C@H]1O[C@H]1OC[C@](C)(O)[C@H](NC)[C@H]1O,0,True,,CCN[C@@H]1C[C@H](N)[C@@H](O[C@H]2OC(CN)=CC[C@H]2N)[C@H](O)[C@H]1O[C@H]1OC[C@](C)(O)[C@H](NC)[C@H]1O,CCN[C@@H]1C[C@H](N)[C@@H](O[C@H]2OC(CN)=CC[C@H]2N)[C@H](O)[C@H]1O[C@H]1OC[C@](C)(O)[C@H](NC)[C@H]1O,1,exact,0,0,B3DB_classification:1626,netilmicin,CCN[C@@H]1C[C@H](N)[C@@H](O[C@H]2OC(CN)=CC[C@H]2N)[C@H](O)[C@H]1O[C@H]1OC[C@](C)(O)[C@H](NC)[C@H]1O,B3DB_classification:1626,netilmicin,CCN[C@@H]1C[C@H](N)[C@@H](O[C@H]2OC(CN)=CC[C@H]2N)[C@H](O)[C@H]1O[C@H]1OC[C@](C)(O)[C@H](NC)[C@H]1O,,,
tdc_no_conflict_salt_removed,train,561,train:561,CCc1nc(N)nc(N)c1-c1ccc(Cl)cc1,1,True,,CCc1nc(N)nc(N)c1-c1ccc(Cl)cc1,CCc1nc(N)nc(N)c1-c1ccc(Cl)cc1,1,exact,1,1,B3DB_classification:818,pyrimethamine,CCc1nc(N)nc(N)c1-c1ccc(Cl)cc1,B3DB_classification:818,pyrimethamine,CCc1nc(N)nc(N)c1-c1ccc(Cl)cc1,,,
tdc_no_conflict_salt_removed,train,562,train:562,CC(=O)[C@]1(O)Cc2c(O)c3c(c(O)c2[C@@H](O[C@H]2C[C@H](N)[C@H](O)[C@H](C)O2)C1)C(=O)c1ccccc1C3=O,0,True,,CC(=O)[C@]1(O)Cc2c(O)c3c(c(O)c2[C@@H](O[C@H]2C[C@H](N)[C@H](O)[C@H](C)O2)C1)C(=O)c1ccccc1C3=O,CC(=O)[C@]1(O)Cc2c(O)c3c(c(O)c2[C@@H](O[C@H]2C[C@H](N)[C@H](O)[C@H](C)O2)C1)C(=O)c1ccccc1C3=O,1,exact,1,1,B3DB_classification:547,dm5,CC(=O)[C@]1(O)Cc2c(O)c3c(c(O)c2[C@@H](O[C@H]2C[C@H](N)[C@H](O)[C@H](C)O2)C1)C(=O)c1ccccc1C3=O,B3DB_classification:547,dm5,CC(=O)[C@]1(O)Cc2c(O)c3c(c(O)c2[C@@H](O[C@H]2C[C@H](N)[C@H](O)[C@H](C)O2)C1)C(=O)c1ccccc1C3=O,,,b3db_exact_label_mismatch|b3db_salt_removed_label_mismatch
tdc_no_conflict_salt_removed,train,563,train:563,COc1cccc2c1C(=O)c1c(O)c3c(c(O)c1C2=O)C[C@@](O)(C(=O)CO)C[C@@H]3O[C@H]1C[C@H](NC(=O)[C@@H](N)CC(C)C)[C@H](O)[C@H](C)O1,0,True,,COc1cccc2c1C(=O)c1c(O)c3c(c(O)c1C2=O)C[C@@](O)(C(=O)CO)C[C@@H]3O[C@H]1C[C@H](NC(=O)[C@@H](N)CC(C)C)[C@H](O)[C@H](C)O1,COc1cccc2c1C(=O)c1c(O)c3c(c(O)c1C2=O)C[C@@](O)(C(=O)CO)C[C@@H]3O[C@H]1C[C@H](NC(=O)[C@@H](N)CC(C)C)[C@H](O)[C@H](C)O1,1,exact,0,0,B3DB_classification:2076,leurubicin,COc1cccc2c1C(=O)c1c(O)c3c(c(O)c1C2=O)C[C@@](O)(C(=O)CO)C[C@@H]3O[C@H]1C[C@H](NC(=O)[C@@H](N)CC(C)C)[C@H](O)[C@H](C)O1,B3DB_classification:2076,leurubicin,COc1cccc2c1C(=O)c1c(O)c3c(c(O)c1C2=O)C[C@@](O)(C(=O)CO)C[C@@H]3O[C@H]1C[C@H](NC(=O)[C@@H](N)CC(C)C)[C@H](O)[C@H](C)O1,,,
tdc_no_conflict_salt_removed,train,564,train:564,COc1cccc2c1C(=O)c1c(O)c3c(c(O)c1C2=O)C[C@](O)(C(=O)CO)C[C@H]3OC1CC(N)CC(C)O1,0,True,,COc1cccc2c1C(=O)c1c(O)c3c(c(O)c1C2=O)C[C@](O)(C(=O)CO)C[C@H]3OC1CC(N)CC(C)O1,COc1cccc2c1C(=O)c1c(O)c3c(c(O)c1C2=O)C[C@](O)(C(=O)CO)C[C@H]3OC1CC(N)CC(C)O1,1,exact,0,0,B3DB_classification:2078,4'-deoxyadriamycin,COc1cccc2c1C(=O)c1c(O)c3c(c(O)c1C2=O)C[C@](O)(C(=O)CO)C[C@H]3OC1CC(N)CC(C)O1,B3DB_classification:2078,4'-deoxyadriamycin,COc1cccc2c1C(=O)c1c(O)c3c(c(O)c1C2=O)C[C@](O)(C(=O)CO)C[C@H]3OC1CC(N)CC(C)O1,,,
tdc_no_conflict_salt_removed,train,565,train:565,COc1cccc2c1C(=O)c1c(O)c3c(c(O)c1C2=O)C[C@@](O)(C(=O)CO)C[C@@H]3O[C@H]1C[C@H](N)[C@H](O)[C@H](C)O1,0,True,,COc1cccc2c1C(=O)c1c(O)c3c(c(O)c1C2=O)C[C@@](O)(C(=O)CO)C[C@@H]3O[C@H]1C[C@H](N)[C@H](O)[C@H](C)O1,COc1cccc2c1C(=O)c1c(O)c3c(c(O)c1C2=O)C[C@@](O)(C(=O)CO)C[C@@H]3O[C@H]1C[C@H](N)[C@H](O)[C@H](C)O1,1,exact,1,1,B3DB_classification:169,doxorubicin,COc1cccc2c1C(=O)c1c(O)c3c(c(O)c1C2=O)C[C@@](O)(C(=O)CO)C[C@@H]3O[C@H]1C[C@H](N)[C@H](O)[C@H](C)O1,B3DB_classification:169,doxorubicin,COc1cccc2c1C(=O)c1c(O)c3c(c(O)c1C2=O)C[C@@](O)(C(=O)CO)C[C@@H]3O[C@H]1C[C@H](N)[C@H](O)[C@H](C)O1,,,b3db_exact_label_mismatch|b3db_salt_removed_label_mismatch
tdc_no_conflict_salt_removed,train,566,train:566,CC(=O)[C@]1(N)Cc2c(O)c3c(c(O)c2[C@@H](O[C@H]2C[C@H](O)[C@H](O)CO2)C1)C(=O)c1ccccc1C3=O,0,True,,CC(=O)[C@]1(N)Cc2c(O)c3c(c(O)c2[C@@H](O[C@H]2C[C@H](O)[C@H](O)CO2)C1)C(=O)c1ccccc1C3=O,CC(=O)[C@]1(N)Cc2c(O)c3c(c(O)c2[C@@H](O[C@H]2C[C@H](O)[C@H](O)CO2)C1)C(=O)c1ccccc1C3=O,1,exact,0,0,B3DB_classification:1213,amrubicin,CC(=O)[C@]1(N)Cc2c(O)c3c(c(O)c2[C@@H](O[C@H]2C[C@H](O)[C@H](O)CO2)C1)C(=O)c1ccccc1C3=O,B3DB_classification:1213,amrubicin,CC(=O)[C@]1(N)Cc2c(O)c3c(c(O)c2[C@@H](O[C@H]2C[C@H](O)[C@H](O)CO2)C1)C(=O)c1ccccc1C3=O,,,
tdc_no_conflict_salt_removed,train,567,train:567,CC1OC(OC2CC(O)(C(=O)CO)Cc3c(O)c4c(c(O)c32)C(=O)c2ccccc2C4=O)CC(N)C1O,0,True,,CC1OC(OC2CC(O)(C(=O)CO)Cc3c(O)c4c(c(O)c32)C(=O)c2ccccc2C4=O)CC(N)C1O,CC1OC(OC2CC(O)(C(=O)CO)Cc3c(O)c4c(c(O)c32)C(=O)c2ccccc2C4=O)CC(N)C1O,1,exact,0,0,B3DB_classification:1407,4-demethoxyadriamycin hcl,CC1OC(OC2CC(O)(C(=O)CO)Cc3c(O)c4c(c(O)c32)C(=O)c2ccccc2C4=O)CC(N)C1O,B3DB_classification:1407,4-demethoxyadriamycin hcl,CC1OC(OC2CC(O)(C(=O)CO)Cc3c(O)c4c(c(O)c32)C(=O)c2ccccc2C4=O)CC(N)C1O,,,
tdc_no_conflict_salt_removed,train,568,train:568,COc1cccc2c1C(=O)c1c(O)c3c(c(O)c1C2=O)C[C@@](O)(C(C)=O)C[C@@H]3O[C@H]1C[C@H](N)[C@H](O)[C@H](C)O1,0,True,,COc1cccc2c1C(=O)c1c(O)c3c(c(O)c1C2=O)C[C@@](O)(C(C)=O)C[C@@H]3O[C@H]1C[C@H](N)[C@H](O)[C@H](C)O1,COc1cccc2c1C(=O)c1c(O)c3c(c(O)c1C2=O)C[C@@](O)(C(C)=O)C[C@@H]3O[C@H]1C[C@H](N)[C@H](O)[C@H](C)O1,1,exact,0,0,B3DB_classification:2077,daunorubicin,COc1cccc2c1C(=O)c1c(O)c3c(c(O)c1C2=O)C[C@@](O)(C(C)=O)C[C@@H]3O[C@H]1C[C@H](N)[C@H](O)[C@H](C)O1,B3DB_classification:2077,daunorubicin,COc1cccc2c1C(=O)c1c(O)c3c(c(O)c1C2=O)C[C@@](O)(C(C)=O)C[C@@H]3O[C@H]1C[C@H](N)[C@H](O)[C@H](C)O1,,,
tdc_no_conflict_salt_removed,train,569,train:569,CCOC(OCC)C(=O)OCC(=O)C1(O)Cc2c(O)c3c(c(O)c2C(OC2CC(N)C(O)C(C)O2)C1)C(=O)c1c(OC)cccc1C3=O,0,True,,CCOC(OCC)C(=O)OCC(=O)C1(O)Cc2c(O)c3c(c(O)c2C(OC2CC(N)C(O)C(C)O2)C1)C(=O)c1c(OC)cccc1C3=O,CCOC(OCC)C(=O)OCC(=O)C1(O)Cc2c(O)c3c(c(O)c2C(OC2CC(N)C(O)C(C)O2)C1)C(=O)c1c(OC)cccc1C3=O,1,exact,0,0,B3DB_classification:1653,detorubicin,CCOC(OCC)C(=O)OCC(=O)C1(O)Cc2c(O)c3c(c(O)c2C(OC2CC(N)C(O)C(C)O2)C1)C(=O)c1c(OC)cccc1C3=O,B3DB_classification:1653,detorubicin,CCOC(OCC)C(=O)OCC(=O)C1(O)Cc2c(O)c3c(c(O)c2C(OC2CC(N)C(O)C(C)O2)C1)C(=O)c1c(OC)cccc1C3=O,,,
tdc_no_conflict_salt_removed,train,570,train:570,CC(=O)[C@]1(O)Cc2c(O)c3c(c(O)c2C(OC2CC(N)C(O)C(C)O2)C1)C(=O)c1c(O)cccc1C3=O,0,True,,CC(=O)[C@]1(O)Cc2c(O)c3c(c(O)c2C(OC2CC(N)C(O)C(C)O2)C1)C(=O)c1c(O)cccc1C3=O,CC(=O)[C@]1(O)Cc2c(O)c3c(c(O)c2C(OC2CC(N)C(O)C(C)O2)C1)C(=O)c1c(O)cccc1C3=O,1,exact,0,0,B3DB_classification:1214,50935-04-1,CC(=O)[C@]1(O)Cc2c(O)c3c(c(O)c2C(OC2CC(N)C(O)C(C)O2)C1)C(=O)c1c(O)cccc1C3=O,B3DB_classification:1214,50935-04-1,CC(=O)[C@]1(O)Cc2c(O)c3c(c(O)c2C(OC2CC(N)C(O)C(C)O2)C1)C(=O)c1c(O)cccc1C3=O,,,
tdc_no_conflict_salt_removed,train,571,train:571,O=C1NCN(c2ccccc2)C12CCN(CCCOc1ccc(F)cc1)CC2,1,True,,O=C1NCN(c2ccccc2)C12CCN(CCCOc1ccc(F)cc1)CC2,O=C1NCN(c2ccccc2)C12CCN(CCCOc1ccc(F)cc1)CC2,1,exact,1,1,B3DB_classification:2485,spiramide,O=C1NCN(c2ccccc2)C12CCN(CCCOc1ccc(F)cc1)CC2,B3DB_classification:2485,spiramide,O=C1NCN(c2ccccc2)C12CCN(CCCOc1ccc(F)cc1)CC2,,,
tdc_no_conflict_salt_removed,train,572,train:572,Clc1ccc([C@@H]2[C@H]3CC[C@@H](C3)C23CCC(N2CCOCC2)=N3)cc1,1,True,,Clc1ccc([C@@H]2[C@H]3CC[C@@H](C3)C23CCC(N2CCOCC2)=N3)cc1,Clc1ccc([C@@H]2[C@H]3CC[C@@H](C3)C23CCC(N2CCOCC2)=N3)cc1,1,exact,1,1,B3DB_classification:2241,spiclamine,Clc1ccc([C@@H]2[C@H]3CC[C@@H](C3)C23CCC(N2CCOCC2)=N3)cc1,B3DB_classification:2241,spiclamine,Clc1ccc([C@@H]2[C@H]3CC[C@@H](C3)C23CCC(N2CCOCC2)=N3)cc1,,,
tdc_no_conflict_salt_removed,train,573,train:573,COc1ccc2c(c1)C(O)(CCCN(C)C)c1ccccc1S2,1,True,,COc1ccc2c(c1)C(O)(CCCN(C)C)c1ccccc1S2,COc1ccc2c(c1)C(O)(CCCN(C)C)c1ccccc1S2,1,exact,1,1,B3DB_classification:2058,meprotixol,COc1ccc2c(c1)C(O)(CCCN(C)C)c1ccccc1S2,B3DB_classification:2058,meprotixol,COc1ccc2c(c1)C(O)(CCCN(C)C)c1ccccc1S2,,,
tdc_no_conflict_salt_removed,train,574,train:574,O=C(Cn1ccnc1)c1ccc2ccccc2c1,1,True,,O=C(Cn1ccnc1)c1ccc2ccccc2c1,O=C(Cn1ccnc1)c1ccc2ccccc2c1,1,exact,1,1,B3DB_classification:2398,nafimidone,O=C(Cn1ccnc1)c1ccc2ccccc2c1,B3DB_classification:2398,nafimidone,O=C(Cn1ccnc1)c1ccc2ccccc2c1,,,
tdc_no_conflict_salt_removed,train,575,train:575,CC1=Nc2ccccc2CC(c2ccccc2)N1C,1,True,,CC1=Nc2ccccc2CC(c2ccccc2)N1C,CC1=Nc2ccccc2CC(c2ccccc2)N1C,1,exact,1,1,B3DB_classification:1391,dazepinil,CC1=Nc2ccccc2CC(c2ccccc2)N1C,B3DB_classification:1391,dazepinil,CC1=Nc2ccccc2CC(c2ccccc2)N1C,,,
tdc_no_conflict_salt_removed,train,576,train:576,Cc1nnc(SCC2=C(C(=O)O)N3C(=O)[C@@H](NC(=O)[C@H](O)c4ccccc4)[C@H]3SC2)s1,0,True,,Cc1nnc(SCC2=C(C(=O)O)N3C(=O)[C@@H](NC(=O)[C@H](O)c4ccccc4)[C@H]3SC2)s1,Cc1nnc(SCC2=C(C(=O)O)N3C(=O)[C@@H](NC(=O)[C@H](O)c4ccccc4)[C@H]3SC2)s1,1,exact,0,0,B3DB_classification:2230,cefcanel,Cc1nnc(SCC2=C(C(=O)O)N3C(=O)[C@@H](NC(=O)[C@H](O)c4ccccc4)[C@H]3SC2)s1,B3DB_classification:2230,cefcanel,Cc1nnc(SCC2=C(C(=O)O)N3C(=O)[C@@H](NC(=O)[C@H](O)c4ccccc4)[C@H]3SC2)s1,,,
tdc_no_conflict_salt_removed,train,577,train:577,Cc1nnc(SCC2=C(C(=O)O)N3C(=O)[C@@H](NC(=O)C(N)c4ccc(O)cc4)[C@H]3SC2)s1,0,True,,Cc1nnc(SCC2=C(C(=O)O)N3C(=O)[C@@H](NC(=O)C(N)c4ccc(O)cc4)[C@H]3SC2)s1,Cc1nnc(SCC2=C(C(=O)O)N3C(=O)[C@@H](NC(=O)C(N)c4ccc(O)cc4)[C@H]3SC2)s1,1,exact,0,0,B3DB_classification:2227,cefaparole,Cc1nnc(SCC2=C(C(=O)O)N3C(=O)[C@@H](NC(=O)C(N)c4ccc(O)cc4)[C@H]3SC2)s1,B3DB_classification:2227,cefaparole,Cc1nnc(SCC2=C(C(=O)O)N3C(=O)[C@@H](NC(=O)C(N)c4ccc(O)cc4)[C@H]3SC2)s1,,,
tdc_no_conflict_salt_removed,train,578,train:578,Cc1nnc(SCC2=C(C(=O)OCc3oc(=O)oc3C)N3C(=O)C(NC(=O)C(OC(=O)C(C)N)c4ccccc4)C3SC2)s1,0,True,,Cc1nnc(SCC2=C(C(=O)OCc3oc(=O)oc3C)N3C(=O)C(NC(=O)C(OC(=O)C(C)N)c4ccccc4)C3SC2)s1,Cc1nnc(SCC2=C(C(=O)OCc3oc(=O)oc3C)N3C(=O)C(NC(=O)C(OC(=O)C(C)N)c4ccccc4)C3SC2)s1,1,exact,0,0,B3DB_classification:2231,cefcanel-daloxate,Cc1nnc(SCC2=C(C(=O)OCc3oc(=O)oc3C)N3C(=O)C(NC(=O)C(OC(=O)C(C)N)c4ccccc4)C3SC2)s1,B3DB_classification:2231,cefcanel-daloxate,Cc1nnc(SCC2=C(C(=O)OCc3oc(=O)oc3C)N3C(=O)C(NC(=O)C(OC(=O)C(C)N)c4ccccc4)C3SC2)s1,,,
tdc_no_conflict_salt_removed,train,579,train:579,COc1ccc(Cn2c(C)c(CCN)c3cc(O)ccc32)cc1,1,True,,COc1ccc(Cn2c(C)c(CCN)c3cc(O)ccc32)cc1,COc1ccc(Cn2c(C)c(CCN)c3cc(O)ccc32)cc1,1,exact,1,1,B3DB_classification:2049,hydroxindasol,COc1ccc(Cn2c(C)c(CCN)c3cc(O)ccc32)cc1,B3DB_classification:2049,hydroxindasol,COc1ccc(Cn2c(C)c(CCN)c3cc(O)ccc32)cc1,,,
tdc_no_conflict_salt_removed,train,580,train:580,NC(N)=NCCN1CCCCCCC1,0,True,,NC(N)=NCCN1CCCCCCC1,NC(N)=NCCN1CCCCCCC1,1,exact,0,0,B3DB_classification:2309,guanethidinesulfate,NC(N)=NCCN1CCCCCCC1,B3DB_classification:2309,guanethidinesulfate,NC(N)=NCCN1CCCCCCC1,,,
tdc_no_conflict_salt_removed,train,581,train:581,CC(C)(C)N1CCC(c2ccccc2)(c2ccccc2)CC1,1,True,,CC(C)(C)N1CCC(c2ccccc2)(c2ccccc2)CC1,CC(C)(C)N1CCC(c2ccccc2)(c2ccccc2)CC1,1,exact,1,1,B3DB_classification:888,budipine,CC(C)(C)N1CCC(c2ccccc2)(c2ccccc2)CC1,B3DB_classification:888,budipine,CC(C)(C)N1CCC(c2ccccc2)(c2ccccc2)CC1,,,
tdc_no_conflict_salt_removed,train,582,train:582,CC1(C)S[C@@H]2C(NC(=O)[C@H](NC(=O)c3c[nH]c4cccnc4c3=O)c3ccccc3)C(=O)N2[C@H]1C(=O)O,0,True,,CC1(C)S[C@@H]2C(NC(=O)[C@H](NC(=O)c3c[nH]c4cccnc4c3=O)c3ccccc3)C(=O)N2[C@H]1C(=O)O,CC1(C)S[C@@H]2C(NC(=O)[C@H](NC(=O)c3c[nH]c4cccnc4c3=O)c3ccccc3)C(=O)N2[C@H]1C(=O)O,1,exact,0,0,B3DB_classification:1345,apalcillin,CC1(C)S[C@@H]2C(NC(=O)[C@H](NC(=O)c3c[nH]c4cccnc4c3=O)c3ccccc3)C(=O)N2[C@H]1C(=O)O,B3DB_classification:1345,apalcillin,CC1(C)S[C@@H]2C(NC(=O)[C@H](NC(=O)c3c[nH]c4cccnc4c3=O)c3ccccc3)C(=O)N2[C@H]1C(=O)O,,,
tdc_no_conflict_salt_removed,train,583,train:583,CC(NCCn1cnc2c1c(=O)n(C)c(=O)n2C)C(O)c1ccccc1,1,True,,CC(NCCn1cnc2c1c(=O)n(C)c(=O)n2C)C(O)c1ccccc1,CC(NCCn1cnc2c1c(=O)n(C)c(=O)n2C)C(O)c1ccccc1,1,exact,1,1,B3DB_classification:1314,cafedrine,CC(NCCn1cnc2c1c(=O)n(C)c(=O)n2C)C(O)c1ccccc1,B3DB_classification:1314,cafedrine,CC(NCCn1cnc2c1c(=O)n(C)c(=O)n2C)C(O)c1ccccc1,,,
tdc_no_conflict_salt_removed,train,584,train:584,CC(Cc1ccccc1)NCCn1cnc2c1c(=O)n(C)c(=O)n2C,1,True,,CC(Cc1ccccc1)NCCn1cnc2c1c(=O)n(C)c(=O)n2C,CC(Cc1ccccc1)NCCn1cnc2c1c(=O)n(C)c(=O)n2C,1,exact,1,1,B3DB_classification:1308,fenethylline,CC(Cc1ccccc1)NCCn1cnc2c1c(=O)n(C)c(=O)n2C,B3DB_classification:1308,fenethylline,CC(Cc1ccccc1)NCCn1cnc2c1c(=O)n(C)c(=O)n2C,,,
tdc_no_conflict_salt_removed,train,585,train:585,Cn1c(=O)c2c(ncn2CCNCC(O)c2ccc(O)c(O)c2)n(C)c1=O,0,True,,Cn1c(=O)c2c(ncn2CCNCC(O)c2ccc(O)c(O)c2)n(C)c1=O,Cn1c(=O)c2c(ncn2CCNCC(O)c2ccc(O)c(O)c2)n(C)c1=O,1,exact,0,0,B3DB_classification:2251,theodrenaline,Cn1c(=O)c2c(ncn2CCNCC(O)c2ccc(O)c(O)c2)n(C)c1=O,B3DB_classification:2251,theodrenaline,Cn1c(=O)c2c(ncn2CCNCC(O)c2ccc(O)c(O)c2)n(C)c1=O,,,
tdc_no_conflict_salt_removed,train,586,train:586,CC1(C)S[C@@H]2[C@H](NC(=O)[C@H](N)C3=CCC=CC3)C(=O)N2[C@H]1C(=O)O,0,True,,CC1(C)S[C@@H]2[C@H](NC(=O)[C@H](N)C3=CCC=CC3)C(=O)N2[C@H]1C(=O)O,CC1(C)S[C@@H]2[C@H](NC(=O)[C@H](N)C3=CCC=CC3)C(=O)N2[C@H]1C(=O)O,1,exact,0,0,B3DB_classification:1359,epicillin,CC1(C)S[C@@H]2[C@H](NC(=O)[C@H](N)C3=CCC=CC3)C(=O)N2[C@H]1C(=O)O,B3DB_classification:1359,epicillin,CC1(C)S[C@@H]2[C@H](NC(=O)[C@H](N)C3=CCC=CC3)C(=O)N2[C@H]1C(=O)O,,,
tdc_no_conflict_salt_removed,train,587,train:587,CC(Cc1ccccc1)NC(C#N)c1ccccc1,1,True,,CC(Cc1ccccc1)NC(C#N)c1ccccc1,CC(Cc1ccccc1)NC(C#N)c1ccccc1,1,exact,1,1,B3DB_classification:1306,amfetaminil,CC(Cc1ccccc1)NC(C#N)c1ccccc1,B3DB_classification:1306,amfetaminil,CC(Cc1ccccc1)NC(C#N)c1ccccc1,,,
tdc_no_conflict_salt_removed,train,588,train:588,CC(Cc1ccccc1)N(C)Cc1ccccc1,1,True,,CC(Cc1ccccc1)N(C)Cc1ccccc1,CC(Cc1ccccc1)N(C)Cc1ccccc1,1,exact,1,1,B3DB_classification:1304,benzphetamine(benzfetamine),CC(Cc1ccccc1)N(C)Cc1ccccc1,B3DB_classification:1304,benzphetamine(benzfetamine),CC(Cc1ccccc1)N(C)Cc1ccccc1,,,
tdc_no_conflict_salt_removed,train,589,train:589,CCN(CC)C(C)=NN=Cc1c2c(O)c3c(O)c(C)c4c(c3c1O)C(=O)C(C)(OC=CC(OC)C(C)C(OC(C)=O)C(C)C(O)C(C)C(O)C(C)C=CC=C(C)C(=O)N2)O4,0,True,,CCN(CC)C(C)=NN=Cc1c2c(O)c3c(O)c(C)c4c(c3c1O)C(=O)C(C)(OC=CC(OC)C(C)C(OC(C)=O)C(C)C(O)C(C)C(O)C(C)C=CC=C(C)C(=O)N2)O4,CCN(CC)C(C)=NN=Cc1c2c(O)c3c(O)c(C)c4c(c3c1O)C(=O)C(C)(OC=CC(OC)C(C)C(OC(C)=O)C(C)C(O)C(C)C(O)C(C)C=CC=C(C)C(=O)N2)O4,1,exact,0,0,B3DB_classification:1588,rifametane,CCN(CC)C(C)=NN=Cc1c2c(O)c3c(O)c(C)c4c(c3c1O)C(=O)C(C)(OC=CC(OC)C(C)C(OC(C)=O)C(C)C(O)C(C)C(O)C(C)C=CC=C(C)C(=O)N2)O4,B3DB_classification:1588,rifametane,CCN(CC)C(C)=NN=Cc1c2c(O)c3c(O)c(C)c4c(c3c1O)C(=O)C(C)(OC=CC(OC)C(C)C(OC(C)=O)C(C)C(O)C(C)C(O)C(C)C=CC=C(C)C(=O)N2)O4,,,
tdc_no_conflict_salt_removed,train,590,train:590,CCN(CC)C(=O)COc1cc2c(O)c3c(O)c(C)c4c(c13)C(=O)[C@@](C)(O/C=C/[C@H](OC)[C@@H](C)[C@@H](OC(C)=O)[C@H](C)[C@H](O)[C@H](C)[C@@H](O)[C@@H](C)/C=C/C=C(/C)C(=O)N2)O4,0,True,,CCN(CC)C(=O)COc1cc2c(O)c3c(O)c(C)c4c(c13)C(=O)[C@@](C)(O/C=C/[C@H](OC)[C@@H](C)[C@@H](OC(C)=O)[C@H](C)[C@H](O)[C@H](C)[C@@H](O)[C@@H](C)/C=C/C=C(/C)C(=O)N2)O4,CCN(CC)C(=O)COc1cc2c(O)c3c(O)c(C)c4c(c13)C(=O)[C@@](C)(O/C=C/[C@H](OC)[C@@H](C)[C@@H](OC(C)=O)[C@H](C)[C@H](O)[C@H](C)[C@@H](O)[C@@H](C)/C=C/C=C(/C)C(=O)N2)O4,1,exact,0,0,B3DB_classification:1581,rifamide,CCN(CC)C(=O)COc1cc2c(O)c3c(O)c(C)c4c(c13)C(=O)[C@@](C)(O/C=C/[C@H](OC)[C@@H](C)[C@@H](OC(C)=O)[C@H](C)[C@H](O)[C@H](C)[C@@H](O)[C@@H](C)/C=C/C=C(/C)C(=O)N2)O4,B3DB_classification:1581,rifamide,CCN(CC)C(=O)COc1cc2c(O)c3c(O)c(C)c4c(c13)C(=O)[C@@](C)(O/C=C/[C@H](OC)[C@@H](C)[C@@H](OC(C)=O)[C@H](C)[C@H](O)[C@H](C)[C@@H](O)[C@@H](C)/C=C/C=C(/C)C(=O)N2)O4,,,
tdc_no_conflict_salt_removed,train,591,train:591,CO[C@H]1/C=C/O[C@@]2(C)Oc3c(C)c(O)c4c(O)c(cc(O)c4c3C2=O)NC(=O)/C(C)=C\C=C\[C@H](C)[C@H](O)[C@@H](C)[C@@H](O)[C@@H](C)[C@H](OC(C)=O)[C@@H]1C,0,True,,CO[C@H]1/C=C/O[C@@]2(C)Oc3c(C)c(O)c4c(O)c(cc(O)c4c3C2=O)NC(=O)/C(C)=C\C=C\[C@H](C)[C@H](O)[C@@H](C)[C@@H](O)[C@@H](C)[C@H](OC(C)=O)[C@@H]1C,CO[C@H]1/C=C/O[C@@]2(C)Oc3c(C)c(O)c4c(O)c(cc(O)c4c3C2=O)NC(=O)/C(C)=C\C=C\[C@H](C)[C@H](O)[C@@H](C)[C@@H](O)[C@@H](C)[C@H](OC(C)=O)[C@@H]1C,1,exact,0,0,B3DB_classification:2013,rifamycin,CO[C@H]1/C=C/O[C@@]2(C)Oc3c(C)c(O)c4c(O)c(cc(O)c4c3C2=O)NC(=O)/C(C)=C\C=C\[C@H](C)[C@H](O)[C@@H](C)[C@@H](O)[C@@H](C)[C@H](OC(C)=O)[C@@H]1C,B3DB_classification:2013,rifamycin,CO[C@H]1/C=C/O[C@@]2(C)Oc3c(C)c(O)c4c(O)c(cc(O)c4c3C2=O)NC(=O)/C(C)=C\C=C\[C@H](C)[C@H](O)[C@@H](C)[C@@H](O)[C@@H](C)[C@H](OC(C)=O)[C@@H]1C,,,
tdc_no_conflict_salt_removed,train,592,train:592,Nc1cccc(-n2ccccc2=O)c1,1,True,,Nc1cccc(-n2ccccc2=O)c1,Nc1cccc(-n2ccccc2=O)c1,1,exact,1,1,B3DB_classification:2352,amphenidone,Nc1cccc(-n2ccccc2=O)c1,B3DB_classification:2352,amphenidone,Nc1cccc(-n2ccccc2=O)c1,,,
tdc_no_conflict_salt_removed,train,593,train:593,c1cc(CN2CCCCC2)cc(OCCCNc2nccs2)c1,1,True,,c1cc(CN2CCCCC2)cc(OCCCNc2nccs2)c1,c1cc(CN2CCCCC2)cc(OCCCNc2nccs2)c1,1,exact,1,1,B3DB_classification:803,chebi: 338961,c1cc(CN2CCCCC2)cc(OCCCNc2nccs2)c1,B3DB_classification:803,chebi: 338961,c1cc(CN2CCCCC2)cc(OCCCNc2nccs2)c1,,,
tdc_no_conflict_salt_removed,train,594,train:594,CN(C)[C@@H]1C(=O)/C(=C(/O)NCN2CCCC(C(=O)O)C2)C(=O)[C@@]2(O)C(=O)C3=C(O)c4c(O)cccc4[C@@](C)(O)[C@H]3C[C@@H]12,0,True,,CN(C)[C@@H]1C(=O)/C(=C(/O)NCN2CCCC(C(=O)O)C2)C(=O)[C@@]2(O)C(=O)C3=C(O)c4c(O)cccc4[C@@](C)(O)[C@H]3C[C@@H]12,CN(C)[C@@H]1C(=O)/C(=C(/O)NCN2CCCC(C(=O)O)C2)C(=O)[C@@]2(O)C(=O)C3=C(O)c4c(O)cccc4[C@@](C)(O)[C@H]3C[C@@H]12,1,unmatched,,,,,,,,,,,
tdc_no_conflict_salt_removed,train,595,train:595,CC1(C)S[C@@H]2[C@H](NC(=O)[C@@H](N=Cc3ccco3)c3ccc(O)cc3)C(=O)N2[C@H]1C(=O)O,0,True,,CC1(C)S[C@@H]2[C@H](NC(=O)[C@@H](N=Cc3ccco3)c3ccc(O)cc3)C(=O)N2[C@H]1C(=O)O,CC1(C)S[C@@H]2[C@H](NC(=O)[C@@H](N=Cc3ccco3)c3ccc(O)cc3)C(=O)N2[C@H]1C(=O)O,1,exact,0,0,B3DB_classification:1358,fumoxicillin,CC1(C)S[C@@H]2[C@H](NC(=O)[C@@H](N=Cc3ccco3)c3ccc(O)cc3)C(=O)N2[C@H]1C(=O)O,B3DB_classification:1358,fumoxicillin,CC1(C)S[C@@H]2[C@H](NC(=O)[C@@H](N=Cc3ccco3)c3ccc(O)cc3)C(=O)N2[C@H]1C(=O)O,,,
tdc_no_conflict_salt_removed,train,596,train:596,CN1CCN(c2cc3c(nn2)Oc2ccccc2N3C)CC1,1,True,,CN1CCN(c2cc3c(nn2)Oc2ccccc2N3C)CC1,CN1CCN(c2cc3c(nn2)Oc2ccccc2N3C)CC1,1,exact,1,1,B3DB_classification:1861,pipofezine,CN1CCN(c2cc3c(nn2)Oc2ccccc2N3C)CC1,B3DB_classification:1861,pipofezine,CN1CCN(c2cc3c(nn2)Oc2ccccc2N3C)CC1,,,
tdc_no_conflict_salt_removed,train,597,train:597,Cc1cc(N/C(O)=C2\C(=O)c3ccccc3S(=O)(=O)N2C)no1,0,True,,Cc1cc(N/C(O)=C2\C(=O)c3ccccc3S(=O)(=O)N2C)no1,Cc1cc(N/C(O)=C2\C(=O)c3ccccc3S(=O)(=O)N2C)no1,1,unmatched,,,,,,,,,,,
tdc_no_conflict_salt_removed,train,598,train:598,CN(C)C/C=C(/c1ccc(Br)cc1)c1cccnc1,1,True,,CN(C)C/C=C(/c1ccc(Br)cc1)c1cccnc1,CN(C)C/C=C(/c1ccc(Br)cc1)c1cccnc1,1,exact,1,1,B3DB_classification:1724,zimeldine,CN(C)C/C=C(/c1ccc(Br)cc1)c1cccnc1,B3DB_classification:1724,zimeldine,CN(C)C/C=C(/c1ccc(Br)cc1)c1cccnc1,,,
tdc_no_conflict_salt_removed,train,599,train:599,CNC/C=C(/c1ccc(Br)cc1)c1cccnc1,1,True,,CNC/C=C(/c1ccc(Br)cc1)c1cccnc1,CNC/C=C(/c1ccc(Br)cc1)c1cccnc1,1,exact,1,1,B3DB_classification:1904,nomelidine,CNC/C=C(/c1ccc(Br)cc1)c1cccnc1,B3DB_classification:1904,nomelidine,CNC/C=C(/c1ccc(Br)cc1)c1cccnc1,,,
tdc_no_conflict_salt_removed,train,600,train:600,CC(C)[C@H](NC(=O)[C@H](Cc1ccccc1)NC(=O)CNC(=O)[C@@H](C)NC(=O)[C@@H](N)Cc1ccc(O)cc1)C(N)=O,0,True,,CC(C)[C@H](NC(=O)[C@H](Cc1ccccc1)NC(=O)CNC(=O)[C@@H](C)NC(=O)[C@@H](N)Cc1ccc(O)cc1)C(N)=O,CC(C)[C@H](NC(=O)[C@H](Cc1ccccc1)NC(=O)CNC(=O)[C@@H](C)NC(=O)[C@@H](N)Cc1ccc(O)cc1)C(N)=O,1,exact,0,0,B3DB_classification:1276,enkephalin,CC(C)[C@H](NC(=O)[C@H](Cc1ccccc1)NC(=O)CNC(=O)[C@@H](C)NC(=O)[C@@H](N)Cc1ccc(O)cc1)C(N)=O,B3DB_classification:1276,enkephalin,CC(C)[C@H](NC(=O)[C@H](Cc1ccccc1)NC(=O)CNC(=O)[C@@H](C)NC(=O)[C@@H](N)Cc1ccc(O)cc1)C(N)=O,,,
tdc_no_conflict_salt_removed,train,601,train:601,CCCCc1nc(Cl)c(CO)n1Cc1ccc(-c2ccccc2-c2nn[nH]n2)cc1,0,True,,CCCCc1nc(Cl)c(CO)n1Cc1ccc(-c2ccccc2-c2nn[nH]n2)cc1,CCCCc1nc(Cl)c(CO)n1Cc1ccc(-c2ccccc2-c2nn[nH]n2)cc1,1,unmatched,,,,,,,,,,,
tdc_no_conflict_salt_removed,train,602,train:602,CN1CCC(=C2c3ccccc3CCc3sccc32)CC1,1,True,,CN1CCC(=C2c3ccccc3CCc3sccc32)CC1,CN1CCC(=C2c3ccccc3CCc3sccc32)CC1,1,exact,1,1,B3DB_classification:1826,pizotifen,CN1CCC(=C2c3ccccc3CCc3sccc32)CC1,B3DB_classification:1826,pizotifen,CN1CCC(=C2c3ccccc3CCc3sccc32)CC1,,,
tdc_no_conflict_salt_removed,train,603,train:603,CC[C@H]1OC(=O)[C@H](C)[C@@H](OC2CC(C)(OC)C(O)C(C)O2)C(C)[C@@H](OC2OC(C)CC(N(C)C)C2O)[C@](C)(O)C[C@@H](C)C(=O)[C@H](C)[C@@H](O)[C@H]1C,0,True,,CC[C@H]1OC(=O)[C@H](C)[C@@H](OC2CC(C)(OC)C(O)C(C)O2)C(C)[C@@H](OC2OC(C)CC(N(C)C)C2O)[C@](C)(O)C[C@@H](C)C(=O)[C@H](C)[C@@H](O)[C@H]1C,CC[C@H]1OC(=O)[C@H](C)[C@@H](OC2CC(C)(OC)C(O)C(C)O2)C(C)[C@@H](OC2OC(C)CC(N(C)C)C2O)[C@](C)(O)C[C@@H](C)C(=O)[C@H](C)[C@@H](O)[C@H]1C,1,exact,0,0,B3DB_classification:1681,berythromycin,CC[C@H]1OC(=O)[C@H](C)[C@@H](OC2CC(C)(OC)C(O)C(C)O2)C(C)[C@@H](OC2OC(C)CC(N(C)C)C2O)[C@](C)(O)C[C@@H](C)C(=O)[C@H](C)[C@@H](O)[C@H]1C,B3DB_classification:1681,berythromycin,CC[C@H]1OC(=O)[C@H](C)[C@@H](OC2CC(C)(OC)C(O)C(C)O2)C(C)[C@@H](OC2OC(C)CC(N(C)C)C2O)[C@](C)(O)C[C@@H](C)C(=O)[C@H](C)[C@@H](O)[C@H]1C,,,
tdc_no_conflict_salt_removed,train,604,train:604,CC[C@H]1OC(=O)[C@H](C)[C@@H](O[C@H]2C[C@@](C)(OC)[C@@H](O)[C@H](C)O2)[C@H](C)[C@@H](O[C@@H]2O[C@H](C)C[C@H](N(C)C)[C@H]2O)[C@](C)(OC)C[C@@H](C)C(=O)[C@H](C)[C@@H](O)[C@]1(C)O,0,True,,CC[C@H]1OC(=O)[C@H](C)[C@@H](O[C@H]2C[C@@](C)(OC)[C@@H](O)[C@H](C)O2)[C@H](C)[C@@H](O[C@@H]2O[C@H](C)C[C@H](N(C)C)[C@H]2O)[C@](C)(OC)C[C@@H](C)C(=O)[C@H](C)[C@@H](O)[C@]1(C)O,CC[C@H]1OC(=O)[C@H](C)[C@@H](O[C@H]2C[C@@](C)(OC)[C@@H](O)[C@H](C)O2)[C@H](C)[C@@H](O[C@@H]2O[C@H](C)C[C@H](N(C)C)[C@H]2O)[C@](C)(OC)C[C@@H](C)C(=O)[C@H](C)[C@@H](O)[C@]1(C)O,1,exact,0,0,B3DB_classification:1687,clarithromycin,CC[C@H]1OC(=O)[C@H](C)[C@@H](O[C@H]2C[C@@](C)(OC)[C@@H](O)[C@H](C)O2)[C@H](C)[C@@H](O[C@@H]2O[C@H](C)C[C@H](N(C)C)[C@H]2O)[C@](C)(OC)C[C@@H](C)C(=O)[C@H](C)[C@@H](O)[C@]1(C)O,B3DB_classification:1687,clarithromycin,CC[C@H]1OC(=O)[C@H](C)[C@@H](O[C@H]2C[C@@](C)(OC)[C@@H](O)[C@H](C)O2)[C@H](C)[C@@H](O[C@@H]2O[C@H](C)C[C@H](N(C)C)[C@H]2O)[C@](C)(OC)C[C@@H](C)C(=O)[C@H](C)[C@@H](O)[C@]1(C)O,,,
tdc_no_conflict_salt_removed,train,605,train:605,CC[C@H]1OC(=O)[C@H](C)[C@@H](O[C@H]2C[C@@](C)(OC)[C@@H](O)[C@H](C)O2)[C@H](C)[C@@H](O[C@@H]2O[C@H](C)C[C@H](N(C)C)[C@H]2O)[C@](C)(O)C[C@@H](C)C(=O)[C@H](C)[C@@H](O)[C@]1(C)O,0,True,,CC[C@H]1OC(=O)[C@H](C)[C@@H](O[C@H]2C[C@@](C)(OC)[C@@H](O)[C@H](C)O2)[C@H](C)[C@@H](O[C@@H]2O[C@H](C)C[C@H](N(C)C)[C@H]2O)[C@](C)(O)C[C@@H](C)C(=O)[C@H](C)[C@@H](O)[C@]1(C)O,CC[C@H]1OC(=O)[C@H](C)[C@@H](O[C@H]2C[C@@](C)(OC)[C@@H](O)[C@H](C)O2)[C@H](C)[C@@H](O[C@@H]2O[C@H](C)C[C@H](N(C)C)[C@H]2O)[C@](C)(O)C[C@@H](C)C(=O)[C@H](C)[C@@H](O)[C@]1(C)O,1,exact,0,0,B3DB_classification:1684,erythromycin,CC[C@H]1OC(=O)[C@H](C)[C@@H](O[C@H]2C[C@@](C)(OC)[C@@H](O)[C@H](C)O2)[C@H](C)[C@@H](O[C@@H]2O[C@H](C)C[C@H](N(C)C)[C@H]2O)[C@](C)(O)C[C@@H](C)C(=O)[C@H](C)[C@@H](O)[C@]1(C)O,B3DB_classification:1684,erythromycin,CC[C@H]1OC(=O)[C@H](C)[C@@H](O[C@H]2C[C@@](C)(OC)[C@@H](O)[C@H](C)O2)[C@H](C)[C@@H](O[C@@H]2O[C@H](C)C[C@H](N(C)C)[C@H]2O)[C@](C)(O)C[C@@H](C)C(=O)[C@H](C)[C@@H](O)[C@]1(C)O,,,
tdc_no_conflict_salt_removed,train,606,train:606,CC[C@H]1OC(=O)[C@H](C)[C@@H](O[C@H]2C[C@@](C)(OC)[C@@H](O)[C@H](C)O2)[C@H](C)[C@@H](O[C@@H]2O[C@H](C)C[C@H](N(C)C)[C@H]2O)[C@](C)(O)C[C@](C)(F)C(=O)[C@H](C)[C@@H](O)[C@]1(C)O,0,True,,CC[C@H]1OC(=O)[C@H](C)[C@@H](O[C@H]2C[C@@](C)(OC)[C@@H](O)[C@H](C)O2)[C@H](C)[C@@H](O[C@@H]2O[C@H](C)C[C@H](N(C)C)[C@H]2O)[C@](C)(O)C[C@](C)(F)C(=O)[C@H](C)[C@@H](O)[C@]1(C)O,CC[C@H]1OC(=O)[C@H](C)[C@@H](O[C@H]2C[C@@](C)(OC)[C@@H](O)[C@H](C)O2)[C@H](C)[C@@H](O[C@@H]2O[C@H](C)C[C@H](N(C)C)[C@H]2O)[C@](C)(O)C[C@](C)(F)C(=O)[C@H](C)[C@@H](O)[C@]1(C)O,1,exact,0,0,B3DB_classification:1686,flurithromycin,CC[C@H]1OC(=O)[C@H](C)[C@@H](O[C@H]2C[C@@](C)(OC)[C@@H](O)[C@H](C)O2)[C@H](C)[C@@H](O[C@@H]2O[C@H](C)C[C@H](N(C)C)[C@H]2O)[C@](C)(O)C[C@](C)(F)C(=O)[C@H](C)[C@@H](O)[C@]1(C)O,B3DB_classification:1686,flurithromycin,CC[C@H]1OC(=O)[C@H](C)[C@@H](O[C@H]2C[C@@](C)(OC)[C@@H](O)[C@H](C)O2)[C@H](C)[C@@H](O[C@@H]2O[C@H](C)C[C@H](N(C)C)[C@H]2O)[C@](C)(O)C[C@](C)(F)C(=O)[C@H](C)[C@@H](O)[C@]1(C)O,,,
tdc_no_conflict_salt_removed,train,607,train:607,O=C1CCC2CCC(=O)N12,1,True,,O=C1CCC2CCC(=O)N12,O=C1CCC2CCC(=O)N12,1,exact,1,1,B3DB_classification:2442,rolziracetam,O=C1CCC2CCC(=O)N12,B3DB_classification:2442,rolziracetam,O=C1CCC2CCC(=O)N12,,,
tdc_no_conflict_salt_removed,train,608,train:608,CCOC(=O)C1N=C(c2ccccc2F)c2cc(Cl)ccc2NC1=O,1,True,,CCOC(=O)C1N=C(c2ccccc2F)c2cc(Cl)ccc2NC1=O,CCOC(=O)C1N=C(c2ccccc2F)c2cc(Cl)ccc2NC1=O,1,exact,1,1,B3DB_classification:1634,ethyl-loflazepate,CCOC(=O)C1N=C(c2ccccc2F)c2cc(Cl)ccc2NC1=O,B3DB_classification:1634,ethyl-loflazepate,CCOC(=O)C1N=C(c2ccccc2F)c2cc(Cl)ccc2NC1=O,,,
tdc_no_conflict_salt_removed,train,609,train:609,CCS(=O)(=O)CCN1C(=O)CN=C(c2ccccc2F)c2cc(Cl)ccc21,1,True,,CCS(=O)(=O)CCN1C(=O)CN=C(c2ccccc2F)c2cc(Cl)ccc21,CCS(=O)(=O)CCN1C(=O)CN=C(c2ccccc2F)c2cc(Cl)ccc21,1,exact,1,1,B3DB_classification:1661,elfazepam,CCS(=O)(=O)CCN1C(=O)CN=C(c2ccccc2F)c2cc(Cl)ccc21,B3DB_classification:1661,elfazepam,CCS(=O)(=O)CCN1C(=O)CN=C(c2ccccc2F)c2cc(Cl)ccc21,,,
tdc_no_conflict_salt_removed,train,610,train:610,CN(C)C(=O)OC1N=C(c2ccccc2)c2cc(Cl)ccc2N(C)C1=O,1,True,,CN(C)C(=O)OC1N=C(c2ccccc2)c2cc(Cl)ccc2N(C)C1=O,CN(C)C(=O)OC1N=C(c2ccccc2)c2cc(Cl)ccc2N(C)C1=O,1,exact,1,1,B3DB_classification:1721,camazepam,CN(C)C(=O)OC1N=C(c2ccccc2)c2cc(Cl)ccc2N(C)C1=O,B3DB_classification:1721,camazepam,CN(C)C(=O)OC1N=C(c2ccccc2)c2cc(Cl)ccc2N(C)C1=O,,,
tdc_no_conflict_salt_removed,train,611,train:611,CN1C(=O)CN=C(c2ccccc2F)c2cc(Cl)ccc21,1,True,,CN1C(=O)CN=C(c2ccccc2F)c2cc(Cl)ccc21,CN1C(=O)CN=C(c2ccccc2F)c2cc(Cl)ccc21,1,exact,1,1,B3DB_classification:1812,fludiazepam,CN1C(=O)CN=C(c2ccccc2F)c2cc(Cl)ccc21,B3DB_classification:1812,fludiazepam,CN1C(=O)CN=C(c2ccccc2F)c2cc(Cl)ccc21,,,
tdc_no_conflict_salt_removed,train,612,train:612,O=C1Nc2ccc(Cl)cc2C(c2ccccc2Cl)=NC1O,1,True,,O=C1Nc2ccc(Cl)cc2C(c2ccccc2Cl)=NC1O,O=C1Nc2ccc(Cl)cc2C(c2ccccc2Cl)=NC1O,1,exact,1,1,B3DB_classification:801,lorazepam,O=C1Nc2ccc(Cl)cc2C(c2ccccc2Cl)=NC1O,B3DB_classification:801,lorazepam,O=C1Nc2ccc(Cl)cc2C(c2ccccc2Cl)=NC1O,,,
tdc_no_conflict_salt_removed,train,613,train:613,C#CCN1C(=O)CN=C(c2ccccc2)c2cc(Cl)ccc21,1,True,,C#CCN1C(=O)CN=C(c2ccccc2)c2cc(Cl)ccc21,C#CCN1C(=O)CN=C(c2ccccc2)c2cc(Cl)ccc21,1,exact,1,1,B3DB_classification:1067,pinazepam,C#CCN1C(=O)CN=C(c2ccccc2)c2cc(Cl)ccc21,B3DB_classification:1067,pinazepam,C#CCN1C(=O)CN=C(c2ccccc2)c2cc(Cl)ccc21,,,
tdc_no_conflict_salt_removed,train,614,train:614,O=C1CN=C(c2ccccc2Cl)c2cc([N+](=O)[O-])ccc2N1,1,True,,O=C1CN=C(c2ccccc2Cl)c2cc([N+](=O)[O-])ccc2N1,O=C1CN=C(c2ccccc2Cl)c2cc([N+](=O)[O-])ccc2N1,1,exact,1,1,B3DB_classification:2461,clonazepam,O=C1CN=C(c2ccccc2Cl)c2cc([N+](=O)[O-])ccc2N1,B3DB_classification:2461,clonazepam,O=C1CN=C(c2ccccc2Cl)c2cc([N+](=O)[O-])ccc2N1,,,
tdc_no_conflict_salt_removed,train,615,train:615,CN1C(=O)C(O)N=C(c2ccccc2Cl)c2cc(Cl)ccc21,1,True,,CN1C(=O)C(O)N=C(c2ccccc2Cl)c2cc(Cl)ccc21,CN1C(=O)C(O)N=C(c2ccccc2Cl)c2cc(Cl)ccc21,1,exact,1,1,B3DB_classification:1798,lormetazepam,CN1C(=O)C(O)N=C(c2ccccc2Cl)c2cc(Cl)ccc21,B3DB_classification:1798,lormetazepam,CN1C(=O)C(O)N=C(c2ccccc2Cl)c2cc(Cl)ccc21,,,
tdc_no_conflict_salt_removed,train,616,train:616,O=C1CN=C(c2ccccc2)c2cc(Cl)ccc2N1CC(F)(F)F,1,True,,O=C1CN=C(c2ccccc2)c2cc(Cl)ccc2N1CC(F)(F)F,O=C1CN=C(c2ccccc2)c2cc(Cl)ccc2N1CC(F)(F)F,1,exact,1,1,B3DB_classification:2457,halazepam,O=C1CN=C(c2ccccc2)c2cc(Cl)ccc2N1CC(F)(F)F,B3DB_classification:2457,halazepam,O=C1CN=C(c2ccccc2)c2cc(Cl)ccc2N1CC(F)(F)F,,,
tdc_no_conflict_salt_removed,train,617,train:617,C[C@@H]1N=C(c2ccccc2Cl)c2cc([N+](=O)[O-])ccc2NC1=O,1,True,,C[C@@H]1N=C(c2ccccc2Cl)c2cc([N+](=O)[O-])ccc2NC1=O,C[C@@H]1N=C(c2ccccc2Cl)c2cc([N+](=O)[O-])ccc2NC1=O,1,exact,1,1,B3DB_classification:2116,meclonazepam,C[C@@H]1N=C(c2ccccc2Cl)c2cc([N+](=O)[O-])ccc2NC1=O,B3DB_classification:2116,meclonazepam,C[C@@H]1N=C(c2ccccc2Cl)c2cc([N+](=O)[O-])ccc2NC1=O,,,
tdc_no_conflict_salt_removed,train,618,train:618,N#CCCN1C(=O)C(O)N=C(c2ccccc2F)c2cc(Cl)ccc21,1,True,,N#CCCN1C(=O)C(O)N=C(c2ccccc2F)c2cc(Cl)ccc21,N#CCCN1C(=O)C(O)N=C(c2ccccc2F)c2cc(Cl)ccc21,1,exact,1,1,B3DB_classification:2273,cinolazepam,N#CCCN1C(=O)C(O)N=C(c2ccccc2F)c2cc(Cl)ccc21,B3DB_classification:2273,cinolazepam,N#CCCN1C(=O)C(O)N=C(c2ccccc2F)c2cc(Cl)ccc21,,,
tdc_no_conflict_salt_removed,train,619,train:619,CC(C)(C)C(=O)OC1N=C(c2ccccc2)c2cc(Cl)ccc2NC1=O,1,True,,CC(C)(C)C(=O)OC1N=C(c2ccccc2)c2cc(Cl)ccc2NC1=O,CC(C)(C)C(=O)OC1N=C(c2ccccc2)c2cc(Cl)ccc2NC1=O,1,exact,1,1,B3DB_classification:1223,pivoxazepam,CC(C)(C)C(=O)OC1N=C(c2ccccc2)c2cc(Cl)ccc2NC1=O,B3DB_classification:1223,pivoxazepam,CC(C)(C)C(=O)OC1N=C(c2ccccc2)c2cc(Cl)ccc2NC1=O,,,
tdc_no_conflict_salt_removed,train,620,train:620,CN1C(=O)CN=C(c2ccccc2)c2cc(Cl)ccc21,1,True,,CN1C(=O)CN=C(c2ccccc2)c2cc(Cl)ccc21,CN1C(=O)CN=C(c2ccccc2)c2cc(Cl)ccc21,1,exact,1,1,B3DB_classification:820,diazepam,CN1C(=O)CN=C(c2ccccc2)c2cc(Cl)ccc21,B3DB_classification:820,diazepam,CN1C(=O)CN=C(c2ccccc2)c2cc(Cl)ccc21,,,
tdc_no_conflict_salt_removed,train,621,train:621,O=C1CN=C(c2ccccc2)c2cc([N+](=O)[O-])ccc2N1,1,True,,O=C1CN=C(c2ccccc2)c2cc([N+](=O)[O-])ccc2N1,O=C1CN=C(c2ccccc2)c2cc([N+](=O)[O-])ccc2N1,1,exact,1,1,B3DB_classification:736,nitrazepam,O=C1CN=C(c2ccccc2)c2cc([N+](=O)[O-])ccc2N1,B3DB_classification:736,nitrazepam,O=C1CN=C(c2ccccc2)c2cc([N+](=O)[O-])ccc2N1,,,
tdc_no_conflict_salt_removed,train,622,train:622,O=C1CN=C(c2ccccc2)c2cc(Cl)ccc2N1,1,True,,O=C1CN=C(c2ccccc2)c2cc(Cl)ccc2N1,O=C1CN=C(c2ccccc2)c2cc(Cl)ccc2N1,1,exact,1,1,B3DB_classification:825,1088-11-5,O=C1CN=C(c2ccccc2)c2cc(Cl)ccc2N1,B3DB_classification:825,1088-11-5,O=C1CN=C(c2ccccc2)c2cc(Cl)ccc2N1,,,
tdc_no_conflict_salt_removed,train,623,train:623,CN1C(=O)CN=C(c2ccccc2F)c2cc([N+](=O)[O-])ccc21,1,True,,CN1C(=O)CN=C(c2ccccc2F)c2cc([N+](=O)[O-])ccc21,CN1C(=O)CN=C(c2ccccc2F)c2cc([N+](=O)[O-])ccc21,1,exact,1,1,B3DB_classification:610,1622-62-4,CN1C(=O)CN=C(c2ccccc2F)c2cc([N+](=O)[O-])ccc21,B3DB_classification:610,1622-62-4,CN1C(=O)CN=C(c2ccccc2F)c2cc([N+](=O)[O-])ccc21,,,
tdc_no_conflict_salt_removed,train,624,train:624,O=C1CN=C(c2ccccc2F)c2cc(Cl)ccc2N1CC(O)CO,1,True,,O=C1CN=C(c2ccccc2F)c2cc(Cl)ccc2N1CC(O)CO,O=C1CN=C(c2ccccc2F)c2cc(Cl)ccc2N1CC(O)CO,1,exact,1,1,B3DB_classification:2462,proflazepam,O=C1CN=C(c2ccccc2F)c2cc(Cl)ccc2N1CC(O)CO,B3DB_classification:2462,proflazepam,O=C1CN=C(c2ccccc2F)c2cc(Cl)ccc2N1CC(O)CO,,,
tdc_no_conflict_salt_removed,train,625,train:625,CN1C(=O)C(O)N=C(c2ccccc2)c2cc(Cl)ccc21,1,True,,CN1C(=O)C(O)N=C(c2ccccc2)c2cc(Cl)ccc21,CN1C(=O)C(O)N=C(c2ccccc2)c2cc(Cl)ccc21,1,exact,1,1,B3DB_classification:1797,temazepam,CN1C(=O)C(O)N=C(c2ccccc2)c2cc(Cl)ccc21,B3DB_classification:1797,temazepam,CN1C(=O)C(O)N=C(c2ccccc2)c2cc(Cl)ccc21,,,
tdc_no_conflict_salt_removed,train,626,train:626,CN1C(=O)C(O)N=C(c2ccccc2F)c2cc(Cl)ccc21,1,True,,CN1C(=O)C(O)N=C(c2ccccc2F)c2cc(Cl)ccc21,CN1C(=O)C(O)N=C(c2ccccc2F)c2cc(Cl)ccc21,1,exact,1,1,B3DB_classification:1799,flutemazepam,CN1C(=O)C(O)N=C(c2ccccc2F)c2cc(Cl)ccc21,B3DB_classification:1799,flutemazepam,CN1C(=O)C(O)N=C(c2ccccc2F)c2cc(Cl)ccc21,,,
tdc_no_conflict_salt_removed,train,627,train:627,COCN1C(=O)CN=C(c2ccccc2)c2cc([N+](=O)[O-])ccc21,1,True,,COCN1C(=O)CN=C(c2ccccc2)c2cc([N+](=O)[O-])ccc21,COCN1C(=O)CN=C(c2ccccc2)c2cc([N+](=O)[O-])ccc21,1,exact,1,1,B3DB_classification:1993,motrazepam,COCN1C(=O)CN=C(c2ccccc2)c2cc([N+](=O)[O-])ccc21,B3DB_classification:1993,motrazepam,COCN1C(=O)CN=C(c2ccccc2)c2cc([N+](=O)[O-])ccc21,,,
tdc_no_conflict_salt_removed,train,628,train:628,CP(C)(=O)CN1C(=O)CN=C(c2ccccc2)c2cc(Cl)ccc21,1,True,,CP(C)(=O)CN1C(=O)CN=C(c2ccccc2)c2cc(Cl)ccc21,CP(C)(=O)CN1C(=O)CN=C(c2ccccc2)c2cc(Cl)ccc21,1,exact,1,1,B3DB_classification:2086,fosazepam,CP(C)(=O)CN1C(=O)CN=C(c2ccccc2)c2cc(Cl)ccc21,B3DB_classification:2086,fosazepam,CP(C)(=O)CN1C(=O)CN=C(c2ccccc2)c2cc(Cl)ccc21,,,
tdc_no_conflict_salt_removed,train,629,train:629,O=C1CN=C(c2ccccc2Cl)c2cc(Cl)ccc2N1,1,True,,O=C1CN=C(c2ccccc2Cl)c2cc(Cl)ccc2N1,O=C1CN=C(c2ccccc2Cl)c2cc(Cl)ccc2N1,1,exact,1,1,B3DB_classification:2460,delorazepam,O=C1CN=C(c2ccccc2Cl)c2cc(Cl)ccc2N1,B3DB_classification:2460,delorazepam,O=C1CN=C(c2ccccc2Cl)c2cc(Cl)ccc2N1,,,
tdc_no_conflict_salt_removed,train,630,train:630,O=C1Nc2ccc(Cl)cc2C(c2ccccc2)=NC1O,1,True,,O=C1Nc2ccc(Cl)cc2C(c2ccccc2)=NC1O,O=C1Nc2ccc(Cl)cc2C(c2ccccc2)=NC1O,1,exact,1,1,B3DB_classification:861,604-75-1,O=C1Nc2ccc(Cl)cc2C(c2ccccc2)=NC1O,B3DB_classification:861,604-75-1,O=C1Nc2ccc(Cl)cc2C(c2ccccc2)=NC1O,,,
tdc_no_conflict_salt_removed,train,631,train:631,CCN(CC)CCN1C(=O)CN=C(c2ccccc2F)c2cc(Cl)ccc21,1,True,,CCN(CC)CCN1C(=O)CN=C(c2ccccc2F)c2cc(Cl)ccc21,CCN(CC)CCN1C(=O)CN=C(c2ccccc2F)c2cc(Cl)ccc21,1,exact,1,1,B3DB_classification:1595,methylprednisolone,CCN(CC)CCN1C(=O)CN=C(c2ccccc2F)c2cc(Cl)ccc21,B3DB_classification:1595,methylprednisolone,CCN(CC)CCN1C(=O)CN=C(c2ccccc2F)c2cc(Cl)ccc21,,,
tdc_no_conflict_salt_removed,train,632,train:632,CN1C(=O)CN=C(c2ccccc2)c2cc([N+](=O)[O-])ccc21,1,True,,CN1C(=O)CN=C(c2ccccc2)c2cc([N+](=O)[O-])ccc21,CN1C(=O)CN=C(c2ccccc2)c2cc([N+](=O)[O-])ccc21,1,exact,1,1,B3DB_classification:1811,nimetazepam,CN1C(=O)CN=C(c2ccccc2)c2cc([N+](=O)[O-])ccc21,B3DB_classification:1811,nimetazepam,CN1C(=O)CN=C(c2ccccc2)c2cc([N+](=O)[O-])ccc21,,,
tdc_no_conflict_salt_removed,train,633,train:633,O=C1C(O)N=C(c2ccccc2F)c2cc(Cl)ccc2N1CCO,1,True,,O=C1C(O)N=C(c2ccccc2F)c2cc(Cl)ccc2N1CCO,O=C1C(O)N=C(c2ccccc2F)c2cc(Cl)ccc2N1CCO,1,exact,1,1,B3DB_classification:2433,doxefazepam,O=C1C(O)N=C(c2ccccc2F)c2cc(Cl)ccc2N1CCO,B3DB_classification:2433,doxefazepam,O=C1C(O)N=C(c2ccccc2F)c2cc(Cl)ccc2N1CCO,,,
tdc_no_conflict_salt_removed,train,634,train:634,OCCOCCOCCN1CCN(C(c2ccccc2)c2ccc(Cl)cc2)CC1,1,True,,OCCOCCOCCN1CCN(C(c2ccccc2)c2ccc(Cl)cc2)CC1,OCCOCCOCCN1CCN(C(c2ccccc2)c2ccc(Cl)cc2)CC1,1,exact,1,1,B3DB_classification:2545,etodroxizine,OCCOCCOCCN1CCN(C(c2ccccc2)c2ccc(Cl)cc2)CC1,B3DB_classification:2545,etodroxizine,OCCOCCOCCN1CCN(C(c2ccccc2)c2ccc(Cl)cc2)CC1,,,
tdc_no_conflict_salt_removed,train,635,train:635,CN1CCN(C(c2ccccc2)c2ccc(Cl)cc2)CC1,1,True,,CN1CCN(C(c2ccccc2)c2ccc(Cl)cc2)CC1,CN1CCN(C(c2ccccc2)c2ccc(Cl)cc2)CC1,1,exact,1,1,B3DB_classification:1844,chlorcyclizine,CN1CCN(C(c2ccccc2)c2ccc(Cl)cc2)CC1,B3DB_classification:1844,chlorcyclizine,CN1CCN(C(c2ccccc2)c2ccc(Cl)cc2)CC1,,,
tdc_no_conflict_salt_removed,train,636,train:636,O=C(O)COCCN1CCN(C(c2ccccc2)c2ccc(Cl)cc2)CC1,0,True,,O=C(O)COCCN1CCN(C(c2ccccc2)c2ccc(Cl)cc2)CC1,O=C(O)COCCN1CCN(C(c2ccccc2)c2ccc(Cl)cc2)CC1,1,exact,0,0,B3DB_classification:2415,levocetirizine,O=C(O)COCCN1CCN(C(c2ccccc2)c2ccc(Cl)cc2)CC1,B3DB_classification:2415,levocetirizine,O=C(O)COCCN1CCN(C(c2ccccc2)c2ccc(Cl)cc2)CC1,,,
tdc_no_conflict_salt_removed,train,637,train:637,OCCOCCN1CCN(C(c2ccccc2)c2ccc(Cl)cc2)CC1,1,True,,OCCOCCN1CCN(C(c2ccccc2)c2ccc(Cl)cc2)CC1,OCCOCCN1CCN(C(c2ccccc2)c2ccc(Cl)cc2)CC1,1,exact,1,1,B3DB_classification:773,hydroxyzine,OCCOCCN1CCN(C(c2ccccc2)c2ccc(Cl)cc2)CC1,B3DB_classification:773,hydroxyzine,OCCOCCN1CCN(C(c2ccccc2)c2ccc(Cl)cc2)CC1,,,
tdc_no_conflict_salt_removed,train,638,train:638,CO[C@H]1/C=C/O[C@@]2(C)Oc3c(C)c(O)c4c(O)c(c5c(nc6cc(C)ccn65)c4c3C2=O)NC(=O)/C(C)=C\C=C\[C@H](C)[C@H](O)[C@@H](C)[C@@H](O)[C@@H](C)[C@H](OC(C)=O)[C@@H]1C,0,True,,CO[C@H]1/C=C/O[C@@]2(C)Oc3c(C)c(O)c4c(O)c(c5c(nc6cc(C)ccn65)c4c3C2=O)NC(=O)/C(C)=C\C=C\[C@H](C)[C@H](O)[C@@H](C)[C@@H](O)[C@@H](C)[C@H](OC(C)=O)[C@@H]1C,CO[C@H]1/C=C/O[C@@]2(C)Oc3c(C)c(O)c4c(O)c(c5c(nc6cc(C)ccn65)c4c3C2=O)NC(=O)/C(C)=C\C=C\[C@H](C)[C@H](O)[C@@H](C)[C@@H](O)[C@@H](C)[C@H](OC(C)=O)[C@@H]1C,1,exact,0,0,B3DB_classification:2012,rifaximin,CO[C@H]1/C=C/O[C@@]2(C)Oc3c(C)c(O)c4c(O)c(c5c(nc6cc(C)ccn65)c4c3C2=O)NC(=O)/C(C)=C\C=C\[C@H](C)[C@H](O)[C@@H](C)[C@@H](O)[C@@H](C)[C@H](OC(C)=O)[C@@H]1C,B3DB_classification:2012,rifaximin,CO[C@H]1/C=C/O[C@@]2(C)Oc3c(C)c(O)c4c(O)c(c5c(nc6cc(C)ccn65)c4c3C2=O)NC(=O)/C(C)=C\C=C\[C@H](C)[C@H](O)[C@@H](C)[C@@H](O)[C@@H](C)[C@H](OC(C)=O)[C@@H]1C,,,
tdc_no_conflict_salt_removed,train,639,train:639,O=C1[C@@H]2[C@H]3CC[C@H](C3)[C@@H]2C(=O)N1CCCCN1CCN(c2ncccn2)CC1,1,True,,O=C1[C@@H]2[C@H]3CC[C@H](C3)[C@@H]2C(=O)N1CCCCN1CCN(c2ncccn2)CC1,O=C1[C@@H]2[C@H]3CC[C@H](C3)[C@@H]2C(=O)N1CCCCN1CCN(c2ncccn2)CC1,1,exact,1,1,B3DB_classification:2492,tandospirone,O=C1[C@H]2[C@@H]3CC[C@@H](C3)[C@H]2C(=O)N1CCCCN1CCN(c2ncccn2)CC1,B3DB_classification:2492,tandospirone,O=C1[C@H]2[C@@H]3CC[C@@H](C3)[C@H]2C(=O)N1CCCCN1CCN(c2ncccn2)CC1,,,
tdc_no_conflict_salt_removed,train,640,train:640,CN1Cc2c(C(=O)OC(C)(C)C)ncn2-c2ccsc2C1=O,1,True,,CN1Cc2c(C(=O)OC(C)(C)C)ncn2-c2ccsc2C1=O,CN1Cc2c(C(=O)OC(C)(C)C)ncn2-c2ccsc2C1=O,1,exact,1,1,B3DB_classification:380,99632-94-7,CN1Cc2c(C(=O)OC(C)(C)C)ncn2-c2ccsc2C1=O,B3DB_classification:380,99632-94-7,CN1Cc2c(C(=O)OC(C)(C)C)ncn2-c2ccsc2C1=O,,,
tdc_no_conflict_salt_removed,train,641,train:641,CCN1CCN(c2cc(-c3ccc(F)cc3)c3c(n2)CCCCCC3)CC1,1,True,,CCN1CCN(c2cc(-c3ccc(F)cc3)c3c(n2)CCCCCC3)CC1,CCN1CCN(c2cc(-c3ccc(F)cc3)c3c(n2)CCCCCC3)CC1,1,exact,1,1,B3DB_classification:1615,blonanserin,CCN1CCN(c2cc(-c3ccc(F)cc3)c3c(n2)CCCCCC3)CC1,B3DB_classification:1615,blonanserin,CCN1CCN(c2cc(-c3ccc(F)cc3)c3c(n2)CCCCCC3)CC1,,,
tdc_no_conflict_salt_removed,train,642,train:642,C=C1c2c(Cl)ccc(O)c2C(O)=C2C(=O)C3(O)C(=O)/C(=C(/N)O)C(=O)C(N(C)C)C3C(O)C12,0,True,,C=C1c2c(Cl)ccc(O)c2C(O)=C2C(=O)C3(O)C(=O)/C(=C(/N)O)C(=O)C(N(C)C)C3C(O)C12,C=C1c2c(Cl)ccc(O)c2C(O)=C2C(=O)C3(O)C(=O)/C(=C(/N)O)C(=O)C(N(C)C)C3C(O)C12,1,unmatched,,,,,,,,,,,
tdc_no_conflict_salt_removed,train,643,train:643,C=C1c2cccc(O)c2C(O)=C2C(=O)[C@]3(O)C(=O)/C(=C(/N)O)C(=O)[C@@H](N(C)C)[C@@H]3[C@@H](O)[C@H]12,0,True,,C=C1c2cccc(O)c2C(O)=C2C(=O)[C@]3(O)C(=O)/C(=C(/N)O)C(=O)[C@@H](N(C)C)[C@@H]3[C@@H](O)[C@H]12,C=C1c2cccc(O)c2C(O)=C2C(=O)[C@]3(O)C(=O)/C(=C(/N)O)C(=O)[C@@H](N(C)C)[C@@H]3[C@@H](O)[C@H]12,1,unmatched,,,,,,,,,,,
tdc_no_conflict_salt_removed,train,644,train:644,CC1CN(CCCn2c3ccccc3c3ccccc32)CC(C)N1,1,True,,CC1CN(CCCn2c3ccccc3c3ccccc32)CC(C)N1,CC1CN(CCCn2c3ccccc3c3ccccc32)CC(C)N1,1,exact,1,1,B3DB_classification:1401,"9-[3-(3,5-dimethyl-1-piperazinyl)propyl]carbazole",CC1CN(CCCn2c3ccccc3c3ccccc32)CC(C)N1,B3DB_classification:1401,"9-[3-(3,5-dimethyl-1-piperazinyl)propyl]carbazole",CC1CN(CCCn2c3ccccc3c3ccccc32)CC(C)N1,,,
tdc_no_conflict_salt_removed,train,645,train:645,CN=C1CN(O)C(c2ccccc2)=c2cc(Cl)ccc2=N1,1,True,,CN=C1CN(O)C(c2ccccc2)=c2cc(Cl)ccc2=N1,CN=C1CN(O)C(c2ccccc2)=c2cc(Cl)ccc2=N1,1,exact,1,1,B3DB_classification:1895,sertraline,CN=C1CN(O)C(c2ccccc2)=c2cc(Cl)ccc2=N1,B3DB_classification:1895,sertraline,CN=C1CN(O)C(c2ccccc2)=c2cc(Cl)ccc2=N1,,,
tdc_no_conflict_salt_removed,train,646,train:646,CC(C)C(=O)OCC(=O)[C@@]12O[C@H](C3CCCCC3)O[C@@H]1C[C@H]1[C@@H]3CCC4=CC(=O)C=C[C@]4(C)[C@H]3[C@@H](O)C[C@@]12C,1,True,,CC(C)C(=O)OCC(=O)[C@@]12O[C@H](C3CCCCC3)O[C@@H]1C[C@H]1[C@@H]3CCC4=CC(=O)C=C[C@]4(C)[C@H]3[C@@H](O)C[C@@]12C,CC(C)C(=O)OCC(=O)[C@@]12O[C@H](C3CCCCC3)O[C@@H]1C[C@H]1[C@@H]3CCC4=CC(=O)C=C[C@]4(C)[C@H]3[C@@H](O)C[C@@]12C,1,exact,1,1,B3DB_classification:1245,ciclesonide,CC(C)C(=O)OCC(=O)[C@@]12O[C@H](C3CCCCC3)O[C@@H]1C[C@H]1[C@@H]3CCC4=CC(=O)C=C[C@]4(C)[C@H]3[C@@H](O)C[C@@]12C,B3DB_classification:1245,ciclesonide,CC(C)C(=O)OCC(=O)[C@@]12O[C@H](C3CCCCC3)O[C@@H]1C[C@H]1[C@@H]3CCC4=CC(=O)C=C[C@]4(C)[C@H]3[C@@H](O)C[C@@]12C,,,
tdc_no_conflict_salt_removed,train,647,train:647,CC1CCCC1,1,True,,CC1CCCC1,CC1CCCC1,1,exact,1,1,B3DB_classification:962,methylcyclopentane,CC1CCCC1,B3DB_classification:962,methylcyclopentane,CC1CCCC1,,,
tdc_no_conflict_salt_removed,train,648,train:648,CNC1CCN2c3ccccc3CCc3cccc1c32,1,True,,CNC1CCN2c3ccccc3CCc3cccc1c32,CNC1CCN2c3ccccc3CCc3cccc1c32,1,exact,1,1,B3DB_classification:1908,ciclopramine,CNC1CCN2c3ccccc3CCc3cccc1c32,B3DB_classification:1908,ciclopramine,CNC1CCN2c3ccccc3CCc3cccc1c32,,,
tdc_no_conflict_salt_removed,train,649,train:649,CC[C@H](NC(=O)c1c(OCCNC(=O)Cc2ccccn2)c(-c2ccccc2)nc2ccccc12)c1ccccc1,0,True,,CC[C@H](NC(=O)c1c(OCCNC(=O)Cc2ccccn2)c(-c2ccccc2)nc2ccccc12)c1ccccc1,CC[C@H](NC(=O)c1c(OCCNC(=O)Cc2ccccn2)c(-c2ccccc2)nc2ccccc12)c1ccccc1,1,exact,0,0,B3DB_classification:1676,skb-g,CC[C@H](NC(=O)c1c(OCCNC(=O)Cc2ccccn2)c(-c2ccccc2)nc2ccccc12)c1ccccc1,B3DB_classification:1676,skb-g,CC[C@H](NC(=O)c1c(OCCNC(=O)Cc2ccccn2)c(-c2ccccc2)nc2ccccc12)c1ccccc1,,,
tdc_no_conflict_salt_removed,train,650,train:650,COCC1CN(c2ccc(OCc3cccc(C#N)c3)cc2)C(=O)O1,1,True,,COCC1CN(c2ccc(OCc3cccc(C#N)c3)cc2)C(=O)O1,COCC1CN(c2ccc(OCc3cccc(C#N)c3)cc2)C(=O)O1,1,exact,1,1,B3DB_classification:1988,cimoxatone,COCC1CN(c2ccc(OCc3cccc(C#N)c3)cc2)C(=O)O1,B3DB_classification:1988,cimoxatone,COCC1CN(c2ccc(OCc3cccc(C#N)c3)cc2)C(=O)O1,,,
tdc_no_conflict_salt_removed,train,651,train:651,CNC[C@@H]1CN(c2ccc(OCc3cccc(Cl)c3)cc2)C(=O)O1,1,True,,CNC[C@@H]1CN(c2ccc(OCc3cccc(Cl)c3)cc2)C(=O)O1,CNC[C@@H]1CN(c2ccc(OCc3cccc(Cl)c3)cc2)C(=O)O1,1,exact,1,1,B3DB_classification:1930,almoxatone,CNC[C@@H]1CN(c2ccc(OCc3cccc(Cl)c3)cc2)C(=O)O1,B3DB_classification:1930,almoxatone,CNC[C@@H]1CN(c2ccc(OCc3cccc(Cl)c3)cc2)C(=O)O1,,,
tdc_no_conflict_salt_removed,train,652,train:652,O=c1[nH]c2ccccc2c(=O)n1CCCN1CCN(c2cccc(Cl)c2)CC1,1,True,,O=c1[nH]c2ccccc2c(=O)n1CCCN1CCN(c2cccc(Cl)c2)CC1,O=c1[nH]c2ccccc2c(=O)n1CCCN1CCN(c2cccc(Cl)c2)CC1,1,exact,1,1,B3DB_classification:2502,cloperidone,O=c1[nH]c2ccccc2c(=O)n1CCCN1CCN(c2cccc(Cl)c2)CC1,B3DB_classification:2502,cloperidone,O=c1[nH]c2ccccc2c(=O)n1CCCN1CCN(c2cccc(Cl)c2)CC1,,,
tdc_no_conflict_salt_removed,train,653,train:653,CC[C@H](C)C(=O)O[C@H]1C[C@H](O)C=C2C=C[C@H](C)[C@H](CC[C@@H](O)C[C@@H](O)CC(=O)O)[C@H]21,0,True,,CC[C@H](C)C(=O)O[C@H]1C[C@H](O)C=C2C=C[C@H](C)[C@H](CC[C@@H](O)C[C@@H](O)CC(=O)O)[C@H]21,CC[C@H](C)C(=O)O[C@H]1C[C@H](O)C=C2C=C[C@H](C)[C@H](CC[C@@H](O)C[C@@H](O)CC(=O)O)[C@H]21,1,unmatched,,,,,,,,,,,
tdc_no_conflict_salt_removed,train,654,train:654,COc1ccc2c(c1)C(N1CCN(C)CC1)=Cc1ccccc1O2,1,True,,COc1ccc2c(c1)C(N1CCN(C)CC1)=Cc1ccccc1O2,COc1ccc2c(c1)C(N1CCN(C)CC1)=Cc1ccccc1O2,1,exact,1,1,B3DB_classification:2057,metoxepin,COc1ccc2c(c1)C(N1CCN(C)CC1)=Cc1ccccc1O2,B3DB_classification:2057,metoxepin,COc1ccc2c(c1)C(N1CCN(C)CC1)=Cc1ccccc1O2,,,
tdc_no_conflict_salt_removed,train,655,train:655,OC(CCCN1CCc2c(c3cc(F)ccc3n2-c2ccc(F)cc2)C1)c1ccc(F)cc1,1,True,,OC(CCCN1CCc2c(c3cc(F)ccc3n2-c2ccc(F)cc2)C1)c1ccc(F)cc1,OC(CCCN1CCc2c(c3cc(F)ccc3n2-c2ccc(F)cc2)C1)c1ccc(F)cc1,1,exact,1,1,B3DB_classification:2515,flutroline,OC(CCCN1CCc2c(c3cc(F)ccc3n2-c2ccc(F)cc2)C1)c1ccc(F)cc1,B3DB_classification:2515,flutroline,OC(CCCN1CCc2c(c3cc(F)ccc3n2-c2ccc(F)cc2)C1)c1ccc(F)cc1,,,
tdc_no_conflict_salt_removed,train,656,train:656,CC(C)CC(OC(=O)c1ccco1)C(=O)N[C@@H]1C(=O)N2[C@@H]1SC(C)(C)[C@@H]2C(=O)O,0,True,,CC(C)CC(OC(=O)c1ccco1)C(=O)N[C@@H]1C(=O)N2[C@@H]1SC(C)(C)[C@@H]2C(=O)O,CC(C)CC(OC(=O)c1ccco1)C(=O)N[C@@H]1C(=O)N2[C@@H]1SC(C)(C)[C@@H]2C(=O)O,1,exact,0,0,B3DB_classification:1253,furbucillin,CC(C)CC(OC(=O)c1ccco1)C(=O)N[C@@H]1C(=O)N2[C@@H](C(=O)O)C(C)(C)S[C@H]12,B3DB_classification:1253,furbucillin,CC(C)CC(OC(=O)c1ccco1)C(=O)N[C@@H]1C(=O)N2[C@@H](C(=O)O)C(C)(C)S[C@H]12,,,
tdc_no_conflict_salt_removed,train,657,train:657,Cc1ncc([N+](=O)[O-])n1CC(O)CCl,1,True,,Cc1ncc([N+](=O)[O-])n1CC(O)CCl,Cc1ncc([N+](=O)[O-])n1CC(O)CCl,1,exact,1,1,B3DB_classification:2219,ornidazole,Cc1ncc([N+](=O)[O-])n1CC(O)CCl,B3DB_classification:2219,ornidazole,Cc1ncc([N+](=O)[O-])n1CC(O)CCl,,,
tdc_no_conflict_salt_removed,train,658,train:658,Cc1ncc([N+](=O)[O-])n1CCO,1,True,,Cc1ncc([N+](=O)[O-])n1CCO,Cc1ncc([N+](=O)[O-])n1CCO,1,unmatched,,,,,,,,,,,
tdc_no_conflict_salt_removed,train,659,train:659,CCS(=O)(=O)CCn1c([N+](=O)[O-])cnc1C,1,True,,CCS(=O)(=O)CCn1c([N+](=O)[O-])cnc1C,CCS(=O)(=O)CCn1c([N+](=O)[O-])cnc1C,1,unmatched,,,,,,,,,,,
tdc_no_conflict_salt_removed,train,660,train:660,CN=C(NC#N)NCCSCc1nc[nH]c1C,0,True,,CN=C(NC#N)NCCSCc1nc[nH]c1C,CN=C(NC#N)NCCSCc1nc[nH]c1C,1,exact,0,0,B3DB_classification:53,cimetidine (y-g1),CN=C(NC#N)NCCSCc1nc[nH]c1C,B3DB_classification:53,cimetidine (y-g1),CN=C(NC#N)NCCSCc1nc[nH]c1C,,,
tdc_no_conflict_salt_removed,train,661,train:661,COc1ccc2c(c1)c1c3n2CCN(C)C3=NCC1,1,True,,COc1ccc2c(c1)c1c3n2CCN(C)C3=NCC1,COc1ccc2c(c1)c1c3n2CCN(C)C3=NCC1,1,exact,1,1,B3DB_classification:2064,metralindole,COc1ccc2c(c1)c1c3n2CCN(C)C3=NCC1,B3DB_classification:2064,metralindole,COc1ccc2c(c1)c1c3n2CCN(C)C3=NCC1,,,
tdc_no_conflict_salt_removed,train,662,train:662,CCOc1cc(N)c([N+](=O)[O-])cc1C(=O)NC1CCN(CC2CC=CCC2)CC1,1,True,,CCOc1cc(N)c([N+](=O)[O-])cc1C(=O)NC1CCN(CC2CC=CCC2)CC1,CCOc1cc(N)c([N+](=O)[O-])cc1C(=O)NC1CCN(CC2CC=CCC2)CC1,1,unmatched,,,,,,,,,,,
tdc_no_conflict_salt_removed,train,663,train:663,Oc1ccc2[nH]cc(CCCCN3CC=C(c4ccccc4)CC3)c2c1,1,True,,Oc1ccc2[nH]cc(CCCCN3CC=C(c4ccccc4)CC3)c2c1,Oc1ccc2[nH]cc(CCCCN3CC=C(c4ccccc4)CC3)c2c1,1,exact,1,1,B3DB_classification:2552,roxindole mesylate,Oc1ccc2[nH]cc(CCCCN3CC=C(c4ccccc4)CC3)c2c1,B3DB_classification:2552,roxindole mesylate,Oc1ccc2[nH]cc(CCCCN3CC=C(c4ccccc4)CC3)c2c1,,,
tdc_no_conflict_salt_removed,train,664,train:664,COc1ccccc1N1CCN(CC(O)COc2cc(OC)c(OC)c(OC)c2)CC1,1,True,,COc1ccccc1N1CCN(CC(O)COc2cc(OC)c(OC)c(OC)c2)CC1,COc1ccccc1N1CCN(CC(O)COc2cc(OC)c(OC)c(OC)c2)CC1,1,exact,1,1,B3DB_classification:2079,enciprazine,COc1ccccc1N1CCN(CC(O)COc2cc(OC)c(OC)c(OC)c2)CC1,B3DB_classification:2079,enciprazine,COc1ccccc1N1CCN(CC(O)COc2cc(OC)c(OC)c(OC)c2)CC1,,,
tdc_no_conflict_salt_removed,train,665,train:665,CC(C)N1CCC(N(C(=O)Cc2ccccc2)c2ccc(Cl)cc2)CC1,1,True,,CC(C)N1CCC(N(C(=O)Cc2ccccc2)c2ccc(Cl)cc2)CC1,CC(C)N1CCC(N(C(=O)Cc2ccccc2)c2ccc(Cl)cc2)CC1,1,unmatched,,,,,,,,,,,
tdc_no_conflict_salt_removed,train,666,train:666,CC1(c2ccccc2)CC(=O)N(CN2CCOCC2)C1=O,1,True,,CC1(c2ccccc2)CC(=O)N(CN2CCOCC2)C1=O,CC1(c2ccccc2)CC(=O)N(CN2CCOCC2)C1=O,1,exact,1,1,B3DB_classification:1371,morsuximide,CC1(c2ccccc2)CC(=O)N(CN2CCOCC2)C1=O,B3DB_classification:1371,morsuximide,CC1(c2ccccc2)CC(=O)N(CN2CCOCC2)C1=O,,,
tdc_no_conflict_salt_removed,train,667,train:667,COc1ccc(Cl)c2c1CCCC2N(C)C,1,True,,COc1ccc(Cl)c2c1CCCC2N(C)C,COc1ccc(Cl)c2c1CCCC2N(C)C,1,exact,1,1,B3DB_classification:2048,lometraline,COc1ccc(Cl)c2c1CCCC2N(C)C,B3DB_classification:2048,lometraline,COc1ccc(Cl)c2c1CCCC2N(C)C,,,
tdc_no_conflict_salt_removed,train,668,train:668,CC(C)(C)NCC(O)COc1cccc2c1C[C@H](O)[C@H](O)C2,1,True,,CC(C)(C)NCC(O)COc1cccc2c1C[C@H](O)[C@H](O)C2,CC(C)(C)NCC(O)COc1cccc2c1C[C@H](O)[C@H](O)C2,1,unmatched,,,,,,,,,,,
tdc_no_conflict_salt_removed,train,669,train:669,CC(C)C(=O)OCc1cccc(OC(=O)[C@@H]2N3C(=O)[C@@H](NC(=O)Cc4ccccc4)[C@H]3SC2(C)C)c1,0,True,,CC(C)C(=O)OCc1cccc(OC(=O)[C@@H]2N3C(=O)[C@@H](NC(=O)Cc4ccccc4)[C@H]3SC2(C)C)c1,CC(C)C(=O)OCc1cccc(OC(=O)[C@@H]2N3C(=O)[C@@H](NC(=O)Cc4ccccc4)[C@H]3SC2(C)C)c1,1,exact,0,0,B3DB_classification:1246,tobicillin,CC(C)C(=O)OCc1cccc(OC(=O)[C@@H]2N3C(=O)[C@@H](NC(=O)Cc4ccccc4)[C@H]3SC2(C)C)c1,B3DB_classification:1246,tobicillin,CC(C)C(=O)OCc1cccc(OC(=O)[C@@H]2N3C(=O)[C@@H](NC(=O)Cc4ccccc4)[C@H]3SC2(C)C)c1,,,
tdc_no_conflict_salt_removed,train,670,train:670,Fc1ccc(C(CCCN2CCN(CCNc3ccccc3)CC2)c2ccc(F)cc2)cc1,1,True,,Fc1ccc(C(CCCN2CCN(CCNc3ccccc3)CC2)c2ccc(F)cc2)cc1,Fc1ccc(C(CCCN2CCN(CCNc3ccccc3)CC2)c2ccc(F)cc2)cc1,1,exact,1,1,B3DB_classification:2265,difluanine(difluanazine),Fc1ccc(C(CCCN2CCN(CCNc3ccccc3)CC2)c2ccc(F)cc2)cc1,B3DB_classification:2265,difluanine(difluanazine),Fc1ccc(C(CCCN2CCN(CCNc3ccccc3)CC2)c2ccc(F)cc2)cc1,,,
tdc_no_conflict_salt_removed,train,671,train:671,NNc1nncc2ccccc12,0,True,,NNc1nncc2ccccc12,NNc1nncc2ccccc12,1,unmatched,,,,,,,,,,,
tdc_no_conflict_salt_removed,train,672,train:672,CCN1CCN(C(=O)N[C@@H](C(=O)N[C@@H]2C(=O)N3[C@@H]2SC(C)(C)[C@@H]3C(=O)O)c2ccccc2)C(=O)C1=O,1,True,,CCN1CCN(C(=O)N[C@@H](C(=O)N[C@@H]2C(=O)N3[C@@H]2SC(C)(C)[C@@H]3C(=O)O)c2ccccc2)C(=O)C1=O,CCN1CCN(C(=O)N[C@@H](C(=O)N[C@@H]2C(=O)N3[C@@H]2SC(C)(C)[C@@H]3C(=O)O)c2ccccc2)C(=O)C1=O,1,unmatched,,,,,,,,,,,
tdc_no_conflict_salt_removed,train,673,train:673,COc1cc(N)c(Cl)cc1C(=O)NC1CCN(Cc2ccccc2)CC1,1,True,,COc1cc(N)c(Cl)cc1C(=O)NC1CCN(Cc2ccccc2)CC1,COc1cc(N)c(Cl)cc1C(=O)NC1CCN(Cc2ccccc2)CC1,1,unmatched,,,,,,,,,,,
tdc_no_conflict_salt_removed,train,674,train:674,CN1CCC(=C2c3ccccc3C(O)c3ccccc32)CC1,1,True,,CN1CCC(=C2c3ccccc3C(O)c3ccccc32)CC1,CN1CCC(=C2c3ccccc3C(O)c3ccccc32)CC1,1,exact,1,1,B3DB_classification:1825,danitracen,CN1CCC(=C2c3ccccc3C(O)c3ccccc32)CC1,B3DB_classification:1825,danitracen,CN1CCC(=C2c3ccccc3C(O)c3ccccc32)CC1,,,
tdc_no_conflict_salt_removed,train,675,train:675,CN(C)CCN1C(=O)c2ccccc2N(C)c2ccccc21,1,True,,CN(C)CCN1C(=O)c2ccccc2N(C)c2ccccc21,CN(C)CCN1C(=O)c2ccccc2N(C)c2ccccc21,1,exact,1,1,B3DB_classification:1761,dibenzepin,CN(C)CCN1C(=O)c2ccccc2N(C)c2ccccc21,B3DB_classification:1761,dibenzepin,CN(C)CCN1C(=O)c2ccccc2N(C)c2ccccc21,,,
tdc_no_conflict_salt_removed,train,676,train:676,CC/C(=C(/CC)c1ccc(O)cc1)c1ccc(O)cc1,0,True,,CC/C(=C(/CC)c1ccc(O)cc1)c1ccc(O)cc1,CC/C(=C(/CC)c1ccc(O)cc1)c1ccc(O)cc1,1,unmatched,,,,,,,,,,,
tdc_no_conflict_salt_removed,train,677,train:677,CCc1nn(CCCN2CCN(c3cccc(Cl)c3)CC2)c(=O)n1CC,1,True,,CCc1nn(CCCN2CCN(c3cccc(Cl)c3)CC2)c(=O)n1CC,CCc1nn(CCCN2CCN(c3cccc(Cl)c3)CC2)c(=O)n1CC,1,exact,1,1,B3DB_classification:1703,etoperidone,CCc1nn(CCCN2CCN(c3cccc(Cl)c3)CC2)c(=O)n1CC,B3DB_classification:1703,etoperidone,CCc1nn(CCCN2CCN(c3cccc(Cl)c3)CC2)c(=O)n1CC,,,
tdc_no_conflict_salt_removed,train,678,train:678,CN1CCN(C(=O)OC2c3nccnc3C(=O)N2c2ccc(Cl)cn2)CC1,1,True,,CN1CCN(C(=O)OC2c3nccnc3C(=O)N2c2ccc(Cl)cn2)CC1,CN1CCN(C(=O)OC2c3nccnc3C(=O)N2c2ccc(Cl)cn2)CC1,1,unmatched,,,,,,,,,,,
tdc_no_conflict_salt_removed,train,679,train:679,O=C(CCCN1CCN(c2ccccn2)CC1)c1ccc(F)cc1,1,True,,O=C(CCCN1CCN(c2ccccn2)CC1)c1ccc(F)cc1,O=C(CCCN1CCN(c2ccccn2)CC1)c1ccc(F)cc1,1,exact,1,1,B3DB_classification:2373,azaperone,O=C(CCCN1CCN(c2ccccn2)CC1)c1ccc(F)cc1,B3DB_classification:2373,azaperone,O=C(CCCN1CCN(c2ccccn2)CC1)c1ccc(F)cc1,,,
tdc_no_conflict_salt_removed,train,680,train:680,C[C@]1(Cn2ccnn2)[C@H](C(=O)O)N2C(=O)C[C@H]2S1(=O)=O,0,True,,C[C@]1(Cn2ccnn2)[C@H](C(=O)O)N2C(=O)C[C@H]2S1(=O)=O,C[C@]1(Cn2ccnn2)[C@H](C(=O)O)N2C(=O)C[C@H]2S1(=O)=O,1,exact,0,0,B3DB_classification:2135,tazobactam,C[C@]1(Cn2ccnn2)[C@H](C(=O)O)N2C(=O)C[C@H]2S1(=O)=O,B3DB_classification:2135,tazobactam,C[C@]1(Cn2ccnn2)[C@H](C(=O)O)N2C(=O)C[C@H]2S1(=O)=O,,,
tdc_no_conflict_salt_removed,train,681,train:681,CC1=C2C(c3cccc(Cl)c3)=NCCN=C2N(C)N1,1,True,,CC1=C2C(c3cccc(Cl)c3)=NCCN=C2N(C)N1,CC1=C2C(c3cccc(Cl)c3)=NCCN=C2N(C)N1,1,unmatched,,,,,,,,,,,
tdc_no_conflict_salt_removed,train,682,train:682,CCCCC1C(=O)N(c2ccccc2)N(c2ccccc2)C1=O,0,True,,CCCCC1C(=O)N(c2ccccc2)N(c2ccccc2)C1=O,CCCCC1C(=O)N(c2ccccc2)N(c2ccccc2)C1=O,1,exact,1,1,B3DB_classification:279,phenylbutazone,CCCCC1C(=O)N(c2ccccc2)N(c2ccccc2)C1=O,B3DB_classification:279,phenylbutazone,CCCCC1C(=O)N(c2ccccc2)N(c2ccccc2)C1=O,,,b3db_exact_label_mismatch|b3db_salt_removed_label_mismatch
tdc_no_conflict_salt_removed,train,683,train:683,NS(=O)(=O)c1ccc(N2CCCCS2(=O)=O)cc1,1,True,,NS(=O)(=O)c1ccc(N2CCCCS2(=O)=O)cc1,NS(=O)(=O)c1ccc(N2CCCCS2(=O)=O)cc1,1,exact,1,1,B3DB_classification:2342,sulthiame(sultiame),NS(=O)(=O)c1ccc(N2CCCCS2(=O)=O)cc1,B3DB_classification:2342,sulthiame(sultiame),NS(=O)(=O)c1ccc(N2CCCCS2(=O)=O)cc1,,,
tdc_no_conflict_salt_removed,train,684,train:684,CC(=O)OC1/C=C/C(C)=C/CC(O)/C=C/C(C)=C/C(NC(=O)C(C)=O)C2(C)C(=O)OC(C1)C(C)C2=O,0,True,,CC(=O)OC1/C=C/C(C)=C/CC(O)/C=C/C(C)=C/C(NC(=O)C(C)=O)C2(C)C(=O)OC(C1)C(C)C2=O,CC(=O)OC1/C=C/C(C)=C/CC(O)/C=C/C(C)=C/C(NC(=O)C(C)=O)C2(C)C(=O)OC(C1)C(C)C2=O,1,exact,0,0,B3DB_classification:1158,sedecamycin,CC(=O)OC1/C=C/C(C)=C/CC(O)/C=C/C(C)=C/C(NC(=O)C(C)=O)C2(C)C(=O)OC(C1)C(C)C2=O,B3DB_classification:1158,sedecamycin,CC(=O)OC1/C=C/C(C)=C/CC(O)/C=C/C(C)=C/C(NC(=O)C(C)=O)C2(C)C(=O)OC(C1)C(C)C2=O,,,
tdc_no_conflict_salt_removed,train,685,train:685,O=C1CC[C@@]2(O)[C@H]3Cc4ccc(O)c5c4[C@@]2(CCN3CC2CC2)[C@H]1O5,1,True,,O=C1CC[C@@]2(O)[C@H]3Cc4ccc(O)c5c4[C@@]2(CCN3CC2CC2)[C@H]1O5,O=C1CC[C@@]2(O)[C@H]3Cc4ccc(O)c5c4[C@@]2(CCN3CC2CC2)[C@H]1O5,1,exact,1,1,B3DB_classification:2445,naltrexone,O=C1CC[C@@]2(O)[C@H]3Cc4ccc(O)c5c4[C@@]2(CCN3CC2CC2)[C@H]1O5,B3DB_classification:2445,naltrexone,O=C1CC[C@@]2(O)[C@H]3Cc4ccc(O)c5c4[C@@]2(CCN3CC2CC2)[C@H]1O5,,,
tdc_no_conflict_salt_removed,train,686,train:686,CC[C@H]1CC(=O)[C@@H]2Oc3c(OC)ccc4c3[C@@]23CCN(CC2CC2)C(C4)[C@H]13,1,True,,CC[C@H]1CC(=O)[C@@H]2Oc3c(OC)ccc4c3[C@@]23CCN(CC2CC2)C(C4)[C@H]13,CC[C@H]1CC(=O)[C@@H]2Oc3c(OC)ccc4c3[C@@]23CCN(CC2CC2)C(C4)[C@H]13,1,exact,1,1,B3DB_classification:1678,conorphone(conorfone),CC[C@H]1CC(=O)[C@@H]2Oc3c(OC)ccc4c3[C@@]23CCN(CC2CC2)C(C4)[C@H]13,B3DB_classification:1678,conorphone(conorfone),CC[C@H]1CC(=O)[C@@H]2Oc3c(OC)ccc4c3[C@@]23CCN(CC2CC2)C(C4)[C@H]13,,,
tdc_no_conflict_salt_removed,train,687,train:687,C#CC1(OCC(O)CN2CCN(c3ccc(F)cc3)CC2)CCCCC1,1,True,,C#CC1(OCC(O)CN2CCN(c3ccc(F)cc3)CC2)CCCCC1,C#CC1(OCC(O)CN2CCN(c3ccc(F)cc3)CC2)CCCCC1,1,exact,1,1,B3DB_classification:1063,fluciprazine,C#CC1(OCC(O)CN2CCN(c3ccc(F)cc3)CC2)CCCCC1,B3DB_classification:1063,fluciprazine,C#CC1(OCC(O)CN2CCN(c3ccc(F)cc3)CC2)CCCCC1,,,
tdc_no_conflict_salt_removed,train,688,train:688,CO[C@H]1[C@@H](O)[C@H](N)[C@@H](O[C@H]2O[C@H](C(C)N)CC[C@H]2N)[C@H](O)[C@@H]1N(C)C(=O)CN,0,True,,CO[C@H]1[C@@H](O)[C@H](N)[C@@H](O[C@H]2O[C@H](C(C)N)CC[C@H]2N)[C@H](O)[C@@H]1N(C)C(=O)CN,CO[C@H]1[C@@H](O)[C@H](N)[C@@H](O[C@H]2O[C@H](C(C)N)CC[C@H]2N)[C@H](O)[C@@H]1N(C)C(=O)CN,1,exact,0,0,B3DB_classification:2016,astromicin,CO[C@H]1[C@@H](O)[C@H](N)[C@@H](O[C@H]2O[C@H](C(C)N)CC[C@H]2N)[C@H](O)[C@@H]1N(C)C(=O)CN,B3DB_classification:2016,astromicin,CO[C@H]1[C@@H](O)[C@H](N)[C@@H](O[C@H]2O[C@H](C(C)N)CC[C@H]2N)[C@H](O)[C@@H]1N(C)C(=O)CN,,,
tdc_no_conflict_salt_removed,train,689,train:689,NC[C@H]1O[C@H](O[C@H]2[C@H](O)[C@@H](O)[C@H](N)C[C@@H]2N)[C@H](N)[C@@H](O)[C@@H]1O,0,True,,NC[C@H]1O[C@H](O[C@H]2[C@H](O)[C@@H](O)[C@H](N)C[C@@H]2N)[C@H](N)[C@@H](O)[C@@H]1O,NC[C@H]1O[C@H](O[C@H]2[C@H](O)[C@@H](O)[C@H](N)C[C@@H]2N)[C@H](N)[C@@H](O)[C@@H]1O,1,exact,0,0,B3DB_classification:2331,neomycin,NC[C@H]1O[C@H](O[C@@H]2[C@@H](N)C[C@@H](N)[C@H](O)[C@H]2O)[C@H](N)[C@@H](O)[C@@H]1O,B3DB_classification:2331,neomycin,NC[C@H]1O[C@H](O[C@@H]2[C@@H](N)C[C@@H](N)[C@H](O)[C@H]2O)[C@H](N)[C@@H](O)[C@@H]1O,,,
tdc_no_conflict_salt_removed,train,690,train:690,O=C1N(C(O)C(Cl)(Cl)Cl)CNC1(c1ccccc1)c1ccccc1,1,True,,O=C1N(C(O)C(Cl)(Cl)Cl)CNC1(c1ccccc1)c1ccccc1,O=C1N(C(O)C(Cl)(Cl)Cl)CNC1(c1ccccc1)c1ccccc1,1,exact,1,1,B3DB_classification:2469,triclodazol,O=C1N(C(O)C(Cl)(Cl)Cl)CNC1(c1ccccc1)c1ccccc1,B3DB_classification:2469,triclodazol,O=C1N(C(O)C(Cl)(Cl)Cl)CNC1(c1ccccc1)c1ccccc1,,,
tdc_no_conflict_salt_removed,train,691,train:691,O=C1NCNC1(c1ccccc1)c1ccccc1,1,True,,O=C1NCNC1(c1ccccc1)c1ccccc1,O=C1NCNC1(c1ccccc1)c1ccccc1,1,exact,1,1,B3DB_classification:2486,doxenitoin,O=C1NCNC1(c1ccccc1)c1ccccc1,B3DB_classification:2486,doxenitoin,O=C1NCNC1(c1ccccc1)c1ccccc1,,,
tdc_no_conflict_salt_removed,train,692,train:692,Nc1[nH]c(=O)ncc1F,1,True,,Nc1[nH]c(=O)ncc1F,Nc1[nH]c(=O)ncc1F,1,unmatched,,,,,,,,,,,
tdc_no_conflict_salt_removed,train,693,train:693,C[C@H]1c2ccccc2[C@@H](CCCN(C)C)c2cc(C(F)(F)F)ccc21,1,True,,C[C@H]1c2ccccc2[C@@H](CCCN(C)C)c2cc(C(F)(F)F)ccc21,C[C@H]1c2ccccc2[C@@H](CCCN(C)C)c2cc(C(F)(F)F)ccc21,1,exact,1,1,B3DB_classification:2134,fluotracen,C[C@H]1c2ccccc2[C@@H](CCCN(C)C)c2cc(C(F)(F)F)ccc21,B3DB_classification:2134,fluotracen,C[C@H]1c2ccccc2[C@@H](CCCN(C)C)c2cc(C(F)(F)F)ccc21,,,
tdc_no_conflict_salt_removed,train,694,train:694,O=C(c1cccnc1)N1CCOCC1,1,True,,O=C(c1cccnc1)N1CCOCC1,O=C(c1cccnc1)N1CCOCC1,1,exact,1,1,B3DB_classification:2431,nicopholine,O=C(c1cccnc1)N1CCOCC1,B3DB_classification:2431,nicopholine,O=C(c1cccnc1)N1CCOCC1,,,
tdc_no_conflict_salt_removed,train,695,train:695,CCO[C@H]1CCN(C(=O)c2cc(-c3ccccc3)c(=O)n3c2-c2cc(Cl)ccc2CC3)C1,1,True,,CCO[C@H]1CCN(C(=O)c2cc(-c3ccccc3)c(=O)n3c2-c2cc(Cl)ccc2CC3)C1,CCO[C@H]1CCN(C(=O)c2cc(-c3ccccc3)c(=O)n3c2-c2cc(Cl)ccc2CC3)C1,1,exact,1,1,B3DB_classification:1655,lirequinil,CCO[C@H]1CCN(C(=O)c2cc(-c3ccccc3)c(=O)n3c2-c2cc(Cl)ccc2CC3)C1,B3DB_classification:1655,lirequinil,CCO[C@H]1CCN(C(=O)c2cc(-c3ccccc3)c(=O)n3c2-c2cc(Cl)ccc2CC3)C1,,,
tdc_no_conflict_salt_removed,train,696,train:696,COc1cccc(CC(=O)N2CCN(C(C)=O)C[C@@H]2CN2CC[C@@H](O)C2)c1,0,True,,COc1cccc(CC(=O)N2CCN(C(C)=O)C[C@@H]2CN2CC[C@@H](O)C2)c1,COc1cccc(CC(=O)N2CCN(C(C)=O)C[C@@H]2CN2CC[C@@H](O)C2)c1,1,exact,0,0,B3DB_classification:2071,chembl71421,COc1cccc(CC(=O)N2CCN(C(C)=O)C[C@@H]2CN2CC[C@@H](O)C2)c1,B3DB_classification:2071,chembl71421,COc1cccc(CC(=O)N2CCN(C(C)=O)C[C@@H]2CN2CC[C@@H](O)C2)c1,,,
tdc_no_conflict_salt_removed,train,697,train:697,CC(=O)N1CCN(C(=O)Cc2ccc([N+](=O)[O-])cc2)[C@@H](CN2CC[C@H](O)C2)C1,0,True,,CC(=O)N1CCN(C(=O)Cc2ccc([N+](=O)[O-])cc2)[C@@H](CN2CC[C@H](O)C2)C1,CC(=O)N1CCN(C(=O)Cc2ccc([N+](=O)[O-])cc2)[C@@H](CN2CC[C@H](O)C2)C1,1,exact,0,0,B3DB_classification:1142,chembl72048,CC(=O)N1CCN(C(=O)Cc2ccc([N+](=O)[O-])cc2)[C@@H](CN2CC[C@H](O)C2)C1,B3DB_classification:1142,chembl72048,CC(=O)N1CCN(C(=O)Cc2ccc([N+](=O)[O-])cc2)[C@@H](CN2CC[C@H](O)C2)C1,,,
tdc_no_conflict_salt_removed,train,698,train:698,COc1ccc(CC(=O)N2CCN(C(C)=O)C[C@@H]2CN2CC[C@@H](O)C2)cc1,0,True,,COc1ccc(CC(=O)N2CCN(C(C)=O)C[C@@H]2CN2CC[C@@H](O)C2)cc1,COc1ccc(CC(=O)N2CCN(C(C)=O)C[C@@H]2CN2CC[C@@H](O)C2)cc1,1,exact,0,0,B3DB_classification:2045,gr94839_f,COc1ccc(CC(=O)N2CCN(C(C)=O)C[C@@H]2CN2CC[C@@H](O)C2)cc1,B3DB_classification:2045,gr94839_f,COc1ccc(CC(=O)N2CCN(C(C)=O)C[C@@H]2CN2CC[C@@H](O)C2)cc1,,,
tdc_no_conflict_salt_removed,train,699,train:699,CC(=O)N1CCN(C(=O)Cc2ccc(Cl)c(Cl)c2)[C@@H](CN2CCCC2)C1,1,True,,CC(=O)N1CCN(C(=O)Cc2ccc(Cl)c(Cl)c2)[C@@H](CN2CCCC2)C1,CC(=O)N1CCN(C(=O)Cc2ccc(Cl)c(Cl)c2)[C@@H](CN2CCCC2)C1,1,exact,1,1,B3DB_classification:1139,chembl71375,CC(=O)N1CCN(C(=O)Cc2ccc(Cl)c(Cl)c2)[C@@H](CN2CCCC2)C1,B3DB_classification:1139,chembl71375,CC(=O)N1CCN(C(=O)Cc2ccc(Cl)c(Cl)c2)[C@@H](CN2CCCC2)C1,,,
tdc_no_conflict_salt_removed,train,700,train:700,COC(=O)N1CCN(C(=O)Cc2ccc(Cl)c(Cl)c2)[C@@H](CN2CCCC2)C1,1,True,,COC(=O)N1CCN(C(=O)Cc2ccc(Cl)c(Cl)c2)[C@@H](CN2CCCC2)C1,COC(=O)N1CCN(C(=O)Cc2ccc(Cl)c(Cl)c2)[C@@H](CN2CCCC2)C1,1,exact,1,1,B3DB_classification:1963,gr89696,COC(=O)N1CCN(C(=O)Cc2ccc(Cl)c(Cl)c2)[C@@H](CN2CCCC2)C1,B3DB_classification:1963,gr89696,COC(=O)N1CCN(C(=O)Cc2ccc(Cl)c(Cl)c2)[C@@H](CN2CCCC2)C1,,,
tdc_no_conflict_salt_removed,train,701,train:701,CN1CCN(C(=O)Cc2ccc(Cl)c(Cl)c2)[C@@H](CN2CCCC2)C1,1,True,,CN1CCN(C(=O)Cc2ccc(Cl)c(Cl)c2)[C@@H](CN2CCCC2)C1,CN1CCN(C(=O)Cc2ccc(Cl)c(Cl)c2)[C@@H](CN2CCCC2)C1,1,exact,1,1,B3DB_classification:1842,sankyo,CN1CCN(C(=O)Cc2ccc(Cl)c(Cl)c2)[C@@H](CN2CCCC2)C1,B3DB_classification:1842,sankyo,CN1CCN(C(=O)Cc2ccc(Cl)c(Cl)c2)[C@@H](CN2CCCC2)C1,,,
tdc_no_conflict_salt_removed,train,702,train:702,O=C(Cc1ccc(Cl)c(Cl)c1)N1CCN(CCO)C[C@@H]1CN1CC[C@@H](O)C1,0,True,,O=C(Cc1ccc(Cl)c(Cl)c1)N1CCN(CCO)C[C@@H]1CN1CC[C@@H](O)C1,O=C(Cc1ccc(Cl)c(Cl)c1)N1CCN(CCO)C[C@@H]1CN1CC[C@@H](O)C1,1,exact,0,0,B3DB_classification:2387,sb205563,O=C(Cc1ccc(Cl)c(Cl)c1)N1CCN(CCO)C[C@@H]1CN1CC[C@@H](O)C1,B3DB_classification:2387,sb205563,O=C(Cc1ccc(Cl)c(Cl)c1)N1CCN(CCO)C[C@@H]1CN1CC[C@@H](O)C1,,,
tdc_no_conflict_salt_removed,train,703,train:703,CC(=O)N1CCN(C(=O)Cc2cccc([N+](=O)[O-])c2)[C@@H](CN2CC[C@H](O)C2)C1,0,True,,CC(=O)N1CCN(C(=O)Cc2cccc([N+](=O)[O-])c2)[C@@H](CN2CC[C@H](O)C2)C1,CC(=O)N1CCN(C(=O)Cc2cccc([N+](=O)[O-])c2)[C@@H](CN2CC[C@H](O)C2)C1,1,exact,0,0,B3DB_classification:1144,chembl71237,CC(=O)N1CCN(C(=O)Cc2cccc([N+](=O)[O-])c2)[C@@H](CN2CC[C@H](O)C2)C1,B3DB_classification:1144,chembl71237,CC(=O)N1CCN(C(=O)Cc2cccc([N+](=O)[O-])c2)[C@@H](CN2CC[C@H](O)C2)C1,,,
tdc_no_conflict_salt_removed,train,704,train:704,CC(=O)N1CCN(C(=O)Cc2ccccc2)[C@@H](CN2CC[C@@H](O)C2)C1,0,True,,CC(=O)N1CCN(C(=O)Cc2ccccc2)[C@@H](CN2CC[C@@H](O)C2)C1,CC(=O)N1CCN(C(=O)Cc2ccccc2)[C@@H](CN2CC[C@@H](O)C2)C1,1,exact,0,0,B3DB_classification:1145,chembl71005,CC(=O)N1CCN(C(=O)Cc2ccccc2)[C@@H](CN2CC[C@@H](O)C2)C1,B3DB_classification:1145,chembl71005,CC(=O)N1CCN(C(=O)Cc2ccccc2)[C@@H](CN2CC[C@@H](O)C2)C1,,,
tdc_no_conflict_salt_removed,train,705,train:705,CC(=O)N1CCN(C(=O)Cc2ccc([S@@](C)=O)cc2)[C@@H](CN2CC[C@H](O)C2)C1,0,True,,CC(=O)N1CCN(C(=O)Cc2ccc([S@@](C)=O)cc2)[C@@H](CN2CC[C@H](O)C2)C1,CC(=O)N1CCN(C(=O)Cc2ccc([S@@](C)=O)cc2)[C@@H](CN2CC[C@H](O)C2)C1,1,unmatched,,,,,,,,,,,
tdc_no_conflict_salt_removed,train,706,train:706,CC(=O)N1CCN(C(=O)Cc2ccc(S(C)(=O)=O)cc2)[C@@H](CN2CC[C@H](O)C2)C1,0,True,,CC(=O)N1CCN(C(=O)Cc2ccc(S(C)(=O)=O)cc2)[C@@H](CN2CC[C@H](O)C2)C1,CC(=O)N1CCN(C(=O)Cc2ccc(S(C)(=O)=O)cc2)[C@@H](CN2CC[C@H](O)C2)C1,1,exact,0,0,B3DB_classification:1141,gr94839_l,CC(=O)N1CCN(C(=O)Cc2ccc(S(C)(=O)=O)cc2)[C@@H](CN2CC[C@H](O)C2)C1,B3DB_classification:1141,gr94839_l,CC(=O)N1CCN(C(=O)Cc2ccc(S(C)(=O)=O)cc2)[C@@H](CN2CC[C@H](O)C2)C1,,,
tdc_no_conflict_salt_removed,train,707,train:707,CCOC(=O)N1CCN(C(=O)Cc2ccc(Cl)c(Cl)c2)[C@@H](CN2CCCC2)C1,1,True,,CCOC(=O)N1CCN(C(=O)Cc2ccc(Cl)c(Cl)c2)[C@@H](CN2CCCC2)C1,CCOC(=O)N1CCN(C(=O)Cc2ccc(Cl)c(Cl)c2)[C@@H](CN2CCCC2)C1,1,exact,1,1,B3DB_classification:1639,gr89696_et,CCOC(=O)N1CCN(C(=O)Cc2ccc(Cl)c(Cl)c2)[C@@H](CN2CCCC2)C1,B3DB_classification:1639,gr89696_et,CCOC(=O)N1CCN(C(=O)Cc2ccc(Cl)c(Cl)c2)[C@@H](CN2CCCC2)C1,,,
tdc_no_conflict_salt_removed,train,708,train:708,CCCOC(=O)N1CCN(C(=O)Cc2ccc(Cl)c(Cl)c2)[C@@H](CN2CCCC2)C1,1,True,,CCCOC(=O)N1CCN(C(=O)Cc2ccc(Cl)c(Cl)c2)[C@@H](CN2CCCC2)C1,CCCOC(=O)N1CCN(C(=O)Cc2ccc(Cl)c(Cl)c2)[C@@H](CN2CCCC2)C1,1,exact,1,1,B3DB_classification:1568,gr89696_pr,CCCOC(=O)N1CCN(C(=O)Cc2ccc(Cl)c(Cl)c2)[C@@H](CN2CCCC2)C1,B3DB_classification:1568,gr89696_pr,CCCOC(=O)N1CCN(C(=O)Cc2ccc(Cl)c(Cl)c2)[C@@H](CN2CCCC2)C1,,,
tdc_no_conflict_salt_removed,train,709,train:709,CC(=O)N1CCN(C(=O)Cc2ccc(Cl)c(Cl)c2)[C@@H](CN2CC[C@@H](O)C2)C1,0,True,,CC(=O)N1CCN(C(=O)Cc2ccc(Cl)c(Cl)c2)[C@@H](CN2CC[C@@H](O)C2)C1,CC(=O)N1CCN(C(=O)Cc2ccc(Cl)c(Cl)c2)[C@@H](CN2CC[C@@H](O)C2)C1,1,exact,0,0,B3DB_classification:1140,gr94839,CC(=O)N1CCN(C(=O)Cc2ccc(Cl)c(Cl)c2)[C@@H](CN2CC[C@@H](O)C2)C1,B3DB_classification:1140,gr94839,CC(=O)N1CCN(C(=O)Cc2ccc(Cl)c(Cl)c2)[C@@H](CN2CC[C@@H](O)C2)C1,,,
tdc_no_conflict_salt_removed,train,710,train:710,CC(=O)N1CCN(C(=O)Cc2ccc(C(F)(F)F)cc2)[C@@H](CN2CC[C@@H](O)C2)C1,0,True,,CC(=O)N1CCN(C(=O)Cc2ccc(C(F)(F)F)cc2)[C@@H](CN2CC[C@@H](O)C2)C1,CC(=O)N1CCN(C(=O)Cc2ccc(C(F)(F)F)cc2)[C@@H](CN2CC[C@@H](O)C2)C1,1,exact,0,0,B3DB_classification:1138,gr94839_a,CC(=O)N1CCN(C(=O)Cc2ccc(C(F)(F)F)cc2)[C@@H](CN2CC[C@@H](O)C2)C1,B3DB_classification:1138,gr94839_a,CC(=O)N1CCN(C(=O)Cc2ccc(C(F)(F)F)cc2)[C@@H](CN2CC[C@@H](O)C2)C1,,,
tdc_no_conflict_salt_removed,train,711,train:711,CSc1ccc(CC(=O)N2CCN(C(C)=O)C[C@@H]2CN2CC[C@@H](O)C2)cc1,0,True,,CSc1ccc(CC(=O)N2CCN(C(C)=O)C[C@@H]2CN2CC[C@@H](O)C2)cc1,CSc1ccc(CC(=O)N2CCN(C(C)=O)C[C@@H]2CN2CC[C@@H](O)C2)cc1,1,exact,0,0,B3DB_classification:2094,gr94839_b,CSc1ccc(CC(=O)N2CCN(C(C)=O)C[C@@H]2CN2CC[C@@H](O)C2)cc1,B3DB_classification:2094,gr94839_b,CSc1ccc(CC(=O)N2CCN(C(C)=O)C[C@@H]2CN2CC[C@@H](O)C2)cc1,,,
tdc_no_conflict_salt_removed,train,712,train:712,CC(=O)N1CCN(C(=O)Cc2cc(F)cc(F)c2)[C@@H](CN2CC[C@@H](O)C2)C1,0,True,,CC(=O)N1CCN(C(=O)Cc2cc(F)cc(F)c2)[C@@H](CN2CC[C@@H](O)C2)C1,CC(=O)N1CCN(C(=O)Cc2cc(F)cc(F)c2)[C@@H](CN2CC[C@@H](O)C2)C1,1,exact,0,0,B3DB_classification:1137,chembl70543,CC(=O)N1CCN(C(=O)Cc2cc(F)cc(F)c2)[C@@H](CN2CC[C@@H](O)C2)C1,B3DB_classification:1137,chembl70543,CC(=O)N1CCN(C(=O)Cc2cc(F)cc(F)c2)[C@@H](CN2CC[C@@H](O)C2)C1,,,
tdc_no_conflict_salt_removed,train,713,train:713,OC(C1=NCCN1)(c1ccc(Cl)cc1)c1ccccn1,1,True,,OC(C1=NCCN1)(c1ccc(Cl)cc1)c1ccccn1,OC(C1=NCCN1)(c1ccc(Cl)cc1)c1ccccn1,1,exact,1,1,B3DB_classification:2514,dazadrol,OC(C1=NCCN1)(c1ccc(Cl)cc1)c1ccccn1,B3DB_classification:2514,dazadrol,OC(C1=NCCN1)(c1ccc(Cl)cc1)c1ccccn1,,,
tdc_no_conflict_salt_removed,train,714,train:714,C[N+]1(C)CCCC(OC(=O)C(O)(c2ccccc2)c2ccccc2)C1,0,True,,C[N+]1(C)CCCC(OC(=O)C(O)(c2ccccc2)c2ccccc2)C1,C[N+]1(C)CCCC(OC(=O)C(O)(c2ccccc2)c2ccccc2)C1,1,exact,0,0,B3DB_classification:2157,mepenzolatebromide,C[N+]1(C)CCCC(OC(=O)C(O)(c2ccccc2)c2ccccc2)C1,B3DB_classification:2157,mepenzolatebromide,C[N+]1(C)CCCC(OC(=O)C(O)(c2ccccc2)c2ccccc2)C1,,,
tdc_no_conflict_salt_removed,train,715,train:715,CC(=O)NNC(=O)CC(O)(c1ccccc1)c1ccccc1,1,True,,CC(=O)NNC(=O)CC(O)(c1ccccc1)c1ccccc1,CC(=O)NNC(=O)CC(O)(c1ccccc1)c1ccccc1,1,exact,1,1,B3DB_classification:1151,diphoxazide,CC(=O)NNC(=O)CC(O)(c1ccccc1)c1ccccc1,B3DB_classification:1151,diphoxazide,CC(=O)NNC(=O)CC(O)(c1ccccc1)c1ccccc1,,,
tdc_no_conflict_salt_removed,train,716,train:716,CCC(=O)C(CC(C)N(C)C)(c1ccccc1)c1ccccc1,1,True,,CCC(=O)C(CC(C)N(C)C)(c1ccccc1)c1ccccc1,CCC(=O)C(CC(C)N(C)C)(c1ccccc1)c1ccccc1,1,exact,1,1,B3DB_classification:957,methadone,CCC(=O)C(CC(C)N(C)C)(c1ccccc1)c1ccccc1,B3DB_classification:957,methadone,CCC(=O)C(CC(C)N(C)C)(c1ccccc1)c1ccccc1,,,
tdc_no_conflict_salt_removed,train,717,train:717,CCCCSc1ccc(C(SCCN(C)C)c2ccccc2)cc1,1,True,,CCCCSc1ccc(C(SCCN(C)C)c2ccccc2)cc1,CCCCSc1ccc(C(SCCN(C)C)c2ccccc2)cc1,1,exact,1,1,B3DB_classification:1553,captodiame,CCCCSc1ccc(C(SCCN(C)C)c2ccccc2)cc1,B3DB_classification:1553,captodiame,CCCCSc1ccc(C(SCCN(C)C)c2ccccc2)cc1,,,
tdc_no_conflict_salt_removed,train,718,train:718,CCC(O)C(CC(C)N(C)C)(c1ccccc1)c1ccccc1,1,True,,CCC(O)C(CC(C)N(C)C)(c1ccccc1)c1ccccc1,CCC(O)C(CC(C)N(C)C)(c1ccccc1)c1ccccc1,1,exact,1,1,B3DB_classification:1463,betamethadol,CCC(O)C(CC(C)N(C)C)(c1ccccc1)c1ccccc1,B3DB_classification:1463,betamethadol,CCC(O)C(CC(C)N(C)C)(c1ccccc1)c1ccccc1,,,
tdc_no_conflict_salt_removed,train,719,train:719,CNCCCCOc1ccccc1Cc1ccccc1,1,True,,CNCCCCOc1ccccc1Cc1ccccc1,CNCCCCOc1ccccc1Cc1ccccc1,1,exact,1,1,B3DB_classification:1922,bifemelane,CNCCCCOc1ccccc1Cc1ccccc1,B3DB_classification:1922,bifemelane,CNCCCCOc1ccccc1Cc1ccccc1,,,
tdc_no_conflict_salt_removed,train,720,train:720,CN(C)CCOC(c1ccccc1)c1ccc(Br)cc1,1,True,,CN(C)CCOC(c1ccccc1)c1ccc(Br)cc1,CN(C)CCOC(c1ccccc1)c1ccc(Br)cc1,1,exact,1,1,B3DB_classification:1767,bromodiphenhydramine,CN(C)CCOC(c1ccccc1)c1ccc(Br)cc1,B3DB_classification:1767,bromodiphenhydramine,CN(C)CCOC(c1ccccc1)c1ccc(Br)cc1,,,
tdc_no_conflict_salt_removed,train,721,train:721,CN(C)CCOC(c1ccccc1)c1ccccc1C(C)(C)C,1,True,,CN(C)CCOC(c1ccccc1)c1ccccc1C(C)(C)C,CN(C)CCOC(c1ccccc1)c1ccccc1C(C)(C)C,1,exact,1,1,B3DB_classification:1768,bufenadrine,CN(C)CCOC(c1ccccc1)c1ccccc1C(C)(C)C,B3DB_classification:1768,bufenadrine,CN(C)CCOC(c1ccccc1)c1ccccc1C(C)(C)C,,,
tdc_no_conflict_salt_removed,train,722,train:722,CCC(OC(C)=O)C(CC(C)N(C)C)(c1ccccc1)c1ccccc1,1,True,,CCC(OC(C)=O)C(CC(C)N(C)C)(c1ccccc1)c1ccccc1,CCC(OC(C)=O)C(CC(C)N(C)C)(c1ccccc1)c1ccccc1,1,exact,1,1,B3DB_classification:1464,levacetylmethadol,CCC(OC(C)=O)C(CC(C)N(C)C)(c1ccccc1)c1ccccc1,B3DB_classification:1464,levacetylmethadol,CCC(OC(C)=O)C(CC(C)N(C)C)(c1ccccc1)c1ccccc1,,,
tdc_no_conflict_salt_removed,train,723,train:723,CN(C)CCOC(C)(c1ccccc1)c1ccc(Cl)cc1,1,True,,CN(C)CCOC(C)(c1ccccc1)c1ccc(Cl)cc1,CN(C)CCOC(C)(c1ccccc1)c1ccc(Cl)cc1,1,exact,1,1,B3DB_classification:1766,chlorphenoxamine,CN(C)CCOC(C)(c1ccccc1)c1ccc(Cl)cc1,B3DB_classification:1766,chlorphenoxamine,CN(C)CCOC(C)(c1ccccc1)c1ccc(Cl)cc1,,,
tdc_no_conflict_salt_removed,train,724,train:724,CCC(=O)C(c1ccccc1)(c1ccccc1)C(C)CN(C)C,1,True,,CCC(=O)C(c1ccccc1)(c1ccccc1)C(C)CN(C)C,CCC(=O)C(c1ccccc1)(c1ccccc1)C(C)CN(C)C,1,exact,1,1,B3DB_classification:1414,isomethadone,CCC(=O)C(c1ccccc1)(c1ccccc1)C(C)CN(C)C,B3DB_classification:1414,isomethadone,CCC(=O)C(c1ccccc1)(c1ccccc1)C(C)CN(C)C,,,
tdc_no_conflict_salt_removed,train,725,train:725,CN(C)CCOC(c1ccccc1)c1ccccc1,1,True,,CN(C)CCOC(c1ccccc1)c1ccccc1,CN(C)CCOC(c1ccccc1)c1ccccc1,1,exact,1,1,B3DB_classification:1034|B3DB_classification_external:158,diphenhydramine ; Diphenhydramine,CN(C)CCOC(c1ccccc1)c1ccccc1 ; CN(C)CCOC(c1ccccc1)c1ccccc1,B3DB_classification:1034|B3DB_classification_external:158,diphenhydramine ; Diphenhydramine,CN(C)CCOC(c1ccccc1)c1ccccc1 ; CN(C)CCOC(c1ccccc1)c1ccccc1,,,
tdc_no_conflict_salt_removed,train,726,train:726,Cc1ccccc1C(OCCN(C)C)c1ccccc1,1,True,,Cc1ccccc1C(OCCN(C)C)c1ccccc1,Cc1ccccc1C(OCCN(C)C)c1ccccc1,1,unmatched,,,,,,,,,,,
tdc_no_conflict_salt_removed,train,727,train:727,CNCCOC(c1ccccc1)c1ccccc1C,1,True,,CNCCOC(c1ccccc1)c1ccccc1C,CNCCOC(c1ccccc1)c1ccccc1C,1,exact,1,1,B3DB_classification:1925,tofenacin,CNCCOC(c1ccccc1)c1ccccc1C,B3DB_classification:1925,tofenacin,CNCCOC(c1ccccc1)c1ccccc1C,,,
tdc_no_conflict_salt_removed,train,728,train:728,CC[C@@H](O)C(C[C@@H](C)N(C)C)(c1ccccc1)c1ccccc1,1,True,,CC[C@@H](O)C(C[C@@H](C)N(C)C)(c1ccccc1)c1ccccc1,CC[C@@H](O)C(C[C@@H](C)N(C)C)(c1ccccc1)c1ccccc1,1,exact,1,1,B3DB_classification:1666,alphamethadol,CC[C@@H](O)C(C[C@@H](C)N(C)C)(c1ccccc1)c1ccccc1,B3DB_classification:1666,alphamethadol,CC[C@@H](O)C(C[C@@H](C)N(C)C)(c1ccccc1)c1ccccc1,,,
tdc_no_conflict_salt_removed,train,729,train:729,CN(C)CC(O)C(c1ccccc1)c1ccc(Cl)cc1,1,True,,CN(C)CC(O)C(c1ccccc1)c1ccc(Cl)cc1,CN(C)CC(O)C(c1ccccc1)c1ccc(Cl)cc1,1,exact,1,1,B3DB_classification:1734,clemeprol,CN(C)CC(O)C(c1ccccc1)c1ccc(Cl)cc1,B3DB_classification:1734,clemeprol,CN(C)CC(O)C(c1ccccc1)c1ccc(Cl)cc1,,,
tdc_no_conflict_salt_removed,train,730,train:730,CC(CN(C)C)OC(C)(c1ccccc1)c1ccc(Cl)cc1,0,True,,CC(CN(C)C)OC(C)(c1ccccc1)c1ccc(Cl)cc1,CC(CN(C)C)OC(C)(c1ccccc1)c1ccc(Cl)cc1,1,exact,0,0,B3DB_classification:1293,mecloxamine,CC(CN(C)C)OC(C)(c1ccccc1)c1ccc(Cl)cc1,B3DB_classification:1293,mecloxamine,CC(CN(C)C)OC(C)(c1ccccc1)c1ccc(Cl)cc1,,,
tdc_no_conflict_salt_removed,train,731,train:731,CCN(CC)CCOC(=O)C(O)(c1ccccc1)c1ccccc1,1,True,,CCN(CC)CCOC(=O)C(O)(c1ccccc1)c1ccccc1,CCN(CC)CCOC(=O)C(O)(c1ccccc1)c1ccccc1,1,exact,1,1,B3DB_classification:1602,benactyzine,CCN(CC)CCOC(=O)C(O)(c1ccccc1)c1ccccc1,B3DB_classification:1602,benactyzine,CCN(CC)CCOC(=O)C(O)(c1ccccc1)c1ccccc1,,,
tdc_no_conflict_salt_removed,train,732,train:732,NC(=O)CS(=O)C(c1ccccc1)c1ccccc1,1,True,,NC(=O)CS(=O)C(c1ccccc1)c1ccccc1,NC(=O)CS(=O)C(c1ccccc1)c1ccccc1,1,unmatched,,,,,,,,,,,
tdc_no_conflict_salt_removed,train,733,train:733,CCCCCC(N)C(O)(c1ccccc1)c1ccccc1,1,True,,CCCCCC(N)C(O)(c1ccccc1)c1ccccc1,CCCCCC(N)C(O)(c1ccccc1)c1ccccc1,1,exact,1,1,B3DB_classification:1519,hexapradol,CCCCCC(N)C(O)(c1ccccc1)c1ccccc1,B3DB_classification:1519,hexapradol,CCCCCC(N)C(O)(c1ccccc1)c1ccccc1,,,
tdc_no_conflict_salt_removed,train,734,train:734,CCC(=O)C(CCN(C)C)(c1ccccc1)c1ccccc1,1,True,,CCC(=O)C(CCN(C)C)(c1ccccc1)c1ccccc1,CCC(=O)C(CCN(C)C)(c1ccccc1)c1ccccc1,1,exact,1,1,B3DB_classification:1413,normethadone,CCC(=O)C(CCN(C)C)(c1ccccc1)c1ccccc1,B3DB_classification:1413,normethadone,CCC(=O)C(CCN(C)C)(c1ccccc1)c1ccccc1,,,
tdc_no_conflict_salt_removed,train,735,train:735,O=C(O)CCCCC1SCC2NC(=O)NC21,1,True,,O=C(O)CCCCC1SCC2NC(=O)NC21,O=C(O)CCCCC1SCC2NC(=O)NC21,1,exact,1,1,B3DB_classification:2411,bioepiderm,O=C(O)CCCCC1SCC2NC(=O)NC21,B3DB_classification:2411,bioepiderm,O=C(O)CCCCC1SCC2NC(=O)NC21,,,
tdc_no_conflict_salt_removed,train,736,train:736,CC1(C)S[C@@H]2[C@H](NC(=O)c3nc4ccccc4nc3C(=O)O)C(=O)N2[C@H]1C(=O)O,0,True,,CC1(C)S[C@@H]2[C@H](NC(=O)c3nc4ccccc4nc3C(=O)O)C(=O)N2[C@H]1C(=O)O,CC1(C)S[C@@H]2[C@H](NC(=O)c3nc4ccccc4nc3C(=O)O)C(=O)N2[C@H]1C(=O)O,1,exact,0,0,B3DB_classification:1369,quinacillin,CC1(C)S[C@@H]2[C@H](NC(=O)c3nc4ccccc4nc3C(=O)O)C(=O)N2[C@H]1C(=O)O,B3DB_classification:1369,quinacillin,CC1(C)S[C@@H]2[C@H](NC(=O)c3nc4ccccc4nc3C(=O)O)C(=O)N2[C@H]1C(=O)O,,,
tdc_no_conflict_salt_removed,train,737,train:737,COc1cc([C@@H]2c3cc4c(cc3[C@@H](OC3OC5COC(c6cccs6)OC5C(O)C3O)[C@H]3COC(=O)[C@H]23)OCO4)cc(OC)c1O,1,True,,COc1cc([C@@H]2c3cc4c(cc3[C@@H](OC3OC5COC(c6cccs6)OC5C(O)C3O)[C@H]3COC(=O)[C@H]23)OCO4)cc(OC)c1O,COc1cc([C@@H]2c3cc4c(cc3[C@@H](OC3OC5COC(c6cccs6)OC5C(O)C3O)[C@H]3COC(=O)[C@H]23)OCO4)cc(OC)c1O,1,exact,1,1,B3DB_classification:2028,teniposide,COc1cc([C@@H]2c3cc4c(cc3[C@@H](OC3OC5COC(c6cccs6)OC5C(O)C3O)[C@H]3COC(=O)[C@H]23)OCO4)cc(OC)c1O,B3DB_classification:2028,teniposide,COc1cc([C@@H]2c3cc4c(cc3[C@@H](OC3OC5COC(c6cccs6)OC5C(O)C3O)[C@H]3COC(=O)[C@H]23)OCO4)cc(OC)c1O,,,
tdc_no_conflict_salt_removed,train,738,train:738,CC1C2Cc3ccc(O)cc3C1(C)CCN2C,1,True,,CC1C2Cc3ccc(O)cc3C1(C)CCN2C,CC1C2Cc3ccc(O)cc3C1(C)CCN2C,1,exact,1,1,B3DB_classification:1392,metazocine,CC1C2Cc3ccc(O)cc3C1(C)CCN2C,B3DB_classification:1392,metazocine,CC1C2Cc3ccc(O)cc3C1(C)CCN2C,,,
tdc_no_conflict_salt_removed,train,739,train:739,CC(C)=CCN1CC[C@@]2(C)c3cc(O)ccc3C[C@@H]1[C@H]2C,1,True,,CC(C)=CCN1CC[C@@]2(C)c3cc(O)ccc3C[C@@H]1[C@H]2C,CC(C)=CCN1CC[C@@]2(C)c3cc(O)ccc3C[C@@H]1[C@H]2C,1,exact,1,1,B3DB_classification:1243,rel-pentazocine,CC(C)=CCN1CC[C@@]2(C)c3cc(O)ccc3C[C@@H]1[C@H]2C,B3DB_classification:1243,rel-pentazocine,CC(C)=CCN1CC[C@@]2(C)c3cc(O)ccc3C[C@@H]1[C@H]2C,,,
tdc_no_conflict_salt_removed,train,740,train:740,CCCCCC(=O)CC[C@]1(C)[C@@H]2Cc3ccc(O)cc3[C@@]1(C)CCN2C,1,True,,CCCCCC(=O)CC[C@]1(C)[C@@H]2Cc3ccc(O)cc3[C@@]1(C)CCN2C,CCCCCC(=O)CC[C@]1(C)[C@@H]2Cc3ccc(O)cc3[C@@]1(C)CCN2C,1,exact,1,1,B3DB_classification:1516,tonazocine,CCCCCC(=O)CC[C@]1(C)[C@@H]2Cc3ccc(O)cc3[C@@]1(C)CCN2C,B3DB_classification:1516,tonazocine,CCCCCC(=O)CC[C@]1(C)[C@@H]2Cc3ccc(O)cc3[C@@]1(C)CCN2C,,,
tdc_no_conflict_salt_removed,train,741,train:741,CO[C@@H]1[C@@H](OC(N)=O)[C@@H](O)[C@H](Oc2ccc3c(=O)c(NC(=O)c4ccc(O)c(CC=C(C)C)c4)c(O)oc3c2C)OC1(C)C,0,True,,CO[C@@H]1[C@@H](OC(N)=O)[C@@H](O)[C@H](Oc2ccc3c(=O)c(NC(=O)c4ccc(O)c(CC=C(C)C)c4)c(O)oc3c2C)OC1(C)C,CO[C@@H]1[C@@H](OC(N)=O)[C@@H](O)[C@H](Oc2ccc3c(=O)c(NC(=O)c4ccc(O)c(CC=C(C)C)c4)c(O)oc3c2C)OC1(C)C,1,unmatched,,,,,,,,,,,
tdc_no_conflict_salt_removed,train,742,train:742,CN(C)CCCN1c2ccccc2CCc2ccccc21,1,True,,CN(C)CCCN1c2ccccc2CCc2ccccc21,CN(C)CCCN1c2ccccc2CCc2ccccc21,1,exact,1,1,B3DB_classification:929,imipramine,CN(C)CCCN1c2ccccc2CCc2ccccc21,B3DB_classification:929,imipramine,CN(C)CCCN1c2ccccc2CCc2ccccc21,,,
tdc_no_conflict_salt_removed,train,743,train:743,C[N+](C)([O-])CCCN1c2ccccc2CCc2ccccc21,1,True,,C[N+](C)([O-])CCCN1c2ccccc2CCc2ccccc21,C[N+](C)([O-])CCCN1c2ccccc2CCc2ccccc21,1,exact,1,1,B3DB_classification:2155,imipraminoxide,C[N+](C)([O-])CCCN1c2ccccc2CCc2ccccc21,B3DB_classification:2155,imipraminoxide,C[N+](C)([O-])CCCN1c2ccccc2CCc2ccccc21,,,
tdc_no_conflict_salt_removed,train,744,train:744,NCCCN1c2ccccc2CCc2ccccc21,1,True,,NCCCN1c2ccccc2CCc2ccccc21,NCCCN1c2ccccc2CCc2ccccc21,1,exact,1,1,B3DB_classification:1016,desmethyldesipramine,NCCCN1c2ccccc2CCc2ccccc21,B3DB_classification:1016,desmethyldesipramine,NCCCN1c2ccccc2CCc2ccccc21,,,
tdc_no_conflict_salt_removed,train,745,train:745,CC(CN(C)C)CN1c2ccccc2CCc2ccccc21,1,True,,CC(CN(C)C)CN1c2ccccc2CCc2ccccc21,CC(CN(C)C)CN1c2ccccc2CCc2ccccc21,1,exact,1,1,B3DB_classification:987,trimipramine,CC(CN(C)C)CN1c2ccccc2CCc2ccccc21,B3DB_classification:987,trimipramine,CC(CN(C)C)CN1c2ccccc2CCc2ccccc21,,,
tdc_no_conflict_salt_removed,train,746,train:746,CNC1Cc2ccccc2N(C)c2ccccc21,1,True,,CNC1Cc2ccccc2N(C)c2ccccc21,CNC1Cc2ccccc2N(C)c2ccccc21,1,exact,1,1,B3DB_classification:1910,metapramine,CNC1Cc2ccccc2N(C)c2ccccc21,B3DB_classification:1910,metapramine,CNC1Cc2ccccc2N(C)c2ccccc21,,,
tdc_no_conflict_salt_removed,train,747,train:747,CNCCCN1c2ccccc2CCc2ccccc21,1,True,,CNCCCN1c2ccccc2CCc2ccccc21,CNCCCN1c2ccccc2CCc2ccccc21,1,exact,1,1,B3DB_classification:1028,2qju,CNCCCN1c2ccccc2CCc2ccccc21,B3DB_classification:1028,2qju,CNCCCN1c2ccccc2CCc2ccccc21,,,
tdc_no_conflict_salt_removed,train,748,train:748,CN(C)CCCN1c2ccccc2CCc2ccc(C#N)cc21,1,True,,CN(C)CCCN1c2ccccc2CCc2ccc(C#N)cc21,CN(C)CCCN1c2ccccc2CCc2ccc(C#N)cc21,1,exact,1,1,B3DB_classification:1752,cianopramine,CN(C)CCCN1c2ccccc2CCc2ccc(C#N)cc21,B3DB_classification:1752,cianopramine,CN(C)CCCN1c2ccccc2CCc2ccc(C#N)cc21,,,
tdc_no_conflict_salt_removed,train,749,train:749,CN(C)CCCN1c2ccccc2CCc2ccc(Cl)cc21,1,True,,CN(C)CCCN1c2ccccc2CCc2ccc(Cl)cc21,CN(C)CCCN1c2ccccc2CCc2ccc(Cl)cc21,1,exact,1,1,B3DB_classification:1003,clomipramine,CN(C)CCCN1c2ccccc2CCc2ccc(Cl)cc21,B3DB_classification:1003,clomipramine,CN(C)CCCN1c2ccccc2CCc2ccc(Cl)cc21,,,
tdc_no_conflict_salt_removed,train,750,train:750,CC(=O)Oc1ccc2c3c1O[C@H]1[C@@H](OC(C)=O)C=C[C@H]4[C@@H](C2)N(C)CC[C@@]341,1,True,,CC(=O)Oc1ccc2c3c1O[C@H]1[C@@H](OC(C)=O)C=C[C@H]4[C@@H](C2)N(C)CC[C@@]341,CC(=O)Oc1ccc2c3c1O[C@H]1[C@@H](OC(C)=O)C=C[C@H]4[C@@H](C2)N(C)CC[C@@]341,1,exact,1,1,B3DB_classification:1203,diacetylmorphine,CC(=O)Oc1ccc2c3c1O[C@H]1[C@@H](OC(C)=O)C=C[C@H]4[C@@H](C2)N(C)CC[C@]314,B3DB_classification:1203,diacetylmorphine,CC(=O)Oc1ccc2c3c1O[C@H]1[C@@H](OC(C)=O)C=C[C@H]4[C@@H](C2)N(C)CC[C@]314,,,
tdc_no_conflict_salt_removed,train,751,train:751,COc1ccc2c3c1O[C@H]1[C@@H](O)C=C[C@H]4[C@@H](C2)N(C)CC[C@@]341,1,True,,COc1ccc2c3c1O[C@H]1[C@@H](O)C=C[C@H]4[C@@H](C2)N(C)CC[C@@]341,COc1ccc2c3c1O[C@H]1[C@@H](O)C=C[C@H]4[C@@H](C2)N(C)CC[C@@]341,1,exact,1,1,B3DB_classification:860,codeine,COc1ccc2c3c1O[C@H]1[C@@H](O)C=C[C@H]4[C@@H](C2)N(C)CC[C@]314,B3DB_classification:860,codeine,COc1ccc2c3c1O[C@H]1[C@@H](O)C=C[C@H]4[C@@H](C2)N(C)CC[C@]314,,,
tdc_no_conflict_salt_removed,train,752,train:752,C=CCN1CCC23c4c5ccc(OC(C)=O)c4OC2C(OC(C)=O)C=CC3C1C5,1,True,,C=CCN1CCC23c4c5ccc(OC(C)=O)c4OC2C(OC(C)=O)C=CC3C1C5,C=CCN1CCC23c4c5ccc(OC(C)=O)c4OC2C(OC(C)=O)C=CC3C1C5,1,exact,1,1,B3DB_classification:1118,diacetylnalorphine,C=CCN1CCC23c4c5ccc(OC(C)=O)c4OC2C(OC(C)=O)C=CC3C1C5,B3DB_classification:1118,diacetylnalorphine,C=CCN1CCC23c4c5ccc(OC(C)=O)c4OC2C(OC(C)=O)C=CC3C1C5,,,
tdc_no_conflict_salt_removed,train,753,train:753,COc1ccc2c3c1OC1C(O)C=CC4C(C2)NCCC341,1,True,,COc1ccc2c3c1OC1C(O)C=CC4C(C2)NCCC341,COc1ccc2c3c1OC1C(O)C=CC4C(C2)NCCC341,1,exact,1,1,B3DB_classification:2067,n-norcodeine,COc1ccc2c3c1OC1C(O)C=CC4C(C2)NCCC341,B3DB_classification:2067,n-norcodeine,COc1ccc2c3c1OC1C(O)C=CC4C(C2)NCCC341,,,
tdc_no_conflict_salt_removed,train,754,train:754,C=CCN1CC[C@]23c4c5ccc(O)c4O[C@H]2[C@@H](O)C=C[C@H]3[C@H]1C5,1,True,,C=CCN1CC[C@]23c4c5ccc(O)c4O[C@H]2[C@@H](O)C=C[C@H]3[C@H]1C5,C=CCN1CC[C@]23c4c5ccc(O)c4O[C@H]2[C@@H](O)C=C[C@H]3[C@H]1C5,1,exact,1,1,B3DB_classification:1122,nalorphine,C=CCN1CC[C@]23c4c5ccc(O)c4O[C@H]2[C@@H](O)C=C[C@H]3[C@H]1C5,B3DB_classification:1122,nalorphine,C=CCN1CC[C@]23c4c5ccc(O)c4O[C@H]2[C@@H](O)C=C[C@H]3[C@H]1C5,,,
tdc_no_conflict_salt_removed,train,755,train:755,CN1CC[C@]23c4c5ccc(O)c4O[C@H]2C(O)C=C[C@H]3[C@H]1C5,1,True,,CN1CC[C@]23c4c5ccc(O)c4O[C@H]2C(O)C=C[C@H]3[C@H]1C5,CN1CC[C@]23c4c5ccc(O)c4O[C@H]2C(O)C=C[C@H]3[C@H]1C5,1,exact,1,1,B3DB_classification:1874,morphine,CN1CC[C@]23c4c5ccc(O)c4O[C@H]2C(O)C=C[C@H]3[C@H]1C5,B3DB_classification:1874,morphine,CN1CC[C@]23c4c5ccc(O)c4O[C@H]2C(O)C=C[C@H]3[C@H]1C5,,,
tdc_no_conflict_salt_removed,train,756,train:756,Oc1ccc2c3c1OC1C(O)C=CC4C(C2)NCCC341,1,True,,Oc1ccc2c3c1OC1C(O)C=CC4C(C2)NCCC341,Oc1ccc2c3c1OC1C(O)C=CC4C(C2)NCCC341,1,exact,1,1,B3DB_classification:2558,normorphine,Oc1ccc2c3c1OC1C(O)C=CC4C(C2)NCCC341,B3DB_classification:2558,normorphine,Oc1ccc2c3c1OC1C(O)C=CC4C(C2)NCCC341,,,
tdc_no_conflict_salt_removed,train,757,train:757,CCn1nnn(CCN2CC[C@H](N(C(=O)COC)c3ccccc3F)[C@H](C)C2)c1=O,1,True,,CCn1nnn(CCN2CC[C@H](N(C(=O)COC)c3ccccc3F)[C@H](C)C2)c1=O,CCn1nnn(CCN2CC[C@H](N(C(=O)COC)c3ccccc3F)[C@H](C)C2)c1=O,1,exact,1,1,B3DB_classification:1709,brifentanil,CCn1nnn(CCN2CC[C@H](N(C(=O)COC)c3ccccc3F)[C@H](C)C2)c1=O,B3DB_classification:1709,brifentanil,CCn1nnn(CCN2CC[C@H](N(C(=O)COC)c3ccccc3F)[C@H](C)C2)c1=O,,,
tdc_no_conflict_salt_removed,train,758,train:758,CCC(=O)N(c1ccccc1)C1(COC)CCN(CCn2nnn(CC)c2=O)CC1,1,True,,CCC(=O)N(c1ccccc1)C1(COC)CCN(CCn2nnn(CC)c2=O)CC1,CCC(=O)N(c1ccccc1)C1(COC)CCN(CCn2nnn(CC)c2=O)CC1,1,exact,1,1,B3DB_classification:1421,trimethoprim,CCC(=O)N(c1ccccc1)C1(COC)CCN(CCn2nnn(CC)c2=O)CC1,B3DB_classification:1421,trimethoprim,CCC(=O)N(c1ccccc1)C1(COC)CCN(CCn2nnn(CC)c2=O)CC1,,,
tdc_no_conflict_salt_removed,train,759,train:759,Cc1ccc(CC2=CNC(NCCSCc3ccc(CN(C)C)o3)=NC2)cn1,0,True,,Cc1ccc(CC2=CNC(NCCSCc3ccc(CN(C)C)o3)=NC2)cn1,Cc1ccc(CC2=CNC(NCCSCc3ccc(CN(C)C)o3)=NC2)cn1,1,unmatched,,,,,,,,,,,
tdc_no_conflict_salt_removed,train,760,train:760,O=C(NCCN1CCN(c2ncccn2)CC1)C12CC3CC(CC(C3)C1)C2,1,True,,O=C(NCCN1CCN(c2ncccn2)CC1)C12CC3CC(CC(C3)C1)C2,O=C(NCCN1CCN(c2ncccn2)CC1)C12CC3CC(CC(C3)C1)C2,1,exact,1,1,B3DB_classification:2403,adatanserin,O=C(NCCN1CCN(c2ncccn2)CC1)C12CC3CC(CC(C3)C1)C2,B3DB_classification:2403,adatanserin,O=C(NCCN1CCN(c2ncccn2)CC1)C12CC3CC(CC(C3)C1)C2,,,
tdc_no_conflict_salt_removed,train,761,train:761,COC1C(O)CC(=O)OC(C)C/C=C/C=C/C(OC2CCC(N(C)C)C(C)O2)C(C)CC(CC=O)C1OC1OC(C)C(OC2CC(C)(O)C(O)C(C)O2)C(N(C)C)C1O,0,True,,COC1C(O)CC(=O)OC(C)C/C=C/C=C/C(OC2CCC(N(C)C)C(C)O2)C(C)CC(CC=O)C1OC1OC(C)C(OC2CC(C)(O)C(O)C(C)O2)C(N(C)C)C1O,COC1C(O)CC(=O)OC(C)C/C=C/C=C/C(OC2CCC(N(C)C)C(C)O2)C(C)CC(CC=O)C1OC1OC(C)C(OC2CC(C)(O)C(O)C(C)O2)C(N(C)C)C1O,1,exact,0,0,B3DB_classification:1980,spiramycin,COC1C(O)CC(=O)OC(C)C/C=C/C=C/C(OC2CCC(N(C)C)C(C)O2)C(C)CC(CC=O)C1OC1OC(C)C(OC2CC(C)(O)C(O)C(C)O2)C(N(C)C)C1O,B3DB_classification:1980,spiramycin,COC1C(O)CC(=O)OC(C)C/C=C/C=C/C(OC2CCC(N(C)C)C(C)O2)C(C)CC(CC=O)C1OC1OC(C)C(OC2CC(C)(O)C(O)C(C)O2)C(N(C)C)C1O,,,
tdc_no_conflict_salt_removed,train,762,train:762,CCOC1c2ccccc2C(=O)N(C)c2ccccc21,1,True,,CCOC1c2ccccc2C(=O)N(C)c2ccccc21,CCOC1c2ccccc2C(=O)N(C)c2ccccc21,1,exact,1,1,B3DB_classification:1654,etazepine,CCOC1c2ccccc2C(=O)N(C)c2ccccc21,B3DB_classification:1654,etazepine,CCOC1c2ccccc2C(=O)N(C)c2ccccc21,,,
tdc_no_conflict_salt_removed,train,763,train:763,CN1[C@@H]2CC(OC(=O)[C@H](CO)c3ccccc3)C[C@H]1[C@@H]1O[C@@H]12,0,True,,CN1[C@@H]2CC(OC(=O)[C@H](CO)c3ccccc3)C[C@H]1[C@@H]1O[C@@H]12,CN1[C@@H]2CC(OC(=O)[C@H](CO)c3ccccc3)C[C@H]1[C@@H]1O[C@@H]12,1,unmatched,,,,,,,,,,,
tdc_no_conflict_salt_removed,train,764,train:764,N[C@@H](C(=O)N[C@@H]1C(=O)N2C(C(=O)O)=C(Cl)CS[C@H]12)c1ccccc1,0,True,,N[C@@H](C(=O)N[C@@H]1C(=O)N2C(C(=O)O)=C(Cl)CS[C@H]12)c1ccccc1,N[C@@H](C(=O)N[C@@H]1C(=O)N2C(C(=O)O)=C(Cl)CS[C@H]12)c1ccccc1,1,exact,0,0,B3DB_classification:2344,cefaclor,N[C@@H](C(=O)N[C@@H]1C(=O)N2C(C(=O)O)=C(Cl)CS[C@H]12)c1ccccc1,B3DB_classification:2344,cefaclor,N[C@@H](C(=O)N[C@@H]1C(=O)N2C(C(=O)O)=C(Cl)CS[C@H]12)c1ccccc1,,,
tdc_no_conflict_salt_removed,train,765,train:765,CC1=C(C(=O)O)N2C(=O)[C@@H](NC(=O)[C@H](N)c3ccc(O)cc3)[C@H]2SC1,0,True,,CC1=C(C(=O)O)N2C(=O)[C@@H](NC(=O)[C@H](N)c3ccc(O)cc3)[C@H]2SC1,CC1=C(C(=O)O)N2C(=O)[C@@H](NC(=O)[C@H](N)c3ccc(O)cc3)[C@H]2SC1,1,exact,0,0,B3DB_classification:1383,cefadroxil,CC1=C(C(=O)O)N2C(=O)[C@@H](NC(=O)[C@H](N)c3ccc(O)cc3)[C@H]2SC1,B3DB_classification:1383,cefadroxil,CC1=C(C(=O)O)N2C(=O)[C@@H](NC(=O)[C@H](N)c3ccc(O)cc3)[C@H]2SC1,,,
tdc_no_conflict_salt_removed,train,766,train:766,CC1=C(C(=O)O)N2C(=O)[C@@H](NC(=O)[C@H](N)c3ccccc3)[C@H]2SC1,0,True,,CC1=C(C(=O)O)N2C(=O)[C@@H](NC(=O)[C@H](N)c3ccccc3)[C@H]2SC1,CC1=C(C(=O)O)N2C(=O)[C@@H](NC(=O)[C@H](N)c3ccccc3)[C@H]2SC1,1,exact,0,0,B3DB_classification:1385,cephalexin,CC1=C(C(=O)O)N2C(=O)[C@@H](NC(=O)[C@H](N)c3ccccc3)[C@H]2SC1,B3DB_classification:1385,cephalexin,CC1=C(C(=O)O)N2C(=O)[C@@H](NC(=O)[C@H](N)c3ccccc3)[C@H]2SC1,,,
tdc_no_conflict_salt_removed,train,767,train:767,CC(=O)OCC1=C(C(=O)O)N2C(=O)[C@@H](NC(=O)Cc3ccccc3)[C@H]2SC1,0,True,,CC(=O)OCC1=C(C(=O)O)N2C(=O)[C@@H](NC(=O)Cc3ccccc3)[C@H]2SC1,CC(=O)OCC1=C(C(=O)O)N2C(=O)[C@@H](NC(=O)Cc3ccccc3)[C@H]2SC1,1,exact,0,0,B3DB_classification:1188,cefaloram,CC(=O)OCC1=C(C(=O)O)N2C(=O)[C@@H](NC(=O)Cc3ccccc3)[C@H]2SC1,B3DB_classification:1188,cefaloram,CC(=O)OCC1=C(C(=O)O)N2C(=O)[C@@H](NC(=O)Cc3ccccc3)[C@H]2SC1,,,
tdc_no_conflict_salt_removed,train,768,train:768,CC1=C(C(=O)O)N2C(=O)[C@@H](NC(=O)[C@H](N)c3cccc(NS(C)(=O)=O)c3)[C@H]2SC1,0,True,,CC1=C(C(=O)O)N2C(=O)[C@@H](NC(=O)[C@H](N)c3cccc(NS(C)(=O)=O)c3)[C@H]2SC1,CC1=C(C(=O)O)N2C(=O)[C@@H](NC(=O)[C@H](N)c3cccc(NS(C)(=O)=O)c3)[C@H]2SC1,1,exact,0,0,B3DB_classification:1384,cefsumide,CC1=C(C(=O)O)N2C(=O)[C@@H](NC(=O)[C@H](N)c3cccc(NS(C)(=O)=O)c3)[C@H]2SC1,B3DB_classification:1384,cefsumide,CC1=C(C(=O)O)N2C(=O)[C@@H](NC(=O)[C@H](N)c3cccc(NS(C)(=O)=O)c3)[C@H]2SC1,,,
tdc_no_conflict_salt_removed,train,769,train:769,CC1=C(C(=O)O)N2C(=O)[C@@H](NC(=O)[C@H](N)c3ccc(O)c(Cl)c3)[C@H]2SC1,0,True,,CC1=C(C(=O)O)N2C(=O)[C@@H](NC(=O)[C@H](N)c3ccc(O)c(Cl)c3)[C@H]2SC1,CC1=C(C(=O)O)N2C(=O)[C@@H](NC(=O)[C@H](N)c3ccc(O)c(Cl)c3)[C@H]2SC1,1,exact,0,0,B3DB_classification:1382,cefedrolor,CC1=C(C(=O)O)N2C(=O)[C@@H](NC(=O)[C@H](N)c3ccc(O)c(Cl)c3)[C@H]2SC1,B3DB_classification:1382,cefedrolor,CC1=C(C(=O)O)N2C(=O)[C@@H](NC(=O)[C@H](N)c3ccc(O)c(Cl)c3)[C@H]2SC1,,,
tdc_no_conflict_salt_removed,train,770,train:770,CC(=O)OCC1=C(C(=O)O)N2C(=O)[C@@H](NC(=O)[C@H](N)c3ccccc3)[C@H]2SC1,0,True,,CC(=O)OCC1=C(C(=O)O)N2C(=O)[C@@H](NC(=O)[C@H](N)c3ccccc3)[C@H]2SC1,CC(=O)OCC1=C(C(=O)O)N2C(=O)[C@@H](NC(=O)[C@H](N)c3ccccc3)[C@H]2SC1,1,exact,0,0,B3DB_classification:1190,cephaloglycin,CC(=O)OCC1=C(C(=O)O)N2C(=O)[C@@H](NC(=O)[C@H](N)c3ccccc3)[C@H]2SC1,B3DB_classification:1190,cephaloglycin,CC(=O)OCC1=C(C(=O)O)N2C(=O)[C@@H](NC(=O)[C@H](N)c3ccccc3)[C@H]2SC1,,,
tdc_no_conflict_salt_removed,train,771,train:771,C/C=C/C1=C(C(=O)O)N2C(=O)[C@@H](NC(=O)[C@H](N)c3ccc(O)cc3)[C@H]2SC1,0,True,,C/C=C/C1=C(C(=O)O)N2C(=O)[C@@H](NC(=O)[C@H](N)c3ccc(O)cc3)[C@H]2SC1,C/C=C/C1=C(C(=O)O)N2C(=O)[C@@H](NC(=O)[C@H](N)c3ccc(O)cc3)[C@H]2SC1,1,exact,0,0,B3DB_classification:1082,cefprozil,C/C=C/C1=C(C(=O)O)N2C(=O)[C@@H](NC(=O)[C@H](N)c3ccc(O)cc3)[C@H]2SC1,B3DB_classification:1082,cefprozil,C/C=C/C1=C(C(=O)O)N2C(=O)[C@@H](NC(=O)[C@H](N)c3ccc(O)cc3)[C@H]2SC1,,,
tdc_no_conflict_salt_removed,train,772,train:772,CN1CCN(c2cc3c(cc2F)c(=O)c(C(=O)O)cn3-c2ccc(F)cc2)CC1,0,True,,CN1CCN(c2cc3c(cc2F)c(=O)c(C(=O)O)cn3-c2ccc(F)cc2)CC1,CN1CCN(c2cc3c(cc2F)c(=O)c(C(=O)O)cn3-c2ccc(F)cc2)CC1,1,exact,0,0,B3DB_classification:1860,sevoflurane,CN1CCN(c2cc3c(cc2F)c(=O)c(C(=O)O)cn3-c2ccc(F)cc2)CC1,B3DB_classification:1860,sevoflurane,CN1CCN(c2cc3c(cc2F)c(=O)c(C(=O)O)cn3-c2ccc(F)cc2)CC1,,,
tdc_no_conflict_salt_removed,train,773,train:773,CC(CN1C(=O)c2cccnc2Nc2ccccc21)N(C)C,1,True,,CC(CN1C(=O)c2cccnc2Nc2ccccc21)N(C)C,CC(CN1C(=O)c2cccnc2Nc2ccccc21)N(C)C,1,exact,1,1,B3DB_classification:1294,propizepine,CC(CN1C(=O)c2cccnc2Nc2ccccc21)N(C)C,B3DB_classification:1294,propizepine,CC(CN1C(=O)c2cccnc2Nc2ccccc21)N(C)C,,,
tdc_no_conflict_salt_removed,train,774,train:774,COc1ccc2c(c1)/C(=C/CCN(C)C)c1ccccc1O2,1,True,,COc1ccc2c(c1)/C(=C/CCN(C)C)c1ccccc1O2,COc1ccc2c(c1)/C(=C/CCN(C)C)c1ccccc1O2,1,exact,1,1,B3DB_classification:2056,dimeprozan,COc1ccc2c(c1)/C(=C/CCN(C)C)c1ccccc1O2,B3DB_classification:2056,dimeprozan,COc1ccc2c(c1)/C(=C/CCN(C)C)c1ccccc1O2,,,
tdc_no_conflict_salt_removed,train,775,train:775,Cc1nc(C)c2c(n1)N(Cc1ccc(-c3ccccc3-c3nn[nH]n3)cc1)C(=O)CC2,1,True,,Cc1nc(C)c2c(n1)N(Cc1ccc(-c3ccccc3-c3nn[nH]n3)cc1)C(=O)CC2,Cc1nc(C)c2c(n1)N(Cc1ccc(-c3ccccc3-c3nn[nH]n3)cc1)C(=O)CC2,1,unmatched,,,,,,,,,,,
tdc_no_conflict_salt_removed,train,776,train:776,CN1C[C@@H]2Cc3ccc(Cl)cc3[C@@H](c3ccccc3)[C@@H]2C1,1,True,,CN1C[C@@H]2Cc3ccc(Cl)cc3[C@@H](c3ccccc3)[C@@H]2C1,CN1C[C@@H]2Cc3ccc(Cl)cc3[C@@H](c3ccccc3)[C@@H]2C1,1,exact,1,1,B3DB_classification:1882,losindole,CN1C[C@@H]2[C@@H](Cc3ccc(Cl)cc3[C@H]2c2ccccc2)C1,B3DB_classification:1882,losindole,CN1C[C@@H]2[C@@H](Cc3ccc(Cl)cc3[C@H]2c2ccccc2)C1,,,
tdc_no_conflict_salt_removed,train,777,train:777,NS(=O)(=O)c1cc2c(cc1Cl)NCNS2(=O)=O,0,True,,NS(=O)(=O)c1cc2c(cc1Cl)NCNS2(=O)=O,NS(=O)(=O)c1cc2c(cc1Cl)NCNS2(=O)=O,1,unmatched,,,,,,,,,,,
tdc_no_conflict_salt_removed,train,778,train:778,NS(=O)(=O)c1cc2c(cc1C(F)(F)F)NCNS2(=O)=O,0,True,,NS(=O)(=O)c1cc2c(cc1C(F)(F)F)NCNS2(=O)=O,NS(=O)(=O)c1cc2c(cc1C(F)(F)F)NCNS2(=O)=O,1,unmatched,,,,,,,,,,,
tdc_no_conflict_salt_removed,train,779,train:779,NS(=O)(=O)c1cc2c(cc1Cl)NC(C(Cl)Cl)NS2(=O)=O,0,True,,NS(=O)(=O)c1cc2c(cc1Cl)NC(C(Cl)Cl)NS2(=O)=O,NS(=O)(=O)c1cc2c(cc1Cl)NC(C(Cl)Cl)NS2(=O)=O,1,exact,0,0,B3DB_classification:2338,trichlormethiazide,NS(=O)(=O)c1cc2c(cc1Cl)NC(C(Cl)Cl)NS2(=O)=O,B3DB_classification:2338,trichlormethiazide,NS(=O)(=O)c1cc2c(cc1Cl)NC(C(Cl)Cl)NS2(=O)=O,,,
tdc_no_conflict_salt_removed,train,780,train:780,CN1C(CCl)Nc2cc(Cl)c(S(N)(=O)=O)cc2S1(=O)=O,0,True,,CN1C(CCl)Nc2cc(Cl)c(S(N)(=O)=O)cc2S1(=O)=O,CN1C(CCl)Nc2cc(Cl)c(S(N)(=O)=O)cc2S1(=O)=O,1,exact,0,0,B3DB_classification:1817,methyclothiazide,CN1C(CCl)Nc2cc(Cl)c(S(N)(=O)=O)cc2S1(=O)=O,B3DB_classification:1817,methyclothiazide,CN1C(CCl)Nc2cc(Cl)c(S(N)(=O)=O)cc2S1(=O)=O,,,
tdc_no_conflict_salt_removed,train,781,train:781,CN1C(CSCC(F)(F)F)Nc2cc(Cl)c(S(N)(=O)=O)cc2S1(=O)=O,0,True,,CN1C(CSCC(F)(F)F)Nc2cc(Cl)c(S(N)(=O)=O)cc2S1(=O)=O,CN1C(CSCC(F)(F)F)Nc2cc(Cl)c(S(N)(=O)=O)cc2S1(=O)=O,1,exact,0,0,B3DB_classification:1818,polythiazide,CN1C(CSCC(F)(F)F)Nc2cc(Cl)c(S(N)(=O)=O)cc2S1(=O)=O,B3DB_classification:1818,polythiazide,CN1C(CSCC(F)(F)F)Nc2cc(Cl)c(S(N)(=O)=O)cc2S1(=O)=O,,,
tdc_no_conflict_salt_removed,train,782,train:782,CN(C)CC[C@]1(c2ccccc2)CCc2ccccc2C1=O,1,True,,CN(C)CC[C@]1(c2ccccc2)CCc2ccccc2C1=O,CN(C)CC[C@]1(c2ccccc2)CCc2ccccc2C1=O,1,exact,1,1,B3DB_classification:1772,dexnafenodone,CN(C)CC[C@]1(c2ccccc2)CCc2ccccc2C1=O,B3DB_classification:1772,dexnafenodone,CN(C)CC[C@]1(c2ccccc2)CCc2ccccc2C1=O,,,
tdc_no_conflict_salt_removed,train,783,train:783,NC(=O)CN1CC(O)CC1=O,1,True,,NC(=O)CN1CC(O)CC1=O,NC(=O)CN1CC(O)CC1=O,1,exact,1,1,B3DB_classification:2287,oxiracetam,NC(=O)CN1CC(O)CC1=O,B3DB_classification:2287,oxiracetam,NC(=O)CN1CC(O)CC1=O,,,
tdc_no_conflict_salt_removed,train,784,train:784,NC(=O)CN1CCCC1=O,1,True,,NC(=O)CN1CCCC1=O,NC(=O)CN1CCCC1=O,1,exact,1,1,B3DB_classification:2288,piracetam,NC(=O)CN1CCCC1=O,B3DB_classification:2288,piracetam,NC(=O)CN1CCCC1=O,,,
tdc_no_conflict_salt_removed,train,785,train:785,CC(C)N(CCNC(=O)CN1CCCC1=O)C(C)C,1,True,,CC(C)N(CCNC(=O)CN1CCCC1=O)C(C)C,CC(C)N(CCNC(=O)CN1CCCC1=O)C(C)C,1,exact,1,1,B3DB_classification:1260,pramiracetam,CC(C)N(CCNC(=O)CN1CCCC1=O)C(C)C,B3DB_classification:1260,pramiracetam,CC(C)N(CCNC(=O)CN1CCCC1=O)C(C)C,,,
tdc_no_conflict_salt_removed,train,786,train:786,CCC(C(N)=O)N1CCCC1=O,1,True,,CCC(C(N)=O)N1CCCC1=O,CCC(C(N)=O)N1CCCC1=O,1,exact,1,1,B3DB_classification:1449,etiracetam,CCC(C(N)=O)N1CCCC1=O,B3DB_classification:1449,etiracetam,CCC(C(N)=O)N1CCCC1=O,,,
tdc_no_conflict_salt_removed,train,787,train:787,CC1(C)S[C@@H]2[C@H](NC(=O)[C@H](NC(=O)c3ccc(-c4ccc(S(=O)(=O)N(CCO)CCO)cc4)[nH]c3=O)c3ccc(O)cc3)C(=O)N2[C@H]1C(=O)[O-],0,True,,CC1(C)S[C@@H]2[C@H](NC(=O)[C@H](NC(=O)c3ccc(-c4ccc(S(=O)(=O)N(CCO)CCO)cc4)[nH]c3=O)c3ccc(O)cc3)C(=O)N2[C@H]1C(=O)[O-],CC1(C)S[C@@H]2[C@H](NC(=O)[C@H](NC(=O)c3ccc(-c4ccc(S(=O)(=O)N(CCO)CCO)cc4)[nH]c3=O)c3ccc(O)cc3)C(=O)N2[C@H]1C(=O)[O-],1,unmatched,,,,,,,,,,,
tdc_no_conflict_salt_removed,train,788,train:788,CN1CC(CSc2ccccn2)C=C2c3cccc4[nH]cc(c34)CC21,1,True,,CN1CC(CSc2ccccn2)C=C2c3cccc4[nH]cc(c34)CC21,CN1CC(CSc2ccccn2)C=C2c3cccc4[nH]cc(c34)CC21,1,exact,1,1,B3DB_classification:1823,"7-methyl-9-(pyridin-2-ylsulfanylmethyl)-6,6a,8,9-tetrahydro-4h-indolo[4,3-fg]quinoline",CN1CC(CSc2ccccn2)C=C2c3cccc4[nH]cc(c34)CC21,B3DB_classification:1823,"7-methyl-9-(pyridin-2-ylsulfanylmethyl)-6,6a,8,9-tetrahydro-4h-indolo[4,3-fg]quinoline",CN1CC(CSc2ccccn2)C=C2c3cccc4[nH]cc(c34)CC21,,,
tdc_no_conflict_salt_removed,train,789,train:789,O=c1[nH]c(=O)n([C@H]2C[C@H](O)[C@@H](CO)O2)cc1F,0,True,,O=c1[nH]c(=O)n([C@H]2C[C@H](O)[C@@H](CO)O2)cc1F,O=c1[nH]c(=O)n([C@H]2C[C@H](O)[C@@H](CO)O2)cc1F,1,exact,0,0,B3DB_classification:2497,floxuridine,O=c1[nH]c(=O)n([C@H]2C[C@H](O)[C@@H](CO)O2)cc1F,B3DB_classification:2497,floxuridine,O=c1[nH]c(=O)n([C@H]2C[C@H](O)[C@@H](CO)O2)cc1F,,,
tdc_no_conflict_salt_removed,train,790,train:790,Cc1cn([C@H]2C[C@H](N=[N+]=[N-])[C@@H](CO)O2)c(=O)[nH]c1=O,0,True,,Cc1cn([C@H]2C[C@H](N=[N+]=[N-])[C@@H](CO)O2)c(=O)[nH]c1=O,Cc1cn([C@H]2C[C@H](N=[N+]=[N-])[C@@H](CO)O2)c(=O)[nH]c1=O,1,exact,1,1,B3DB_classification:207,zidovudine,Cc1cn([C@H]2C[C@H](N=[N+]=[N-])[C@@H](CO)O2)c(=O)[nH]c1=O,B3DB_classification:207,zidovudine,Cc1cn([C@H]2C[C@H](N=[N+]=[N-])[C@@H](CO)O2)c(=O)[nH]c1=O,,,b3db_exact_label_mismatch|b3db_salt_removed_label_mismatch
tdc_no_conflict_salt_removed,train,791,train:791,Cc1cn([C@H]2C[C@H](F)[C@@H](CO)O2)c(=O)[nH]c1=O,1,True,,Cc1cn([C@H]2C[C@H](F)[C@@H](CO)O2)c(=O)[nH]c1=O,Cc1cn([C@H]2C[C@H](F)[C@@H](CO)O2)c(=O)[nH]c1=O,1,exact,1,1,B3DB_classification:166,alovudine,Cc1cn([C@H]2C[C@H](F)[C@@H](CO)O2)c(=O)[nH]c1=O,B3DB_classification:166,alovudine,Cc1cn([C@H]2C[C@H](F)[C@@H](CO)O2)c(=O)[nH]c1=O,,,
tdc_no_conflict_salt_removed,train,792,train:792,O=c1ccn(C2OC(CO)C(O)C2O)c(=O)[nH]1,1,True,,O=c1ccn(C2OC(CO)C(O)C2O)c(=O)[nH]1,O=c1ccn(C2OC(CO)C(O)C2O)c(=O)[nH]1,1,exact,1,1,B3DB_classification:2511,58-96-8,O=c1ccn(C2OC(CO)C(O)C2O)c(=O)[nH]1,B3DB_classification:2511,58-96-8,O=c1ccn(C2OC(CO)C(O)C2O)c(=O)[nH]1,,,
tdc_no_conflict_salt_removed,train,793,train:793,CSc1ccc2c(c1)N(CCC1CCCNC1)c1ccccc1S2,1,True,,CSc1ccc2c(c1)N(CCC1CCCNC1)c1ccccc1S2,CSc1ccc2c(c1)N(CCC1CCCNC1)c1ccccc1S2,1,exact,1,1,B3DB_classification:911,northioridazine,CSc1ccc2c(c1)N(CCC1CCCNC1)c1ccccc1S2,B3DB_classification:911,northioridazine,CSc1ccc2c(c1)N(CCC1CCCNC1)c1ccccc1S2,,,
tdc_no_conflict_salt_removed,train,794,train:794,CN(C)C(=O)Oc1ccc[n+](C)c1,1,True,,CN(C)C(=O)Oc1ccc[n+](C)c1,CN(C)C(=O)Oc1ccc[n+](C)c1,1,exact,1,1,B3DB_classification_external:30,pyridostigmine,CN(C)C(=O)Oc1ccc[n+](C)c1,B3DB_classification_external:30,pyridostigmine,CN(C)C(=O)Oc1ccc[n+](C)c1,,,
tdc_no_conflict_salt_removed,train,795,train:795,FC(F)(F)c1cccc(N2CCN(CCc3nnc4n3C[C@H]3CCC[C@@H]43)CC2)c1,1,True,,FC(F)(F)c1cccc(N2CCN(CCc3nnc4n3C[C@H]3CCC[C@@H]43)CC2)c1,FC(F)(F)c1cccc(N2CCN(CCc3nnc4n3C[C@H]3CCC[C@@H]43)CC2)c1,1,exact,1,1,B3DB_classification:2262,lorpiprazole,FC(F)(F)c1cccc(N2CCN(CCc3nnc4n3C[C@H]3CCC[C@@H]43)CC2)c1,B3DB_classification:2262,lorpiprazole,FC(F)(F)c1cccc(N2CCN(CCc3nnc4n3C[C@H]3CCC[C@@H]43)CC2)c1,,,
tdc_no_conflict_salt_removed,train,796,train:796,O=C1Cc2cc(CCN3CCN(c4nsc5ccccc45)CC3)c(Cl)cc2N1,1,True,,O=C1Cc2cc(CCN3CCN(c4nsc5ccccc45)CC3)c(Cl)cc2N1,O=C1Cc2cc(CCN3CCN(c4nsc5ccccc45)CC3)c(Cl)cc2N1,1,exact,1,1,B3DB_classification:2468,ziprasidone,O=C1Cc2cc(CCN3CCN(c4nsc5ccccc45)CC3)c(Cl)cc2N1,B3DB_classification:2468,ziprasidone,O=C1Cc2cc(CCN3CCN(c4nsc5ccccc45)CC3)c(Cl)cc2N1,,,
tdc_no_conflict_salt_removed,train,797,train:797,COC(=O)c1cncn1C(C)c1ccccc1,1,True,,COC(=O)c1cncn1C(C)c1ccccc1,COC(=O)c1cncn1C(C)c1ccccc1,1,exact,1,1,B3DB_classification:1971,metomidate,COC(=O)c1cncn1C(C)c1ccccc1,B3DB_classification:1971,metomidate,COC(=O)c1cncn1C(C)c1ccccc1,,,
tdc_no_conflict_salt_removed,train,798,train:798,CCOC(=O)c1cncn1C(C)c1ccccc1,1,True,,CCOC(=O)c1cncn1C(C)c1ccccc1,CCOC(=O)c1cncn1C(C)c1ccccc1,1,exact,1,1,B3DB_classification:1651,pimozide,CCOC(=O)c1cncn1C(C)c1ccccc1,B3DB_classification:1651,pimozide,CCOC(=O)c1cncn1C(C)c1ccccc1,,,
tdc_no_conflict_salt_removed,train,799,train:799,CCCOC(=O)c1cncn1C(C)c1ccccc1,1,True,,CCCOC(=O)c1cncn1C(C)c1ccccc1,CCCOC(=O)c1cncn1C(C)c1ccccc1,1,exact,1,1,B3DB_classification:1569,propoxate,CCCOC(=O)c1cncn1C(C)c1ccccc1,B3DB_classification:1569,propoxate,CCCOC(=O)c1cncn1C(C)c1ccccc1,,,
tdc_no_conflict_salt_removed,train,800,train:800,Cc1nccn1C(C)c1ccccc1,1,True,,Cc1nccn1C(C)c1ccccc1,Cc1nccn1C(C)c1ccccc1,1,exact,1,1,B3DB_classification:2221,efetozole,Cc1nccn1C(C)c1ccccc1,B3DB_classification:2221,efetozole,Cc1nccn1C(C)c1ccccc1,,,
tdc_no_conflict_salt_removed,train,801,train:801,CCOC(=O)c1cncn1C(C)c1ccc(F)cc1,1,True,,CCOC(=O)c1cncn1C(C)c1ccc(F)cc1,CCOC(=O)c1cncn1C(C)c1ccc(F)cc1,1,exact,1,1,B3DB_classification:1650,flutomidate,CCOC(=O)c1cncn1C(C)c1ccc(F)cc1,B3DB_classification:1650,flutomidate,CCOC(=O)c1cncn1C(C)c1ccc(F)cc1,,,
tdc_no_conflict_salt_removed,train,802,train:802,O=C(CCCN1CC=C(n2c(=O)[nH]c3ccccc32)CC1)c1ccc(F)cc1,1,True,,O=C(CCCN1CC=C(n2c(=O)[nH]c3ccccc32)CC1)c1ccc(F)cc1,O=C(CCCN1CC=C(n2c(=O)[nH]c3ccccc32)CC1)c1ccc(F)cc1,1,exact,1,1,B3DB_classification:2363,droperidol,O=C(CCCN1CC=C(n2c(=O)[nH]c3ccccc32)CC1)c1ccc(F)cc1,B3DB_classification:2363,droperidol,O=C(CCCN1CC=C(n2c(=O)[nH]c3ccccc32)CC1)c1ccc(F)cc1,,,
tdc_no_conflict_salt_removed,train,803,train:803,Cc1oc(=O)oc1COC(=O)[C@@H]1N2C(=O)[C@@H](NC(=O)[C@H](N)c3ccccc3)[C@H]2SC1(C)C,0,True,,Cc1oc(=O)oc1COC(=O)[C@@H]1N2C(=O)[C@@H](NC(=O)[C@H](N)c3ccccc3)[C@H]2SC1(C)C,Cc1oc(=O)oc1COC(=O)[C@@H]1N2C(=O)[C@@H](NC(=O)[C@H](N)c3ccccc3)[C@H]2SC1(C)C,1,exact,0,0,B3DB_classification:2233,lenampicillin,Cc1oc(=O)oc1COC(=O)[C@@H]1N2C(=O)[C@@H](NC(=O)[C@H](N)c3ccccc3)[C@H]2SC1(C)C,B3DB_classification:2233,lenampicillin,Cc1oc(=O)oc1COC(=O)[C@@H]1N2C(=O)[C@@H](NC(=O)[C@H](N)c3ccccc3)[C@H]2SC1(C)C,,,
tdc_no_conflict_salt_removed,train,804,train:804,CC12CC3CC(C)(C1)CC(N)(C3)C2,1,True,,CC12CC3CC(C)(C1)CC(N)(C3)C2,CC12CC3CC(C)(C1)CC(N)(C3)C2,1,exact,1,1,B3DB_classification:1375,memantine,CC12CC3CC(C)(C1)CC(N)(C3)C2,B3DB_classification:1375,memantine,CC12CC3CC(C)(C1)CC(N)(C3)C2,,,
tdc_no_conflict_salt_removed,train,805,train:805,NC12CC3CC(CC(C3)C1)C2,1,True,,NC12CC3CC(CC(C3)C1)C2,NC12CC3CC(CC(C3)C1)C2,1,exact,1,1,B3DB_classification:2312,ornidazole,NC12CC3CC(CC(C3)C1)C2,B3DB_classification:2312,ornidazole,NC12CC3CC(CC(C3)C1)C2,,,
tdc_no_conflict_salt_removed,train,806,train:806,NNC(=O)CP(=O)(c1ccccc1)c1ccccc1,1,True,,NNC(=O)CP(=O)(c1ccccc1)c1ccccc1,NNC(=O)CP(=O)(c1ccccc1)c1ccccc1,1,exact,1,1,B3DB_classification:2334,fosenazide,NNC(=O)CP(=O)(c1ccccc1)c1ccccc1,B3DB_classification:2334,fosenazide,NNC(=O)CP(=O)(c1ccccc1)c1ccccc1,,,
tdc_no_conflict_salt_removed,train,807,train:807,CCC(C)(O)C1CC23C=CC1(OC)C1Oc4c(OC)ccc5c4C12CCN(CC1CC1)C3C5,1,True,,CCC(C)(O)C1CC23C=CC1(OC)C1Oc4c(OC)ccc5c4C12CCN(CC1CC1)C3C5,CCC(C)(O)C1CC23C=CC1(OC)C1Oc4c(OC)ccc5c4C12CCN(CC1CC1)C3C5,1,exact,1,1,B3DB_classification:1451,homprenorphine,CCC(C)(O)C1CC23C=CC1(OC)C1Oc4c(OC)ccc5c4C12CCN(CC1CC1)C3C5,B3DB_classification:1451,homprenorphine,CCC(C)(O)C1CC23C=CC1(OC)C1Oc4c(OC)ccc5c4C12CCN(CC1CC1)C3C5,,,
tdc_no_conflict_salt_removed,train,808,train:808,COC12C=CC3(CC1C(C)(C)O)[C@@H]1Cc4ccc(O)c5c4[C@]3(CCN1CC1CC1)[C@@H]2O5,1,True,,COC12C=CC3(CC1C(C)(C)O)[C@@H]1Cc4ccc(O)c5c4[C@]3(CCN1CC1CC1)[C@@H]2O5,COC12C=CC3(CC1C(C)(C)O)[C@@H]1Cc4ccc(O)c5c4[C@]3(CCN1CC1CC1)[C@@H]2O5,1,exact,1,1,B3DB_classification:1976,cyprenorphine,COC12C=CC3(CC1C(C)(C)O)[C@@H]1Cc4ccc(O)c5c4[C@]3(CCN1CC1CC1)[C@@H]2O5,B3DB_classification:1976,cyprenorphine,COC12C=CC3(CC1C(C)(C)O)[C@@H]1Cc4ccc(O)c5c4[C@]3(CCN1CC1CC1)[C@@H]2O5,,,
tdc_no_conflict_salt_removed,train,809,train:809,COC1=C(C(=O)O)N2C(=O)C(NC(=O)C(N)C3C=CCC=C3)C2SC1,0,True,,COC1=C(C(=O)O)N2C(=O)C(NC(=O)C(N)C3C=CCC=C3)C2SC1,COC1=C(C(=O)O)N2C(=O)C(NC(=O)C(N)C3C=CCC=C3)C2SC1,1,exact,0,0,B3DB_classification:1977,cefroxadine,COC1=C(C(=O)O)N2C(=O)C(NC(=O)C(N)C3C=CCC=C3)C2SC1,B3DB_classification:1977,cefroxadine,COC1=C(C(=O)O)N2C(=O)C(NC(=O)C(N)C3C=CCC=C3)C2SC1,,,
tdc_no_conflict_salt_removed,train,810,train:810,Clc1ccc2c(c1)/C(=C/C1CN3CCC1CC3)c1ccccc1S2,1,True,,Clc1ccc2c(c1)/C(=C/C1CN3CCC1CC3)c1ccccc1S2,Clc1ccc2c(c1)/C(=C/C1CN3CCC1CC3)c1ccccc1S2,1,exact,1,1,B3DB_classification:2242,nuclotixene,Clc1ccc2c(c1)/C(=C/C1CN3CCC1CC3)c1ccccc1S2,B3DB_classification:2242,nuclotixene,Clc1ccc2c(c1)/C(=C/C1CN3CCC1CC3)c1ccccc1S2,,,
tdc_no_conflict_salt_removed,train,811,train:811,CC(C)CC1NC(=O)C(CCCN)NC(=O)C(C(C)C)NC(=O)C2CCCN2C(=O)C(Cc2ccccc2)NC(=O)C(CC(C)C)NC(=O)C(CCCN)NC(=O)C(C(C)C)NC(=O)C2CCCN2C(=O)C(Cc2ccccc2)NC1=O,0,True,,CC(C)CC1NC(=O)C(CCCN)NC(=O)C(C(C)C)NC(=O)C2CCCN2C(=O)C(Cc2ccccc2)NC(=O)C(CC(C)C)NC(=O)C(CCCN)NC(=O)C(C(C)C)NC(=O)C2CCCN2C(=O)C(Cc2ccccc2)NC1=O,CC(C)CC1NC(=O)C(CCCN)NC(=O)C(C(C)C)NC(=O)C2CCCN2C(=O)C(Cc2ccccc2)NC(=O)C(CC(C)C)NC(=O)C(CCCN)NC(=O)C(C(C)C)NC(=O)C2CCCN2C(=O)C(Cc2ccccc2)NC1=O,1,exact,0,0,B3DB_classification:1254,gramicidin-s,CC(C)CC1NC(=O)C(CCCN)NC(=O)C(C(C)C)NC(=O)C2CCCN2C(=O)C(Cc2ccccc2)NC(=O)C(CC(C)C)NC(=O)C(CCCN)NC(=O)C(C(C)C)NC(=O)C2CCCN2C(=O)C(Cc2ccccc2)NC1=O,B3DB_classification:1254,gramicidin-s,CC(C)CC1NC(=O)C(CCCN)NC(=O)C(C(C)C)NC(=O)C2CCCN2C(=O)C(Cc2ccccc2)NC(=O)C(CC(C)C)NC(=O)C(CCCN)NC(=O)C(C(C)C)NC(=O)C2CCCN2C(=O)C(Cc2ccccc2)NC1=O,,,
tdc_no_conflict_salt_removed,train,812,train:812,FC(F)(F)c1ccc2c(c1)N(CCCN1CCN(CCC3OCCCO3)CC1)c1ccccc1S2,1,True,,FC(F)(F)c1ccc2c(c1)N(CCCN1CCN(CCC3OCCCO3)CC1)c1ccccc1S2,FC(F)(F)c1ccc2c(c1)N(CCCN1CCN(CCC3OCCCO3)CC1)c1ccccc1S2,1,exact,1,1,B3DB_classification:2260,oxaflumazine,FC(F)(F)c1ccc2c(c1)N(CCCN1CCN(CCC3OCCCO3)CC1)c1ccccc1S2,B3DB_classification:2260,oxaflumazine,FC(F)(F)c1ccc2c(c1)N(CCCN1CCN(CCC3OCCCO3)CC1)c1ccccc1S2,,,
tdc_no_conflict_salt_removed,train,813,train:813,Clc1ccc(N2CCN(C/C=C/c3ccccc3)CC2)nn1,1,True,,Clc1ccc(N2CCN(C/C=C/c3ccccc3)CC2)nn1,Clc1ccc(N2CCN(C/C=C/c3ccccc3)CC2)nn1,1,exact,1,1,B3DB_classification:2239,lorcinadol,Clc1ccc(N2CCN(C/C=C/c3ccccc3)CC2)nn1,B3DB_classification:2239,lorcinadol,Clc1ccc(N2CCN(C/C=C/c3ccccc3)CC2)nn1,,,
tdc_no_conflict_salt_removed,train,814,train:814,CCCCCCOc1nsnc1C1=CCCN(C)C1,1,True,,CCCCCCOc1nsnc1C1=CCCN(C)C1,CCCCCCOc1nsnc1C1=CCCN(C)C1,1,exact,1,1,B3DB_classification:1535,xanomeline,CCCCCCOc1nsnc1C1=CCCN(C)C1,B3DB_classification:1535,xanomeline,CCCCCCOc1nsnc1C1=CCCN(C)C1,,,
tdc_no_conflict_salt_removed,train,815,train:815,CCCCCCSc1nsnc1C1=CCCN(C)C1,1,True,,CCCCCCSc1nsnc1C1=CCCN(C)C1,CCCCCCSc1nsnc1C1=CCCN(C)C1,1,exact,1,1,B3DB_classification:1536,tazomeline,CCCCCCSc1nsnc1C1=CCCN(C)C1,B3DB_classification:1536,tazomeline,CCCCCCSc1nsnc1C1=CCCN(C)C1,,,
tdc_no_conflict_salt_removed,train,816,train:816,CN1CC(=O)N=C1NC(=O)Nc1cccc(Cl)c1,1,True,,CN1CC(=O)N=C1NC(=O)Nc1cccc(Cl)c1,CN1CC(=O)N=C1NC(=O)Nc1cccc(Cl)c1,1,unmatched,,,,,,,,,,,
tdc_no_conflict_salt_removed,train,817,train:817,CNCCC(Oc1ccc(C(F)(F)F)cc1)c1ccccc1,1,True,,CNCCC(Oc1ccc(C(F)(F)F)cc1)c1ccccc1,CNCCC(Oc1ccc(C(F)(F)F)cc1)c1ccccc1,1,exact,1,1,B3DB_classification:902,fluoxetine,CNCCC(Oc1ccc(C(F)(F)F)cc1)c1ccccc1,B3DB_classification:902,fluoxetine,CNCCC(Oc1ccc(C(F)(F)F)cc1)c1ccccc1,,,
tdc_no_conflict_salt_removed,train,818,train:818,CNCC[C@@H](Oc1ccccc1C)c1ccccc1,1,True,,CNCC[C@@H](Oc1ccccc1C)c1ccccc1,CNCC[C@@H](Oc1ccccc1C)c1ccccc1,1,exact,1,1,B3DB_classification:1929,tomoxetine,CNCC[C@@H](Oc1ccccc1C)c1ccccc1,B3DB_classification:1929,tomoxetine,CNCC[C@@H](Oc1ccccc1C)c1ccccc1,,,
tdc_no_conflict_salt_removed,train,819,train:819,CNCCC(Oc1ccccc1OC)c1ccccc1,1,True,,CNCCC(Oc1ccccc1OC)c1ccccc1,CNCCC(Oc1ccccc1OC)c1ccccc1,1,exact,1,1,B3DB_classification:1915,nisoxetine,CNCCC(Oc1ccccc1OC)c1ccccc1,B3DB_classification:1915,nisoxetine,CNCCC(Oc1ccccc1OC)c1ccccc1,,,
tdc_no_conflict_salt_removed,train,820,train:820,NCCC(Oc1ccc(C(F)(F)F)cc1)c1ccccc1,1,True,,NCCC(Oc1ccc(C(F)(F)F)cc1)c1ccccc1,NCCC(Oc1ccc(C(F)(F)F)cc1)c1ccccc1,1,exact,1,1,B3DB_classification:2326,seproxetine,NCCC(Oc1ccc(C(F)(F)F)cc1)c1ccccc1,B3DB_classification:2326,seproxetine,NCCC(Oc1ccc(C(F)(F)F)cc1)c1ccccc1,,,
tdc_no_conflict_salt_removed,train,821,train:821,O=C1CCCN1CCCCN1CCN(c2cc(C(F)(F)F)ccn2)CC1,1,True,,O=C1CCCN1CCCCN1CCN(c2cc(C(F)(F)F)ccn2)CC1,O=C1CCCN1CCCCN1CCN(c2cc(C(F)(F)F)ccn2)CC1,1,exact,1,1,B3DB_classification:648,org13011,O=C1CCCN1CCCCN1CCN(c2cc(C(F)(F)F)ccn2)CC1,B3DB_classification:648,org13011,O=C1CCCN1CCCCN1CCN(c2cc(C(F)(F)F)ccn2)CC1,,,
tdc_no_conflict_salt_removed,train,822,train:822,O=C1CCCN1CCCCN1CCN(c2cc(C(F)(F)F)cc(Cl)n2)CC1,1,True,,O=C1CCCN1CCCCN1CCN(c2cc(C(F)(F)F)cc(Cl)n2)CC1,O=C1CCCN1CCCCN1CCN(c2cc(C(F)(F)F)cc(Cl)n2)CC1,1,exact,1,1,B3DB_classification:647,7-k08,O=C1CCCN1CCCCN1CCN(c2cc(C(F)(F)F)cc(Cl)n2)CC1,B3DB_classification:647,7-k08,O=C1CCCN1CCCCN1CCN(c2cc(C(F)(F)F)cc(Cl)n2)CC1,,,
tdc_no_conflict_salt_removed,train,823,train:823,O=C1N=C(NC2CC2)OC1c1ccccc1,1,True,,O=C1N=C(NC2CC2)OC1c1ccccc1,O=C1N=C(NC2CC2)OC1c1ccccc1,1,unmatched,,,,,,,,,,,
tdc_no_conflict_salt_removed,train,824,train:824,O=C1CC2(CCCC2)CC(=O)N1CCNCC1COc2ccccc2O1,1,True,,O=C1CC2(CCCC2)CC(=O)N1CCNCC1COc2ccccc2O1,O=C1CC2(CCCC2)CC(=O)N1CCNCC1COc2ccccc2O1,1,exact,1,1,B3DB_classification:2436,binospirone,O=C1CC2(CCCC2)CC(=O)N1CCNCC1COc2ccccc2O1,B3DB_classification:2436,binospirone,O=C1CC2(CCCC2)CC(=O)N1CCNCC1COc2ccccc2O1,,,
tdc_no_conflict_salt_removed,train,825,train:825,COc1ccc(S(N)(=O)=O)cc1C(=O)NCC1CCCN1Cc1ccc(F)cc1,1,True,,COc1ccc(S(N)(=O)=O)cc1C(=O)NCC1CCCN1Cc1ccc(F)cc1,COc1ccc(S(N)(=O)=O)cc1C(=O)NCC1CCCN1Cc1ccc(F)cc1,1,exact,1,1,B3DB_classification:2053,flubepride,COc1ccc(S(N)(=O)=O)cc1C(=O)NCC1CCCN1Cc1ccc(F)cc1,B3DB_classification:2053,flubepride,COc1ccc(S(N)(=O)=O)cc1C(=O)NCC1CCCN1Cc1ccc(F)cc1,,,
tdc_no_conflict_salt_removed,train,826,train:826,CC[C@H]1OC(=O)[C@H](C)[C@@H](O[C@H]2C[C@@](C)(OC)[C@@H](O)[C@H](C)O2)C(C)[C@@H](O[C@@H]2O[C@H](C)C[C@H](N(C)C)[C@H]2O)[C@](C)(O)C[C@@H](C)CN(C)[C@H](C)[C@@H](O)[C@]1(C)O,0,True,,CC[C@H]1OC(=O)[C@H](C)[C@@H](O[C@H]2C[C@@](C)(OC)[C@@H](O)[C@H](C)O2)C(C)[C@@H](O[C@@H]2O[C@H](C)C[C@H](N(C)C)[C@H]2O)[C@](C)(O)C[C@@H](C)CN(C)[C@H](C)[C@@H](O)[C@]1(C)O,CC[C@H]1OC(=O)[C@H](C)[C@@H](O[C@H]2C[C@@](C)(OC)[C@@H](O)[C@H](C)O2)C(C)[C@@H](O[C@@H]2O[C@H](C)C[C@H](N(C)C)[C@H]2O)[C@](C)(O)C[C@@H](C)CN(C)[C@H](C)[C@@H](O)[C@]1(C)O,1,exact,0,0,B3DB_classification:1682,azithromycin,CC[C@H]1OC(=O)[C@H](C)[C@@H](O[C@H]2C[C@@](C)(OC)[C@@H](O)[C@H](C)O2)C(C)[C@@H](O[C@@H]2O[C@H](C)C[C@H](N(C)C)[C@H]2O)[C@](C)(O)C[C@@H](C)CN(C)[C@H](C)[C@@H](O)[C@]1(C)O,B3DB_classification:1682,azithromycin,CC[C@H]1OC(=O)[C@H](C)[C@@H](O[C@H]2C[C@@](C)(OC)[C@@H](O)[C@H](C)O2)C(C)[C@@H](O[C@@H]2O[C@H](C)C[C@H](N(C)C)[C@H]2O)[C@](C)(O)C[C@@H](C)CN(C)[C@H](C)[C@@H](O)[C@]1(C)O,,,
tdc_no_conflict_salt_removed,train,827,train:827,O=C1c2ccccc2S(=O)(=O)N1CCCCN1CCN(c2ncccn2)CC1,1,True,,O=C1c2ccccc2S(=O)(=O)N1CCCCN1CCN(c2ncccn2)CC1,O=C1c2ccccc2S(=O)(=O)N1CCCCN1CCN(c2ncccn2)CC1,1,exact,1,1,B3DB_classification:2494,ipsapirone,O=C1c2ccccc2S(=O)(=O)N1CCCCN1CCN(c2ncccn2)CC1,B3DB_classification:2494,ipsapirone,O=C1c2ccccc2S(=O)(=O)N1CCCCN1CCN(c2ncccn2)CC1,,,
tdc_no_conflict_salt_removed,train,828,train:828,CCC1NC(=O)C(NC(=O)c2ncccc2O)C(C)OC(=O)C(c2ccccc2)NC(=O)C2CC(=O)CCN2C(=O)C(Cc2ccc(N(C)C)cc2)N(C)C(=O)C2CCCN2C1=O,0,True,,CCC1NC(=O)C(NC(=O)c2ncccc2O)C(C)OC(=O)C(c2ccccc2)NC(=O)C2CC(=O)CCN2C(=O)C(Cc2ccc(N(C)C)cc2)N(C)C(=O)C2CCCN2C1=O,CCC1NC(=O)C(NC(=O)c2ncccc2O)C(C)OC(=O)C(c2ccccc2)NC(=O)C2CC(=O)CCN2C(=O)C(Cc2ccc(N(C)C)cc2)N(C)C(=O)C2CCCN2C1=O,1,exact,0,0,B3DB_classification:1488,pristinamycin-ia,CCC1NC(=O)C(NC(=O)c2ncccc2O)C(C)OC(=O)C(c2ccccc2)NC(=O)C2CC(=O)CCN2C(=O)C(Cc2ccc(N(C)C)cc2)N(C)C(=O)C2CCCN2C1=O,B3DB_classification:1488,pristinamycin-ia,CCC1NC(=O)C(NC(=O)c2ncccc2O)C(C)OC(=O)C(c2ccccc2)NC(=O)C2CC(=O)CCN2C(=O)C(Cc2ccc(N(C)C)cc2)N(C)C(=O)C2CCCN2C1=O,,,
tdc_no_conflict_salt_removed,train,829,train:829,CC1NC(=O)C(NC(=O)c2ncccc2O)C(C)OC(=O)C(c2ccccc2)NC(=O)C2CC(=O)CCN2C(=O)C(Cc2ccc(N(C)C)cc2)N(C)C(=O)C2CCCN2C1=O,0,True,,CC1NC(=O)C(NC(=O)c2ncccc2O)C(C)OC(=O)C(c2ccccc2)NC(=O)C2CC(=O)CCN2C(=O)C(Cc2ccc(N(C)C)cc2)N(C)C(=O)C2CCCN2C1=O,CC1NC(=O)C(NC(=O)c2ncccc2O)C(C)OC(=O)C(c2ccccc2)NC(=O)C2CC(=O)CCN2C(=O)C(Cc2ccc(N(C)C)cc2)N(C)C(=O)C2CCCN2C1=O,1,exact,0,0,B3DB_classification:1403,pristinamycin-ic,CC1NC(=O)C(NC(=O)c2ncccc2O)C(C)OC(=O)C(c2ccccc2)NC(=O)C2CC(=O)CCN2C(=O)C(Cc2ccc(N(C)C)cc2)N(C)C(=O)C2CCCN2C1=O,B3DB_classification:1403,pristinamycin-ic,CC1NC(=O)C(NC(=O)c2ncccc2O)C(C)OC(=O)C(c2ccccc2)NC(=O)C2CC(=O)CCN2C(=O)C(Cc2ccc(N(C)C)cc2)N(C)C(=O)C2CCCN2C1=O,,,
tdc_no_conflict_salt_removed,train,830,train:830,CN1CCc2cc(Cl)c(O)cc2[C@@H](c2cc(Br)cc3c2OCC3)C1,1,True,,CN1CCc2cc(Cl)c(O)cc2[C@@H](c2cc(Br)cc3c2OCC3)C1,CN1CCc2cc(Cl)c(O)cc2[C@@H](c2cc(Br)cc3c2OCC3)C1,1,exact,1,1,B3DB_classification:1877,berupipam,CN1CCc2cc(Cl)c(O)cc2[C@@H](c2cc(Br)cc3c2OCC3)C1,B3DB_classification:1877,berupipam,CN1CCc2cc(Cl)c(O)cc2[C@@H](c2cc(Br)cc3c2OCC3)C1,,,
tdc_no_conflict_salt_removed,train,831,train:831,CN1CCc2cc(Cl)c(O)cc2[C@@H](c2cccc3c2OCC3)C1,1,True,,CN1CCc2cc(Cl)c(O)cc2[C@@H](c2cccc3c2OCC3)C1,CN1CCc2cc(Cl)c(O)cc2[C@@H](c2cccc3c2OCC3)C1,1,exact,1,1,B3DB_classification:1878,odapipam acetate,CN1CCc2cc(Cl)c(O)cc2[C@@H](c2cccc3c2OCC3)C1,B3DB_classification:1878,odapipam acetate,CN1CCc2cc(Cl)c(O)cc2[C@@H](c2cccc3c2OCC3)C1,,,
tdc_no_conflict_salt_removed,train,832,train:832,COC(=O)[C@@]1(O)CC[C@H]2C3CCC(=O)C4C(=O)C=CC4(C)[C@H]3C(O)CC21C,1,True,,COC(=O)[C@@]1(O)CC[C@H]2C3CCC(=O)C4C(=O)C=CC4(C)[C@H]3C(O)CC21C,COC(=O)[C@@]1(O)CC[C@H]2C3CCC(=O)C4C(=O)C=CC4(C)[C@H]3C(O)CC21C,1,exact,1,1,B3DB_classification:1964,oxisopred,COC(=O)[C@@]1(O)CC[C@H]2C3CCC(=O)C4C(=O)C=CC4(C)[C@H]3C(O)CC21C,B3DB_classification:1964,oxisopred,COC(=O)[C@@]1(O)CC[C@H]2C3CCC(=O)C4C(=O)C=CC4(C)[C@H]3C(O)CC21C,,,
tdc_no_conflict_salt_removed,train,833,train:833,CCC(C)C(N)C1=NC(C(=O)N[C@@H](CC(C)C)C(=O)N[C@H](CCC(=O)O)C(=O)N[C@H](C(=O)NCCCC[C@@H]2NC(=O)[C@H](CC(N)=O)NC(=O)[C@@H](CC(=O)O)NC(=O)[C@H](Cc3cnc[nH]3)NC(=O)[C@@H](Cc3ccccc3)NC(=O)[C@H]([C@@H](C)CC)NC(=O)[C@@H](CCCN)NC2=O)[C@@H](C)CC)CS1,0,True,,CCC(C)C(N)C1=NC(C(=O)N[C@@H](CC(C)C)C(=O)N[C@H](CCC(=O)O)C(=O)N[C@H](C(=O)NCCCC[C@@H]2NC(=O)[C@H](CC(N)=O)NC(=O)[C@@H](CC(=O)O)NC(=O)[C@H](Cc3cnc[nH]3)NC(=O)[C@@H](Cc3ccccc3)NC(=O)[C@H]([C@@H](C)CC)NC(=O)[C@@H](CCCN)NC2=O)[C@@H](C)CC)CS1,CCC(C)C(N)C1=NC(C(=O)N[C@@H](CC(C)C)C(=O)N[C@H](CCC(=O)O)C(=O)N[C@H](C(=O)NCCCC[C@@H]2NC(=O)[C@H](CC(N)=O)NC(=O)[C@@H](CC(=O)O)NC(=O)[C@H](Cc3cnc[nH]3)NC(=O)[C@@H](Cc3ccccc3)NC(=O)[C@H]([C@@H](C)CC)NC(=O)[C@@H](CCCN)NC2=O)[C@@H](C)CC)CS1,1,exact,0,0,B3DB_classification:1457,bacitracin,CCC(C)C(N)C1=NC(C(=O)N[C@@H](CC(C)C)C(=O)N[C@H](CCC(=O)O)C(=O)N[C@H](C(=O)NCCCC[C@@H]2NC(=O)[C@H](CC(N)=O)NC(=O)[C@@H](CC(=O)O)NC(=O)[C@H](Cc3cnc[nH]3)NC(=O)[C@@H](Cc3ccccc3)NC(=O)[C@H]([C@@H](C)CC)NC(=O)[C@@H](CCCN)NC2=O)[C@@H](C)CC)CS1,B3DB_classification:1457,bacitracin,CCC(C)C(N)C1=NC(C(=O)N[C@@H](CC(C)C)C(=O)N[C@H](CCC(=O)O)C(=O)N[C@H](C(=O)NCCCC[C@@H]2NC(=O)[C@H](CC(N)=O)NC(=O)[C@@H](CC(=O)O)NC(=O)[C@H](Cc3cnc[nH]3)NC(=O)[C@@H](Cc3ccccc3)NC(=O)[C@H]([C@@H](C)CC)NC(=O)[C@@H](CCCN)NC2=O)[C@@H](C)CC)CS1,,,
tdc_no_conflict_salt_removed,train,834,train:834,CC(=O)OCC(=O)[C@@]12N=C(C)O[C@@H]1C[C@H]1[C@@H]3CCC4=CC(=O)C=C[C@]4(C)[C@H]3[C@@H](O)C[C@@]12C,1,True,,CC(=O)OCC(=O)[C@@]12N=C(C)O[C@@H]1C[C@H]1[C@@H]3CCC4=CC(=O)C=C[C@]4(C)[C@H]3[C@@H](O)C[C@@]12C,CC(=O)OCC(=O)[C@@]12N=C(C)O[C@@H]1C[C@H]1[C@@H]3CCC4=CC(=O)C=C[C@]4(C)[C@H]3[C@@H](O)C[C@@]12C,1,exact,1,1,B3DB_classification:1178,deflazacort,CC(=O)OCC(=O)[C@@]12N=C(C)O[C@@H]1C[C@H]1[C@@H]3CCC4=CC(=O)C=C[C@]4(C)[C@H]3[C@@H](O)C[C@@]12C,B3DB_classification:1178,deflazacort,CC(=O)OCC(=O)[C@@]12N=C(C)O[C@@H]1C[C@H]1[C@@H]3CCC4=CC(=O)C=C[C@]4(C)[C@H]3[C@@H](O)C[C@@]12C,,,
tdc_no_conflict_salt_removed,train,835,train:835,CC(=O)OCC(=O)C12N=C(C)OC1CC1C3CCC4=CC(=O)C=CC4(C)[C@@]3(F)C(O)CC12C,1,True,,CC(=O)OCC(=O)C12N=C(C)OC1CC1C3CCC4=CC(=O)C=CC4(C)[C@@]3(F)C(O)CC12C,CC(=O)OCC(=O)C12N=C(C)OC1CC1C3CCC4=CC(=O)C=CC4(C)[C@@]3(F)C(O)CC12C,1,exact,1,1,B3DB_classification:1161,fluazacort,CC(=O)OCC(=O)C12N=C(C)OC1CC1C3CCC4=CC(=O)C=CC4(C)[C@@]3(F)C(O)CC12C,B3DB_classification:1161,fluazacort,CC(=O)OCC(=O)C12N=C(C)OC1CC1C3CCC4=CC(=O)C=CC4(C)[C@@]3(F)C(O)CC12C,,,
tdc_no_conflict_salt_removed,train,836,train:836,O=C1NC(=O)C(c2ccccc2)(c2ccccc2)N1,1,True,,O=C1NC(=O)C(c2ccccc2)(c2ccccc2)N1,O=C1NC(=O)C(c2ccccc2)(c2ccccc2)N1,1,exact,1,1,B3DB_classification:464,phenytoin,O=C1NC(=O)C(c2ccccc2)(c2ccccc2)N1,B3DB_classification:464,phenytoin,O=C1NC(=O)C(c2ccccc2)(c2ccccc2)N1,,,
tdc_no_conflict_salt_removed,train,837,train:837,O=C1NC(c2ccccc2)(c2ccccc2)C(=O)N1COP(=O)(O)O,1,True,,O=C1NC(c2ccccc2)(c2ccccc2)C(=O)N1COP(=O)(O)O,O=C1NC(c2ccccc2)(c2ccccc2)C(=O)N1COP(=O)(O)O,1,exact,1,1,B3DB_classification:2477,fosphenytoin,O=C1NC(c2ccccc2)(c2ccccc2)C(=O)N1COP(=O)(O)O,B3DB_classification:2477,fosphenytoin,O=C1NC(c2ccccc2)(c2ccccc2)C(=O)N1COP(=O)(O)O,,,
tdc_no_conflict_salt_removed,train,838,train:838,Cc1cccc(C)c1NC(=O)CN1CCCC1=O,1,True,,Cc1cccc(C)c1NC(=O)CN1CCCC1=O,Cc1cccc(C)c1NC(=O)CN1CCCC1=O,1,exact,1,1,B3DB_classification:2194,nefiracetam,Cc1cccc(C)c1NC(=O)CN1CCCC1=O,B3DB_classification:2194,nefiracetam,Cc1cccc(C)c1NC(=O)CN1CCCC1=O,,,
tdc_no_conflict_salt_removed,train,839,train:839,CCC(=O)OCC(=O)[C@@]12OC(C)(C)O[C@@H]1CC1C3C[C@H](F)C4=CC(=O)C=CC4(C)[C@@]3(F)C(O)CC12C,1,True,,CCC(=O)OCC(=O)[C@@]12OC(C)(C)O[C@@H]1CC1C3C[C@H](F)C4=CC(=O)C=CC4(C)[C@@]3(F)C(O)CC12C,CCC(=O)OCC(=O)[C@@]12OC(C)(C)O[C@@H]1CC1C3C[C@H](F)C4=CC(=O)C=CC4(C)[C@@]3(F)C(O)CC12C,1,exact,1,1,B3DB_classification:1431,akos024419646,CCC(=O)OCC(=O)[C@@]12OC(C)(C)O[C@@H]1CC1C3C[C@H](F)C4=CC(=O)C=CC4(C)[C@@]3(F)C(O)CC12C,B3DB_classification:1431,akos024419646,CCC(=O)OCC(=O)[C@@]12OC(C)(C)O[C@@H]1CC1C3C[C@H](F)C4=CC(=O)C=CC4(C)[C@@]3(F)C(O)CC12C,,,
tdc_no_conflict_salt_removed,train,840,train:840,CCCC1O[C@@H]2C[C@H]3[C@@H]4CCC5=CC(=O)C=C[C@]5(C)[C@H]4[C@@H](O)C[C@]3(C)[C@]2(C(=O)CO)O1,1,True,,CCCC1O[C@@H]2C[C@H]3[C@@H]4CCC5=CC(=O)C=C[C@]5(C)[C@H]4[C@@H](O)C[C@]3(C)[C@]2(C(=O)CO)O1,CCCC1O[C@@H]2C[C@H]3[C@@H]4CCC5=CC(=O)C=C[C@]5(C)[C@H]4[C@@H](O)C[C@]3(C)[C@]2(C(=O)CO)O1,1,unmatched,,,,,,,,,,,
tdc_no_conflict_salt_removed,train,841,train:841,CC1(C)O[C@@H]2CC3C4C[C@H](F)C5=CC(=O)C=CC5(C)[C@@]4(Cl)C(Cl)CC3(C)[C@]2(C(=O)CO)O1,1,True,,CC1(C)O[C@@H]2CC3C4C[C@H](F)C5=CC(=O)C=CC5(C)[C@@]4(Cl)C(Cl)CC3(C)[C@]2(C(=O)CO)O1,CC1(C)O[C@@H]2CC3C4C[C@H](F)C5=CC(=O)C=CC5(C)[C@@]4(Cl)C(Cl)CC3(C)[C@]2(C(=O)CO)O1,1,exact,1,1,B3DB_classification:1330,schembl25227,CC1(C)O[C@@H]2CC3C4C[C@H](F)C5=CC(=O)C=CC5(C)[C@@]4(Cl)C(Cl)CC3(C)[C@]2(C(=O)CO)O1,B3DB_classification:1330,schembl25227,CC1(C)O[C@@H]2CC3C4C[C@H](F)C5=CC(=O)C=CC5(C)[C@@]4(Cl)C(Cl)CC3(C)[C@]2(C(=O)CO)O1,,,
tdc_no_conflict_salt_removed,train,842,train:842,CCC1(CC)O[C@@H]2C[C@H]3C4CCC5=CC(=O)C=CC5(C)[C@@]4(F)[C@@H](O)CC3(C)[C@]2(C(=O)CO)O1,1,True,,CCC1(CC)O[C@@H]2C[C@H]3C4CCC5=CC(=O)C=CC5(C)[C@@]4(F)[C@@H](O)CC3(C)[C@]2(C(=O)CO)O1,CCC1(CC)O[C@@H]2C[C@H]3C4CCC5=CC(=O)C=CC5(C)[C@@]4(F)[C@@H](O)CC3(C)[C@]2(C(=O)CO)O1,1,exact,1,1,B3DB_classification:1475,amcinafal,CCC1(CC)O[C@@H]2C[C@H]3C4CCC5=CC(=O)C=CC5(C)[C@@]4(F)[C@@H](O)CC3(C)[C@]2(C(=O)CO)O1,B3DB_classification:1475,amcinafal,CCC1(CC)O[C@@H]2C[C@H]3C4CCC5=CC(=O)C=CC5(C)[C@@]4(F)[C@@H](O)CC3(C)[C@]2(C(=O)CO)O1,,,
tdc_no_conflict_salt_removed,train,843,train:843,COC(OC)C(=O)[C@@]12OC(C)(C)O[C@@H]1CC1C3C[C@H](F)C4=CC(=O)C=CC4(C)[C@@]3(F)C(O)CC12C,1,True,,COC(OC)C(=O)[C@@]12OC(C)(C)O[C@@H]1CC1C3C[C@H](F)C4=CC(=O)C=CC4(C)[C@@]3(F)C(O)CC12C,COC(OC)C(=O)[C@@]12OC(C)(C)O[C@@H]1CC1C3C[C@H](F)C4=CC(=O)C=CC4(C)[C@@]3(F)C(O)CC12C,1,exact,1,1,B3DB_classification:1974,flumoxonide,COC(OC)C(=O)[C@@]12OC(C)(C)O[C@@H]1CC1C3C[C@H](F)C4=CC(=O)C=CC4(C)[C@@]3(F)C(O)CC12C,B3DB_classification:1974,flumoxonide,COC(OC)C(=O)[C@@]12OC(C)(C)O[C@@H]1CC1C3C[C@H](F)C4=CC(=O)C=CC4(C)[C@@]3(F)C(O)CC12C,,,
tdc_no_conflict_salt_removed,train,844,train:844,CC1(C)O[C@@H]2C[C@H]3C4CCC5=CC(=O)C=CC5(C)[C@H]4C(O)CC3(C)[C@]2(C(=O)CO)O1,1,True,,CC1(C)O[C@@H]2C[C@H]3C4CCC5=CC(=O)C=CC5(C)[C@H]4C(O)CC3(C)[C@]2(C(=O)CO)O1,CC1(C)O[C@@H]2C[C@H]3C4CCC5=CC(=O)C=CC5(C)[C@H]4C(O)CC3(C)[C@]2(C(=O)CO)O1,1,exact,1,1,B3DB_classification:1333,desonide,CC1(C)O[C@@H]2C[C@H]3C4CCC5=CC(=O)C=CC5(C)[C@H]4C(O)CC3(C)[C@]2(C(=O)CO)O1,B3DB_classification:1333,desonide,CC1(C)O[C@@H]2C[C@H]3C4CCC5=CC(=O)C=CC5(C)[C@H]4C(O)CC3(C)[C@]2(C(=O)CO)O1,,,
tdc_no_conflict_salt_removed,train,845,train:845,CC(=O)OCC(=O)[C@@]12OC(C)(C)O[C@@H]1C[C@H]1[C@@H]3C[C@H](F)C4=CC(=O)C=C[C@]4(C)[C@@]3(F)[C@@H](O)C[C@@]12C,1,True,,CC(=O)OCC(=O)[C@@]12OC(C)(C)O[C@@H]1C[C@H]1[C@@H]3C[C@H](F)C4=CC(=O)C=C[C@]4(C)[C@@]3(F)[C@@H](O)C[C@@]12C,CC(=O)OCC(=O)[C@@]12OC(C)(C)O[C@@H]1C[C@H]1[C@@H]3C[C@H](F)C4=CC(=O)C=C[C@]4(C)[C@@]3(F)[C@@H](O)C[C@@]12C,1,exact,1,1,B3DB_classification:1182,fluocinonide,CC(=O)OCC(=O)[C@@]12OC(C)(C)O[C@@H]1C[C@H]1[C@@H]3C[C@H](F)C4=CC(=O)C=C[C@]4(C)[C@@]3(F)[C@@H](O)C[C@@]12C,B3DB_classification:1182,fluocinonide,CC(=O)OCC(=O)[C@@]12OC(C)(C)O[C@@H]1C[C@H]1[C@@H]3C[C@H](F)C4=CC(=O)C=C[C@]4(C)[C@@]3(F)[C@@H](O)C[C@@]12C,,,
tdc_no_conflict_salt_removed,train,846,train:846,CC1(C)O[C@@H]2CC3C4C[C@H](F)C5=CC(=O)C=CC5(C)[C@@]4(Cl)[C@@H](Cl)CC3(C)[C@]2(C(=O)CF)O1,1,True,,CC1(C)O[C@@H]2CC3C4C[C@H](F)C5=CC(=O)C=CC5(C)[C@@]4(Cl)[C@@H](Cl)CC3(C)[C@]2(C(=O)CF)O1,CC1(C)O[C@@H]2CC3C4C[C@H](F)C5=CC(=O)C=CC5(C)[C@@]4(Cl)[C@@H](Cl)CC3(C)[C@]2(C(=O)CF)O1,1,exact,1,1,B3DB_classification:1331,tralonide,CC1(C)O[C@@H]2CC3C4C[C@H](F)C5=CC(=O)C=CC5(C)[C@@]4(Cl)[C@@H](Cl)CC3(C)[C@]2(C(=O)CF)O1,B3DB_classification:1331,tralonide,CC1(C)O[C@@H]2CC3C4C[C@H](F)C5=CC(=O)C=CC5(C)[C@@]4(Cl)[C@@H](Cl)CC3(C)[C@]2(C(=O)CF)O1,,,
tdc_no_conflict_salt_removed,train,847,train:847,C=CC1O[C@@H]2CC3C4CCC5=CC(=O)C=CC5(C)C4(F)C(O)CC3(C)[C@]2(C(=O)CO)O1,1,True,,C=CC1O[C@@H]2CC3C4CCC5=CC(=O)C=CC5(C)C4(F)C(O)CC3(C)[C@]2(C(=O)CO)O1,C=CC1O[C@@H]2CC3C4CCC5=CC(=O)C=CC5(C)C4(F)C(O)CC3(C)[C@]2(C(=O)CO)O1,1,exact,1,1,B3DB_classification:1104,acrocinonide,C=CC1O[C@@H]2CC3C4CCC5=CC(=O)C=CC5(C)C4(F)C(O)CC3(C)[C@]2(C(=O)CO)O1,B3DB_classification:1104,acrocinonide,C=CC1O[C@@H]2CC3C4CCC5=CC(=O)C=CC5(C)C4(F)C(O)CC3(C)[C@]2(C(=O)CO)O1,,,
tdc_no_conflict_salt_removed,train,848,train:848,CC1(C)O[C@@H]2C[C@H]3[C@@H]4CCC5=CC(=O)C=C[C@]5(C)[C@@]4(F)[C@@H](O)C[C@]3(C)[C@]2(C(=O)CO)O1,1,True,,CC1(C)O[C@@H]2C[C@H]3[C@@H]4CCC5=CC(=O)C=C[C@]5(C)[C@@]4(F)[C@@H](O)C[C@]3(C)[C@]2(C(=O)CO)O1,CC1(C)O[C@@H]2C[C@H]3[C@@H]4CCC5=CC(=O)C=C[C@]5(C)[C@@]4(F)[C@@H](O)C[C@]3(C)[C@]2(C(=O)CO)O1,1,exact,1,1,B3DB_classification:1337,triamcinolone acetonide,CC1(C)O[C@@H]2C[C@H]3[C@@H]4CCC5=CC(=O)C=C[C@]5(C)[C@@]4(F)[C@@H](O)C[C@]3(C)[C@]2(C(=O)CO)O1,B3DB_classification:1337,triamcinolone acetonide,CC1(C)O[C@@H]2C[C@H]3[C@@H]4CCC5=CC(=O)C=C[C@]5(C)[C@@]4(F)[C@@H](O)C[C@]3(C)[C@]2(C(=O)CO)O1,,,
tdc_no_conflict_salt_removed,train,849,train:849,CC(C)(C)CC(=O)OCC(=O)[C@@]12OC(C)(C)O[C@@H]1C[C@H]1[C@@H]3CCC4=CC(=O)C=C[C@]4(C)[C@@]3(F)[C@@H](O)C[C@@]12C,1,True,,CC(C)(C)CC(=O)OCC(=O)[C@@]12OC(C)(C)O[C@@H]1C[C@H]1[C@@H]3CCC4=CC(=O)C=C[C@]4(C)[C@@]3(F)[C@@H](O)C[C@@]12C,CC(C)(C)CC(=O)OCC(=O)[C@@]12OC(C)(C)O[C@@H]1C[C@H]1[C@@H]3CCC4=CC(=O)C=C[C@]4(C)[C@@]3(F)[C@@H](O)C[C@@]12C,1,exact,1,1,B3DB_classification:1229,triamcinolone-hexacetonide,CC(C)(C)CC(=O)OCC(=O)[C@@]12OC(C)(C)O[C@@H]1C[C@H]1[C@@H]3CCC4=CC(=O)C=C[C@]4(C)[C@@]3(F)[C@@H](O)C[C@@]12C,B3DB_classification:1229,triamcinolone-hexacetonide,CC(C)(C)CC(=O)OCC(=O)[C@@]12OC(C)(C)O[C@@H]1C[C@H]1[C@@H]3CCC4=CC(=O)C=C[C@]4(C)[C@@]3(F)[C@@H](O)C[C@@]12C,,,
tdc_no_conflict_salt_removed,train,850,train:850,CCC[C@@H]1O[C@@H]2C[C@H]3[C@@H]4C[C@H](F)C5=CC(=O)C=C[C@]5(C)C4(F)[C@@H](O)C[C@]3(C)[C@]2(C(=O)O[C@H](C)OC(=O)OCC)O1,1,True,,CCC[C@@H]1O[C@@H]2C[C@H]3[C@@H]4C[C@H](F)C5=CC(=O)C=C[C@]5(C)C4(F)[C@@H](O)C[C@]3(C)[C@]2(C(=O)O[C@H](C)OC(=O)OCC)O1,CCC[C@@H]1O[C@@H]2C[C@H]3[C@@H]4C[C@H](F)C5=CC(=O)C=C[C@]5(C)C4(F)[C@@H](O)C[C@]3(C)[C@]2(C(=O)O[C@H](C)OC(=O)OCC)O1,1,exact,1,1,B3DB_classification:1573,itrocinonide,CCC[C@@H]1O[C@@H]2C[C@H]3[C@@H]4C[C@H](F)C5=CC(=O)C=C[C@]5(C)C4(F)[C@@H](O)C[C@]3(C)[C@]2(C(=O)O[C@H](C)OC(=O)OCC)O1,B3DB_classification:1573,itrocinonide,CCC[C@@H]1O[C@@H]2C[C@H]3[C@@H]4C[C@H](F)C5=CC(=O)C=C[C@]5(C)C4(F)[C@@H](O)C[C@]3(C)[C@]2(C(=O)O[C@H](C)OC(=O)OCC)O1,,,
tdc_no_conflict_salt_removed,train,851,train:851,CC1(C)O[C@@H]2C[C@H]3C4C[C@H](F)C5=CC(=O)C=CC5(C)[C@@]4(Cl)[C@@H](Cl)CC3(C)[C@]2(C(=O)CCl)O1,1,True,,CC1(C)O[C@@H]2C[C@H]3C4C[C@H](F)C5=CC(=O)C=CC5(C)[C@@]4(Cl)[C@@H](Cl)CC3(C)[C@]2(C(=O)CCl)O1,CC1(C)O[C@@H]2C[C@H]3C4C[C@H](F)C5=CC(=O)C=CC5(C)[C@@]4(Cl)[C@@H](Cl)CC3(C)[C@]2(C(=O)CCl)O1,1,exact,1,1,B3DB_classification:1335,triclonide,CC1(C)O[C@@H]2C[C@H]3C4C[C@H](F)C5=CC(=O)C=CC5(C)[C@@]4(Cl)[C@@H](Cl)CC3(C)[C@]2(C(=O)CCl)O1,B3DB_classification:1335,triclonide,CC1(C)O[C@@H]2C[C@H]3C4C[C@H](F)C5=CC(=O)C=CC5(C)[C@@]4(Cl)[C@@H](Cl)CC3(C)[C@]2(C(=O)CCl)O1,,,
tdc_no_conflict_salt_removed,train,852,train:852,CC(=O)OCC(=O)[C@@]12OC(C)(C)O[C@@H]1CC1C3C[C@H](F)C4=CC(=O)C=CC4(C)[C@H]3C(O)CC12C,1,True,,CC(=O)OCC(=O)[C@@]12OC(C)(C)O[C@@H]1CC1C3C[C@H](F)C4=CC(=O)C=CC4(C)[C@H]3C(O)CC12C,CC(=O)OCC(=O)[C@@]12OC(C)(C)O[C@@H]1CC1C3C[C@H](F)C4=CC(=O)C=CC4(C)[C@H]3C(O)CC12C,1,exact,1,1,B3DB_classification:1180,4533-89-5,CC(=O)OCC(=O)[C@@]12OC(C)(C)O[C@@H]1CC1C3C[C@H](F)C4=CC(=O)C=CC4(C)[C@H]3C(O)CC12C,B3DB_classification:1180,4533-89-5,CC(=O)OCC(=O)[C@@]12OC(C)(C)O[C@@H]1CC1C3C[C@H](F)C4=CC(=O)C=CC4(C)[C@H]3C(O)CC12C,,,
tdc_no_conflict_salt_removed,train,853,train:853,CC1(C)O[C@@H]2C[C@H]3[C@@H]4C[C@H](F)C5=CC(=O)C=C[C@]5(C)[C@@]4(F)[C@@H](O)C[C@]3(C)[C@]2(C(=O)CO)O1,1,True,,CC1(C)O[C@@H]2C[C@H]3[C@@H]4C[C@H](F)C5=CC(=O)C=C[C@]5(C)[C@@]4(F)[C@@H](O)C[C@]3(C)[C@]2(C(=O)CO)O1,CC1(C)O[C@@H]2C[C@H]3[C@@H]4C[C@H](F)C5=CC(=O)C=C[C@]5(C)[C@@]4(F)[C@@H](O)C[C@]3(C)[C@]2(C(=O)CO)O1,1,exact,1,1,B3DB_classification:1340,fluocinolone-acetonide,CC1(C)O[C@@H]2C[C@H]3[C@@H]4C[C@H](F)C5=CC(=O)C=C[C@]5(C)[C@@]4(F)[C@@H](O)C[C@]3(C)[C@]2(C(=O)CO)O1,B3DB_classification:1340,fluocinolone-acetonide,CC1(C)O[C@@H]2C[C@H]3[C@@H]4C[C@H](F)C5=CC(=O)C=C[C@]5(C)[C@@]4(F)[C@@H](O)C[C@]3(C)[C@]2(C(=O)CO)O1,,,
tdc_no_conflict_salt_removed,train,854,train:854,C=CCONC1=Nc2ccc(Cl)cc2C(c2ccccc2Cl)=NC1,1,True,,C=CCONC1=Nc2ccc(Cl)cc2C(c2ccccc2Cl)=NC1,C=CCONC1=Nc2ccc(Cl)cc2C(c2ccccc2Cl)=NC1,1,exact,1,1,B3DB_classification:1124,uldazepam,C=CCONC1=Nc2ccc(Cl)cc2C(c2ccccc2Cl)=NC1,B3DB_classification:1124,uldazepam,C=CCONC1=Nc2ccc(Cl)cc2C(c2ccccc2Cl)=NC1,,,
tdc_no_conflict_salt_removed,train,855,train:855,O=C1NC(=O)[C@@]2(CCN(C(=O)Cc3ccc(Cl)c(Cl)c3)[C@@H](CN3CCCC3)C2)N1,0,True,,O=C1NC(=O)[C@@]2(CCN(C(=O)Cc3ccc(Cl)c(Cl)c3)[C@@H](CN3CCCC3)C2)N1,O=C1NC(=O)[C@@]2(CCN(C(=O)Cc3ccc(Cl)c(Cl)c3)[C@@H](CN3CCCC3)C2)N1,1,exact,0,0,B3DB_classification:2475,sb204454,O=C1NC(=O)[C@@]2(CCN(C(=O)Cc3ccc(Cl)c(Cl)c3)[C@@H](CN3CCCC3)C2)N1,B3DB_classification:2475,sb204454,O=C1NC(=O)[C@@]2(CCN(C(=O)Cc3ccc(Cl)c(Cl)c3)[C@@H](CN3CCCC3)C2)N1,,,
tdc_no_conflict_salt_removed,train,856,train:856,C[C@H](CCC(=O)O)[C@H]1CC[C@H]2[C@@H]3C(=O)C[C@@H]4CC(=O)CC[C@]4(C)[C@H]3CC(=O)[C@]12C,0,True,,C[C@H](CCC(=O)O)[C@H]1CC[C@H]2[C@@H]3C(=O)C[C@@H]4CC(=O)CC[C@]4(C)[C@H]3CC(=O)[C@]12C,C[C@H](CCC(=O)O)[C@H]1CC[C@H]2[C@@H]3C(=O)C[C@@H]4CC(=O)CC[C@]4(C)[C@H]3CC(=O)[C@]12C,1,exact,0,0,B3DB_classification:2119,dehydrocholic acid,C[C@H](CCC(=O)O)[C@H]1CC[C@H]2[C@@H]3C(=O)C[C@@H]4CC(=O)CC[C@]4(C)[C@H]3CC(=O)[C@@]21C,B3DB_classification:2119,dehydrocholic acid,C[C@H](CCC(=O)O)[C@H]1CC[C@H]2[C@@H]3C(=O)C[C@@H]4CC(=O)CC[C@]4(C)[C@H]3CC(=O)[C@@]21C,,,
tdc_no_conflict_salt_removed,train,857,train:857,CNCCCC1c2ccccc2C=Cc2ccccc21,1,True,,CNCCCC1c2ccccc2C=Cc2ccccc21,CNCCCC1c2ccccc2C=Cc2ccccc21,1,exact,1,1,B3DB_classification:1921,protriptyline,CNCCCC1c2ccccc2C=Cc2ccccc21,B3DB_classification:1921,protriptyline,CNCCCC1c2ccccc2C=Cc2ccccc21,,,
tdc_no_conflict_salt_removed,train,858,train:858,NC(=O)C1c2ccccc2C=Cc2ccccc21,1,True,,NC(=O)C1c2ccccc2C=Cc2ccccc21,NC(=O)C1c2ccccc2C=Cc2ccccc21,1,exact,1,1,B3DB_classification:560,citenamide,NC(=O)C1c2ccccc2C=Cc2ccccc21,B3DB_classification:560,citenamide,NC(=O)C1c2ccccc2C=Cc2ccccc21,,,
tdc_no_conflict_salt_removed,train,859,train:859,CCCC1(C)COB(c2ccc(C)cc2)OC1,1,True,,CCCC1(C)COB(c2ccc(C)cc2)OC1,CCCC1(C)COB(c2ccc(C)cc2)OC1,1,exact,1,1,B3DB_classification:1507,tolboxane,CCCC1(C)COB(c2ccc(C)cc2)OC1,B3DB_classification:1507,tolboxane,CCCC1(C)COB(c2ccc(C)cc2)OC1,,,
tdc_no_conflict_salt_removed,train,860,train:860,CO/N=C(\C(=O)N[C@@H]1C(=O)N2C(C(=O)O)=C(CSc3cnns3)CS[C@H]12)c1csc(N)n1,0,True,,CO/N=C(\C(=O)N[C@@H]1C(=O)N2C(C(=O)O)=C(CSc3cnns3)CS[C@H]12)c1csc(N)n1,CO/N=C(\C(=O)N[C@@H]1C(=O)N2C(C(=O)O)=C(CSc3cnns3)CS[C@H]12)c1csc(N)n1,1,unmatched,,,,,,,,,,,
tdc_no_conflict_salt_removed,train,861,train:861,CC1(C)O[C@@H]2CC3[C@@H]4C[C@H](F)C5=CC(=O)C=CC5(C)[C@H]4[C@@H](O)C[C@]3(C)[C@]2(C(=O)CO)O1,1,True,,CC1(C)O[C@@H]2CC3[C@@H]4C[C@H](F)C5=CC(=O)C=CC5(C)[C@H]4[C@@H](O)C[C@]3(C)[C@]2(C(=O)CO)O1,CC1(C)O[C@@H]2CC3[C@@H]4C[C@H](F)C5=CC(=O)C=CC5(C)[C@H]4[C@@H](O)C[C@]3(C)[C@]2(C(=O)CO)O1,1,exact,1,1,B3DB_classification:1332,77326-96-6,CC1(C)O[C@@H]2CC3[C@@H]4C[C@H](F)C5=CC(=O)C=CC5(C)[C@H]4[C@@H](O)C[C@]3(C)[C@]2(C(=O)CO)O1,B3DB_classification:1332,77326-96-6,CC1(C)O[C@@H]2CC3[C@@H]4C[C@H](F)C5=CC(=O)C=CC5(C)[C@H]4[C@@H](O)C[C@]3(C)[C@]2(C(=O)CO)O1,,,
tdc_no_conflict_salt_removed,train,862,train:862,Cc1nccnc1N1CCCCC1,1,True,,Cc1nccnc1N1CCCCC1,Cc1nccnc1N1CCCCC1,1,exact,1,1,B3DB_classification:2222,modaline,Cc1nccnc1N1CCCCC1,B3DB_classification:2222,modaline,Cc1nccnc1N1CCCCC1,,,
tdc_no_conflict_salt_removed,train,863,train:863,COC(=O)C1=C(C)NC(C)=C(C(=O)OCCN(C)Cc2ccccc2)C1c1cccc([N+](=O)[O-])c1,0,True,,COC(=O)C1=C(C)NC(C)=C(C(=O)OCCN(C)Cc2ccccc2)C1c1cccc([N+](=O)[O-])c1,COC(=O)C1=C(C)NC(C)=C(C(=O)OCCN(C)Cc2ccccc2)C1c1cccc([N+](=O)[O-])c1,1,unmatched,,,,,,,,,,,
tdc_no_conflict_salt_removed,train,864,train:864,CCN(CC)C/C=C1/c2ccccc2Nc2cc(Cl)ccc21,1,True,,CCN(CC)C/C=C1/c2ccccc2Nc2cc(Cl)ccc21,CCN(CC)C/C=C1/c2ccccc2Nc2cc(Cl)ccc21,1,exact,1,1,B3DB_classification:1590,elanzepine,CCN(CC)C/C=C1/c2ccccc2Nc2cc(Cl)ccc21,B3DB_classification:1590,elanzepine,CCN(CC)C/C=C1/c2ccccc2Nc2cc(Cl)ccc21,,,
tdc_no_conflict_salt_removed,train,865,train:865,CN1c2ccccc2C(c2ccccc2F)=NCC1CNC(=O)c1ccsc1,1,True,,CN1c2ccccc2C(c2ccccc2F)=NCC1CNC(=O)c1ccsc1,CN1c2ccccc2C(c2ccccc2F)=NCC1CNC(=O)c1ccsc1,1,exact,1,1,B3DB_classification:1893,tifluadom,CN1c2ccccc2C(c2ccccc2F)=NCC1CNC(=O)c1ccsc1,B3DB_classification:1893,tifluadom,CN1c2ccccc2C(c2ccccc2F)=NCC1CNC(=O)c1ccsc1,,,
tdc_no_conflict_salt_removed,train,866,train:866,FC(F)(F)c1ccc2c(c1)N(CCCN1CCN(C3CC3)CC1)c1ccccc1S2,1,True,,FC(F)(F)c1ccc2c(c1)N(CCCN1CCN(C3CC3)CC1)c1ccccc1S2,FC(F)(F)c1ccc2c(c1)N(CCCN1CCN(C3CC3)CC1)c1ccccc1S2,1,exact,1,1,B3DB_classification:2259,cyclophenazine,FC(F)(F)c1ccc2c(c1)N(CCCN1CCN(C3CC3)CC1)c1ccccc1S2,B3DB_classification:2259,cyclophenazine,FC(F)(F)c1ccc2c(c1)N(CCCN1CCN(C3CC3)CC1)c1ccccc1S2,,,
tdc_no_conflict_salt_removed,train,867,train:867,CCC(C(=O)OCCN1CCOC(c2ccccc2)C1C)c1ccccc1,1,True,,CCC(C(=O)OCCN1CCOC(c2ccccc2)C1C)c1ccccc1,CCC(C(=O)OCCN1CCOC(c2ccccc2)C1C)c1ccccc1,1,exact,1,1,B3DB_classification:1448,fenbutrazate,CCC(C(=O)OCCN1CCOC(c2ccccc2)C1C)c1ccccc1,B3DB_classification:1448,fenbutrazate,CCC(C(=O)OCCN1CCOC(c2ccccc2)C1C)c1ccccc1,,,
tdc_no_conflict_salt_removed,train,868,train:868,C[N+]12CCC(CC1)C(OC(=O)C(O)(c1ccccc1)c1ccccc1)C2,0,True,,C[N+]12CCC(CC1)C(OC(=O)C(O)(c1ccccc1)c1ccccc1)C2,C[N+]12CCC(CC1)C(OC(=O)C(O)(c1ccccc1)c1ccccc1)C2,1,exact,0,0,B3DB_classification:2159,clidinium,C[N+]12CCC(CC1)C(OC(=O)C(O)(c1ccccc1)c1ccccc1)C2,B3DB_classification:2159,clidinium,C[N+]12CCC(CC1)C(OC(=O)C(O)(c1ccccc1)c1ccccc1)C2,,,
tdc_no_conflict_salt_removed,train,869,train:869,O=c1[nH]c2cc(Cl)ccc2o1,1,True,,O=c1[nH]c2cc(Cl)ccc2o1,O=c1[nH]c2cc(Cl)ccc2o1,1,exact,1,1,B3DB_classification:2501,chlorzoxazone,O=c1[nH]c2cc(Cl)ccc2o1,B3DB_classification:2501,chlorzoxazone,O=c1[nH]c2cc(Cl)ccc2o1,,,
tdc_no_conflict_salt_removed,train,870,train:870,OC(CCN1CCCCC1)(c1ccccc1)C1CC2C=CC1C2,1,True,,OC(CCN1CCCCC1)(c1ccccc1)C1CC2C=CC1C2,OC(CCN1CCCCC1)(c1ccccc1)C1CC2C=CC1C2,1,exact,1,1,B3DB_classification:942,biperiden,OC(CCN1CCCCC1)(c1ccccc1)C1CC2C=CC1C2,B3DB_classification:942,biperiden,OC(CCN1CCCCC1)(c1ccccc1)C1CC2C=CC1C2,,,
tdc_no_conflict_salt_removed,train,871,train:871,CCn1cc(C(=O)O)c(=O)c2ccc(Cc3ccccc3)nc21,1,True,,CCn1cc(C(=O)O)c(=O)c2ccc(Cc3ccccc3)nc21,CCn1cc(C(=O)O)c(=O)c2ccc(Cc3ccccc3)nc21,1,exact,1,1,B3DB_classification:1706,amfonelic-acid,CCn1cc(C(=O)O)c(=O)c2ccc(Cc3ccccc3)nc21,B3DB_classification:1706,amfonelic-acid,CCn1cc(C(=O)O)c(=O)c2ccc(Cc3ccccc3)nc21,,,
tdc_no_conflict_salt_removed,train,872,train:872,OCC1(CO)COC(C(Cl)(Cl)Cl)OC1,1,True,,OCC1(CO)COC(C(Cl)(Cl)Cl)OC1,OCC1(CO)COC(C(Cl)(Cl)Cl)OC1,1,exact,1,1,B3DB_classification:2530,penthrichloral,OCC1(CO)COC(C(Cl)(Cl)Cl)OC1,B3DB_classification:2530,penthrichloral,OCC1(CO)COC(C(Cl)(Cl)Cl)OC1,,,
tdc_no_conflict_salt_removed,train,873,train:873,CCC1C(=O)NC(=O)C1(C)c1ccccc1,1,True,,CCC1C(=O)NC(=O)C1(C)c1ccccc1,CCC1C(=O)NC(=O)C1(C)c1ccccc1,1,exact,1,1,B3DB_classification:1487,fenimide,CCC1C(=O)NC(=O)C1(C)c1ccccc1,B3DB_classification:1487,fenimide,CCC1C(=O)NC(=O)C1(C)c1ccccc1,,,
tdc_no_conflict_salt_removed,train,874,train:874,O=C1CC(c2cccc(Br)c2)C(=O)N1,1,True,,O=C1CC(c2cccc(Br)c2)C(=O)N1,O=C1CC(c2cccc(Br)c2)C(=O)N1,1,exact,1,1,B3DB_classification:2434,brosuximide,O=C1CC(c2cccc(Br)c2)C(=O)N1,B3DB_classification:2434,brosuximide,O=C1CC(c2cccc(Br)c2)C(=O)N1,,,
tdc_no_conflict_salt_removed,train,875,train:875,CN1C(=O)CC(C)(c2ccccc2)C1=O,1,True,,CN1C(=O)CC(C)(c2ccccc2)C1=O,CN1C(=O)CC(C)(c2ccccc2)C1=O,1,exact,1,1,B3DB_classification:1801,methsuximide(mesuximide),CN1C(=O)CC(C)(c2ccccc2)C1=O,B3DB_classification:1801,methsuximide(mesuximide),CN1C(=O)CC(C)(c2ccccc2)C1=O,,,
tdc_no_conflict_salt_removed,train,876,train:876,CN1C(=O)CC(c2ccccc2)C1=O,1,True,,CN1C(=O)CC(c2ccccc2)C1=O,CN1C(=O)CC(c2ccccc2)C1=O,1,exact,1,1,B3DB_classification:1802,phensuximide,CN1C(=O)CC(c2ccccc2)C1=O,B3DB_classification:1802,phensuximide,CN1C(=O)CC(c2ccccc2)C1=O,,,
tdc_no_conflict_salt_removed,train,877,train:877,COc1cc2c(c(OC)c1OC)-c1ccc(OC)c(=O)cc1C(NC(C)=O)CC2,1,True,,COc1cc2c(c(OC)c1OC)-c1ccc(OC)c(=O)cc1C(NC(C)=O)CC2,COc1cc2c(c(OC)c1OC)-c1ccc(OC)c(=O)cc1C(NC(C)=O)CC2,1,exact,1,1,B3DB_classification:179,colchicine,COc1cc2c(c(OC)c1OC)-c1ccc(OC)c(=O)cc1C(NC(C)=O)CC2,B3DB_classification:179,colchicine,COc1cc2c(c(OC)c1OC)-c1ccc(OC)c(=O)cc1C(NC(C)=O)CC2,,,
tdc_no_conflict_salt_removed,train,878,train:878,COc1cc2c(c(OC)c1OC)-c1ccc(OC)c(=O)cc1[C@@H](NC(C)=O)CC2,0,True,,COc1cc2c(c(OC)c1OC)-c1ccc(OC)c(=O)cc1[C@@H](NC(C)=O)CC2,COc1cc2c(c(OC)c1OC)-c1ccc(OC)c(=O)cc1[C@@H](NC(C)=O)CC2,1,exact,0,0,B3DB_classification:2033,colchicine,COc1cc2c(c(OC)c1OC)-c1ccc(OC)c(=O)cc1[C@@H](NC(C)=O)CC2,B3DB_classification:2033,colchicine,COc1cc2c(c(OC)c1OC)-c1ccc(OC)c(=O)cc1[C@@H](NC(C)=O)CC2,,,
tdc_no_conflict_salt_removed,train,879,train:879,CO/N=C(\C(=O)N[C@@H]1C(=O)N2C(C(=O)O)=C(Cn3nnc(C)n3)CS[C@H]12)c1csc(N)n1,0,True,,CO/N=C(\C(=O)N[C@@H]1C(=O)N2C(C(=O)O)=C(Cn3nnc(C)n3)CS[C@H]12)c1csc(N)n1,CO/N=C(\C(=O)N[C@@H]1C(=O)N2C(C(=O)O)=C(Cn3nnc(C)n3)CS[C@H]12)c1csc(N)n1,1,unmatched,,,,,,,,,,,
tdc_no_conflict_salt_removed,train,880,train:880,O=c1[nH]oc2c1CCNC2,1,True,,O=c1[nH]oc2c1CCNC2,O=c1[nH]oc2c1CCNC2,1,exact,1,1,B3DB_classification:2508,gaboxadol,O=c1[nH]oc2c1CCNC2,B3DB_classification:2508,gaboxadol,O=c1[nH]oc2c1CCNC2,,,
tdc_no_conflict_salt_removed,train,881,train:881,COc1ccc(CCN2CCN(c3cccc(Cl)c3)CC2)cc1OC,1,True,,COc1ccc(CCN2CCN(c3cccc(Cl)c3)CC2)cc1OC,COc1ccc(CCN2CCN(c3cccc(Cl)c3)CC2)cc1OC,1,exact,1,1,B3DB_classification:2046,brn 0626697,COc1ccc(CCN2CCN(c3cccc(Cl)c3)CC2)cc1OC,B3DB_classification:2046,brn 0626697,COc1ccc(CCN2CCN(c3cccc(Cl)c3)CC2)cc1OC,,,
tdc_no_conflict_salt_removed,train,882,train:882,CN(C)CC1COC2(O1)c1ccccc1COc1ccccc12,1,True,,CN(C)CC1COC2(O1)c1ccccc1COc1ccccc12,CN(C)CC1COC2(O1)c1ccccc1COc1ccccc12,1,exact,1,1,B3DB_classification:1740,spiroxepin,CN(C)CC1COC2(O1)c1ccccc1COc1ccccc12,B3DB_classification:1740,spiroxepin,CN(C)CC1COC2(O1)c1ccccc1COc1ccccc12,,,
tdc_no_conflict_salt_removed,train,883,train:883,OCCN1CCN(CCCN2c3ccccc3Sc3cc(Cl)cnc32)CC1,1,True,,OCCN1CCN(CCCN2c3ccccc3Sc3cc(Cl)cnc32)CC1,OCCN1CCN(CCCN2c3ccccc3Sc3cc(Cl)cnc32)CC1,1,exact,1,1,B3DB_classification:2542,cloxypendyl,OCCN1CCN(CCCN2c3ccccc3Sc3cc(Cl)cnc32)CC1,B3DB_classification:2542,cloxypendyl,OCCN1CCN(CCCN2c3ccccc3Sc3cc(Cl)cnc32)CC1,,,
tdc_no_conflict_salt_removed,train,884,train:884,NC(N)=NCC1COC2(CCCCC2)O1,0,True,,NC(N)=NCC1COC2(CCCCC2)O1,NC(N)=NCC1COC2(CCCCC2)O1,1,exact,0,0,B3DB_classification:2307,disulfiram,NC(N)=NCC1COC2(CCCCC2)O1,B3DB_classification:2307,disulfiram,NC(N)=NCC1COC2(CCCCC2)O1,,,
tdc_no_conflict_salt_removed,train,885,train:885,Nc1nc(N)c2nc(-c3ccccc3)c(N)nc2n1,0,True,,Nc1nc(N)c2nc(-c3ccccc3)c(N)nc2n1,Nc1nc(N)c2nc(-c3ccccc3)c(N)nc2n1,1,exact,0,0,B3DB_classification:2355,triamterene,Nc1nc(N)c2nc(-c3ccccc3)c(N)nc2n1,B3DB_classification:2355,triamterene,Nc1nc(N)c2nc(-c3ccccc3)c(N)nc2n1,,,
tdc_no_conflict_salt_removed,train,886,train:886,c1ccc2cc(COC3CCNCC3)ccc2c1,1,True,,c1ccc2cc(COC3CCNCC3)ccc2c1,c1ccc2cc(COC3CCNCC3)ccc2c1,1,exact,1,1,B3DB_classification:2578,litoxetine,c1ccc2cc(COC3CCNCC3)ccc2c1,B3DB_classification:2578,litoxetine,c1ccc2cc(COC3CCNCC3)ccc2c1,,,
tdc_no_conflict_salt_removed,train,887,train:887,COc1ccc(CCN2CCC(Nc3nc4ccccc4n3Cc3ccc(F)cc3)CC2)cc1,0,True,,COc1ccc(CCN2CCC(Nc3nc4ccccc4n3Cc3ccc(F)cc3)CC2)cc1,COc1ccc(CCN2CCC(Nc3nc4ccccc4n3Cc3ccc(F)cc3)CC2)cc1,1,exact,1,1,B3DB_classification:1017,astemizole,COc1ccc(CCN2CCC(Nc3nc4ccccc4n3Cc3ccc(F)cc3)CC2)cc1,B3DB_classification:1017,astemizole,COc1ccc(CCN2CCC(Nc3nc4ccccc4n3Cc3ccc(F)cc3)CC2)cc1,,,b3db_exact_label_mismatch|b3db_salt_removed_label_mismatch
tdc_no_conflict_salt_removed,train,888,train:888,CCC(=O)N(c1ccccc1F)C1(c2ccccc2)CCN(CCn2nnn(CC)c2=O)CC1,1,True,,CCC(=O)N(c1ccccc1F)C1(c2ccccc2)CCN(CCn2nnn(CC)c2=O)CC1,CCC(=O)N(c1ccccc1F)C1(c2ccccc2)CCN(CCn2nnn(CC)c2=O)CC1,1,exact,1,1,B3DB_classification:1423,trefentanil,CCC(=O)N(c1ccccc1F)C1(c2ccccc2)CCN(CCn2nnn(CC)c2=O)CC1,B3DB_classification:1423,trefentanil,CCC(=O)N(c1ccccc1F)C1(c2ccccc2)CCN(CCn2nnn(CC)c2=O)CC1,,,
tdc_no_conflict_salt_removed,train,889,train:889,CN1CCN2c3ccccc3Cn3cccc3C2C1,1,True,,CN1CCN2c3ccccc3Cn3cccc3C2C1,CN1CCN2c3ccccc3Cn3cccc3C2C1,1,exact,1,1,B3DB_classification:1865,aptazapine maleate,CN1CCN2c3ccccc3Cn3cccc3C2C1,B3DB_classification:1865,aptazapine maleate,CN1CCN2c3ccccc3Cn3cccc3C2C1,,,
tdc_no_conflict_salt_removed,train,890,train:890,Cc1csc(N=C(N)N)n1,1,True,,Cc1csc(N=C(N)N)n1,Cc1csc(N=C(N)N)n1,1,exact,1,1,B3DB_classification:519,"b-038, ici17148",Cc1csc(N=C(N)N)n1,B3DB_classification:519,"b-038, ici17148",Cc1csc(N=C(N)N)n1,,,
tdc_no_conflict_salt_removed,train,891,train:891,NCCc1nccs1,1,True,,NCCc1nccs1,NCCc1nccs1,1,exact,1,1,B3DB_classification:2330,y-g16,NCCc1nccs1,B3DB_classification:2330,y-g16,NCCc1nccs1,,,
tdc_no_conflict_salt_removed,train,892,train:892,NC(N)=Nc1nc(CSCCC(N)=NS(N)(=O)=O)cs1,1,True,,NC(N)=Nc1nc(CSCCC(N)=NS(N)(=O)=O)cs1,NC(N)=Nc1nc(CSCCC(N)=NS(N)(=O)=O)cs1,1,unmatched,,,,,,,,,,,
tdc_no_conflict_salt_removed,train,893,train:893,Cc1ncsc1CCCl,1,True,,Cc1ncsc1CCCl,Cc1ncsc1CCCl,1,exact,1,1,B3DB_classification:2223,clomethiazole,Cc1ncsc1CCCl,B3DB_classification:2223,clomethiazole,Cc1ncsc1CCCl,,,
tdc_no_conflict_salt_removed,train,894,train:894,CN=C(NC#N)NCCSCc1csc(N=C(N)N)n1,1,True,,CN=C(NC#N)NCCSCc1csc(N=C(N)N)n1,CN=C(NC#N)NCCSCc1csc(N=C(N)N)n1,1,unmatched,,,,,,,,,,,
tdc_no_conflict_salt_removed,train,895,train:895,CCC1(C2=CCCCCC2)C(=O)NC(=O)NC1=O,1,True,,CCC1(C2=CCCCCC2)C(=O)NC(=O)NC1=O,CCC1(C2=CCCCCC2)C(=O)NC(=O)NC1=O,1,exact,1,1,B3DB_classification:1469,heptabarb,CCC1(C2=CCCCCC2)C(=O)NC(=O)NC1=O,B3DB_classification:1469,heptabarb,CCC1(C2=CCCCCC2)C(=O)NC(=O)NC1=O,,,
tdc_no_conflict_salt_removed,train,896,train:896,c1ccc(C2CCN(CC3CCCc4c3ccc3c4OCO3)C2)cc1,1,True,,c1ccc(C2CCN(CC3CCCc4c3ccc3c4OCO3)C2)cc1,c1ccc(C2CCN(CC3CCCc4c3ccc3c4OCO3)C2)cc1,1,exact,1,1,B3DB_classification:2568,napitane,c1ccc(C2CCN(CC3CCCc4c3ccc3c4OCO3)C2)cc1,B3DB_classification:2568,napitane,c1ccc(C2CCN(CC3CCCc4c3ccc3c4OCO3)C2)cc1,,,
tdc_no_conflict_salt_removed,train,897,train:897,CC(=O)OCC(=O)[C@@]1(O)[C@H](C)C[C@H]2[C@@H]3C=C(C)C4=Cc5c(cnn5-c5ccccc5)C[C@]4(C)[C@H]3[C@@H](O)C[C@@]21C,1,True,,CC(=O)OCC(=O)[C@@]1(O)[C@H](C)C[C@H]2[C@@H]3C=C(C)C4=Cc5c(cnn5-c5ccccc5)C[C@]4(C)[C@H]3[C@@H](O)C[C@@]21C,CC(=O)OCC(=O)[C@@]1(O)[C@H](C)C[C@H]2[C@@H]3C=C(C)C4=Cc5c(cnn5-c5ccccc5)C[C@]4(C)[C@H]3[C@@H](O)C[C@@]21C,1,exact,1,1,B3DB_classification:1172,cortivazol,CC(=O)OCC(=O)[C@@]1(O)[C@H](C)C[C@H]2[C@@H]3C=C(C)C4=Cc5c(cnn5-c5ccccc5)C[C@]4(C)[C@H]3[C@@H](O)C[C@@]21C,B3DB_classification:1172,cortivazol,CC(=O)OCC(=O)[C@@]1(O)[C@H](C)C[C@H]2[C@@H]3C=C(C)C4=Cc5c(cnn5-c5ccccc5)C[C@]4(C)[C@H]3[C@@H](O)C[C@@]21C,,,
tdc_no_conflict_salt_removed,train,898,train:898,CCC1(CC)C(=O)NC=C(C)C1=O,1,True,,CCC1(CC)C(=O)NC=C(C)C1=O,CCC1(CC)C(=O)NC=C(C)C1=O,1,exact,1,1,B3DB_classification:1473,ethypicone,CCC1(CC)C(=O)NC=C(C)C1=O,B3DB_classification:1473,ethypicone,CCC1(CC)C(=O)NC=C(C)C1=O,,,
tdc_no_conflict_salt_removed,train,899,train:899,CCC1(CC)C(=O)C=CNC1=O,1,True,,CCC1(CC)C(=O)C=CNC1=O,CCC1(CC)C(=O)C=CNC1=O,1,exact,1,1,B3DB_classification:1470,pyrithyldione,CCC1(CC)C(=O)C=CNC1=O,B3DB_classification:1470,pyrithyldione,CCC1(CC)C(=O)C=CNC1=O,,,
tdc_no_conflict_salt_removed,train,900,train:900,O=c1ccc2ccccc2o1,0,True,,O=c1ccc2ccccc2o1,O=c1ccc2ccccc2o1,1,unmatched,,,,,,,,,,,
tdc_no_conflict_salt_removed,train,901,train:901,Cc1cc(=O)oc2cc(O)ccc12,0,True,,Cc1cc(=O)oc2cc(O)ccc12,Cc1cc(=O)oc2cc(O)ccc12,1,exact,0,0,B3DB_classification:2172,hymecromone,Cc1cc(=O)oc2cc(O)ccc12,B3DB_classification:2172,hymecromone,Cc1cc(=O)oc2cc(O)ccc12,,,
tdc_no_conflict_salt_removed,train,902,train:902,C/C(=C(\CCOC(=O)c1ccccc1)SC(=O)c1ccccc1)N(C=O)Cc1cnc(C)nc1N,1,True,,C/C(=C(\CCOC(=O)c1ccccc1)SC(=O)c1ccccc1)N(C=O)Cc1cnc(C)nc1N,C/C(=C(\CCOC(=O)c1ccccc1)SC(=O)c1ccccc1)N(C=O)Cc1cnc(C)nc1N,1,exact,1,1,B3DB_classification:1075,bentiamine,C/C(=C(\CCOC(=O)c1ccccc1)SC(=O)c1ccccc1)N(C=O)Cc1cnc(C)nc1N,B3DB_classification:1075,bentiamine,C/C(=C(\CCOC(=O)c1ccccc1)SC(=O)c1ccccc1)N(C=O)Cc1cnc(C)nc1N,,,
tdc_no_conflict_salt_removed,train,903,train:903,O=c1[nH]c2cc(Cl)c(Cl)c([N+](=O)[O-])c2[nH]c1=O,1,True,,O=c1[nH]c2cc(Cl)c(Cl)c([N+](=O)[O-])c2[nH]c1=O,O=c1[nH]c2cc(Cl)c(Cl)c([N+](=O)[O-])c2[nH]c1=O,1,exact,1,1,B3DB_classification:2498,licostinel,O=c1[nH]c2cc(Cl)c(Cl)c([N+](=O)[O-])c2[nH]c1=O,B3DB_classification:2498,licostinel,O=c1[nH]c2cc(Cl)c(Cl)c([N+](=O)[O-])c2[nH]c1=O,,,
tdc_no_conflict_salt_removed,train,904,train:904,O=C(OCCN1CCCCC1)C(O)(c1ccccc1)c1ccccc1,1,True,,O=C(OCCN1CCCCC1)C(O)(c1ccccc1)c1ccccc1,O=C(OCCN1CCCCC1)C(O)(c1ccccc1)c1ccccc1,1,exact,1,1,B3DB_classification:2424,piperilate,O=C(OCCN1CCCCC1)C(O)(c1ccccc1)c1ccccc1,B3DB_classification:2424,piperilate,O=C(OCCN1CCCCC1)C(O)(c1ccccc1)c1ccccc1,,,
tdc_no_conflict_salt_removed,train,905,train:905,CCN(CC)c1nc2c(s1)c1c(O)c3c(O)c(C)c4c(c32)C(=O)[C@@](C)(O/C=C/[C@H](OC)[C@@H](C)[C@@H](OC(C)=O)[C@H](C)[C@H](O)[C@H](C)[C@@H](O)[C@@H](C)/C=C/C=C(/C)C(=O)N1)O4,0,True,,CCN(CC)c1nc2c(s1)c1c(O)c3c(O)c(C)c4c(c32)C(=O)[C@@](C)(O/C=C/[C@H](OC)[C@@H](C)[C@@H](OC(C)=O)[C@H](C)[C@H](O)[C@H](C)[C@@H](O)[C@@H](C)/C=C/C=C(/C)C(=O)N1)O4,CCN(CC)c1nc2c(s1)c1c(O)c3c(O)c(C)c4c(c32)C(=O)[C@@](C)(O/C=C/[C@H](OC)[C@@H](C)[C@@H](OC(C)=O)[C@H](C)[C@H](O)[C@H](C)[C@@H](O)[C@@H](C)/C=C/C=C(/C)C(=O)N1)O4,1,exact,0,0,B3DB_classification:1607,rifamexil,CCN(CC)c1nc2c(s1)c1c(O)c3c(O)c(C)c4c(c32)C(=O)[C@@](C)(O/C=C/[C@H](OC)[C@@H](C)[C@@H](OC(C)=O)[C@H](C)[C@H](O)[C@H](C)[C@@H](O)[C@@H](C)/C=C/C=C(/C)C(=O)N1)O4,B3DB_classification:1607,rifamexil,CCN(CC)c1nc2c(s1)c1c(O)c3c(O)c(C)c4c(c32)C(=O)[C@@](C)(O/C=C/[C@H](OC)[C@@H](C)[C@@H](OC(C)=O)[C@H](C)[C@H](O)[C@H](C)[C@@H](O)[C@@H](C)/C=C/C=C(/C)C(=O)N1)O4,,,
tdc_no_conflict_salt_removed,train,906,train:906,NCC1CC(=O)N(Cc2ccccc2)C1,1,True,,NCC1CC(=O)N(Cc2ccccc2)C1,NCC1CC(=O)N(Cc2ccccc2)C1,1,exact,1,1,B3DB_classification:2320,nebracetam,NCC1CC(=O)N(Cc2ccccc2)C1,B3DB_classification:2320,nebracetam,NCC1CC(=O)N(Cc2ccccc2)C1,,,
tdc_no_conflict_salt_removed,train,907,train:907,C[C@]12C=CC(=O)C=C1CC[C@H]1[C@@H]3C[C@H]4Cc5ccccc5C[C@@]4(C(=O)CO)[C@@]3(C)C[C@H](O)[C@@]12F,1,True,,C[C@]12C=CC(=O)C=C1CC[C@H]1[C@@H]3C[C@H]4Cc5ccccc5C[C@@]4(C(=O)CO)[C@@]3(C)C[C@H](O)[C@@]12F,C[C@]12C=CC(=O)C=C1CC[C@H]1[C@@H]3C[C@H]4Cc5ccccc5C[C@@]4(C(=O)CO)[C@@]3(C)C[C@H](O)[C@@]12F,1,exact,1,1,B3DB_classification:2143,naflocort hydrate,C[C@]12C[C@H](O)[C@@]3(F)[C@@H](CCC4=CC(=O)C=C[C@@]43C)[C@@H]1C[C@H]1Cc3ccccc3C[C@]12C(=O)CO,B3DB_classification:2143,naflocort hydrate,C[C@]12C[C@H](O)[C@@]3(F)[C@@H](CCC4=CC(=O)C=C[C@@]43C)[C@@H]1C[C@H]1Cc3ccccc3C[C@]12C(=O)CO,,,
tdc_no_conflict_salt_removed,train,908,train:908,O=C(Cc1ccc(Cl)c(Cl)c1)N1CCc2occc2[C@H]1CN1CCCC1,1,True,,O=C(Cc1ccc(Cl)c(Cl)c1)N1CCc2occc2[C@H]1CN1CCCC1,O=C(Cc1ccc(Cl)c(Cl)c1)N1CCc2occc2[C@H]1CN1CCCC1,1,exact,1,1,B3DB_classification:2391,chembl70762,O=C(Cc1ccc(Cl)c(Cl)c1)N1CCc2occc2[C@H]1CN1CCCC1,B3DB_classification:2391,chembl70762,O=C(Cc1ccc(Cl)c(Cl)c1)N1CCc2occc2[C@H]1CN1CCCC1,,,
tdc_no_conflict_salt_removed,train,909,train:909,O=C(Cc1ccc(Cl)c(Cl)c1)N1CCc2occc2[C@H]1CN1CC[C@@H](O)C1,1,True,,O=C(Cc1ccc(Cl)c(Cl)c1)N1CCc2occc2[C@H]1CN1CC[C@@H](O)C1,O=C(Cc1ccc(Cl)c(Cl)c1)N1CCc2occc2[C@H]1CN1CC[C@@H](O)C1,1,exact,1,1,B3DB_classification:2392,gr91272,O=C(Cc1ccc(Cl)c(Cl)c1)N1CCc2occc2[C@H]1CN1CC[C@@H](O)C1,B3DB_classification:2392,gr91272,O=C(Cc1ccc(Cl)c(Cl)c1)N1CCc2occc2[C@H]1CN1CC[C@@H](O)C1,,,
tdc_no_conflict_salt_removed,train,910,train:910,CN(C)CCCn1cc(-c2ccccc2)c(-c2ccccc2)n1,1,True,,CN(C)CCCn1cc(-c2ccccc2)c(-c2ccccc2)n1,CN(C)CCCn1cc(-c2ccccc2)c(-c2ccccc2)n1,1,exact,1,1,B3DB_classification:1757,fezolamine,CN(C)CCCn1cc(-c2ccccc2)c(-c2ccccc2)n1,B3DB_classification:1757,fezolamine,CN(C)CCCn1cc(-c2ccccc2)c(-c2ccccc2)n1,,,
tdc_no_conflict_salt_removed,train,911,train:911,Nc1ccc(S(=O)(=O)Nc2ncccn2)cc1,1,True,,Nc1ccc(S(=O)(=O)Nc2ncccn2)cc1,Nc1ccc(S(=O)(=O)Nc2ncccn2)cc1,1,unmatched,,,,,,,,,,,
tdc_no_conflict_salt_removed,train,912,train:912,COC[C@H]1CN(c2ccc(OCC[C@@H](O)C(F)(F)F)cc2)C(=O)O1,1,True,,COC[C@H]1CN(c2ccc(OCC[C@@H](O)C(F)(F)F)cc2)C(=O)O1,COC[C@H]1CN(c2ccc(OCC[C@@H](O)C(F)(F)F)cc2)C(=O)O1,1,exact,1,1,B3DB_classification:1996,befloxatone,COC[C@H]1CN(c2ccc(OCC[C@@H](O)C(F)(F)F)cc2)C(=O)O1,B3DB_classification:1996,befloxatone,COC[C@H]1CN(c2ccc(OCC[C@@H](O)C(F)(F)F)cc2)C(=O)O1,,,
tdc_no_conflict_salt_removed,train,913,train:913,Cc1cccc(N2CC(CO)OC2=O)c1,1,True,,Cc1cccc(N2CC(CO)OC2=O)c1,Cc1cccc(N2CC(CO)OC2=O)c1,1,exact,1,1,B3DB_classification:2199,toloxatone,Cc1cccc(N2CC(CO)OC2=O)c1,B3DB_classification:2199,toloxatone,Cc1cccc(N2CC(CO)OC2=O)c1,,,
tdc_no_conflict_salt_removed,train,914,train:914,CC(Cc1ccccc1)(NC(=O)CN)c1ccccc1,1,True,,CC(Cc1ccccc1)(NC(=O)CN)c1ccccc1,CC(Cc1ccccc1)(NC(=O)CN)c1ccccc1,1,exact,1,1,B3DB_classification:1302,remacemide,CC(Cc1ccccc1)(NC(=O)CN)c1ccccc1,B3DB_classification:1302,remacemide,CC(Cc1ccccc1)(NC(=O)CN)c1ccccc1,,,
tdc_no_conflict_salt_removed,train,915,train:915,CCC(=O)O[C@](Cc1ccccc1)(c1ccccc1)[C@H](C)CN(C)C,1,True,,CCC(=O)O[C@](Cc1ccccc1)(c1ccccc1)[C@H](C)CN(C)C,CCC(=O)O[C@](Cc1ccccc1)(c1ccccc1)[C@H](C)CN(C)C,1,exact,1,1,B3DB_classification:1433,dextropropoxyphene,CCC(=O)O[C@](Cc1ccccc1)(c1ccccc1)[C@H](C)CN(C)C,B3DB_classification:1433,dextropropoxyphene,CCC(=O)O[C@](Cc1ccccc1)(c1ccccc1)[C@H](C)CN(C)C,,,
tdc_no_conflict_salt_removed,train,916,train:916,CC(=O)OCC1=C(C(=O)O)N2C(=O)[C@@H](NC(=O)c3c(-c4ccccc4Cl)noc3C)[C@H]2SC1,0,True,,CC(=O)OCC1=C(C(=O)O)N2C(=O)[C@@H](NC(=O)c3c(-c4ccccc4Cl)noc3C)[C@H]2SC1,CC(=O)OCC1=C(C(=O)O)N2C(=O)[C@@H](NC(=O)c3c(-c4ccccc4Cl)noc3C)[C@H]2SC1,1,exact,0,0,B3DB_classification:1191,cefoxazole,CC(=O)OCC1=C(C(=O)O)N2C(=O)[C@@H](NC(=O)c3c(-c4ccccc4Cl)noc3C)[C@H]2SC1,B3DB_classification:1191,cefoxazole,CC(=O)OCC1=C(C(=O)O)N2C(=O)[C@@H](NC(=O)c3c(-c4ccccc4Cl)noc3C)[C@H]2SC1,,,
tdc_no_conflict_salt_removed,train,917,train:917,CCC1(C)CC(=O)NC(=O)C1,1,True,,CCC1(C)CC(=O)NC(=O)C1,CCC1(C)CC(=O)NC(=O)C1,1,exact,1,1,B3DB_classification:1467,bemegride,CCC1(C)CC(=O)NC(=O)C1,B3DB_classification:1467,bemegride,CCC1(C)CC(=O)NC(=O)C1,,,
tdc_no_conflict_salt_removed,train,918,train:918,Fc1ccc2[nH]c3c(c2c1)CN(CCc1ccncc1)CC3,1,True,,Fc1ccc2[nH]c3c(c2c1)CN(CCc1ccncc1)CC3,Fc1ccc2[nH]c3c(c2c1)CN(CCc1ccncc1)CC3,1,exact,1,1,B3DB_classification:2268,carvotroline,Fc1ccc2[nH]c3c(c2c1)CN(CCc1ccncc1)CC3,B3DB_classification:2268,carvotroline,Fc1ccc2[nH]c3c(c2c1)CN(CCc1ccncc1)CC3,,,
tdc_no_conflict_salt_removed,train,919,train:919,Nc1ccc(S(=O)(=O)c2ccc(N)cc2)cc1,0,True,,Nc1ccc(S(=O)(=O)c2ccc(N)cc2)cc1,Nc1ccc(S(=O)(=O)c2ccc(N)cc2)cc1,1,unmatched,,,,,,,,,,,
tdc_no_conflict_salt_removed,train,920,train:920,Cc1ccc(-c2nc3ccc(C)cn3c2CC(=O)N(C)C)cc1,1,True,,Cc1ccc(-c2nc3ccc(C)cn3c2CC(=O)N(C)C)cc1,Cc1ccc(-c2nc3ccc(C)cn3c2CC(=O)N(C)C)cc1,1,exact,1,1,B3DB_classification:286,zolpidem,Cc1ccc(-c2nc3ccc(C)cn3c2CC(=O)N(C)C)cc1,B3DB_classification:286,zolpidem,Cc1ccc(-c2nc3ccc(C)cn3c2CC(=O)N(C)C)cc1,,,
tdc_no_conflict_salt_removed,train,921,train:921,CCCC(=O)N(C)Cc1c(-c2ccc(Cl)cc2)nc2ccccn12,1,True,,CCCC(=O)N(C)Cc1c(-c2ccc(Cl)cc2)nc2ccccn12,CCCC(=O)N(C)Cc1c(-c2ccc(Cl)cc2)nc2ccccn12,1,exact,1,1,B3DB_classification:1489,saripidem,CCCC(=O)N(C)Cc1c(-c2ccc(Cl)cc2)nc2ccccn12,B3DB_classification:1489,saripidem,CCCC(=O)N(C)Cc1c(-c2ccc(Cl)cc2)nc2ccccn12,,,
tdc_no_conflict_salt_removed,train,922,train:922,CCCN(CCC)C(=O)Cc1c(-c2ccc(Cl)cc2)nc2ccc(Cl)cn12,1,True,,CCCN(CCC)C(=O)Cc1c(-c2ccc(Cl)cc2)nc2ccc(Cl)cn12,CCCN(CCC)C(=O)Cc1c(-c2ccc(Cl)cc2)nc2ccc(Cl)cn12,1,exact,1,1,B3DB_classification:1557,alpidem,CCCN(CCC)C(=O)Cc1c(-c2ccc(Cl)cc2)nc2ccc(Cl)cn12,B3DB_classification:1557,alpidem,CCCN(CCC)C(=O)Cc1c(-c2ccc(Cl)cc2)nc2ccc(Cl)cn12,,,
tdc_no_conflict_salt_removed,train,923,train:923,CC(C)(C)NC(=O)[C@@H]1C[C@@H]2CCCC[C@@H]2CN1C[C@@H](O)[C@H](Cc1ccccc1)NC(=O)[C@H](CC(N)=O)NC(=O)c1ccc2ccccc2n1,0,True,,CC(C)(C)NC(=O)[C@@H]1C[C@@H]2CCCC[C@@H]2CN1C[C@@H](O)[C@H](Cc1ccccc1)NC(=O)[C@H](CC(N)=O)NC(=O)c1ccc2ccccc2n1,CC(C)(C)NC(=O)[C@@H]1C[C@@H]2CCCC[C@@H]2CN1C[C@@H](O)[C@H](Cc1ccccc1)NC(=O)[C@H](CC(N)=O)NC(=O)c1ccc2ccccc2n1,1,exact,1,1,B3DB_classification:148,saquinavir,CC(C)(C)NC(=O)[C@@H]1C[C@@H]2CCCC[C@@H]2CN1C[C@@H](O)[C@H](Cc1ccccc1)NC(=O)[C@H](CC(N)=O)NC(=O)c1ccc2ccccc2n1,B3DB_classification:148,saquinavir,CC(C)(C)NC(=O)[C@@H]1C[C@@H]2CCCC[C@@H]2CN1C[C@@H](O)[C@H](Cc1ccccc1)NC(=O)[C@H](CC(N)=O)NC(=O)c1ccc2ccccc2n1,,,b3db_exact_label_mismatch|b3db_salt_removed_label_mismatch
tdc_no_conflict_salt_removed,train,924,train:924,CC(C)(C)NC(=O)C1CC2CCCCC2CN1CC(O)C(Cc1ccccc1)NC(=O)C(CC(N)=O)NC(=O)c1ccc2ccccc2n1,1,True,,CC(C)(C)NC(=O)C1CC2CCCCC2CN1CC(O)C(Cc1ccccc1)NC(=O)C(CC(N)=O)NC(=O)c1ccc2ccccc2n1,CC(C)(C)NC(=O)C1CC2CCCCC2CN1CC(O)C(Cc1ccccc1)NC(=O)C(CC(N)=O)NC(=O)c1ccc2ccccc2n1,1,exact,0,0,B3DB_classification:125,127779-20-8,CC(C)(C)NC(=O)C1CC2CCCCC2CN1CC(O)C(Cc1ccccc1)NC(=O)C(CC(N)=O)NC(=O)c1ccc2ccccc2n1,B3DB_classification:125,127779-20-8,CC(C)(C)NC(=O)C1CC2CCCCC2CN1CC(O)C(Cc1ccccc1)NC(=O)C(CC(N)=O)NC(=O)c1ccc2ccccc2n1,,,b3db_exact_label_mismatch|b3db_salt_removed_label_mismatch
tdc_no_conflict_salt_removed,train,925,train:925,Cc1cccc(/C=N/N2CCN(C(c3ccccc3)c3ccccc3)CC2)n1,1,True,,Cc1cccc(/C=N/N2CCN(C(c3ccccc3)c3ccccc3)CC2)n1,Cc1cccc(/C=N/N2CCN(C(c3ccccc3)c3ccccc3)CC2)n1,1,unmatched,,,,,,,,,,,
tdc_no_conflict_salt_removed,train,926,train:926,CCCCCCCNC(=O)Oc1ccc2c(c1)[C@]1(C)CCN(C)[C@@H]1N2C,1,True,,CCCCCCCNC(=O)Oc1ccc2c(c1)[C@]1(C)CCN(C)[C@@H]1N2C,CCCCCCCNC(=O)Oc1ccc2c(c1)[C@]1(C)CCN(C)[C@@H]1N2C,1,exact,1,1,B3DB_classification:1533,eptastigmine,CCCCCCCNC(=O)Oc1ccc2c(c1)[C@]1(C)CCN(C)[C@@H]1N2C,B3DB_classification:1533,eptastigmine,CCCCCCCNC(=O)Oc1ccc2c(c1)[C@]1(C)CCN(C)[C@@H]1N2C,,,
tdc_no_conflict_salt_removed,train,927,train:927,CNC(=O)Oc1ccc2c(c1)[C@]1(C)CCN(C)[C@@H]1N2C,1,True,,CNC(=O)Oc1ccc2c(c1)[C@]1(C)CCN(C)[C@@H]1N2C,CNC(=O)Oc1ccc2c(c1)[C@]1(C)CCN(C)[C@@H]1N2C,1,exact,1,1,B3DB_classification:612,eserine,CNC(=O)Oc1ccc2c(c1)[C@]1(C)CCN(C)[C@@H]1N2C,B3DB_classification:612,eserine,CNC(=O)Oc1ccc2c(c1)[C@]1(C)CCN(C)[C@@H]1N2C,,,
tdc_no_conflict_salt_removed,train,928,train:928,CCC1(c2ccccc2)C(=O)NCNC1=O,1,True,,CCC1(c2ccccc2)C(=O)NCNC1=O,CCC1(c2ccccc2)C(=O)NCNC1=O,1,exact,1,1,B3DB_classification:493,primidone,CCC1(c2ccccc2)C(=O)NCNC1=O,B3DB_classification:493,primidone,CCC1(c2ccccc2)C(=O)NCNC1=O,,,
tdc_no_conflict_salt_removed,train,929,train:929,CC[C@@]1(O)C[C@H](O[C@H]2C[C@H](N(C)C)[C@H](O[C@H]3C[C@@H]4O[C@H]5CC(=O)[C@H](C)O[C@H]5O[C@@H]4[C@H](C)O3)[C@H](C)O2)c2c(O)c3c(c(O)c2[C@H]1O[C@H]1C[C@H](N(C)C)[C@H](O)[C@H](C)O1)C(=O)c1cccc(O)c1C3=O,0,True,,CC[C@@]1(O)C[C@H](O[C@H]2C[C@H](N(C)C)[C@H](O[C@H]3C[C@@H]4O[C@H]5CC(=O)[C@H](C)O[C@H]5O[C@@H]4[C@H](C)O3)[C@H](C)O2)c2c(O)c3c(c(O)c2[C@H]1O[C@H]1C[C@H](N(C)C)[C@H](O)[C@H](C)O1)C(=O)c1cccc(O)c1C3=O,CC[C@@]1(O)C[C@H](O[C@H]2C[C@H](N(C)C)[C@H](O[C@H]3C[C@@H]4O[C@H]5CC(=O)[C@H](C)O[C@H]5O[C@@H]4[C@H](C)O3)[C@H](C)O2)c2c(O)c3c(c(O)c2[C@H]1O[C@H]1C[C@H](N(C)C)[C@H](O)[C@H](C)O1)C(=O)c1cccc(O)c1C3=O,1,exact,0,0,B3DB_classification:1668,rodorubicin,CC[C@@]1(O)C[C@H](O[C@H]2C[C@H](N(C)C)[C@H](O[C@H]3C[C@@H]4O[C@H]5CC(=O)[C@H](C)O[C@H]5O[C@@H]4[C@H](C)O3)[C@H](C)O2)c2c(O)c3c(c(O)c2[C@H]1O[C@H]1C[C@H](N(C)C)[C@H](O)[C@H](C)O1)C(=O)c1cccc(O)c1C3=O,B3DB_classification:1668,rodorubicin,CC[C@@]1(O)C[C@H](O[C@H]2C[C@H](N(C)C)[C@H](O[C@H]3C[C@@H]4O[C@H]5CC(=O)[C@H](C)O[C@H]5O[C@@H]4[C@H](C)O3)[C@H](C)O2)c2c(O)c3c(c(O)c2[C@H]1O[C@H]1C[C@H](N(C)C)[C@H](O)[C@H](C)O1)C(=O)c1cccc(O)c1C3=O,,,
tdc_no_conflict_salt_removed,train,930,train:930,OCCN1CCN(CCCN2c3ccccc3C=Cc3ccccc32)CC1,1,True,,OCCN1CCN(CCCN2c3ccccc3C=Cc3ccccc32)CC1,OCCN1CCN(CCCN2c3ccccc3C=Cc3ccccc32)CC1,1,exact,1,1,B3DB_classification:2541,opipramol,OCCN1CCN(CCCN2c3ccccc3C=Cc3ccccc32)CC1,B3DB_classification:2541,opipramol,OCCN1CCN(CCCN2c3ccccc3C=Cc3ccccc32)CC1,,,
tdc_no_conflict_salt_removed,train,931,train:931,O=C(C1CCCCC1)N1CC(=O)N2CCc3ccccc3C2C1,1,True,,O=C(C1CCCCC1)N1CC(=O)N2CCc3ccccc3C2C1,O=C(C1CCCCC1)N1CC(=O)N2CCc3ccccc3C2C1,1,unmatched,,,,,,,,,,,
tdc_no_conflict_salt_removed,train,932,train:932,Cc1nnc(SCC2=C(C(=O)O)N3C(=O)[C@@H](NC(=O)Cn4cc(Cl)c(=O)c(Cl)c4)[C@H]3SC2)s1,0,True,,Cc1nnc(SCC2=C(C(=O)O)N3C(=O)[C@@H](NC(=O)Cn4cc(Cl)c(=O)c(Cl)c4)[C@H]3SC2)s1,Cc1nnc(SCC2=C(C(=O)O)N3C(=O)[C@@H](NC(=O)Cn4cc(Cl)c(=O)c(Cl)c4)[C@H]3SC2)s1,1,exact,0,0,B3DB_classification:2228,cefazedone,Cc1nnc(SCC2=C(C(=O)O)N3C(=O)[C@@H](NC(=O)Cn4cc(Cl)c(=O)c(Cl)c4)[C@H]3SC2)s1,B3DB_classification:2228,cefazedone,Cc1nnc(SCC2=C(C(=O)O)N3C(=O)[C@@H](NC(=O)Cn4cc(Cl)c(=O)c(Cl)c4)[C@H]3SC2)s1,,,
tdc_no_conflict_salt_removed,train,933,train:933,O=S(=O)(c1ccc2cc[nH]c2c1)N1CCCC1CCN1CCC(Oc2cccc(Cl)c2)CC1,1,True,,O=S(=O)(c1ccc2cc[nH]c2c1)N1CCCC1CCN1CCC(Oc2cccc(Cl)c2)CC1,O=S(=O)(c1ccc2cc[nH]c2c1)N1CCCC1CCN1CCC(Oc2cccc(Cl)c2)CC1,1,exact,1,1,B3DB_classification:517,sb-656104-a,O=S(=O)(c1ccc2cc[nH]c2c1)N1CCCC1CCN1CCC(Oc2cccc(Cl)c2)CC1,B3DB_classification:517,sb-656104-a,O=S(=O)(c1ccc2cc[nH]c2c1)N1CCCC1CCN1CCC(Oc2cccc(Cl)c2)CC1,,,
tdc_no_conflict_salt_removed,train,934,train:934,COc1cc(C(=O)N2CCOCC2)cc(OC)c1OC,1,True,,COc1cc(C(=O)N2CCOCC2)cc(OC)c1OC,COc1cc(C(=O)N2CCOCC2)cc(OC)c1OC,1,exact,1,1,B3DB_classification:2024,trimetozine,COc1cc(C(=O)N2CCOCC2)cc(OC)c1OC,B3DB_classification:2024,trimetozine,COc1cc(C(=O)N2CCOCC2)cc(OC)c1OC,,,
tdc_no_conflict_salt_removed,train,935,train:935,CN1/C(=C(/O)Nc2ccccn2)C(=O)c2ccccc2S1(=O)=O,0,True,,CN1/C(=C(/O)Nc2ccccn2)C(=O)c2ccccc2S1(=O)=O,CN1/C(=C(/O)Nc2ccccn2)C(=O)c2ccccc2S1(=O)=O,1,unmatched,,,,,,,,,,,
tdc_no_conflict_salt_removed,train,936,train:936,CN1CCN(c2c(F)cc3c(=O)c(C(=O)O)cn4c3c2SCC4)CC1,0,True,,CN1CCN(c2c(F)cc3c(=O)c(C(=O)O)cn4c3c2SCC4)CC1,CN1CCN(c2c(F)cc3c(=O)c(C(=O)O)cn4c3c2SCC4)CC1,1,exact,0,0,B3DB_classification:1859,flupentixol,CN1CCN(c2c(F)cc3c(=O)c(C(=O)O)cn4c3c2SCC4)CC1,B3DB_classification:1859,flupentixol,CN1CCN(c2c(F)cc3c(=O)c(C(=O)O)cn4c3c2SCC4)CC1,,,
tdc_no_conflict_salt_removed,train,937,train:937,CNCCCN1Cc2ccccc2Cc2ccccc21,1,True,,CNCCCN1Cc2ccccc2Cc2ccccc21,CNCCCN1Cc2ccccc2Cc2ccccc21,1,exact,1,1,B3DB_classification:1923,mezepine,CNCCCN1Cc2ccccc2Cc2ccccc21,B3DB_classification:1923,mezepine,CNCCCN1Cc2ccccc2Cc2ccccc21,,,
tdc_no_conflict_salt_removed,train,938,train:938,Nc1nc(=S)c2[nH]cnc2[nH]1,0,True,,Nc1nc(=S)c2[nH]cnc2[nH]1,Nc1nc(=S)c2[nH]cnc2[nH]1,1,exact,0,0,B3DB_classification:2354,thioguanine,Nc1nc(=S)c2[nH]cnc2[nH]1,B3DB_classification:2354,thioguanine,Nc1nc(=S)c2[nH]cnc2[nH]1,,,
tdc_no_conflict_salt_removed,train,939,train:939,CCCCOc1ccc(C(=O)CCN2CCCCC2)cc1,0,True,,CCCCOc1ccc(C(=O)CCN2CCCCC2)cc1,CCCCOc1ccc(C(=O)CCN2CCCCC2)cc1,1,exact,0,0,B3DB_classification:1552,dyclonine hydrochloride,CCCCOc1ccc(C(=O)CCN2CCCCC2)cc1,B3DB_classification:1552,dyclonine hydrochloride,CCCCOc1ccc(C(=O)CCN2CCCCC2)cc1,,,
tdc_no_conflict_salt_removed,train,940,train:940,CC[C@]1(O)C[C@H]2CN(CCc3c([nH]c4ccccc34)[C@@](C(=O)OC)(c3cc4c(cc3OC)N(C=O)[C@H]3[C@@](O)(C(=O)OC)[C@H](OC(C)=O)[C@]5(CC)C=CCN6CC[C@]43[C@@H]65)C2)C1,1,True,,CC[C@]1(O)C[C@H]2CN(CCc3c([nH]c4ccccc34)[C@@](C(=O)OC)(c3cc4c(cc3OC)N(C=O)[C@H]3[C@@](O)(C(=O)OC)[C@H](OC(C)=O)[C@]5(CC)C=CCN6CC[C@]43[C@@H]65)C2)C1,CC[C@]1(O)C[C@H]2CN(CCc3c([nH]c4ccccc34)[C@@](C(=O)OC)(c3cc4c(cc3OC)N(C=O)[C@H]3[C@@](O)(C(=O)OC)[C@H](OC(C)=O)[C@]5(CC)C=CCN6CC[C@]43[C@@H]65)C2)C1,1,exact,0,0,B3DB_classification:127,vincristine,CC[C@]1(O)C[C@H]2CN(CCc3c([nH]c4ccccc34)[C@@](C(=O)OC)(c3cc4c(cc3OC)N(C=O)[C@H]3[C@@](O)(C(=O)OC)[C@H](OC(C)=O)[C@]5(CC)C=CCN6CC[C@]43[C@@H]65)C2)C1,B3DB_classification:127,vincristine,CC[C@]1(O)C[C@H]2CN(CCc3c([nH]c4ccccc34)[C@@](C(=O)OC)(c3cc4c(cc3OC)N(C=O)[C@H]3[C@@](O)(C(=O)OC)[C@H](OC(C)=O)[C@]5(CC)C=CCN6CC[C@]43[C@@H]65)C2)C1,,,b3db_exact_label_mismatch|b3db_salt_removed_label_mismatch
tdc_no_conflict_salt_removed,train,941,train:941,CC[C@]1(O)C[C@H]2CN(CCc3c([nH]c4ccccc34)[C@@](C(=O)OC)(c3cc4c(cc3OC)N(C)[C@H]3[C@@](O)(C(=O)OC)[C@H](OC(C)=O)[C@]5(CC)C=CCN6CC[C@]43[C@@H]65)C2)C1,1,True,,CC[C@]1(O)C[C@H]2CN(CCc3c([nH]c4ccccc34)[C@@](C(=O)OC)(c3cc4c(cc3OC)N(C)[C@H]3[C@@](O)(C(=O)OC)[C@H](OC(C)=O)[C@]5(CC)C=CCN6CC[C@]43[C@@H]65)C2)C1,CC[C@]1(O)C[C@H]2CN(CCc3c([nH]c4ccccc34)[C@@](C(=O)OC)(c3cc4c(cc3OC)N(C)[C@H]3[C@@](O)(C(=O)OC)[C@H](OC(C)=O)[C@]5(CC)C=CCN6CC[C@]43[C@@H]65)C2)C1,1,unmatched,,,,,,,,,,,
tdc_no_conflict_salt_removed,train,942,train:942,CC[C@]1(O)C[C@H]2CN(CCc3c([nH]c4ccccc34)[C@@](C(=O)OC)(c3cc4c(cc3OC)N(C)[C@H]3[C@@](O)(C(N)=O)[C@H](O)[C@]5(CC)C=CCN6CC[C@]43[C@@H]65)C2)C1,0,True,,CC[C@]1(O)C[C@H]2CN(CCc3c([nH]c4ccccc34)[C@@](C(=O)OC)(c3cc4c(cc3OC)N(C)[C@H]3[C@@](O)(C(N)=O)[C@H](O)[C@]5(CC)C=CCN6CC[C@]43[C@@H]65)C2)C1,CC[C@]1(O)C[C@H]2CN(CCc3c([nH]c4ccccc34)[C@@](C(=O)OC)(c3cc4c(cc3OC)N(C)[C@H]3[C@@](O)(C(N)=O)[C@H](O)[C@]5(CC)C=CCN6CC[C@]43[C@@H]65)C2)C1,1,exact,0,0,B3DB_classification:1688,vindesine,CC[C@]1(O)C[C@H]2CN(CCc3c([nH]c4ccccc34)[C@@](C(=O)OC)(c3cc4c(cc3OC)N(C)[C@H]3[C@@](O)(C(N)=O)[C@H](O)[C@]5(CC)C=CCN6CC[C@]43[C@@H]65)C2)C1,B3DB_classification:1688,vindesine,CC[C@]1(O)C[C@H]2CN(CCc3c([nH]c4ccccc34)[C@@](C(=O)OC)(c3cc4c(cc3OC)N(C)[C@H]3[C@@](O)(C(N)=O)[C@H](O)[C@]5(CC)C=CCN6CC[C@]43[C@@H]65)C2)C1,,,
tdc_no_conflict_salt_removed,train,943,train:943,COc1cc2c3c(c1O)C1(C=CC(=O)C=C1)CC3N(C)CC2,1,True,,COc1cc2c3c(c1O)C1(C=CC(=O)C=C1)CC3N(C)CC2,COc1cc2c3c(c1O)C1(C=CC(=O)C=C1)CC3N(C)CC2,1,exact,1,1,B3DB_classification:2039,glaziovine,COc1cc2c3c(c1O)C1(C=CC(=O)C=C1)CC3N(C)CC2,B3DB_classification:2039,glaziovine,COc1cc2c3c(c1O)C1(C=CC(=O)C=C1)CC3N(C)CC2,,,
tdc_no_conflict_salt_removed,train,944,train:944,OC(Cn1cncn1)(Cn1cncn1)c1ccc(F)cc1F,1,True,,OC(Cn1cncn1)(Cn1cncn1)c1ccc(F)cc1F,OC(Cn1cncn1)(Cn1cncn1)c1ccc(F)cc1F,1,exact,1,1,B3DB_classification:398,fluconazole,OC(Cn1cncn1)(Cn1cncn1)c1ccc(F)cc1F,B3DB_classification:398,fluconazole,OC(Cn1cncn1)(Cn1cncn1)c1ccc(F)cc1F,,,
tdc_no_conflict_salt_removed,train,945,train:945,CO/N=C(\C(=O)NC1C(=O)N(OCC(=O)O)[C@H]1C)c1csc(N)n1,0,True,,CO/N=C(\C(=O)NC1C(=O)N(OCC(=O)O)[C@H]1C)c1csc(N)n1,CO/N=C(\C(=O)NC1C(=O)N(OCC(=O)O)[C@H]1C)c1csc(N)n1,1,unmatched,,,,,,,,,,,
tdc_no_conflict_salt_removed,train,946,train:946,C[C@H]1[C@H](NC(=O)/C(=N\OC(C)(C)C(=O)O)c2csc([NH3+])n2)C(=O)N1S(=O)(=O)[O-],0,True,,C[C@H]1[C@H](NC(=O)/C(=N\OC(C)(C)C(=O)O)c2csc([NH3+])n2)C(=O)N1S(=O)(=O)[O-],C[C@H]1[C@H](NC(=O)/C(=N\OC(C)(C)C(=O)O)c2csc([NH3+])n2)C(=O)N1S(=O)(=O)[O-],1,unmatched,,,,,,,,,,,
tdc_no_conflict_salt_removed,train,947,train:947,CC1(C)[C@H](NC(=O)/C(=N\OCC(=O)O)c2csc(N)n2)C(=O)N1OS(=O)(=O)O,0,True,,CC1(C)[C@H](NC(=O)/C(=N\OCC(=O)O)c2csc(N)n2)C(=O)N1OS(=O)(=O)O,CC1(C)[C@H](NC(=O)/C(=N\OCC(=O)O)c2csc(N)n2)C(=O)N1OS(=O)(=O)O,1,exact,0,0,B3DB_classification:4771,tigemonam,CC1(C)[C@H](NC(=O)/C(=N\OCC(=O)O)c2csc(N)n2)C(=O)N1OS(=O)(=O)O,B3DB_classification:4771,tigemonam,CC1(C)[C@H](NC(=O)/C(=N\OCC(=O)O)c2csc(N)n2)C(=O)N1OS(=O)(=O)O,,,
tdc_no_conflict_salt_removed,train,948,train:948,CO/N=C(\C(=O)N[C@@H]1C(=O)N(OCC(=O)OCC(=O)OC(C)(C)C)[C@H]1C)c1csc(N)n1,0,True,,CO/N=C(\C(=O)N[C@@H]1C(=O)N(OCC(=O)OCC(=O)OC(C)(C)C)[C@H]1C)c1csc(N)n1,CO/N=C(\C(=O)N[C@@H]1C(=O)N(OCC(=O)OCC(=O)OC(C)(C)C)[C@H]1C)c1csc(N)n1,1,unmatched,,,,,,,,,,,
tdc_no_conflict_salt_removed,train,949,train:949,NC(=O)OCC1[C@H](NC(=O)/C(=N\OCC(=O)O)c2csc(N)n2)C(=O)N1S(=O)(=O)O,0,True,,NC(=O)OCC1[C@H](NC(=O)/C(=N\OCC(=O)O)c2csc(N)n2)C(=O)N1S(=O)(=O)O,NC(=O)OCC1[C@H](NC(=O)/C(=N\OCC(=O)O)c2csc(N)n2)C(=O)N1S(=O)(=O)O,1,unmatched,,,,,,,,,,,
tdc_no_conflict_salt_removed,train,950,train:950,Cc1c2oc3c(C)ccc(C(=O)NC4C(=O)NC(C(C)C)C(=O)N5CCCC5C(=O)N(C)CC(=O)N(C)C(C(C)C)C(=O)OC4C)c3nc-2c(C(=O)NC2C(=O)NC(C(C)C)C(=O)N3CCCC3C(=O)N(C)CC(=O)N(C)C(C(C)C)C(=O)OC2C)c(N)c1=O,0,True,,Cc1c2oc3c(C)ccc(C(=O)NC4C(=O)NC(C(C)C)C(=O)N5CCCC5C(=O)N(C)CC(=O)N(C)C(C(C)C)C(=O)OC4C)c3nc-2c(C(=O)NC2C(=O)NC(C(C)C)C(=O)N3CCCC3C(=O)N(C)CC(=O)N(C)C(C(C)C)C(=O)OC2C)c(N)c1=O,Cc1c2oc3c(C)ccc(C(=O)NC4C(=O)NC(C(C)C)C(=O)N5CCCC5C(=O)N(C)CC(=O)N(C)C(C(C)C)C(=O)OC4C)c3nc-2c(C(=O)NC2C(=O)NC(C(C)C)C(=O)N3CCCC3C(=O)N(C)CC(=O)N(C)C(C(C)C)C(=O)OC2C)c(N)c1=O,1,exact,0,0,B3DB_classification:2169,dactinomycin,Cc1c2oc3c(C)ccc(C(=O)NC4C(=O)NC(C(C)C)C(=O)N5CCCC5C(=O)N(C)CC(=O)N(C)C(C(C)C)C(=O)OC4C)c3nc-2c(C(=O)NC2C(=O)NC(C(C)C)C(=O)N3CCCC3C(=O)N(C)CC(=O)N(C)C(C(C)C)C(=O)OC2C)c(N)c1=O,B3DB_classification:2169,dactinomycin,Cc1c2oc3c(C)ccc(C(=O)NC4C(=O)NC(C(C)C)C(=O)N5CCCC5C(=O)N(C)CC(=O)N(C)C(C(C)C)C(=O)OC4C)c3nc-2c(C(=O)NC2C(=O)NC(C(C)C)C(=O)N3CCCC3C(=O)N(C)CC(=O)N(C)C(C(C)C)C(=O)OC2C)c(N)c1=O,,,
tdc_no_conflict_salt_removed,train,951,train:951,CC=CCC(C)C(O)C1C(=O)NC(CC)C(=O)N(C)CC(=O)N(C)C(CC(C)C)C(=O)NC(C(C)C)C(=O)N(C)C(CC(C)C)C(=O)NC(C)C(=O)NC(C)C(=O)N(C)C(CC(C)C)C(=O)N(C)C(CC(C)C)C(=O)N(C)C(C(C)C)C(=O)N1C,0,True,,CC=CCC(C)C(O)C1C(=O)NC(CC)C(=O)N(C)CC(=O)N(C)C(CC(C)C)C(=O)NC(C(C)C)C(=O)N(C)C(CC(C)C)C(=O)NC(C)C(=O)NC(C)C(=O)N(C)C(CC(C)C)C(=O)N(C)C(CC(C)C)C(=O)N(C)C(C(C)C)C(=O)N1C,CC=CCC(C)C(O)C1C(=O)NC(CC)C(=O)N(C)CC(=O)N(C)C(CC(C)C)C(=O)NC(C(C)C)C(=O)N(C)C(CC(C)C)C(=O)NC(C)C(=O)NC(C)C(=O)N(C)C(CC(C)C)C(=O)N(C)C(CC(C)C)C(=O)N(C)C(C(C)C)C(=O)N1C,1,exact,1,1,B3DB_classification:190,cyclosporin a,CC=CCC(C)C(O)C1C(=O)NC(CC)C(=O)N(C)CC(=O)N(C)C(CC(C)C)C(=O)NC(C(C)C)C(=O)N(C)C(CC(C)C)C(=O)NC(C)C(=O)NC(C)C(=O)N(C)C(CC(C)C)C(=O)N(C)C(CC(C)C)C(=O)N(C)C(C(C)C)C(=O)N1C,B3DB_classification:190,cyclosporin a,CC=CCC(C)C(O)C1C(=O)NC(CC)C(=O)N(C)CC(=O)N(C)C(CC(C)C)C(=O)NC(C(C)C)C(=O)N(C)C(CC(C)C)C(=O)NC(C)C(=O)NC(C)C(=O)N(C)C(CC(C)C)C(=O)N(C)C(CC(C)C)C(=O)N(C)C(C(C)C)C(=O)N1C,,,b3db_exact_label_mismatch|b3db_salt_removed_label_mismatch
tdc_no_conflict_salt_removed,train,952,train:952,Oc1ccc2c(c1)[C@@]13CCCC[C@@]1(O)[C@@H](C2)N(CC1CCC1)CC3,1,True,,Oc1ccc2c(c1)[C@@]13CCCC[C@@]1(O)[C@@H](C2)N(CC1CCC1)CC3,Oc1ccc2c(c1)[C@@]13CCCC[C@@]1(O)[C@@H](C2)N(CC1CCC1)CC3,1,exact,1,1,B3DB_classification:2557,butorphanol,Oc1ccc2c(c1)[C@@]13CCCC[C@@]1(O)[C@@H](C2)N(CC1CCC1)CC3,B3DB_classification:2557,butorphanol,Oc1ccc2c(c1)[C@@]13CCCC[C@@]1(O)[C@@H](C2)N(CC1CCC1)CC3,,,
tdc_no_conflict_salt_removed,train,953,train:953,CN1C(CC(=O)c2ccccc2)CCCC1CC(O)c1ccccc1,1,True,,CN1C(CC(=O)c2ccccc2)CCCC1CC(O)c1ccccc1,CN1C(CC(=O)c2ccccc2)CCCC1CC(O)c1ccccc1,1,exact,1,1,B3DB_classification:1816,lobeline,CN1C(CC(=O)c2ccccc2)CCCC1CC(O)c1ccccc1,B3DB_classification:1816,lobeline,CN1C(CC(=O)c2ccccc2)CCCC1CC(O)c1ccccc1,,,
tdc_no_conflict_salt_removed,train,954,train:954,CC1(C)CC(=O)N(CCCCN2CCN(c3ncccn3)CC2)C(=O)C1,1,True,,CC1(C)CC(=O)N(CCCCN2CCN(c3ncccn3)CC2)C(=O)C1,CC1(C)CC(=O)N(CCCCN2CCN(c3ncccn3)CC2)C(=O)C1,1,exact,1,1,B3DB_classification:1324,gepirone,CC1(C)CC(=O)N(CCCCN2CCN(c3ncccn3)CC2)C(=O)C1,B3DB_classification:1324,gepirone,CC1(C)CC(=O)N(CCCCN2CCN(c3ncccn3)CC2)C(=O)C1,,,
tdc_no_conflict_salt_removed,train,955,train:955,CN(C(=O)Cc1ccc(Cl)c(Cl)c1)C1CCCC[C@H]1N1CCCC1,1,True,,CN(C(=O)Cc1ccc(Cl)c(Cl)c1)C1CCCC[C@H]1N1CCCC1,CN(C(=O)Cc1ccc(Cl)c(Cl)c1)C1CCCC[C@H]1N1CCCC1,1,exact,1,1,B3DB_classification:1714,u50488,CN(C(=O)Cc1ccc(Cl)c(Cl)c1)C1CCCC[C@H]1N1CCCC1,B3DB_classification:1714,u50488,CN(C(=O)Cc1ccc(Cl)c(Cl)c1)C1CCCC[C@H]1N1CCCC1,,,
tdc_no_conflict_salt_removed,train,956,train:956,CO[C@@H]1[C@@H](O[C@@H]2O[C@H](C)[C@@H](O[C@H]3C[C@@](C)(O)[C@@H](OC(=O)CC(C)C)[C@H](C)O3)[C@H](N(C)C)[C@H]2O)[C@@H](CC=O)C[C@@H](C)[C@@H](O)/C=C/C=C/C[C@@H](C)OC(=O)C[C@H]1OC(C)=O,0,True,,CO[C@@H]1[C@@H](O[C@@H]2O[C@H](C)[C@@H](O[C@H]3C[C@@](C)(O)[C@@H](OC(=O)CC(C)C)[C@H](C)O3)[C@H](N(C)C)[C@H]2O)[C@@H](CC=O)C[C@@H](C)[C@@H](O)/C=C/C=C/C[C@@H](C)OC(=O)C[C@H]1OC(C)=O,CO[C@@H]1[C@@H](O[C@@H]2O[C@H](C)[C@@H](O[C@H]3C[C@@](C)(O)[C@@H](OC(=O)CC(C)C)[C@H](C)O3)[C@H](N(C)C)[C@H]2O)[C@@H](CC=O)C[C@@H](C)[C@@H](O)/C=C/C=C/C[C@@H](C)OC(=O)C[C@H]1OC(C)=O,1,exact,0,0,B3DB_classification:2002,josamycin,CO[C@@H]1[C@@H](O[C@@H]2O[C@H](C)[C@@H](O[C@H]3C[C@@](C)(O)[C@@H](OC(=O)CC(C)C)[C@H](C)O3)[C@H](N(C)C)[C@H]2O)[C@@H](CC=O)C[C@@H](C)[C@@H](O)/C=C/C=C/C[C@@H](C)OC(=O)C[C@H]1OC(C)=O,B3DB_classification:2002,josamycin,CO[C@@H]1[C@@H](O[C@@H]2O[C@H](C)[C@@H](O[C@H]3C[C@@](C)(O)[C@@H](OC(=O)CC(C)C)[C@H](C)O3)[C@H](N(C)C)[C@H]2O)[C@@H](CC=O)C[C@@H](C)[C@@H](O)/C=C/C=C/C[C@@H](C)OC(=O)C[C@H]1OC(C)=O,,,
tdc_no_conflict_salt_removed,train,957,train:957,CCC(=O)OC1CC(=O)OC(C)C/C=C/C=C\C(O)C(C)CC(CC=O)C(O[C@@H]2O[C@H](C)[C@@H](O[C@H]3C[C@@](C)(O)[C@H](OC(=O)CC)[C@@H](C)O3)[C@H](N(C)C)[C@H]2O)C1OC,0,True,,CCC(=O)OC1CC(=O)OC(C)C/C=C/C=C\C(O)C(C)CC(CC=O)C(O[C@@H]2O[C@H](C)[C@@H](O[C@H]3C[C@@](C)(O)[C@H](OC(=O)CC)[C@@H](C)O3)[C@H](N(C)C)[C@H]2O)C1OC,CCC(=O)OC1CC(=O)OC(C)C/C=C/C=C\C(O)C(C)CC(CC=O)C(O[C@@H]2O[C@H](C)[C@@H](O[C@H]3C[C@@](C)(O)[C@H](OC(=O)CC)[C@@H](C)O3)[C@H](N(C)C)[C@H]2O)C1OC,1,exact,0,0,B3DB_classification:1427,midecamycin,CCC(=O)OC1CC(=O)OC(C)C/C=C/C=C\C(O)C(C)CC(CC=O)C(O[C@@H]2O[C@H](C)[C@@H](O[C@H]3C[C@@](C)(O)[C@H](OC(=O)CC)[C@@H](C)O3)[C@H](N(C)C)[C@H]2O)C1OC,B3DB_classification:1427,midecamycin,CCC(=O)OC1CC(=O)OC(C)C/C=C/C=C\C(O)C(C)CC(CC=O)C(O[C@@H]2O[C@H](C)[C@@H](O[C@H]3C[C@@](C)(O)[C@H](OC(=O)CC)[C@@H](C)O3)[C@H](N(C)C)[C@H]2O)C1OC,,,
tdc_no_conflict_salt_removed,train,958,train:958,Nc1nc(=O)c2c([nH]1)NCC(CNc1ccc(C(=O)N[C@@H](CCC(=O)[O-])C(=O)[O-])cc1)N2C=O,1,True,,Nc1nc(=O)c2c([nH]1)NCC(CNc1ccc(C(=O)N[C@@H](CCC(=O)[O-])C(=O)[O-])cc1)N2C=O,Nc1nc(=O)c2c([nH]1)NCC(CNc1ccc(C(=O)N[C@@H](CCC(=O)[O-])C(=O)[O-])cc1)N2C=O,1,unmatched,,,,,,,,,,,
tdc_no_conflict_salt_removed,train,959,train:959,COc1ccccc1N1CCN(CCCC(=O)c2ccc(F)cc2)CC1,1,True,,COc1ccccc1N1CCN(CCCC(=O)c2ccc(F)cc2)CC1,COc1ccccc1N1CCN(CCCC(=O)c2ccc(F)cc2)CC1,1,exact,1,1,B3DB_classification:2080,fluanisone,COc1ccccc1N1CCN(CCCC(=O)c2ccc(F)cc2)CC1,B3DB_classification:2080,fluanisone,COc1ccccc1N1CCN(CCCC(=O)c2ccc(F)cc2)CC1,,,
tdc_no_conflict_salt_removed,train,960,train:960,CC(Cc1ccc(O)cc1)NCC(O)c1cc(O)cc(O)c1,0,True,,CC(Cc1ccc(O)cc1)NCC(O)c1cc(O)cc(O)c1,CC(Cc1ccc(O)cc1)NCC(O)c1cc(O)cc(O)c1,1,exact,0,0,B3DB_classification:1301,fenoterol,CC(Cc1ccc(O)cc1)NCC(O)c1cc(O)cc(O)c1,B3DB_classification:1301,fenoterol,CC(Cc1ccc(O)cc1)NCC(O)c1cc(O)cc(O)c1,,,
tdc_no_conflict_salt_removed,train,961,train:961,CC[C@H](NC(=O)c1c(Cn2ccnc2)c(-c2ccccc2)nc2ccccc12)c1ccccc1,0,True,,CC[C@H](NC(=O)c1c(Cn2ccnc2)c(-c2ccccc2)nc2ccccc12)c1ccccc1,CC[C@H](NC(=O)c1c(Cn2ccnc2)c(-c2ccccc2)nc2ccccc12)c1ccccc1,1,exact,0,0,B3DB_classification:1670,skb-i,CC[C@H](NC(=O)c1c(Cn2ccnc2)c(-c2ccccc2)nc2ccccc12)c1ccccc1,B3DB_classification:1670,skb-i,CC[C@H](NC(=O)c1c(Cn2ccnc2)c(-c2ccccc2)nc2ccccc12)c1ccccc1,,,
tdc_no_conflict_salt_removed,train,962,train:962,O=C(O)CN1C(=O)c2cccc3cccc(c23)C1=O,1,True,,O=C(O)CN1C(=O)c2cccc3cccc(c23)C1=O,O=C(O)CN1C(=O)c2cccc3cccc(c23)C1=O,1,exact,1,1,B3DB_classification:2414,alrestatin,O=C(O)CN1C(=O)c2cccc3cccc(c23)C1=O,B3DB_classification:2414,alrestatin,O=C(O)CN1C(=O)c2cccc3cccc(c23)C1=O,,,
tdc_no_conflict_salt_removed,train,963,train:963,CNCCSC1=Cc2cc(F)ccc2Oc2ccccc21,1,True,,CNCCSC1=Cc2cc(F)ccc2Oc2ccccc21,CNCCSC1=Cc2cc(F)ccc2Oc2ccccc21,1,exact,1,1,B3DB_classification:1927,fluradoline,CNCCSC1=Cc2cc(F)ccc2Oc2ccccc21,B3DB_classification:1927,fluradoline,CNCCSC1=Cc2cc(F)ccc2Oc2ccccc21,,,
tdc_no_conflict_salt_removed,train,964,train:964,Cc1cccc(C)c1NC(=O)c1ccc(N)cc1,1,True,,Cc1cccc(C)c1NC(=O)c1ccc(N)cc1,Cc1cccc(C)c1NC(=O)c1ccc(N)cc1,1,exact,1,1,B3DB_classification:2195,ameltolide,Cc1cccc(C)c1NC(=O)c1ccc(N)cc1,B3DB_classification:2195,ameltolide,Cc1cccc(C)c1NC(=O)c1ccc(N)cc1,,,
tdc_no_conflict_salt_removed,train,965,train:965,CCN(CC)c1ccc(NC(=O)c2ccccc2N)c(C)c1,1,True,,CCN(CC)c1ccc(NC(=O)c2ccccc2N)c(C)c1,CCN(CC)c1ccc(NC(=O)c2ccccc2N)c(C)c1,1,exact,1,1,B3DB_classification:1606,atolide,CCN(CC)c1ccc(NC(=O)c2ccccc2N)c(C)c1,B3DB_classification:1606,atolide,CCN(CC)c1ccc(NC(=O)c2ccccc2N)c(C)c1,,,
tdc_no_conflict_salt_removed,train,966,train:966,CCCC[C@@H]1CC(=O)[C@]2(O)O[C@@H]3[C@@H](NC)[C@@H](O)[C@@H](NC)[C@H](O)[C@H]3O[C@@H]2O1,0,True,,CCCC[C@@H]1CC(=O)[C@]2(O)O[C@@H]3[C@@H](NC)[C@@H](O)[C@@H](NC)[C@H](O)[C@H]3O[C@@H]2O1,CCCC[C@@H]1CC(=O)[C@]2(O)O[C@@H]3[C@@H](NC)[C@@H](O)[C@@H](NC)[C@H](O)[C@H]3O[C@@H]2O1,1,exact,0,0,B3DB_classification:1554,trospectomycin,CCCC[C@@H]1CC(=O)[C@]2(O)O[C@@H]3[C@@H](NC)[C@@H](O)[C@@H](NC)[C@H](O)[C@H]3O[C@@H]2O1,B3DB_classification:1554,trospectomycin,CCCC[C@@H]1CC(=O)[C@]2(O)O[C@@H]3[C@@H](NC)[C@@H](O)[C@@H](NC)[C@H](O)[C@H]3O[C@@H]2O1,,,
tdc_no_conflict_salt_removed,train,967,train:967,Clc1ccccc1C(c1ccccc1)(c1ccccc1)n1ccnc1,0,True,,Clc1ccccc1C(c1ccccc1)(c1ccccc1)n1ccnc1,Clc1ccccc1C(c1ccccc1)(c1ccccc1)n1ccnc1,1,exact,0,0,B3DB_classification:2247,clotrimazole,Clc1ccccc1C(c1ccccc1)(c1ccccc1)n1ccnc1,B3DB_classification:2247,clotrimazole,Clc1ccccc1C(c1ccccc1)(c1ccccc1)n1ccnc1,,,
tdc_no_conflict_salt_removed,train,968,train:968,CCN[C@H](Cc1ccccc1)[C@H]1CCCO1,1,True,,CCN[C@H](Cc1ccccc1)[C@H]1CCCO1,CCN[C@H](Cc1ccccc1)[C@H]1CCCO1,1,exact,1,1,B3DB_classification:1627,zylofuramine,CCN[C@H](Cc1ccccc1)[C@H]1CCCO1,B3DB_classification:1627,zylofuramine,CCN[C@H](Cc1ccccc1)[C@H]1CCCO1,,,
tdc_no_conflict_salt_removed,train,969,train:969,OCCN1CCN(CC/C=C2/c3ccccc3Sc3ccc(Cl)cc32)CC1,1,True,,OCCN1CCN(CC/C=C2/c3ccccc3Sc3ccc(Cl)cc32)CC1,OCCN1CCN(CC/C=C2/c3ccccc3Sc3ccc(Cl)cc32)CC1,1,exact,1,1,B3DB_classification:2538,clopenthixol/zuclopenthixol,OCCN1CCN(CC/C=C2/c3ccccc3Sc3ccc(Cl)cc32)CC1,B3DB_classification:2538,clopenthixol/zuclopenthixol,OCCN1CCN(CC/C=C2/c3ccccc3Sc3ccc(Cl)cc32)CC1,,,
tdc_no_conflict_salt_removed,train,970,train:970,CNC(=O)CCN1CCN(CCC=C2c3ccccc3Sc3ccc(Cl)cc32)CC1,1,True,,CNC(=O)CCN1CCN(CCC=C2c3ccccc3Sc3ccc(Cl)cc32)CC1,CNC(=O)CCN1CCN(CCC=C2c3ccccc3Sc3ccc(Cl)cc32)CC1,1,exact,1,1,B3DB_classification:1896,clothixamide,CNC(=O)CCN1CCN(CCC=C2c3ccccc3Sc3ccc(Cl)cc32)CC1,B3DB_classification:1896,clothixamide,CNC(=O)CCN1CCN(CCC=C2c3ccccc3Sc3ccc(Cl)cc32)CC1,,,
tdc_no_conflict_salt_removed,train,971,train:971,OCCN1CCN(CC/C=C2/c3ccccc3Sc3ccc(C(F)(F)F)cc32)CC1,1,True,,OCCN1CCN(CC/C=C2/c3ccccc3Sc3ccc(C(F)(F)F)cc32)CC1,OCCN1CCN(CC/C=C2/c3ccccc3Sc3ccc(C(F)(F)F)cc32)CC1,1,exact,1,1,B3DB_classification:2537,flupentixol,OCCN1CCN(CC/C=C2/c3ccccc3Sc3ccc(C(F)(F)F)cc32)CC1,B3DB_classification:2537,flupentixol,OCCN1CCN(CC/C=C2/c3ccccc3Sc3ccc(C(F)(F)F)cc32)CC1,,,
tdc_no_conflict_salt_removed,train,972,train:972,CN1CCN(CC/C=C2\c3ccccc3Sc3ccc(S(=O)(=O)N(C)C)cc32)CC1,1,True,,CN1CCN(CC/C=C2\c3ccccc3Sc3ccc(S(=O)(=O)N(C)C)cc32)CC1,CN1CCN(CC/C=C2\c3ccccc3Sc3ccc(S(=O)(=O)N(C)C)cc32)CC1,1,exact,1,1,B3DB_classification:1854,trans-thiothixene,CN1CCN(CC/C=C2\c3ccccc3Sc3ccc(S(=O)(=O)N(C)C)cc32)CC1,B3DB_classification:1854,trans-thiothixene,CN1CCN(CC/C=C2\c3ccccc3Sc3ccc(S(=O)(=O)N(C)C)cc32)CC1,,,
tdc_no_conflict_salt_removed,train,973,train:973,O=C(COc1ccc(Cl)cc1)OCCNC12CC3CC(CC(C3)C1)C2,1,True,,O=C(COc1ccc(Cl)cc1)OCCNC12CC3CC(CC(C3)C1)C2,O=C(COc1ccc(Cl)cc1)OCCNC12CC3CC(CC(C3)C1)C2,1,exact,1,1,B3DB_classification:2384,adafenoxate,O=C(COc1ccc(Cl)cc1)OCCNC12CC3CC(CC(C3)C1)C2,B3DB_classification:2384,adafenoxate,O=C(COc1ccc(Cl)cc1)OCCNC12CC3CC(CC(C3)C1)C2,,,
tdc_no_conflict_salt_removed,train,974,train:974,CC(=O)O[C@H]1C[C@@]2(C)[C@@H](C[C@@H](O)[C@H]3[C@@]4(C)CC[C@@H](O)[C@@H](C)[C@@H]4CC[C@@]32C)/C1=C(\CCC=C(C)C)C(=O)O,0,True,,CC(=O)O[C@H]1C[C@@]2(C)[C@@H](C[C@@H](O)[C@H]3[C@@]4(C)CC[C@@H](O)[C@@H](C)[C@@H]4CC[C@@]32C)/C1=C(\CCC=C(C)C)C(=O)O,CC(=O)O[C@H]1C[C@@]2(C)[C@@H](C[C@@H](O)[C@H]3[C@@]4(C)CC[C@@H](O)[C@@H](C)[C@@H]4CC[C@@]32C)/C1=C(\CCC=C(C)C)C(=O)O,1,exact,0,0,B3DB_classification:1201,fusidic acid,CC(=O)O[C@H]1C[C@@]2(C)[C@@H](C[C@@H](O)[C@H]3[C@@]4(C)CC[C@@H](O)[C@@H](C)[C@@H]4CC[C@@]32C)/C1=C(\CCC=C(C)C)C(=O)O,B3DB_classification:1201,fusidic acid,CC(=O)O[C@H]1C[C@@]2(C)[C@@H](C[C@@H](O)[C@H]3[C@@]4(C)CC[C@@H](O)[C@@H](C)[C@@H]4CC[C@@]32C)/C1=C(\CCC=C(C)C)C(=O)O,,,
tdc_no_conflict_salt_removed,train,975,train:975,CN1CCc2cccc3c2[C@H]1Cc1ccc(O)c(O)c1-3,1,True,,CN1CCc2cccc3c2[C@H]1Cc1ccc(O)c(O)c1-3,CN1CCc2cccc3c2[C@H]1Cc1ccc(O)c(O)c1-3,1,exact,1,1,B3DB_classification:1879,apomorphine,CN1CCc2cccc3c2[C@H]1Cc1ccc(O)c(O)c1-3,B3DB_classification:1879,apomorphine,CN1CCc2cccc3c2[C@H]1Cc1ccc(O)c(O)c1-3,,,
tdc_no_conflict_salt_removed,train,976,train:976,CN1CCN2c3ccccc3Cc3ccccc3C2C1,1,True,,CN1CCN2c3ccccc3Cc3ccccc3C2C1,CN1CCN2c3ccccc3Cc3ccccc3C2C1,1,exact,1,1,B3DB_classification:988,24219-97-4,CN1CCN2c3ccccc3Cc3ccccc3C2C1,B3DB_classification:988,24219-97-4,CN1CCN2c3ccccc3Cc3ccccc3C2C1,,,
tdc_no_conflict_salt_removed,train,977,train:977,COc1ccc2c(c1)N(CCC1CCCCN1C)c1ccccc1S2,1,True,,COc1ccc2c(c1)N(CCC1CCCCN1C)c1ccccc1S2,COc1ccc2c(c1)N(CCC1CCCCN1C)c1ccccc1S2,1,exact,1,1,B3DB_classification:2061,oxyridazine,COc1ccc2c(c1)N(CCC1CCCCN1C)c1ccccc1S2,B3DB_classification:2061,oxyridazine,COc1ccc2c(c1)N(CCC1CCCCN1C)c1ccccc1S2,,,
tdc_no_conflict_salt_removed,train,978,train:978,CSc1ccc2c(c1)N(CCC1CCCCN1C)c1ccccc1S2,1,True,,CSc1ccc2c(c1)N(CCC1CCCCN1C)c1ccccc1S2,CSc1ccc2c(c1)N(CCC1CCCCN1C)c1ccccc1S2,1,exact,1,1,B3DB_classification:661,thioridazine,CSc1ccc2c(c1)N(CCC1CCCCN1C)c1ccccc1S2,B3DB_classification:661,thioridazine,CSc1ccc2c(c1)N(CCC1CCCCN1C)c1ccccc1S2,,,
tdc_no_conflict_salt_removed,train,979,train:979,CN1CCCCC1CCN1c2ccccc2Sc2ccc(S(C)=O)cc21,1,True,,CN1CCCCC1CCN1c2ccccc2Sc2ccc(S(C)=O)cc21,CN1CCCCC1CCN1c2ccccc2Sc2ccc(S(C)=O)cc21,1,unmatched,,,,,,,,,,,
tdc_no_conflict_salt_removed,train,980,train:980,CN1CCCCC1CCN1c2ccccc2Sc2ccc(S(C)(=O)=O)cc21,1,True,,CN1CCCCC1CCN1c2ccccc2Sc2ccc(S(C)(=O)=O)cc21,CN1CCCCC1CCN1c2ccccc2Sc2ccc(S(C)(=O)=O)cc21,1,exact,1,1,B3DB_classification:663,sulforidazine,CN1CCCCC1CCN1c2ccccc2Sc2ccc(S(C)(=O)=O)cc21,B3DB_classification:663,sulforidazine,CN1CCCCC1CCN1c2ccccc2Sc2ccc(S(C)(=O)=O)cc21,,,
tdc_no_conflict_salt_removed,train,981,train:981,COc1cc2c(cc1OC)C(=O)C(CC1CCN(Cc3ccccc3)CC1)C2,1,True,,COc1cc2c(cc1OC)C(=O)C(CC1CCN(Cc3ccccc3)CC1)C2,COc1cc2c(cc1OC)C(=O)C(CC1CCN(Cc3ccccc3)CC1)C2,1,exact,1,1,B3DB_classification:954,donepezil,COc1cc2c(cc1OC)C(=O)C(CC1CCN(Cc3ccccc3)CC1)C2,B3DB_classification:954,donepezil,COc1cc2c(cc1OC)C(=O)C(CC1CCN(Cc3ccccc3)CC1)C2,,,
tdc_no_conflict_salt_removed,train,982,train:982,OC[C@@H](O)[C@H]1OC2O[C@H](C(Cl)(Cl)Cl)O[C@@H]2[C@H]1O,1,True,,OC[C@@H](O)[C@H]1OC2O[C@H](C(Cl)(Cl)Cl)O[C@@H]2[C@H]1O,OC[C@@H](O)[C@H]1OC2O[C@H](C(Cl)(Cl)Cl)O[C@@H]2[C@H]1O,1,exact,1,1,B3DB_classification:2546,chloralose,OC[C@@H](O)[C@H]1OC2O[C@H](C(Cl)(Cl)Cl)O[C@@H]2[C@H]1O,B3DB_classification:2546,chloralose,OC[C@@H](O)[C@H]1OC2O[C@H](C(Cl)(Cl)Cl)O[C@@H]2[C@H]1O,,,
tdc_no_conflict_salt_removed,train,983,train:983,c1csc(Cc2ccccc2OCC2CNCCO2)c1,1,True,,c1csc(Cc2ccccc2OCC2CNCCO2)c1,c1csc(Cc2ccccc2OCC2CNCCO2)c1,1,exact,1,1,B3DB_classification:2582,teniloxazine,c1csc(Cc2ccccc2OCC2CNCCO2)c1,B3DB_classification:2582,teniloxazine,c1csc(Cc2ccccc2OCC2CNCCO2)c1,,,
tdc_no_conflict_salt_removed,train,984,train:984,Cn1nnnc1SCC1=C(C(=O)O)N2C(=O)[C@@H](NC(=O)CS/C=C\C#N)[C@H]2SC1,0,True,,Cn1nnnc1SCC1=C(C(=O)O)N2C(=O)[C@@H](NC(=O)CS/C=C\C#N)[C@H]2SC1,Cn1nnnc1SCC1=C(C(=O)O)N2C(=O)[C@@H](NC(=O)CS/C=C\C#N)[C@H]2SC1,1,exact,0,0,B3DB_classification:2255,cefivitril,Cn1nnnc1SCC1=C(C(=O)O)N2C(=O)[C@@H](NC(=O)CS/C=C\C#N)[C@H]2SC1,B3DB_classification:2255,cefivitril,Cn1nnnc1SCC1=C(C(=O)O)N2C(=O)[C@@H](NC(=O)CS/C=C\C#N)[C@H]2SC1,,,
tdc_no_conflict_salt_removed,train,985,train:985,CO[C@@]1(NC(=O)CSCC#N)C(=O)N2C(C(=O)O)=C(CSc3nnnn3C)CS[C@@H]21,0,True,,CO[C@@]1(NC(=O)CSCC#N)C(=O)N2C(C(=O)O)=C(CSc3nnnn3C)CS[C@@H]21,CO[C@@]1(NC(=O)CSCC#N)C(=O)N2C(C(=O)O)=C(CSc3nnnn3C)CS[C@@H]21,1,exact,0,0,B3DB_classification:2006,cefmetazole,CO[C@@]1(NC(=O)CSCC#N)C(=O)N2C(C(=O)O)=C(CSc3nnnn3C)CS[C@@H]21,B3DB_classification:2006,cefmetazole,CO[C@@]1(NC(=O)CSCC#N)C(=O)N2C(C(=O)O)=C(CSc3nnnn3C)CS[C@@H]21,,,
tdc_no_conflict_salt_removed,train,986,train:986,CO[C@@]1(NC(=O)CSC[C@@H](N)C(=O)O)C(=O)N2C(C(=O)O)=C(CSc3nnnn3C)CS[C@@H]21,0,True,,CO[C@@]1(NC(=O)CSC[C@@H](N)C(=O)O)C(=O)N2C(C(=O)O)=C(CSc3nnnn3C)CS[C@@H]21,CO[C@@]1(NC(=O)CSC[C@@H](N)C(=O)O)C(=O)N2C(C(=O)O)=C(CSc3nnnn3C)CS[C@@H]21,1,exact,0,0,B3DB_classification:2007,cefminox,CO[C@@]1(NC(=O)CSC[C@@H](N)C(=O)O)C(=O)N2C(C(=O)O)=C(CSc3nnnn3C)CS[C@@H]21,B3DB_classification:2007,cefminox,CO[C@@]1(NC(=O)CSC[C@@H](N)C(=O)O)C(=O)N2C(C(=O)O)=C(CSc3nnnn3C)CS[C@@H]21,,,
tdc_no_conflict_salt_removed,train,987,train:987,Cn1nnnc1SCC1=C(C(=O)[O-])N2C(=O)[C@@H](NC(=O)CSC(F)(F)F)[C@H]2SC1,0,True,,Cn1nnnc1SCC1=C(C(=O)[O-])N2C(=O)[C@@H](NC(=O)CSC(F)(F)F)[C@H]2SC1,Cn1nnnc1SCC1=C(C(=O)[O-])N2C(=O)[C@@H](NC(=O)CSC(F)(F)F)[C@H]2SC1,1,unmatched,,,,,,,,,,,
tdc_no_conflict_salt_removed,train,988,train:988,CC1OC(C)OC(C)O1,1,True,,CC1OC(C)OC(C)O1,CC1OC(C)OC(C)O1,1,exact,1,1,B3DB_classification:1406,paraldehyde,CC1OC(C)OC(C)O1,B3DB_classification:1406,paraldehyde,CC1OC(C)OC(C)O1,,,
tdc_no_conflict_salt_removed,train,989,train:989,OCCN1C=CN(CCCN2c3ccccc3C=Cc3ccccc32)C=CC1,1,True,,OCCN1C=CN(CCCN2c3ccccc3C=Cc3ccccc32)C=CC1,OCCN1C=CN(CCCN2c3ccccc3C=Cc3ccccc32)C=CC1,1,exact,1,1,B3DB_classification:2533,homopipramol,OCCN1C=CN(CCCN2c3ccccc3C=Cc3ccccc32)C=CC1,B3DB_classification:2533,homopipramol,OCCN1C=CN(CCCN2c3ccccc3C=Cc3ccccc32)C=CC1,,,
tdc_no_conflict_salt_removed,train,990,train:990,CC1(C)SC2C(NC(=O)CSc3ccccc3)C(=O)N2C1C(=O)O,0,True,,CC1(C)SC2C(NC(=O)CSc3ccccc3)C(=O)N2C1C(=O)O,CC1(C)SC2C(NC(=O)CSc3ccccc3)C(=O)N2C1C(=O)O,1,exact,0,0,B3DB_classification:1343,thiphencillin,CC1(C)SC2C(NC(=O)CSc3ccccc3)C(=O)N2C1C(=O)O,B3DB_classification:1343,thiphencillin,CC1(C)SC2C(NC(=O)CSc3ccccc3)C(=O)N2C1C(=O)O,,,
tdc_no_conflict_salt_removed,train,991,train:991,CNCCC=C1c2ccccc2C(C)(C)c2ccccc21,1,True,,CNCCC=C1c2ccccc2C(C)(C)c2ccccc21,CNCCC=C1c2ccccc2C(C)(C)c2ccccc21,1,exact,1,1,B3DB_classification:1916,litracen,CNCCC=C1c2ccccc2C(C)(C)c2ccccc21,B3DB_classification:1916,litracen,CNCCC=C1c2ccccc2C(C)(C)c2ccccc21,,,
tdc_no_conflict_salt_removed,train,992,train:992,CN(C)CCC=C1c2ccccc2C(C)(C)c2ccccc21,1,True,,CN(C)CCC=C1c2ccccc2C(C)(C)c2ccccc21,CN(C)CCC=C1c2ccccc2C(C)(C)c2ccccc21,1,exact,1,1,B3DB_classification:1744,melitracen,CN(C)CCC=C1c2ccccc2C(C)(C)c2ccccc21,B3DB_classification:1744,melitracen,CN(C)CCC=C1c2ccccc2C(C)(C)c2ccccc21,,,
tdc_no_conflict_salt_removed,train,993,train:993,CCC(=O)O[C@]1(c2ccccc2)CCN(C)C[C@@H]1CC,1,True,,CCC(=O)O[C@]1(c2ccccc2)CCN(C)C[C@@H]1CC,CCC(=O)O[C@]1(c2ccccc2)CCN(C)C[C@@H]1CC,1,exact,1,1,B3DB_classification:1441,alphameprodine/betameprodine,CCC(=O)O[C@]1(c2ccccc2)CCN(C)C[C@@H]1CC,B3DB_classification:1441,alphameprodine/betameprodine,CCC(=O)O[C@]1(c2ccccc2)CCN(C)C[C@@H]1CC,,,
tdc_no_conflict_salt_removed,train,994,train:994,CCOC(=O)C1(c2ccccc2)CCN(C)CC1,1,True,,CCOC(=O)C1(c2ccccc2)CCN(C)CC1,CCOC(=O)C1(c2ccccc2)CCN(C)CC1,1,exact,1,1,B3DB_classification:941,meperidine,CCOC(=O)C1(c2ccccc2)CCN(C)CC1,B3DB_classification:941,meperidine,CCOC(=O)C1(c2ccccc2)CCN(C)CC1,,,
tdc_no_conflict_salt_removed,train,995,train:995,CCC[C@]1(c2cccc(O)c2)CCN(C)C[C@@H]1C,1,True,,CCC[C@]1(c2cccc(O)c2)CCN(C)C[C@@H]1C,CCC[C@]1(c2cccc(O)c2)CCN(C)C[C@@H]1C,1,exact,1,1,B3DB_classification:1576,picenadol,CCC[C@]1(c2cccc(O)c2)CCN(C)C[C@@H]1C,B3DB_classification:1576,picenadol,CCC[C@]1(c2cccc(O)c2)CCN(C)C[C@@H]1C,,,
tdc_no_conflict_salt_removed,train,996,train:996,CCCCCCN1CCC(C(=O)N(C)CC)(c2ccccc2)CC1,1,True,,CCCCCCN1CCC(C(=O)N(C)CC)(c2ccccc2)CC1,CCCCCCN1CCC(C(=O)N(C)CC)(c2ccccc2)CC1,1,exact,1,1,B3DB_classification:1534,sameridine,CCCCCCN1CCC(C(=O)N(C)CC)(c2ccccc2)CC1,B3DB_classification:1534,sameridine,CCCCCCN1CCC(C(=O)N(C)CC)(c2ccccc2)CC1,,,
tdc_no_conflict_salt_removed,train,997,train:997,CCOC(=O)C1(c2cccc(O)c2)CCN(C)CC1,1,True,,CCOC(=O)C1(c2cccc(O)c2)CCN(C)CC1,CCOC(=O)C1(c2cccc(O)c2)CCN(C)CC1,1,exact,1,1,B3DB_classification:1629,hydroxypethidine,CCOC(=O)C1(c2cccc(O)c2)CCN(C)CC1,B3DB_classification:1629,hydroxypethidine,CCOC(=O)C1(c2cccc(O)c2)CCN(C)CC1,,,
tdc_no_conflict_salt_removed,train,998,train:998,CCC(=O)C1(c2cccc(O)c2)CCN(C)CC1,1,True,,CCC(=O)C1(c2cccc(O)c2)CCN(C)CC1,CCC(=O)C1(c2cccc(O)c2)CCN(C)CC1,1,exact,1,1,B3DB_classification:1417,ketobemidone,CCC(=O)C1(c2cccc(O)c2)CCN(C)CC1,B3DB_classification:1417,ketobemidone,CCC(=O)C1(c2cccc(O)c2)CCN(C)CC1,,,
tdc_no_conflict_salt_removed,train,999,train:999,CCC(=O)OC1(c2ccccc2)CCN(C)CC1C,1,True,,CCC(=O)OC1(c2ccccc2)CCN(C)CC1C,CCC(=O)OC1(c2ccccc2)CCN(C)CC1C,1,exact,1,1,B3DB_classification:1426,alphaprodine (betaprodine),CCC(=O)OC1(c2ccccc2)CCN(C)CC1C,B3DB_classification:1426,alphaprodine (betaprodine),CCC(=O)OC1(c2ccccc2)CCN(C)CC1C,,,
tdc_no_conflict_salt_removed,train,1000,train:1000,Fc1ccc([C@@H]2CCNC[C@H]2COc2ccc3c(c2)OCO3)cc1,1,True,,Fc1ccc([C@@H]2CCNC[C@H]2COc2ccc3c(c2)OCO3)cc1,Fc1ccc([C@@H]2CCNC[C@H]2COc2ccc3c(c2)OCO3)cc1,1,exact,1,1,B3DB_classification:2266,paroxetine,Fc1ccc([C@@H]2CCNC[C@H]2COc2ccc3c(c2)OCO3)cc1,B3DB_classification:2266,paroxetine,Fc1ccc([C@@H]2CCNC[C@H]2COc2ccc3c(c2)OCO3)cc1,,,
tdc_no_conflict_salt_removed,train,1001,train:1001,NC(=O)CCCN/C(=C1\C=C(F)C=CC1=O)c1ccc(Cl)cc1,1,True,,NC(=O)CCCN/C(=C1\C=C(F)C=CC1=O)c1ccc(Cl)cc1,NC(=O)CCCN/C(=C1\C=C(F)C=CC1=O)c1ccc(Cl)cc1,1,unmatched,,,,,,,,,,,
tdc_no_conflict_salt_removed,train,1002,train:1002,CCCCN/C(=C1/C=C(Cl)C=CC1=O)c1ccccc1Cl,1,True,,CCCCN/C(=C1/C=C(Cl)C=CC1=O)c1ccccc1Cl,CCCCN/C(=C1/C=C(Cl)C=CC1=O)c1ccccc1Cl,1,unmatched,,,,,,,,,,,
tdc_no_conflict_salt_removed,train,1003,train:1003,Clc1ccccc1C1=NCc2nnc(C3CCCCC3)n2-c2sc(Br)cc21,1,True,,Clc1ccccc1C1=NCc2nnc(C3CCCCC3)n2-c2sc(Br)cc21,Clc1ccccc1C1=NCc2nnc(C3CCCCC3)n2-c2sc(Br)cc21,1,exact,1,1,B3DB_classification:2248,ciclotizolam,Clc1ccccc1C1=NCc2nnc(C3CCCCC3)n2-c2sc(Br)cc21,B3DB_classification:2248,ciclotizolam,Clc1ccccc1C1=NCc2nnc(C3CCCCC3)n2-c2sc(Br)cc21,,,
tdc_no_conflict_salt_removed,train,1004,train:1004,NCCn1ncc2cc(Cl)c(Cl)cc21,1,True,,NCCn1ncc2cc(Cl)c(Cl)cc21,NCCn1ncc2cc(Cl)c(Cl)cc21,1,exact,1,1,B3DB_classification:630,"2-(5,6-dichloroindazol-1-yl)ethanamine",NCCn1ncc2cc(Cl)c(Cl)cc21,B3DB_classification:630,"2-(5,6-dichloroindazol-1-yl)ethanamine",NCCn1ncc2cc(Cl)c(Cl)cc21,,,
tdc_no_conflict_salt_removed,train,1005,train:1005,Cc1ccc(Cc2cnc(NCCSCc3ccc(C(C)(C)N)o3)[nH]c2=O)cn1,0,True,,Cc1ccc(Cc2cnc(NCCSCc3ccc(C(C)(C)N)o3)[nH]c2=O)cn1,Cc1ccc(Cc2cnc(NCCSCc3ccc(C(C)(C)N)o3)[nH]c2=O)cn1,1,exact,0,0,B3DB_classification:123,lupitidine,Cc1ccc(Cc2cnc(NCCSCc3ccc(C(C)(C)N)o3)[nH]c2=O)cn1,B3DB_classification:123,lupitidine,Cc1ccc(Cc2cnc(NCCSCc3ccc(C(C)(C)N)o3)[nH]c2=O)cn1,,,
tdc_no_conflict_salt_removed,train,1006,train:1006,CN1CCCc2cccc(OCC3CNCCO3)c21,1,True,,CN1CCCc2cccc(OCC3CNCCO3)c21,CN1CCCc2cccc(OCC3CNCCO3)c21,1,exact,1,1,B3DB_classification:1840,dabelotine,CN1CCCc2cccc(OCC3CNCCO3)c21,B3DB_classification:1840,dabelotine,CN1CCCc2cccc(OCC3CNCCO3)c21,,,
tdc_no_conflict_salt_removed,train,1007,train:1007,CCC1(c2ccccc2)OCC(C2CCCCN2)O1,1,True,,CCC1(c2ccccc2)OCC(C2CCCCN2)O1,CCC1(c2ccccc2)OCC(C2CCCCN2)O1,1,exact,1,1,B3DB_classification:1484,etoxadrol,CCC1(c2ccccc2)OCC(C2CCCCN2)O1,B3DB_classification:1484,etoxadrol,CCC1(c2ccccc2)OCC(C2CCCCN2)O1,,,
tdc_no_conflict_salt_removed,train,1008,train:1008,CN1CCN(C2Cc3ccccc3Sc3ccc(Cl)cc32)CC1,1,True,,CN1CCN(C2Cc3ccccc3Sc3ccc(Cl)cc32)CC1,CN1CCN(C2Cc3ccccc3Sc3ccc(Cl)cc32)CC1,1,exact,1,1,B3DB_classification:1852,clorotepine,CN1CCN(C2Cc3ccccc3Sc3ccc(Cl)cc32)CC1,B3DB_classification:1852,clorotepine,CN1CCN(C2Cc3ccccc3Sc3ccc(Cl)cc32)CC1,,,
tdc_no_conflict_salt_removed,train,1009,train:1009,CSc1ccc2c(c1)C(N1CCN(C)CC1)Cc1ccccc1S2,1,True,,CSc1ccc2c(c1)C(N1CCN(C)CC1)Cc1ccccc1S2,CSc1ccc2c(c1)C(N1CCN(C)CC1)Cc1ccccc1S2,1,exact,1,1,B3DB_classification:2095,metitepine(methiothepin),CSc1ccc2c(c1)C(N1CCN(C)CC1)Cc1ccccc1S2,B3DB_classification:2095,metitepine(methiothepin),CSc1ccc2c(c1)C(N1CCN(C)CC1)Cc1ccccc1S2,,,
tdc_no_conflict_salt_removed,train,1010,train:1010,CC12CCC(CC1=O)C2(C)C,1,True,,CC12CCC(CC1=O)C2(C)C,CC12CCC(CC1=O)C2(C)C,1,exact,1,1,B3DB_classification:1377,camphor,CC12CCC(CC1=O)C2(C)C,B3DB_classification:1377,camphor,CC12CCC(CC1=O)C2(C)C,,,
tdc_no_conflict_salt_removed,train,1011,train:1011,CC1(C)CCN(C(=O)Cc2ccc(Cl)c(Cl)c2)[C@@H](CN2CCCC2)C1,1,True,,CC1(C)CCN(C(=O)Cc2ccc(Cl)c(Cl)c2)[C@@H](CN2CCCC2)C1,CC1(C)CCN(C(=O)Cc2ccc(Cl)c(Cl)c2)[C@@H](CN2CCCC2)C1,1,exact,1,1,B3DB_classification:1325,brl-53087,CC1(C)CCN(C(=O)Cc2ccc(Cl)c(Cl)c2)[C@@H](CN2CCCC2)C1,B3DB_classification:1325,brl-53087,CC1(C)CCN(C(=O)Cc2ccc(Cl)c(Cl)c2)[C@@H](CN2CCCC2)C1,,,
tdc_no_conflict_salt_removed,train,1012,train:1012,O=C(Cc1ccc(Cl)c(Cl)c1)N1CCCC[C@H]1CN1CCCC1,1,True,,O=C(Cc1ccc(Cl)c(Cl)c1)N1CCCC[C@H]1CN1CCCC1,O=C(Cc1ccc(Cl)c(Cl)c1)N1CCCC[C@H]1CN1CCCC1,1,exact,1,1,B3DB_classification:2386,brl-52537,O=C(Cc1ccc(Cl)c(Cl)c1)N1CCCC[C@H]1CN1CCCC1,B3DB_classification:2386,brl-52537,O=C(Cc1ccc(Cl)c(Cl)c1)N1CCCC[C@H]1CN1CCCC1,,,
tdc_no_conflict_salt_removed,train,1013,train:1013,O=C(Cc1ccc(C(F)(F)F)cc1)N1CCCC[C@H]1CN1CCCC1,1,True,,O=C(Cc1ccc(C(F)(F)F)cc1)N1CCCC[C@H]1CN1CCCC1,O=C(Cc1ccc(C(F)(F)F)cc1)N1CCCC[C@H]1CN1CCCC1,1,exact,1,1,B3DB_classification:2385,brl52656,O=C(Cc1ccc(C(F)(F)F)cc1)N1CCCC[C@H]1CN1CCCC1,B3DB_classification:2385,brl52656,O=C(Cc1ccc(C(F)(F)F)cc1)N1CCCC[C@H]1CN1CCCC1,,,
tdc_no_conflict_salt_removed,train,1014,train:1014,COC1=CC=C2[C@H]3Cc4ccc(OC)c5c4[C@@]2(CCN3C)[C@H]1O5,1,True,,COC1=CC=C2[C@H]3Cc4ccc(OC)c5c4[C@@]2(CCN3C)[C@H]1O5,COC1=CC=C2[C@H]3Cc4ccc(OC)c5c4[C@@]2(CCN3C)[C@H]1O5,1,exact,1,1,B3DB_classification:1979,thebaine,COC1=CC=C2[C@H]3Cc4ccc(OC)c5c4[C@@]2(CCN3C)[C@H]1O5,B3DB_classification:1979,thebaine,COC1=CC=C2[C@H]3Cc4ccc(OC)c5c4[C@@]2(CCN3C)[C@H]1O5,,,
tdc_no_conflict_salt_removed,train,1015,train:1015,CC1[C@H]2C(=O)c3ccc(O)cc3[C@]1(C)CCN2CC1CC1,1,True,,CC1[C@H]2C(=O)c3ccc(O)cc3[C@]1(C)CCN2CC1CC1,CC1[C@H]2C(=O)c3ccc(O)cc3[C@]1(C)CCN2CC1CC1,1,exact,1,1,B3DB_classification:1411,ketazocine,CC1[C@H]2C(=O)c3ccc(O)cc3[C@]1(C)CCN2CC1CC1,B3DB_classification:1411,ketazocine,CC1[C@H]2C(=O)c3ccc(O)cc3[C@]1(C)CCN2CC1CC1,,,
tdc_no_conflict_salt_removed,train,1016,train:1016,CCc1nn(CCCN2CCN(c3cccc(Cl)c3)CC2)c(=O)n1CCOc1ccccc1,1,True,,CCc1nn(CCCN2CCN(c3cccc(Cl)c3)CC2)c(=O)n1CCOc1ccccc1,CCc1nn(CCCN2CCN(c3cccc(Cl)c3)CC2)c(=O)n1CCOc1ccccc1,1,exact,1,1,B3DB_classification:1704,nefazodone,CCc1nn(CCCN2CCN(c3cccc(Cl)c3)CC2)c(=O)n1CCOc1ccccc1,B3DB_classification:1704,nefazodone,CCc1nn(CCCN2CCN(c3cccc(Cl)c3)CC2)c(=O)n1CCOc1ccccc1,,,
tdc_no_conflict_salt_removed,train,1017,train:1017,NCCc1cn2ccccc2n1,0,True,,NCCc1cn2ccccc2n1,NCCc1cn2ccccc2n1,1,exact,0,0,B3DB_classification:2329,1-47,NCCc1cn2ccccc2n1,B3DB_classification:2329,1-47,NCCc1cn2ccccc2n1,,,
tdc_no_conflict_salt_removed,train,1018,train:1018,N[C@@H](C(=O)NC1C(=O)N2C(C(=O)O)=C(Cl)CCC12)c1ccccc1,0,True,,N[C@@H](C(=O)NC1C(=O)N2C(C(=O)O)=C(Cl)CCC12)c1ccccc1,N[C@@H](C(=O)NC1C(=O)N2C(C(=O)O)=C(Cl)CCC12)c1ccccc1,1,exact,0,0,B3DB_classification:2343,loracarbef,N[C@@H](C(=O)NC1C(=O)N2C(C(=O)O)=C(Cl)CCC12)c1ccccc1,B3DB_classification:2343,loracarbef,N[C@@H](C(=O)NC1C(=O)N2C(C(=O)O)=C(Cl)CCC12)c1ccccc1,,,
tdc_no_conflict_salt_removed,train,1019,train:1019,O=c1[nH]c2cc(Cl)ccc2n1C1CCN(CC2COc3ccccc3O2)CC1,1,True,,O=c1[nH]c2cc(Cl)ccc2n1C1CCN(CC2COc3ccccc3O2)CC1,O=c1[nH]c2cc(Cl)ccc2n1C1CCN(CC2COc3ccccc3O2)CC1,1,exact,1,1,B3DB_classification:2499,axamozide,O=c1[nH]c2cc(Cl)ccc2n1C1CCN(CC2COc3ccccc3O2)CC1,B3DB_classification:2499,axamozide,O=c1[nH]c2cc(Cl)ccc2n1C1CCN(CC2COc3ccccc3O2)CC1,,,
tdc_no_conflict_salt_removed,train,1020,train:1020,CC(=O)OCC(=O)[C@@]12OC3(CCCC3)O[C@@H]1C[C@H]1[C@@H]3CCC4=CC(=O)C=C[C@]4(C)[C@@]3(F)[C@@H](O)C[C@@]12C,1,True,,CC(=O)OCC(=O)[C@@]12OC3(CCCC3)O[C@@H]1C[C@H]1[C@@H]3CCC4=CC(=O)C=C[C@]4(C)[C@@]3(F)[C@@H](O)C[C@@]12C,CC(=O)OCC(=O)[C@@]12OC3(CCCC3)O[C@@H]1C[C@H]1[C@@H]3CCC4=CC(=O)C=C[C@]4(C)[C@@]3(F)[C@@H](O)C[C@@]12C,1,exact,1,1,B3DB_classification:1183,amcinonide,CC(=O)OCC(=O)[C@@]12OC3(CCCC3)O[C@@H]1C[C@H]1[C@@H]3CCC4=CC(=O)C=C[C@]4(C)[C@@]3(F)[C@@H](O)C[C@@]12C,B3DB_classification:1183,amcinonide,CC(=O)OCC(=O)[C@@]12OC3(CCCC3)O[C@@H]1C[C@H]1[C@@H]3CCC4=CC(=O)C=C[C@]4(C)[C@@]3(F)[C@@H](O)C[C@@]12C,,,
tdc_no_conflict_salt_removed,train,1021,train:1021,O=C1NCCNC1c1cccs1,1,True,,O=C1NCCNC1c1cccs1,O=C1NCCNC1c1cccs1,1,exact,1,1,B3DB_classification:2482,tenilsetam,O=C1NCCNC1c1cccs1,B3DB_classification:2482,tenilsetam,O=C1NCCNC1c1cccs1,,,
tdc_no_conflict_salt_removed,train,1022,train:1022,Cc1cc(NC(=O)c2c(C)cccc2C)no1,1,True,,Cc1cc(NC(=O)c2c(C)cccc2C)no1,Cc1cc(NC(=O)c2c(C)cccc2C)no1,1,exact,1,1,B3DB_classification:2181,soretolide,Cc1cc(NC(=O)c2c(C)cccc2C)no1,B3DB_classification:2181,soretolide,Cc1cc(NC(=O)c2c(C)cccc2C)no1,,,
tdc_no_conflict_salt_removed,train,1023,train:1023,O=C1CNC(c2ccccc2)=c2c3c(sc2=N1)CCCC3,1,True,,O=C1CNC(c2ccccc2)=c2c3c(sc2=N1)CCCC3,O=C1CNC(c2ccccc2)=c2c3c(sc2=N1)CCCC3,1,unmatched,,,,,,,,,,,
tdc_no_conflict_salt_removed,train,1024,train:1024,O=C1CN2C(=O)CCC2N1,1,True,,O=C1CN2C(=O)CCC2N1,O=C1CN2C(=O)CCC2N1,1,exact,1,1,B3DB_classification:2451,dimiracetam,O=C1CN2C(=O)CCC2N1,B3DB_classification:2451,dimiracetam,O=C1CN2C(=O)CCC2N1,,,
tdc_no_conflict_salt_removed,train,1025,train:1025,CC(=O)Nc1cccc(-c2csc(N=C(N)N)n2)c1,0,True,,CC(=O)Nc1cccc(-c2csc(N=C(N)N)n2)c1,CC(=O)Nc1cccc(-c2csc(N=C(N)N)n2)c1,1,exact,0,0,B3DB_classification:32,compound 34,CC(=O)Nc1cccc(-c2csc(N=C(N)N)n2)c1,B3DB_classification:32,compound 34,CC(=O)Nc1cccc(-c2csc(N=C(N)N)n2)c1,,,
tdc_no_conflict_salt_removed,train,1026,train:1026,NC(N)=Nc1nc(-c2ccccc2)cs1,1,True,,NC(N)=Nc1nc(-c2ccccc2)cs1,NC(N)=Nc1nc(-c2ccccc2)cs1,1,exact,1,1,B3DB_classification:2310,oxacillin,NC(N)=Nc1nc(-c2ccccc2)cs1,B3DB_classification:2310,oxacillin,NC(N)=Nc1nc(-c2ccccc2)cs1,,,
tdc_no_conflict_salt_removed,train,1027,train:1027,NCCc1nc(-c2ccccc2)cs1,0,True,,NCCc1nc(-c2ccccc2)cs1,NCCc1nc(-c2ccccc2)cs1,1,exact,0,0,B3DB_classification:81,yg19,NCCc1nc(-c2ccccc2)cs1,B3DB_classification:81,yg19,NCCc1nc(-c2ccccc2)cs1,,,
tdc_no_conflict_salt_removed,train,1028,train:1028,NC(N)=Nc1nc(-c2cccc(N)c2)cs1,1,True,,NC(N)=Nc1nc(-c2cccc(N)c2)cs1,NC(N)=Nc1nc(-c2cccc(N)c2)cs1,1,exact,0,0,B3DB_classification:106,72801-60-6,NC(N)=Nc1nc(-c2cccc(N)c2)cs1,B3DB_classification:106,72801-60-6,NC(N)=Nc1nc(-c2cccc(N)c2)cs1,,,b3db_exact_label_mismatch|b3db_salt_removed_label_mismatch
tdc_no_conflict_salt_removed,train,1029,train:1029,CNC(=NC#N)Nc1cccc(-c2csc(N=C(N)N)n2)c1,0,True,,CNC(=NC#N)Nc1cccc(-c2csc(N=C(N)N)n2)c1,CNC(=NC#N)Nc1cccc(-c2csc(N=C(N)N)n2)c1,1,unmatched,,,,,,,,,,,
tdc_no_conflict_salt_removed,train,1030,train:1030,CC(CN(C)C)CN1c2ccccc2S(=O)(=O)c2ccccc21,1,True,,CC(CN(C)C)CN1c2ccccc2S(=O)(=O)c2ccccc21,CC(CN(C)C)CN1c2ccccc2S(=O)(=O)c2ccccc21,1,exact,1,1,B3DB_classification:1289,oxomemazine,CC(CN(C)C)CN1c2ccccc2S(=O)(=O)c2ccccc21,B3DB_classification:1289,oxomemazine,CC(CN(C)C)CN1c2ccccc2S(=O)(=O)c2ccccc21,,,
tdc_no_conflict_salt_removed,train,1031,train:1031,CN(C(=O)CNC(=O)[C@@H](N)CCCCN)c1ccc(Cl)cc1C(=O)c1ccccc1,1,True,,CN(C(=O)CNC(=O)[C@@H](N)CCCCN)c1ccc(Cl)cc1C(=O)c1ccccc1,CN(C(=O)CNC(=O)[C@@H](N)CCCCN)c1ccc(Cl)cc1C(=O)c1ccccc1,1,exact,1,1,B3DB_classification:1712,avizafone,CN(C(=O)CNC(=O)[C@@H](N)CCCCN)c1ccc(Cl)cc1C(=O)c1ccccc1,B3DB_classification:1712,avizafone,CN(C(=O)CNC(=O)[C@@H](N)CCCCN)c1ccc(Cl)cc1C(=O)c1ccccc1,,,
tdc_no_conflict_salt_removed,train,1032,train:1032,CC(CC#N)N(C)CC(=O)N(C)c1ccc(Cl)cc1C(=O)c1ccccc1F,1,True,,CC(CC#N)N(C)CC(=O)N(C)c1ccc(Cl)cc1C(=O)c1ccccc1F,CC(CC#N)N(C)CC(=O)N(C)c1ccc(Cl)cc1C(=O)c1ccccc1F,1,exact,1,1,B3DB_classification:1284,alozafone,CC(CC#N)N(C)CC(=O)N(C)c1ccc(Cl)cc1C(=O)c1ccccc1F,B3DB_classification:1284,alozafone,CC(CC#N)N(C)CC(=O)N(C)c1ccc(Cl)cc1C(=O)c1ccccc1F,,,
tdc_no_conflict_salt_removed,train,1033,train:1033,CN(C(=O)CN(CCO)CCO)c1ccc(Cl)cc1C(=O)c1ccccc1Cl,1,True,,CN(C(=O)CN(CCO)CCO)c1ccc(Cl)cc1C(=O)c1ccccc1Cl,CN(C(=O)CN(CCO)CCO)c1ccc(Cl)cc1C(=O)c1ccccc1Cl,1,exact,1,1,B3DB_classification:1710,dulozafone,CN(C(=O)CN(CCO)CCO)c1ccc(Cl)cc1C(=O)c1ccccc1Cl,B3DB_classification:1710,dulozafone,CN(C(=O)CN(CCO)CCO)c1ccc(Cl)cc1C(=O)c1ccccc1Cl,,,
tdc_no_conflict_salt_removed,train,1034,train:1034,CN(C(=O)CNC(=O)CN)c1ccc(Cl)cc1C(=O)c1ccccc1Cl,1,True,,CN(C(=O)CNC(=O)CN)c1ccc(Cl)cc1C(=O)c1ccccc1Cl,CN(C(=O)CNC(=O)CN)c1ccc(Cl)cc1C(=O)c1ccccc1Cl,1,exact,1,1,B3DB_classification:1711,lorzafone,CN(C(=O)CNC(=O)CN)c1ccc(Cl)cc1C(=O)c1ccccc1Cl,B3DB_classification:1711,lorzafone,CN(C(=O)CNC(=O)CN)c1ccc(Cl)cc1C(=O)c1ccccc1Cl,,,
tdc_no_conflict_salt_removed,train,1035,train:1035,CC(C(=O)O)c1cccc(C(=O)c2ccccc2)c1,1,True,,CC(C(=O)O)c1cccc(C(=O)c2ccccc2)c1,CC(C(=O)O)c1cccc(C(=O)c2ccccc2)c1,1,unmatched,,,,,,,,,,,
tdc_no_conflict_salt_removed,train,1036,train:1036,Cc1ccc(C(=O)c2cc(O)c(O)c([N+](=O)[O-])c2)cc1,0,True,,Cc1ccc(C(=O)c2cc(O)c(O)c([N+](=O)[O-])c2)cc1,Cc1ccc(C(=O)c2cc(O)c(O)c([N+](=O)[O-])c2)cc1,1,exact,1,1,B3DB_classification_external:114,Tolcapone,Cc1ccc(C(=O)c2cc(O)c(O)c([N+](=O)[O-])c2)cc1,B3DB_classification_external:114,Tolcapone,Cc1ccc(C(=O)c2cc(O)c(O)c([N+](=O)[O-])c2)cc1,,,b3db_exact_label_mismatch|b3db_salt_removed_label_mismatch
tdc_no_conflict_salt_removed,train,1037,train:1037,C=C(C)CNCC(=O)N(C)c1ccc(Cl)cc1C(=O)c1ccccc1,1,True,,C=C(C)CNCC(=O)N(C)c1ccc(Cl)cc1C(=O)c1ccccc1,C=C(C)CNCC(=O)N(C)c1ccc(Cl)cc1C(=O)c1ccccc1,1,exact,1,1,B3DB_classification:1087,dinazafone,C=C(C)CNCC(=O)N(C)c1ccc(Cl)cc1C(=O)c1ccccc1,B3DB_classification:1087,dinazafone,C=C(C)CNCC(=O)N(C)c1ccc(Cl)cc1C(=O)c1ccccc1,,,
tdc_no_conflict_salt_removed,train,1038,train:1038,O=C1Nc2ccc(Cl)nc2C(c2ccccc2Cl)=NC1O,1,True,,O=C1Nc2ccc(Cl)nc2C(c2ccccc2Cl)=NC1O,O=C1Nc2ccc(Cl)nc2C(c2ccccc2Cl)=NC1O,1,exact,1,1,B3DB_classification:2488,lopirazepam,O=C1Nc2ccc(Cl)nc2C(c2ccccc2Cl)=NC1O,B3DB_classification:2488,lopirazepam,O=C1Nc2ccc(Cl)nc2C(c2ccccc2Cl)=NC1O,,,
tdc_no_conflict_salt_removed,train,1039,train:1039,CN1/C(=C(\O)Nc2ccccn2)C(=O)c2sccc2S1(=O)=O,0,True,,CN1/C(=C(\O)Nc2ccccn2)C(=O)c2sccc2S1(=O)=O,CN1/C(=C(\O)Nc2ccccn2)C(=O)c2sccc2S1(=O)=O,1,unmatched,,,,,,,,,,,
tdc_no_conflict_salt_removed,train,1040,train:1040,CC(C)COCC(CN(Cc1ccccc1)c1ccccc1)N1CCCC1,0,True,,CC(C)COCC(CN(Cc1ccccc1)c1ccccc1)N1CCCC1,CC(C)COCC(CN(Cc1ccccc1)c1ccccc1)N1CCCC1,1,exact,0,0,B3DB_classification:1258,bepridil,CC(C)COCC(CN(Cc1ccccc1)c1ccccc1)N1CCCC1,B3DB_classification:1258,bepridil,CC(C)COCC(CN(Cc1ccccc1)c1ccccc1)N1CCCC1,,,
tdc_no_conflict_salt_removed,train,1041,train:1041,CN(C)CC/C=C1/c2ccccc2CSc2ccccc21,1,True,,CN(C)CC/C=C1/c2ccccc2CSc2ccccc21,CN(C)CC/C=C1/c2ccccc2CSc2ccccc21,1,exact,1,1,B3DB_classification:1737,dothiepin,CN(C)CC/C=C1/c2ccccc2CSc2ccccc21,B3DB_classification:1737,dothiepin,CN(C)CC/C=C1/c2ccccc2CSc2ccccc21,,,
tdc_no_conflict_salt_removed,train,1042,train:1042,c1ccc(Cn2cc(CCc3ccncc3)c3ccccc32)cc1,1,True,,c1ccc(Cn2cc(CCc3ccncc3)c3ccccc32)cc1,c1ccc(Cn2cc(CCc3ccncc3)c3ccccc32)cc1,1,exact,1,1,B3DB_classification:2571,benzindopyrine hydrochloride,c1ccc(Cn2cc(CCc3ccncc3)c3ccccc32)cc1,B3DB_classification:2571,benzindopyrine hydrochloride,c1ccc(Cn2cc(CCc3ccncc3)c3ccccc32)cc1,,,
tdc_no_conflict_salt_removed,train,1043,train:1043,C=CCSCC(=O)NC1C(=O)N2C1SC(C)(C)C2C(=O)[O-],0,True,,C=CCSCC(=O)NC1C(=O)N2C1SC(C)(C)C2C(=O)[O-],C=CCSCC(=O)NC1C(=O)N2C1SC(C)(C)C2C(=O)[O-],1,unmatched,,,,,,,,,,,
tdc_no_conflict_salt_removed,train,1044,train:1044,CC1(C)S[C@@H]2[C@H](NC(=O)CCC[C@@H](N)C(=O)O)C(=O)N2[C@H]1C(=O)O,0,True,,CC1(C)S[C@@H]2[C@H](NC(=O)CCC[C@@H](N)C(=O)O)C(=O)N2[C@H]1C(=O)O,CC1(C)S[C@@H]2[C@H](NC(=O)CCC[C@@H](N)C(=O)O)C(=O)N2[C@H]1C(=O)O,1,exact,0,0,B3DB_classification:1355,penicillin n,CC1(C)S[C@@H]2[C@H](NC(=O)CCC[C@@H](N)C(=O)O)C(=O)N2[C@H]1C(=O)O,B3DB_classification:1355,penicillin n,CC1(C)S[C@@H]2[C@H](NC(=O)CCC[C@@H](N)C(=O)O)C(=O)N2[C@H]1C(=O)O,,,
tdc_no_conflict_salt_removed,train,1045,train:1045,OC(c1ccccc1)(c1ccccc1)C1CC1c1ccncc1,1,True,,OC(c1ccccc1)(c1ccccc1)C1CC1c1ccncc1,OC(c1ccccc1)(c1ccccc1)C1CC1c1ccncc1,1,exact,1,1,B3DB_classification:2521,cyprolidol,OC(c1ccccc1)(c1ccccc1)C1CC1c1ccncc1,B3DB_classification:2521,cyprolidol,OC(c1ccccc1)(c1ccccc1)C1CC1c1ccncc1,,,
tdc_no_conflict_salt_removed,train,1046,train:1046,COC(=O)C1C2CC3c4[nH]c5cc(OC)ccc5c4CCN3CC2CC(OC)C1OC,1,True,,COC(=O)C1C2CC3c4[nH]c5cc(OC)ccc5c4CCN3CC2CC(OC)C1OC,COC(=O)C1C2CC3c4[nH]c5cc(OC)ccc5c4CCN3CC2CC(OC)C1OC,1,exact,1,1,B3DB_classification:1962,metoserpate,COC(=O)C1C2CC3c4[nH]c5cc(OC)ccc5c4CCN3CC2CC(OC)C1OC,B3DB_classification:1962,metoserpate,COC(=O)C1C2CC3c4[nH]c5cc(OC)ccc5c4CCN3CC2CC(OC)C1OC,,,
tdc_no_conflict_salt_removed,train,1047,train:1047,COC(=O)[C@@H]1[C@H]2C[C@H]3c4[nH]c5ccccc5c4CCN3C[C@@H]2CC[C@@H]1O,0,True,,COC(=O)[C@@H]1[C@H]2C[C@H]3c4[nH]c5ccccc5c4CCN3C[C@@H]2CC[C@@H]1O,COC(=O)[C@@H]1[C@H]2C[C@H]3c4[nH]c5ccccc5c4CCN3C[C@@H]2CC[C@@H]1O,1,exact,0,0,B3DB_classification:1965,yohimbine,COC(=O)[C@H]1[C@@H](O)CC[C@H]2CN3CCc4c([nH]c5ccccc45)[C@@H]3C[C@@H]21,B3DB_classification:1965,yohimbine,COC(=O)[C@H]1[C@@H](O)CC[C@H]2CN3CCc4c([nH]c5ccccc45)[C@@H]3C[C@@H]21,,,
tdc_no_conflict_salt_removed,train,1048,train:1048,CC[C@H](C)C(=O)O[C@H]1CCC=C2C=C[C@H](C)[C@H](CC[C@@H]3C[C@@H](O)CC(=O)O3)[C@H]21,1,True,,CC[C@H](C)C(=O)O[C@H]1CCC=C2C=C[C@H](C)[C@H](CC[C@@H]3C[C@@H](O)CC(=O)O3)[C@H]21,CC[C@H](C)C(=O)O[C@H]1CCC=C2C=C[C@H](C)[C@H](CC[C@@H]3C[C@@H](O)CC(=O)O3)[C@H]21,1,exact,1,1,B3DB_classification:1669,mevastatin,CC[C@H](C)C(=O)O[C@H]1CCC=C2C=C[C@H](C)[C@H](CC[C@@H]3C[C@@H](O)CC(=O)O3)[C@H]21,B3DB_classification:1669,mevastatin,CC[C@H](C)C(=O)O[C@H]1CCC=C2C=C[C@H](C)[C@H](CC[C@@H]3C[C@@H](O)CC(=O)O3)[C@H]21,,,
tdc_no_conflict_salt_removed,train,1049,train:1049,CCC(C)(C)C(=O)O[C@H]1C[C@@H](C)C=C2C=C[C@H](C)[C@H](CC[C@@H]3C[C@@H](O)CC(=O)O3)[C@H]21,1,True,,CCC(C)(C)C(=O)O[C@H]1C[C@@H](C)C=C2C=C[C@H](C)[C@H](CC[C@@H]3C[C@@H](O)CC(=O)O3)[C@H]21,CCC(C)(C)C(=O)O[C@H]1C[C@@H](C)C=C2C=C[C@H](C)[C@H](CC[C@@H]3C[C@@H](O)CC(=O)O3)[C@H]21,1,exact,1,1,B3DB_classification:533,simvastatin,CCC(C)(C)C(=O)O[C@H]1C[C@@H](C)C=C2C=C[C@H](C)[C@H](CC[C@@H]3C[C@@H](O)CC(=O)O3)[C@H]21,B3DB_classification:533,simvastatin,CCC(C)(C)C(=O)O[C@H]1C[C@@H](C)C=C2C=C[C@H](C)[C@H](CC[C@@H]3C[C@@H](O)CC(=O)O3)[C@H]21,,,
tdc_no_conflict_salt_removed,train,1050,train:1050,O=C1NC(=O)C2(CCc3ccccc3C2)N1,1,True,,O=C1NC(=O)C2(CCc3ccccc3C2)N1,O=C1NC(=O)C2(CCc3ccccc3C2)N1,1,exact,1,1,B3DB_classification:2473,tetrantoin,O=C1NC(=O)C2(CCc3ccccc3C2)N1,B3DB_classification:2473,tetrantoin,O=C1NC(=O)C2(CCc3ccccc3C2)N1,,,
tdc_no_conflict_salt_removed,train,1051,train:1051,CC(C)C1NC(=O)[C@@H](C(C)C)OC(=O)[C@H](C(C)C)NC(=O)[C@H](C)OC(=O)[C@@H](C(C)C)NC(=O)[C@@H](C(C)C)OC(=O)[C@H](C(C)C)NC(=O)[C@H](C)OC(=O)[C@@H](C(C)C)NC(=O)[C@@H](C(C)C)OC(=O)[C@H](C(C)C)NC(=O)[C@H](C)OC1=O,0,True,,CC(C)C1NC(=O)[C@@H](C(C)C)OC(=O)[C@H](C(C)C)NC(=O)[C@H](C)OC(=O)[C@@H](C(C)C)NC(=O)[C@@H](C(C)C)OC(=O)[C@H](C(C)C)NC(=O)[C@H](C)OC(=O)[C@@H](C(C)C)NC(=O)[C@@H](C(C)C)OC(=O)[C@H](C(C)C)NC(=O)[C@H](C)OC1=O,CC(C)C1NC(=O)[C@@H](C(C)C)OC(=O)[C@H](C(C)C)NC(=O)[C@H](C)OC(=O)[C@@H](C(C)C)NC(=O)[C@@H](C(C)C)OC(=O)[C@H](C(C)C)NC(=O)[C@H](C)OC(=O)[C@@H](C(C)C)NC(=O)[C@@H](C(C)C)OC(=O)[C@H](C(C)C)NC(=O)[C@H](C)OC1=O,1,exact,0,0,B3DB_classification:1251,valinomycin,CC(C)C1NC(=O)[C@@H](C(C)C)OC(=O)[C@H](C(C)C)NC(=O)[C@H](C)OC(=O)[C@@H](C(C)C)NC(=O)[C@@H](C(C)C)OC(=O)[C@H](C(C)C)NC(=O)[C@H](C)OC(=O)[C@@H](C(C)C)NC(=O)[C@@H](C(C)C)OC(=O)[C@H](C(C)C)NC(=O)[C@H](C)OC1=O,B3DB_classification:1251,valinomycin,CC(C)C1NC(=O)[C@@H](C(C)C)OC(=O)[C@H](C(C)C)NC(=O)[C@H](C)OC(=O)[C@@H](C(C)C)NC(=O)[C@@H](C(C)C)OC(=O)[C@H](C(C)C)NC(=O)[C@H](C)OC(=O)[C@@H](C(C)C)NC(=O)[C@@H](C(C)C)OC(=O)[C@H](C(C)C)NC(=O)[C@H](C)OC1=O,,,
tdc_no_conflict_salt_removed,train,1052,train:1052,N#Cc1ccc2c(c1)C1=C(CCN(CC3CCCC3)CC1)c1ccccc1O2,1,True,,N#Cc1ccc2c(c1)C1=C(CCN(CC3CCCC3)CC1)c1ccccc1O2,N#Cc1ccc2c(c1)C1=C(CCN(CC3CCCC3)CC1)c1ccccc1O2,1,exact,1,1,B3DB_classification:2275,savoxepin,N#Cc1ccc2c(c1)C1=C(CCN(CC3CCCC3)CC1)c1ccccc1O2,B3DB_classification:2275,savoxepin,N#Cc1ccc2c(c1)C1=C(CCN(CC3CCCC3)CC1)c1ccccc1O2,,,
tdc_no_conflict_salt_removed,train,1053,train:1053,CC12C[C@H](O)[C@@]3(F)C(CCC4=CC(=O)C=CC43C)[C@@H]1C[C@H]1O[C@@](C)(c3ccccc3)O[C@]12C(=O)CO,1,True,,CC12C[C@H](O)[C@@]3(F)C(CCC4=CC(=O)C=CC43C)[C@@H]1C[C@H]1O[C@@](C)(c3ccccc3)O[C@]12C(=O)CO,CC12C[C@H](O)[C@@]3(F)C(CCC4=CC(=O)C=CC43C)[C@@H]1C[C@H]1O[C@@](C)(c3ccccc3)O[C@]12C(=O)CO,1,exact,1,1,B3DB_classification:1379,amcinafide,CC12C[C@H](O)[C@@]3(F)C(CCC4=CC(=O)C=CC43C)[C@@H]1C[C@H]1O[C@@](C)(c3ccccc3)O[C@]12C(=O)CO,B3DB_classification:1379,amcinafide,CC12C[C@H](O)[C@@]3(F)C(CCC4=CC(=O)C=CC43C)[C@@H]1C[C@H]1O[C@@](C)(c3ccccc3)O[C@]12C(=O)CO,,,
tdc_no_conflict_salt_removed,train,1054,train:1054,Fc1ccc(-c2ccc(CN3CCN(c4cccc5ccoc45)CC3)[nH]2)cc1,1,True,,Fc1ccc(-c2ccc(CN3CCN(c4cccc5ccoc45)CC3)[nH]2)cc1,Fc1ccc(-c2ccc(CN3CCN(c4cccc5ccoc45)CC3)[nH]2)cc1,1,exact,1,1,B3DB_classification:2264,elopiprazole,Fc1ccc(-c2ccc(CN3CCN(c4cccc5ccoc45)CC3)[nH]2)cc1,B3DB_classification:2264,elopiprazole,Fc1ccc(-c2ccc(CN3CCN(c4cccc5ccoc45)CC3)[nH]2)cc1,,,
tdc_no_conflict_salt_removed,train,1055,train:1055,OCc1cccnc1,0,True,,OCc1cccnc1,OCc1cccnc1,1,exact,0,0,B3DB_classification:2550,nicotinyl alcohol,OCc1cccnc1,B3DB_classification:2550,nicotinyl alcohol,OCc1cccnc1,,,
tdc_no_conflict_salt_removed,train,1056,train:1056,CC(C)(C)NCC(O)c1ccc(O)c(CO)n1,0,True,,CC(C)(C)NCC(O)c1ccc(O)c(CO)n1,CC(C)(C)NCC(O)c1ccc(O)c(CO)n1,1,unmatched,,,,,,,,,,,
tdc_no_conflict_salt_removed,train,1057,train:1057,CNCCc1ccccn1,1,True,,CNCCc1ccccn1,CNCCc1ccccn1,1,exact,1,1,B3DB_classification:338,betahistine (y-g 14),CNCCc1ccccn1,B3DB_classification:338,betahistine (y-g 14),CNCCc1ccccn1,,,
tdc_no_conflict_salt_removed,train,1058,train:1058,CN(C)CCc1ccccn1,1,True,,CN(C)CCc1ccccn1,CN(C)CCc1ccccn1,1,exact,1,1,B3DB_classification:1774,6304-27-4,CN(C)CCc1ccccn1,B3DB_classification:1774,6304-27-4,CN(C)CCc1ccccn1,,,
tdc_no_conflict_salt_removed,train,1059,train:1059,CCc1cc(C(N)=S)ccn1,1,True,,CCc1cc(C(N)=S)ccn1,CCc1cc(C(N)=S)ccn1,1,unmatched,,,,,,,,,,,
tdc_no_conflict_salt_removed,train,1060,train:1060,NNC(=O)c1ccncc1,0,True,,NNC(=O)c1ccncc1,NNC(=O)c1ccncc1,1,unmatched,,,,,,,,,,,
tdc_no_conflict_salt_removed,train,1061,train:1061,NC(=O)c1cccnc1,1,True,,NC(=O)c1cccnc1,NC(=O)c1cccnc1,1,exact,1,1,B3DB_classification:2299,nicotinamide,NC(=O)c1cccnc1,B3DB_classification:2299,nicotinamide,NC(=O)c1cccnc1,,,
tdc_no_conflict_salt_removed,train,1062,train:1062,CCN(CC)C(=O)c1cccnc1,1,True,,CCN(CC)C(=O)c1cccnc1,CCN(CC)C(=O)c1cccnc1,1,exact,1,1,B3DB_classification:1587,nikethamide,CCN(CC)C(=O)c1cccnc1,B3DB_classification:1587,nikethamide,CCN(CC)C(=O)c1cccnc1,,,
tdc_no_conflict_salt_removed,train,1063,train:1063,CCNC(=NC#N)NCCSCc1ncccc1Br,0,True,,CCNC(=NC#N)NCCSCc1ncccc1Br,CCNC(=NC#N)NCCSCc1ncccc1Br,1,unmatched,,,,,,,,,,,
tdc_no_conflict_salt_removed,train,1064,train:1064,CC(C)NNC(=O)c1ccncc1,1,True,,CC(C)NNC(=O)c1ccncc1,CC(C)NNC(=O)c1ccncc1,1,exact,1,1,B3DB_classification:1267,iproniazid,CC(C)NNC(=O)c1ccncc1,B3DB_classification:1267,iproniazid,CC(C)NNC(=O)c1ccncc1,,,
tdc_no_conflict_salt_removed,train,1065,train:1065,CCNCc1c(CSC)cnc(C)c1O,1,True,,CCNCc1c(CSC)cnc(C)c1O,CCNCc1c(CSC)cnc(C)c1O,1,exact,1,1,B3DB_classification:1625,skb_a,CCNCc1c(CSC)cnc(C)c1O,B3DB_classification:1625,skb_a,CCNCc1c(CSC)cnc(C)c1O,,,
tdc_no_conflict_salt_removed,train,1066,train:1066,O=C(O)c1cc(=O)c2ccccc2o1,1,True,,O=C(O)c1cc(=O)c2ccccc2o1,O=C(O)c1cc(=O)c2ccccc2o1,1,exact,1,1,B3DB_classification:2419,chromocarb,O=C(O)c1cc(=O)c2ccccc2o1,B3DB_classification:2419,chromocarb,O=C(O)c1cc(=O)c2ccccc2o1,,,
tdc_no_conflict_salt_removed,train,1067,train:1067,CN1CCN(C2=Nc3ccccc3Cc3ccccc32)CC1,1,True,,CN1CCN(C2=Nc3ccccc3Cc3ccccc32)CC1,CN1CCN(C2=Nc3ccccc3Cc3ccccc32)CC1,1,exact,1,1,B3DB_classification:1848,perlapine,CN1CCN(C2=Nc3ccccc3Cc3ccccc32)CC1,B3DB_classification:1848,perlapine,CN1CCN(C2=Nc3ccccc3Cc3ccccc32)CC1,,,
tdc_no_conflict_salt_removed,train,1068,train:1068,CN1CCN(C2=Nc3cc(F)ccc3Cc3ccccc32)CC1,1,True,,CN1CCN(C2=Nc3cc(F)ccc3Cc3ccccc32)CC1,CN1CCN(C2=Nc3cc(F)ccc3Cc3ccccc32)CC1,1,exact,1,1,B3DB_classification:1847,fluperlapine,CN1CCN(C2=Nc3cc(F)ccc3Cc3ccccc32)CC1,B3DB_classification:1847,fluperlapine,CN1CCN(C2=Nc3cc(F)ccc3Cc3ccccc32)CC1,,,
tdc_no_conflict_salt_removed,train,1069,train:1069,O=C1CN=C(c2ccccn2)c2cc(Br)ccc2N1,1,True,,O=C1CN=C(c2ccccn2)c2cc(Br)ccc2N1,O=C1CN=C(c2ccccn2)c2cc(Br)ccc2N1,1,exact,1,1,B3DB_classification:2464,bromazepam,O=C1CN=C(c2ccccn2)c2cc(Br)ccc2N1,B3DB_classification:2464,bromazepam,O=C1CN=C(c2ccccn2)c2cc(Br)ccc2N1,,,
tdc_no_conflict_salt_removed,train,1070,train:1070,CO[C@H]1/C=C/O[C@@]2(C)Oc3c(C)c(O)c4c(c3C2=O)C(=O)/C(=C/NN2CCN(C3CCCC3)CC2)C(=C4O)NC(=O)/C(C)=C\C=C\[C@H](C)[C@H](O)[C@@H](C)[C@@H](O)[C@@H](C)[C@H](OC(C)=O)[C@@H]1C,0,True,,CO[C@H]1/C=C/O[C@@]2(C)Oc3c(C)c(O)c4c(c3C2=O)C(=O)/C(=C/NN2CCN(C3CCCC3)CC2)C(=C4O)NC(=O)/C(C)=C\C=C\[C@H](C)[C@H](O)[C@@H](C)[C@@H](O)[C@@H](C)[C@H](OC(C)=O)[C@@H]1C,CO[C@H]1/C=C/O[C@@]2(C)Oc3c(C)c(O)c4c(c3C2=O)C(=O)/C(=C/NN2CCN(C3CCCC3)CC2)C(=C4O)NC(=O)/C(C)=C\C=C\[C@H](C)[C@H](O)[C@@H](C)[C@@H](O)[C@@H](C)[C@H](OC(C)=O)[C@@H]1C,1,unmatched,,,,,,,,,,,
tdc_no_conflict_salt_removed,train,1071,train:1071,O=c1[nH]c2ccccc2c(=O)n1CCN1C[C@H]2C[C@H](c3ccc(F)cc3)[C@H]2C1,1,True,,O=c1[nH]c2ccccc2c(=O)n1CCN1C[C@H]2C[C@H](c3ccc(F)cc3)[C@H]2C1,O=c1[nH]c2ccccc2c(=O)n1CCN1C[C@H]2C[C@H](c3ccc(F)cc3)[C@H]2C1,1,exact,1,1,B3DB_classification:2503,balaperidone,O=c1[nH]c2ccccc2c(=O)n1CCN1C[C@H]2C[C@H](c3ccc(F)cc3)[C@H]2C1,B3DB_classification:2503,balaperidone,O=c1[nH]c2ccccc2c(=O)n1CCN1C[C@H]2C[C@H](c3ccc(F)cc3)[C@H]2C1,,,
tdc_no_conflict_salt_removed,train,1072,train:1072,CC1C2Cc3ccc(O)cc3C1(C)CCN2CCc1ccccc1,1,True,,CC1C2Cc3ccc(O)cc3C1(C)CCN2CCc1ccccc1,CC1C2Cc3ccc(O)cc3C1(C)CCN2CCc1ccccc1,1,exact,1,1,B3DB_classification:1394,phenazocine,CC1C2Cc3ccc(O)cc3C1(C)CCN2CCc1ccccc1,B3DB_classification:1394,phenazocine,CC1C2Cc3ccc(O)cc3C1(C)CCN2CCc1ccccc1,,,
tdc_no_conflict_salt_removed,train,1073,train:1073,O=C(Cc1ccc(Cl)c(Cl)c1)N1CCc2sccc2[C@H]1CN1CCCC1,1,True,,O=C(Cc1ccc(Cl)c(Cl)c1)N1CCc2sccc2[C@H]1CN1CCCC1,O=C(Cc1ccc(Cl)c(Cl)c1)N1CCc2sccc2[C@H]1CN1CCCC1,1,exact,1,1,B3DB_classification:2393,chembl411088,O=C(Cc1ccc(Cl)c(Cl)c1)N1CCc2sccc2[C@H]1CN1CCCC1,B3DB_classification:2393,chembl411088,O=C(Cc1ccc(Cl)c(Cl)c1)N1CCc2sccc2[C@H]1CN1CCCC1,,,
tdc_no_conflict_salt_removed,train,1074,train:1074,COC(=O)[C@@H]1C2CCC(C[C@@H]1OC(=O)c1ccccc1)N2C,1,True,,COC(=O)[C@@H]1C2CCC(C[C@@H]1OC(=O)c1ccccc1)N2C,COC(=O)[C@@H]1C2CCC(C[C@@H]1OC(=O)c1ccccc1)N2C,1,exact,1,1,B3DB_classification:868,benzoylmethylecgonine,COC(=O)[C@@H]1C2CCC(C[C@@H]1OC(=O)c1ccccc1)N2C,B3DB_classification:868,benzoylmethylecgonine,COC(=O)[C@@H]1C2CCC(C[C@@H]1OC(=O)c1ccccc1)N2C,,,
tdc_no_conflict_salt_removed,train,1075,train:1075,Cc1nc2n(c(=O)c1CCN1CCC(C(=O)c3ccc(F)cc3)CC1)CCS2,1,True,,Cc1nc2n(c(=O)c1CCN1CCC(C(=O)c3ccc(F)cc3)CC1)CCS2,Cc1nc2n(c(=O)c1CCN1CCC(C(=O)c3ccc(F)cc3)CC1)CCS2,1,exact,1,1,B3DB_classification:2215,setoperone,Cc1nc2n(c(=O)c1CCN1CCC(C(=O)c3ccc(F)cc3)CC1)CCS2,B3DB_classification:2215,setoperone,Cc1nc2n(c(=O)c1CCN1CCC(C(=O)c3ccc(F)cc3)CC1)CCS2,,,
tdc_no_conflict_salt_removed,train,1076,train:1076,COc1cc(N)c(Cl)cc1C(=O)NC1CCN(CCCOc2ccc(F)cc2)CC1OC,1,True,,COc1cc(N)c(Cl)cc1C(=O)NC1CCN(CCCOc2ccc(F)cc2)CC1OC,COc1cc(N)c(Cl)cc1C(=O)NC1CCN(CCCOc2ccc(F)cc2)CC1OC,1,unmatched,,,,,,,,,,,
tdc_no_conflict_salt_removed,train,1077,train:1077,CC(=O)OCC1=C(C(=O)[O-])N2C(=O)[C@H](NC(=O)CC#N)[C@@H]2SC1,0,True,,CC(=O)OCC1=C(C(=O)[O-])N2C(=O)[C@H](NC(=O)CC#N)[C@@H]2SC1,CC(=O)OCC1=C(C(=O)[O-])N2C(=O)[C@H](NC(=O)CC#N)[C@@H]2SC1,1,unmatched,,,,,,,,,,,
tdc_no_conflict_salt_removed,train,1078,train:1078,CC(=O)OCC1=C(C(=O)O)N2C(=O)[C@@H](NC(=O)CCC[C@@H](N)C(=O)O)[C@H]2SC1,0,True,,CC(=O)OCC1=C(C(=O)O)N2C(=O)[C@@H](NC(=O)CCC[C@@H](N)C(=O)O)[C@H]2SC1,CC(=O)OCC1=C(C(=O)O)N2C(=O)[C@@H](NC(=O)CCC[C@@H](N)C(=O)O)[C@H]2SC1,1,exact,0,0,B3DB_classification:1186,cephalosporin-c,CC(=O)OCC1=C(C(=O)O)N2C(=O)[C@@H](NC(=O)CCC[C@@H](N)C(=O)O)[C@H]2SC1,B3DB_classification:1186,cephalosporin-c,CC(=O)OCC1=C(C(=O)O)N2C(=O)[C@@H](NC(=O)CCC[C@@H](N)C(=O)O)[C@H]2SC1,,,
tdc_no_conflict_salt_removed,train,1079,train:1079,CN(C)CCCN1c2ccccc2Sc2cccnc21,1,True,,CN(C)CCCN1c2ccccc2Sc2cccnc21,CN(C)CCCN1c2ccccc2Sc2cccnc21,1,exact,1,1,B3DB_classification:1753,prothipendyl,CN(C)CCCN1c2ccccc2Sc2cccnc21,B3DB_classification:1753,prothipendyl,CN(C)CCCN1c2ccccc2Sc2cccnc21,,,
tdc_no_conflict_salt_removed,train,1080,train:1080,NC1CONC1=O,1,True,,NC1CONC1=O,NC1CONC1=O,1,exact,1,1,B3DB_classification:2316,dl-cycloserine,NC1CONC1=O,B3DB_classification:2316,dl-cycloserine,NC1CONC1=O,,,
tdc_no_conflict_salt_removed,train,1081,train:1081,COc1cc2c(cc1OC)C(c1cccc(Cl)c1)=NN=C(C)C2,1,True,,COc1cc2c(cc1OC)C(c1cccc(Cl)c1)=NN=C(C)C2,COc1cc2c(cc1OC)C(c1cccc(Cl)c1)=NN=C(C)C2,1,exact,1,1,B3DB_classification:2035,girisopam,COc1cc2c(cc1OC)C(c1cccc(Cl)c1)=NN=C(C)C2,B3DB_classification:2035,girisopam,COc1cc2c(cc1OC)C(c1cccc(Cl)c1)=NN=C(C)C2,,,
tdc_no_conflict_salt_removed,train,1082,train:1082,CCC1C(C)=NN=C(c2ccc(OC)c(OC)c2)c2cc(OC)c(OC)cc21,1,True,,CCC1C(C)=NN=C(c2ccc(OC)c(OC)c2)c2cc(OC)c(OC)cc21,CCC1C(C)=NN=C(c2ccc(OC)c(OC)c2)c2cc(OC)c(OC)cc21,1,unmatched,,,,,,,,,,,
tdc_no_conflict_salt_removed,train,1083,train:1083,COc1cc2c(cc1OC)C(c1ccc(N)cc1)=NN=C(C)C2,1,True,,COc1cc2c(cc1OC)C(c1ccc(N)cc1)=NN=C(C)C2,COc1cc2c(cc1OC)C(c1ccc(N)cc1)=NN=C(C)C2,1,exact,1,1,B3DB_classification:2034,nerisopam,COc1cc2c(cc1OC)C(c1ccc(N)cc1)=NN=C(C)C2,B3DB_classification:2034,nerisopam,COc1cc2c(cc1OC)C(c1ccc(N)cc1)=NN=C(C)C2,,,
tdc_no_conflict_salt_removed,train,1084,train:1084,CC(C)(C)C(O)/C=C/c1ccc2c(c1)OCO2,1,True,,CC(C)(C)C(O)/C=C/c1ccc2c(c1)OCO2,CC(C)(C)C(O)/C=C/c1ccc2c(c1)OCO2,1,exact,1,1,B3DB_classification:1227,stiripentol,CC(C)(C)C(O)/C=C/c1ccc2c(c1)OCO2,B3DB_classification:1227,stiripentol,CC(C)(C)C(O)/C=C/c1ccc2c(c1)OCO2,,,
tdc_no_conflict_salt_removed,train,1085,train:1085,O=C1NC2CCCCN2C12CCN(CCCN1c3ccccc3CCc3ccc(Cl)cc31)CC2,1,True,,O=C1NC2CCCCN2C12CCN(CCCN1c3ccccc3CCc3ccc(Cl)cc31)CC2,O=C1NC2CCCCN2C12CCN(CCCN1c3ccccc3CCc3ccc(Cl)cc31)CC2,1,exact,1,1,B3DB_classification:2478,mosapramine,O=C1NC2CCCCN2C12CCN(CCCN1c3ccccc3CCc3ccc(Cl)cc31)CC2,B3DB_classification:2478,mosapramine,O=C1NC2CCCCN2C12CCN(CCCN1c3ccccc3CCc3ccc(Cl)cc31)CC2,,,
tdc_no_conflict_salt_removed,train,1086,train:1086,CN1C[C@H](CN2CC(=O)NC(=O)C2)C=C2c3cccc4[nH]cc(c34)C[C@H]21,1,True,,CN1C[C@H](CN2CC(=O)NC(=O)C2)C=C2c3cccc4[nH]cc(c34)C[C@H]21,CN1C[C@H](CN2CC(=O)NC(=O)C2)C=C2c3cccc4[nH]cc(c34)C[C@H]21,1,exact,1,1,B3DB_classification:1885,romergoline,CN1C[C@H](CN2CC(=O)NC(=O)C2)C=C2c3cccc4[nH]cc(c34)C[C@H]21,B3DB_classification:1885,romergoline,CN1C[C@H](CN2CC(=O)NC(=O)C2)C=C2c3cccc4[nH]cc(c34)C[C@H]21,,,
tdc_no_conflict_salt_removed,train,1087,train:1087,CCC(=O)N(c1ccc(Cl)c(Cl)c1)[C@@H]1CCC[C@H]1N(C)C,1,True,,CCC(=O)N(c1ccc(Cl)c(Cl)c1)[C@@H]1CCC[C@H]1N(C)C,CCC(=O)N(c1ccc(Cl)c(Cl)c1)[C@@H]1CCC[C@H]1N(C)C,1,exact,1,1,B3DB_classification:1418,eclanamine,CCC(=O)N(c1ccc(Cl)c(Cl)c1)[C@@H]1CCC[C@H]1N(C)C,B3DB_classification:1418,eclanamine,CCC(=O)N(c1ccc(Cl)c(Cl)c1)[C@@H]1CCC[C@H]1N(C)C,,,
tdc_no_conflict_salt_removed,train,1088,train:1088,CN1CCN(C(=O)OC2C3=C(SCCS3)C(=O)N2c2ccc3ccc(Cl)nc3n2)CC1,1,True,,CN1CCN(C(=O)OC2C3=C(SCCS3)C(=O)N2c2ccc3ccc(Cl)nc3n2)CC1,CN1CCN(C(=O)OC2C3=C(SCCS3)C(=O)N2c2ccc3ccc(Cl)nc3n2)CC1,1,exact,1,1,B3DB_classification:1843,suriclone,CN1CCN(C(=O)OC2C3=C(SCCS3)C(=O)N2c2ccc3ccc(Cl)nc3n2)CC1,B3DB_classification:1843,suriclone,CN1CCN(C(=O)OC2C3=C(SCCS3)C(=O)N2c2ccc3ccc(Cl)nc3n2)CC1,,,
tdc_no_conflict_salt_removed,train,1089,train:1089,CCC(=O)N1CCN(C(=O)OC2C3=C(SCCS3)C(=O)N2c2ccc3ccc(Cl)nc3n2)CC1,1,True,,CCC(=O)N1CCN(C(=O)OC2C3=C(SCCS3)C(=O)N2c2ccc3ccc(Cl)nc3n2)CC1,CCC(=O)N1CCN(C(=O)OC2C3=C(SCCS3)C(=O)N2c2ccc3ccc(Cl)nc3n2)CC1,1,exact,1,1,B3DB_classification:1424,suproclone,CCC(=O)N1CCN(C(=O)OC2C3=C(SCCS3)C(=O)N2c2ccc3ccc(Cl)nc3n2)CC1,B3DB_classification:1424,suproclone,CCC(=O)N1CCN(C(=O)OC2C3=C(SCCS3)C(=O)N2c2ccc3ccc(Cl)nc3n2)CC1,,,
tdc_no_conflict_salt_removed,train,1090,train:1090,CN(C)CCCn1c(=O)c2ccccc2c2ccccc21,1,True,,CN(C)CCCn1c(=O)c2ccccc2c2ccccc21,CN(C)CCCn1c(=O)c2ccccc2c2ccccc21,1,exact,1,1,B3DB_classification:1754,fantridone,CN(C)CCCn1c(=O)c2ccccc2c2ccccc21,B3DB_classification:1754,fantridone,CN(C)CCCn1c(=O)c2ccccc2c2ccccc21,,,
tdc_no_conflict_salt_removed,train,1091,train:1091,CC(=O)OCC(=O)[C@@]1(OC(=O)c2ccco2)[C@H](C)C[C@H]2[C@@H]3CCC4=CC(=O)C=C[C@]4(C)[C@@]3(F)[C@@H](O)C[C@@]21C,1,True,,CC(=O)OCC(=O)[C@@]1(OC(=O)c2ccco2)[C@H](C)C[C@H]2[C@@H]3CCC4=CC(=O)C=C[C@]4(C)[C@@]3(F)[C@@H](O)C[C@@]21C,CC(=O)OCC(=O)[C@@]1(OC(=O)c2ccco2)[C@H](C)C[C@H]2[C@@H]3CCC4=CC(=O)C=C[C@]4(C)[C@@]3(F)[C@@H](O)C[C@@]21C,1,exact,1,1,B3DB_classification:1176,dexamethasone-acefurate,CC(=O)OCC(=O)[C@@]1(OC(=O)c2ccco2)[C@H](C)C[C@H]2[C@@H]3CCC4=CC(=O)C=C[C@]4(C)[C@@]3(F)[C@@H](O)C[C@@]21C,B3DB_classification:1176,dexamethasone-acefurate,CC(=O)OCC(=O)[C@@]1(OC(=O)c2ccco2)[C@H](C)C[C@H]2[C@@H]3CCC4=CC(=O)C=C[C@]4(C)[C@@]3(F)[C@@H](O)C[C@@]21C,,,
tdc_no_conflict_salt_removed,train,1092,train:1092,O=C(NCCCOc1cccc(CN2CCCCC2)c1)c1ccccc1,1,True,,O=C(NCCCOc1cccc(CN2CCCCC2)c1)c1ccccc1,O=C(NCCCOc1cccc(CN2CCCCC2)c1)c1ccccc1,1,exact,1,1,B3DB_classification:383,bbcpd21,O=C(NCCCOc1cccc(CN2CCCCC2)c1)c1ccccc1,B3DB_classification:383,bbcpd21,O=C(NCCCOc1cccc(CN2CCCCC2)c1)c1ccccc1,,,
tdc_no_conflict_salt_removed,train,1093,train:1093,Cc1[nH]ccc2c1[nH]c1cc(=O)ccc12,1,True,,Cc1[nH]ccc2c1[nH]c1cc(=O)ccc12,Cc1[nH]ccc2c1[nH]c1cc(=O)ccc12,1,exact,1,1,B3DB_classification:2161,harmalol,Cc1[nH]ccc2c1[nH]c1cc(=O)ccc12,B3DB_classification:2161,harmalol,Cc1[nH]ccc2c1[nH]c1cc(=O)ccc12,,,
tdc_no_conflict_salt_removed,train,1094,train:1094,CCC(=O)O[C@H]1[C@H](C)O[C@@H](O[C@@H]2C(C)C(=O)O[C@H](C)[C@H](C)[C@H](OC(=O)CC)[C@@H](C)C(=O)[C@]3(CO3)CC(C)[C@H](O[C@@H]3O[C@H](C)C[C@H](N(C)C)[C@H]3O)[C@H]2C)C[C@@H]1OC,0,True,,CCC(=O)O[C@H]1[C@H](C)O[C@@H](O[C@@H]2C(C)C(=O)O[C@H](C)[C@H](C)[C@H](OC(=O)CC)[C@@H](C)C(=O)[C@]3(CO3)CC(C)[C@H](O[C@@H]3O[C@H](C)C[C@H](N(C)C)[C@H]3O)[C@H]2C)C[C@@H]1OC,CCC(=O)O[C@H]1[C@H](C)O[C@@H](O[C@@H]2C(C)C(=O)O[C@H](C)[C@H](C)[C@H](OC(=O)CC)[C@@H](C)C(=O)[C@]3(CO3)CC(C)[C@H](O[C@@H]3O[C@H](C)C[C@H](N(C)C)[C@H]3O)[C@H]2C)C[C@@H]1OC,1,exact,0,0,B3DB_classification:1432,diproleandomycin,CCC(=O)O[C@H]1[C@H](C)O[C@@H](O[C@@H]2C(C)C(=O)O[C@H](C)[C@H](C)[C@H](OC(=O)CC)[C@@H](C)C(=O)[C@]3(CO3)CC(C)[C@H](O[C@@H]3O[C@H](C)C[C@H](N(C)C)[C@H]3O)[C@H]2C)C[C@@H]1OC,B3DB_classification:1432,diproleandomycin,CCC(=O)O[C@H]1[C@H](C)O[C@@H](O[C@@H]2C(C)C(=O)O[C@H](C)[C@H](C)[C@H](OC(=O)CC)[C@@H](C)C(=O)[C@]3(CO3)CC(C)[C@H](O[C@@H]3O[C@H](C)C[C@H](N(C)C)[C@H]3O)[C@H]2C)C[C@@H]1OC,,,
tdc_no_conflict_salt_removed,train,1095,train:1095,CO[C@H]1C[C@H](O[C@H]2[C@H](C)[C@@H](O[C@@H]3O[C@H](C)C[C@H](N(C)C)[C@H]3OC(C)=O)[C@@H](C)C[C@@]3(CO3)C(=O)[C@H](C)[C@@H](OC(C)=O)[C@@H](C)[C@@H](C)OC(=O)[C@@H]2C)O[C@@H](C)[C@@H]1OC(C)=O,0,True,,CO[C@H]1C[C@H](O[C@H]2[C@H](C)[C@@H](O[C@@H]3O[C@H](C)C[C@H](N(C)C)[C@H]3OC(C)=O)[C@@H](C)C[C@@]3(CO3)C(=O)[C@H](C)[C@@H](OC(C)=O)[C@@H](C)[C@@H](C)OC(=O)[C@@H]2C)O[C@@H](C)[C@@H]1OC(C)=O,CO[C@H]1C[C@H](O[C@H]2[C@H](C)[C@@H](O[C@@H]3O[C@H](C)C[C@H](N(C)C)[C@H]3OC(C)=O)[C@@H](C)C[C@@]3(CO3)C(=O)[C@H](C)[C@@H](OC(C)=O)[C@@H](C)[C@@H](C)OC(=O)[C@@H]2C)O[C@@H](C)[C@@H]1OC(C)=O,1,exact,0,0,B3DB_classification:2015,troleandomycin,CO[C@H]1C[C@H](O[C@@H]2[C@@H](C)C(=O)O[C@H](C)[C@H](C)[C@H](OC(C)=O)[C@@H](C)C(=O)[C@]3(CO3)C[C@H](C)[C@H](O[C@@H]3O[C@H](C)C[C@H](N(C)C)[C@H]3OC(C)=O)[C@H]2C)O[C@@H](C)[C@@H]1OC(C)=O,B3DB_classification:2015,troleandomycin,CO[C@H]1C[C@H](O[C@@H]2[C@@H](C)C(=O)O[C@H](C)[C@H](C)[C@H](OC(C)=O)[C@@H](C)C(=O)[C@]3(CO3)C[C@H](C)[C@H](O[C@@H]3O[C@H](C)C[C@H](N(C)C)[C@H]3OC(C)=O)[C@H]2C)O[C@@H](C)[C@@H]1OC(C)=O,,,
tdc_no_conflict_salt_removed,train,1096,train:1096,COC1CC(O[C@H]2[C@H](C)[C@@H](OC3OC(C)CC(N(C)C)C3O)[C@@H](C)C[C@]3(CO3)C(=O)[C@H](C)[C@@H](O)[C@@H](C)[C@@H](C)OC(=O)[C@@H]2C)OC(C)C1O,0,True,,COC1CC(O[C@H]2[C@H](C)[C@@H](OC3OC(C)CC(N(C)C)C3O)[C@@H](C)C[C@]3(CO3)C(=O)[C@H](C)[C@@H](O)[C@@H](C)[C@@H](C)OC(=O)[C@@H]2C)OC(C)C1O,COC1CC(O[C@H]2[C@H](C)[C@@H](OC3OC(C)CC(N(C)C)C3O)[C@@H](C)C[C@]3(CO3)C(=O)[C@H](C)[C@@H](O)[C@@H](C)[C@@H](C)OC(=O)[C@@H]2C)OC(C)C1O,1,exact,0,0,B3DB_classification:1982,oleandomycin,COC1CC(O[C@@H]2[C@@H](C)C(=O)O[C@H](C)[C@H](C)[C@H](O)[C@@H](C)C(=O)[C@@]3(CO3)C[C@H](C)[C@H](OC3OC(C)CC(N(C)C)C3O)[C@H]2C)OC(C)C1O,B3DB_classification:1982,oleandomycin,COC1CC(O[C@@H]2[C@@H](C)C(=O)O[C@H](C)[C@H](C)[C@H](O)[C@@H](C)C(=O)[C@@]3(CO3)C[C@H](C)[C@H](OC3OC(C)CC(N(C)C)C3O)[C@H]2C)OC(C)C1O,,,
tdc_no_conflict_salt_removed,train,1097,train:1097,CCC1(CC)C(=O)NCC(C)C1=O,1,True,,CCC1(CC)C(=O)NCC(C)C1=O,CCC1(CC)C(=O)NCC(C)C1=O,1,exact,1,1,B3DB_classification:1474,methyprylon,CCC1(CC)C(=O)NCC(C)C1=O,B3DB_classification:1474,methyprylon,CCC1(CC)C(=O)NCC(C)C1=O,,,
tdc_no_conflict_salt_removed,train,1098,train:1098,COc1cc(C(=O)N2CCCCCCC2)cc(OC)c1OC,1,True,,COc1cc(C(=O)N2CCCCCCC2)cc(OC)c1OC,COc1cc(C(=O)N2CCCCCCC2)cc(OC)c1OC,1,exact,1,1,B3DB_classification:2023,trocimine,COc1cc(C(=O)N2CCCCCCC2)cc(OC)c1OC,B3DB_classification:2023,trocimine,COc1cc(C(=O)N2CCCCCCC2)cc(OC)c1OC,,,
tdc_no_conflict_salt_removed,train,1099,train:1099,CN1CCCN(C(c2ccccc2)c2ccc(Cl)cc2)CC1,1,True,,CN1CCCN(C(c2ccccc2)c2ccc(Cl)cc2)CC1,CN1CCCN(C(c2ccccc2)c2ccc(Cl)cc2)CC1,1,exact,1,1,B3DB_classification:1839,homochlorcyclizine,CN1CCCN(C(c2ccccc2)c2ccc(Cl)cc2)CC1,B3DB_classification:1839,homochlorcyclizine,CN1CCCN(C(c2ccccc2)c2ccc(Cl)cc2)CC1,,,
tdc_no_conflict_salt_removed,train,1100,train:1100,CC12CCCCCC(Cc3ccc(O)cc31)C2N,1,True,,CC12CCCCCC(Cc3ccc(O)cc31)C2N,CC12CCCCCC(Cc3ccc(O)cc31)C2N,1,exact,1,1,B3DB_classification:1378,dezocine,CC12CCCCCC(Cc3ccc(O)cc31)C2N,B3DB_classification:1378,dezocine,CC12CCCCCC(Cc3ccc(O)cc31)C2N,,,
tdc_no_conflict_salt_removed,train,1101,train:1101,CCC1(C)CC(=O)NC1=O,1,True,,CCC1(C)CC(=O)NC1=O,CCC1(C)CC(=O)NC1=O,1,exact,1,1,B3DB_classification:352,ethosuximide,CCC1(C)CC(=O)NC1=O,B3DB_classification:352,ethosuximide,CCC1(C)CC(=O)NC1=O,,,
tdc_no_conflict_salt_removed,train,1102,train:1102,CCC1(CC)C(=O)NC(=O)N(c2ccccc2)C1=O,1,True,,CCC1(CC)C(=O)NC(=O)N(c2ccccc2)C1=O,CCC1(CC)C(=O)NC(=O)N(c2ccccc2)C1=O,1,exact,1,1,B3DB_classification:1472,phetharbital,CCC1(CC)C(=O)NC(=O)N(c2ccccc2)C1=O,B3DB_classification:1472,phetharbital,CCC1(CC)C(=O)NC(=O)N(c2ccccc2)C1=O,,,
tdc_no_conflict_salt_removed,train,1103,train:1103,O=C(NCCN1CCOCC1)c1ccc(Cl)cc1,1,True,,O=C(NCCN1CCOCC1)c1ccc(Cl)cc1,O=C(NCCN1CCOCC1)c1ccc(Cl)cc1,1,exact,1,1,B3DB_classification:2404,teflurane,O=C(NCCN1CCOCC1)c1ccc(Cl)cc1,B3DB_classification:2404,teflurane,O=C(NCCN1CCOCC1)c1ccc(Cl)cc1,,,
tdc_no_conflict_salt_removed,train,1104,train:1104,CN1CCN(C2=c3ccccc3=Nc3ccc(Cl)cc3N2)CC1,1,True,,CN1CCN(C2=c3ccccc3=Nc3ccc(Cl)cc3N2)CC1,CN1CCN(C2=c3ccccc3=Nc3ccc(Cl)cc3N2)CC1,1,unmatched,,,,,,,,,,,
tdc_no_conflict_salt_removed,train,1105,train:1105,CCN(C(C)=O)c1cccc(-c2ccnc3c(C#N)cnn23)c1,1,True,,CCN(C(C)=O)c1cccc(-c2ccnc3c(C#N)cnn23)c1,CCN(C(C)=O)c1cccc(-c2ccnc3c(C#N)cnn23)c1,1,exact,1,1,B3DB_classification:1578,zaleplon,CCN(C(C)=O)c1cccc(-c2ccnc3c(C#N)cnn23)c1,B3DB_classification:1578,zaleplon,CCN(C(C)=O)c1cccc(-c2ccnc3c(C#N)cnn23)c1,,,
tdc_no_conflict_salt_removed,train,1106,train:1106,COc1ccc2c3c1O[C@H]1C[C@@H](O)C=C[C@@]31CCN(C)C2,1,True,,COc1ccc2c3c1O[C@H]1C[C@@H](O)C=C[C@@]31CCN(C)C2,COc1ccc2c3c1O[C@H]1C[C@@H](O)C=C[C@@]31CCN(C)C2,1,exact,1,1,B3DB_classification:731,galanthamine,COc1ccc2c3c1O[C@H]1C[C@@H](O)C=C[C@@]31CCN(C)C2,B3DB_classification:731,galanthamine,COc1ccc2c3c1O[C@H]1C[C@@H](O)C=C[C@@]31CCN(C)C2,,,
tdc_no_conflict_salt_removed,train,1107,train:1107,CCC12CCN(CC3CC3)C(Cc3ccc(O)cc31)C2(C)C,1,True,,CCC12CCN(CC3CC3)C(Cc3ccc(O)cc31)C2(C)C,CCC12CCN(CC3CC3)C(Cc3ccc(O)cc31)C2(C)C,1,exact,1,1,B3DB_classification:1485,gemazocine,CCC12CCN(CC3CC3)C(Cc3ccc(O)cc31)C2(C)C,B3DB_classification:1485,gemazocine,CCC12CCN(CC3CC3)C(Cc3ccc(O)cc31)C2(C)C,,,
tdc_no_conflict_salt_removed,train,1108,train:1108,CC1C2Cc3ccc(O)cc3C1(C)CCN2CC1CC1,1,True,,CC1C2Cc3ccc(O)cc3C1(C)CCN2CC1CC1,CC1C2Cc3ccc(O)cc3C1(C)CCN2CC1CC1,1,exact,1,1,B3DB_classification:1393,ribavirin,CC1C2Cc3ccc(O)cc3C1(C)CCN2CC1CC1,B3DB_classification:1393,ribavirin,CC1C2Cc3ccc(O)cc3C1(C)CCN2CC1CC1,,,
tdc_no_conflict_salt_removed,train,1109,train:1109,CC[C@]12CCN(CC3(O)CC3)[C@H](Cc3ccc(O)cc31)C2(C)C,1,True,,CC[C@]12CCN(CC3(O)CC3)[C@H](Cc3ccc(O)cc31)C2(C)C,CC[C@]12CCN(CC3(O)CC3)[C@H](Cc3ccc(O)cc31)C2(C)C,1,exact,1,1,B3DB_classification:1689,bremazocine,CC[C@]12CCN(CC3(O)CC3)[C@H](Cc3ccc(O)cc31)C2(C)C,B3DB_classification:1689,bremazocine,CC[C@]12CCN(CC3(O)CC3)[C@H](Cc3ccc(O)cc31)C2(C)C,,,
tdc_no_conflict_salt_removed,train,1110,train:1110,COC(=O)C(c1ccccc1)C1CCCCN1,1,True,,COC(=O)C(c1ccccc1)C1CCCCN1,COC(=O)C(c1ccccc1)C1CCCCN1,1,exact,1,1,B3DB_classification:952,methylphenidate,COC(=O)C(c1ccccc1)C1CCCCN1,B3DB_classification:952,methylphenidate,COC(=O)C(c1ccccc1)C1CCCCN1,,,
tdc_no_conflict_salt_removed,train,1111,train:1111,CC(=O)OC(c1ccccc1)C1CCCCN1,1,True,,CC(=O)OC(c1ccccc1)C1CCCCN1,CC(=O)OC(c1ccccc1)C1CCCCN1,1,exact,1,1,B3DB_classification:1157,levofacetoperane,CC(=O)OC(c1ccccc1)C1CCCCN1,B3DB_classification:1157,levofacetoperane,CC(=O)OC(c1ccccc1)C1CCCCN1,,,
tdc_no_conflict_salt_removed,train,1112,train:1112,CC1(C)S[C@@H]2[C@H](NC(=O)[C@H](N)c3ccccc3)C(=O)N2[C@H]1C(=O)OC1OC(=O)c2ccccc21,0,True,,CC1(C)S[C@@H]2[C@H](NC(=O)[C@H](N)c3ccccc3)C(=O)N2[C@H]1C(=O)OC1OC(=O)c2ccccc21,CC1(C)S[C@@H]2[C@H](NC(=O)[C@H](N)c3ccccc3)C(=O)N2[C@H]1C(=O)OC1OC(=O)c2ccccc21,1,exact,0,0,B3DB_classification:1363,talampicillin,CC1(C)S[C@@H]2[C@H](NC(=O)[C@H](N)c3ccccc3)C(=O)N2[C@H]1C(=O)OC1OC(=O)c2ccccc21,B3DB_classification:1363,talampicillin,CC1(C)S[C@@H]2[C@H](NC(=O)[C@H](N)c3ccccc3)C(=O)N2[C@H]1C(=O)OC1OC(=O)c2ccccc21,,,
tdc_no_conflict_salt_removed,train,1113,train:1113,CN(Cc1cnc2nc(N)nc(N)c2n1)c1ccc(C(=O)N[C@@H](CCC(=O)O)C(=O)O)cc1,0,True,,CN(Cc1cnc2nc(N)nc(N)c2n1)c1ccc(C(=O)N[C@@H](CCC(=O)O)C(=O)O)cc1,CN(Cc1cnc2nc(N)nc(N)c2n1)c1ccc(C(=O)N[C@@H](CCC(=O)O)C(=O)O)cc1,1,exact,0,0,B3DB_classification:45,methotrexate,CN(Cc1cnc2nc(N)nc(N)c2n1)c1ccc(C(=O)N[C@@H](CCC(=O)O)C(=O)O)cc1,B3DB_classification:45,methotrexate,CN(Cc1cnc2nc(N)nc(N)c2n1)c1ccc(C(=O)N[C@@H](CCC(=O)O)C(=O)O)cc1,,,
tdc_no_conflict_salt_removed,train,1114,train:1114,COc1ccc(Cc2nccc3cc(OC)c(OC)cc23)cc1OC,0,True,,COc1ccc(Cc2nccc3cc(OC)c(OC)cc23)cc1OC,COc1ccc(Cc2nccc3cc(OC)c(OC)cc23)cc1OC,1,unmatched,,,,,,,,,,,
tdc_no_conflict_salt_removed,train,1115,train:1115,C[C@H]1CCCC[C@@]1(c1cccs1)N1CCCCC1,1,True,,C[C@H]1CCCC[C@@]1(c1cccs1)N1CCCCC1,C[C@H]1CCCC[C@@]1(c1cccs1)N1CCCCC1,1,exact,1,1,B3DB_classification:2125,gacyclidine,C[C@H]1CCCC[C@@]1(c1cccs1)N1CCCCC1,B3DB_classification:2125,gacyclidine,C[C@H]1CCCC[C@@]1(c1cccs1)N1CCCCC1,,,
tdc_no_conflict_salt_removed,train,1116,train:1116,CN(C)Cc1ccc(-c2cccc(NC3N=CC=C3[N+](=O)[O-])c2)o1,1,True,,CN(C)Cc1ccc(-c2cccc(NC3N=CC=C3[N+](=O)[O-])c2)o1,CN(C)Cc1ccc(-c2cccc(NC3N=CC=C3[N+](=O)[O-])c2)o1,1,exact,1,1,B3DB_classification:373,compound 37,CN(C)Cc1ccc(-c2cccc(NC3N=CC=C3[N+](=O)[O-])c2)o1,B3DB_classification:373,compound 37,CN(C)Cc1ccc(-c2cccc(NC3N=CC=C3[N+](=O)[O-])c2)o1,,,
tdc_no_conflict_salt_removed,train,1117,train:1117,CO[C@@]1(NC(=O)C2SC(=C(C(N)=O)C(=O)O)S2)C(=O)N2C(C(=O)O)=C(CSc3nnnn3C)CS[C@@H]21,0,True,,CO[C@@]1(NC(=O)C2SC(=C(C(N)=O)C(=O)O)S2)C(=O)N2C(C(=O)O)=C(CSc3nnnn3C)CS[C@@H]21,CO[C@@]1(NC(=O)C2SC(=C(C(N)=O)C(=O)O)S2)C(=O)N2C(C(=O)O)=C(CSc3nnnn3C)CS[C@@H]21,1,exact,0,0,B3DB_classification:15,cefotetan,CO[C@@]1(NC(=O)C2SC(=C(C(N)=O)C(=O)O)S2)C(=O)N2C(C(=O)O)=C(CSc3nnnn3C)CS[C@@H]21,B3DB_classification:15,cefotetan,CO[C@@]1(NC(=O)C2SC(=C(C(N)=O)C(=O)O)S2)C(=O)N2C(C(=O)O)=C(CSc3nnnn3C)CS[C@@H]21,,,
tdc_no_conflict_salt_removed,train,1118,train:1118,O=c1[nH]c2cc(Cl)ccc2n1C1CCN(CCCC(c2ccc(F)cc2)c2ccc(F)cc2)CC1,1,True,,O=c1[nH]c2cc(Cl)ccc2n1C1CCN(CCCC(c2ccc(F)cc2)c2ccc(F)cc2)CC1,O=c1[nH]c2cc(Cl)ccc2n1C1CCN(CCCC(c2ccc(F)cc2)c2ccc(F)cc2)CC1,1,exact,1,1,B3DB_classification:2500,clopimozide,O=c1[nH]c2cc(Cl)ccc2n1C1CCN(CCCC(c2ccc(F)cc2)c2ccc(F)cc2)CC1,B3DB_classification:2500,clopimozide,O=c1[nH]c2cc(Cl)ccc2n1C1CCN(CCCC(c2ccc(F)cc2)c2ccc(F)cc2)CC1,,,
tdc_no_conflict_salt_removed,train,1119,train:1119,O=c1[nH]c2ccccc2n1C1CCN(CCCC(c2ccc(F)cc2)c2ccc(F)cc2)CC1,1,True,,O=c1[nH]c2ccccc2n1C1CCN(CCCC(c2ccc(F)cc2)c2ccc(F)cc2)CC1,O=c1[nH]c2ccccc2n1C1CCN(CCCC(c2ccc(F)cc2)c2ccc(F)cc2)CC1,1,exact,1,1,B3DB_classification:2504,maprotiline,O=c1[nH]c2ccccc2n1C1CCN(CCCC(c2ccc(F)cc2)c2ccc(F)cc2)CC1,B3DB_classification:2504,maprotiline,O=c1[nH]c2ccccc2n1C1CCN(CCCC(c2ccc(F)cc2)c2ccc(F)cc2)CC1,,,
tdc_no_conflict_salt_removed,train,1120,train:1120,Cc1ccc(S(=O)(=O)CCN2C(=O)CN=C(c3ccccc3Cl)c3cc(Cl)ccc32)cc1,1,True,,Cc1ccc(S(=O)(=O)CCN2C(=O)CN=C(c3ccccc3Cl)c3cc(Cl)ccc32)cc1,Cc1ccc(S(=O)(=O)CCN2C(=O)CN=C(c3ccccc3Cl)c3cc(Cl)ccc32)cc1,1,exact,1,1,B3DB_classification:2187,tolufazepam,Cc1ccc(S(=O)(=O)CCN2C(=O)CN=C(c3ccccc3Cl)c3cc(Cl)ccc32)cc1,B3DB_classification:2187,tolufazepam,Cc1ccc(S(=O)(=O)CCN2C(=O)CN=C(c3ccccc3Cl)c3cc(Cl)ccc32)cc1,,,
tdc_no_conflict_salt_removed,train,1121,train:1121,OCCN1CCN(CCCC2c3ccc(F)cc3Sc3ccc(C(F)(F)F)cc32)CC1,1,True,,OCCN1CCN(CCCC2c3ccc(F)cc3Sc3ccc(C(F)(F)F)cc32)CC1,OCCN1CCN(CCCC2c3ccc(F)cc3Sc3ccc(C(F)(F)F)cc32)CC1,1,exact,1,1,B3DB_classification:2539,teflutixol,OCCN1CCN(CCCC2c3ccc(F)cc3Sc3ccc(C(F)(F)F)cc32)CC1,B3DB_classification:2539,teflutixol,OCCN1CCN(CCCC2c3ccc(F)cc3Sc3ccc(C(F)(F)F)cc32)CC1,,,
tdc_no_conflict_salt_removed,train,1122,train:1122,OCCCN1CCN(CCCC2c3ccccc3Sc3ccc(Cl)cc32)CC1,1,True,,OCCCN1CCN(CCCC2c3ccccc3Sc3ccc(Cl)cc32)CC1,OCCCN1CCN(CCCC2c3ccccc3Sc3ccc(Cl)cc32)CC1,1,exact,1,1,B3DB_classification:2532,xanthiol,OCCCN1CCN(CCCC2c3ccccc3Sc3ccc(Cl)cc32)CC1,B3DB_classification:2532,xanthiol,OCCCN1CCN(CCCC2c3ccccc3Sc3ccc(Cl)cc32)CC1,,,
tdc_no_conflict_salt_removed,train,1123,train:1123,COc1cc(C(=O)OCCN2CCN(CCCN3c4ccccc4Sc4ccc(Cl)cc43)CC2)cc(OC)c1OC,1,True,,COc1cc(C(=O)OCCN2CCN(CCCN3c4ccccc4Sc4ccc(Cl)cc43)CC2)cc(OC)c1OC,COc1cc(C(=O)OCCN2CCN(CCCN3c4ccccc4Sc4ccc(Cl)cc43)CC2)cc(OC)c1OC,1,exact,1,1,B3DB_classification:2025,metofenazate,COc1cc(C(=O)OCCN2CCN(CCCN3c4ccccc4Sc4ccc(Cl)cc43)CC2)cc(OC)c1OC,B3DB_classification:2025,metofenazate,COc1cc(C(=O)OCCN2CCN(CCCN3c4ccccc4Sc4ccc(Cl)cc43)CC2)cc(OC)c1OC,,,
tdc_no_conflict_salt_removed,train,1124,train:1124,CC(C)(Oc1ccc(Cl)cc1)C(=O)N[C@@H](C(=O)N[C@@H]1C(=O)N2[C@@H]1SC(C)(C)[C@@H]2C(=O)O)c1ccccc1,0,True,,CC(C)(Oc1ccc(Cl)cc1)C(=O)N[C@@H](C(=O)N[C@@H]1C(=O)N2[C@@H]1SC(C)(C)[C@@H]2C(=O)O)c1ccccc1,CC(C)(Oc1ccc(Cl)cc1)C(=O)N[C@@H](C(=O)N[C@@H]1C(=O)N2[C@@H]1SC(C)(C)[C@@H]2C(=O)O)c1ccccc1,1,exact,0,0,B3DB_classification:1240,fibracillin,CC(C)(Oc1ccc(Cl)cc1)C(=O)N[C@@H](C(=O)N[C@@H]1C(=O)N2[C@@H](C(=O)O)C(C)(C)S[C@H]12)c1ccccc1,B3DB_classification:1240,fibracillin,CC(C)(Oc1ccc(Cl)cc1)C(=O)N[C@@H](C(=O)N[C@@H]1C(=O)N2[C@@H](C(=O)O)C(C)(C)S[C@H]12)c1ccccc1,,,
tdc_no_conflict_salt_removed,train,1125,train:1125,Cc1nccc2c1[nH]c1ccccc12,1,True,,Cc1nccc2c1[nH]c1ccccc12,Cc1nccc2c1[nH]c1ccccc12,1,exact,1,1,B3DB_classification:2220,harman,Cc1nccc2c1[nH]c1ccccc12,B3DB_classification:2220,harman,Cc1nccc2c1[nH]c1ccccc12,,,
tdc_no_conflict_salt_removed,train,1126,train:1126,Clc1ccc2c(c1)C(c1ccccc1)=NCc1nncn1-2,1,True,,Clc1ccc2c(c1)C(c1ccccc1)=NCc1nncn1-2,Clc1ccc2c(c1)C(c1ccccc1)=NCc1nncn1-2,1,exact,1,1,B3DB_classification:2243,estazolam,Clc1ccc2c(c1)C(c1ccccc1)=NCc1nncn1-2,B3DB_classification:2243,estazolam,Clc1ccc2c(c1)C(c1ccccc1)=NCc1nncn1-2,,,
tdc_no_conflict_salt_removed,train,1127,train:1127,Cc1nnc2n1-c1ccc(Cl)cc1C(c1ccccc1Cl)=NC2,1,True,,Cc1nnc2n1-c1ccc(Cl)cc1C(c1ccccc1Cl)=NC2,Cc1nnc2n1-c1ccc(Cl)cc1C(c1ccccc1Cl)=NC2,1,exact,1,1,B3DB_classification:896,28911-01-5,Cc1nnc2n1-c1ccc(Cl)cc1C(c1ccccc1Cl)=NC2,B3DB_classification:896,28911-01-5,Cc1nnc2n1-c1ccc(Cl)cc1C(c1ccccc1Cl)=NC2,,,
tdc_no_conflict_salt_removed,train,1128,train:1128,Cc1nnc2n1-c1ccc(Cl)cc1C(c1ccccc1)=NC2,1,True,,Cc1nnc2n1-c1ccc(Cl)cc1C(c1ccccc1)=NC2,Cc1nnc2n1-c1ccc(Cl)cc1C(c1ccccc1)=NC2,1,exact,1,1,B3DB_classification:543,alprazolam,Cc1nnc2n1-c1ccc(Cl)cc1C(c1ccccc1)=NC2,B3DB_classification:543,alprazolam,Cc1nnc2n1-c1ccc(Cl)cc1C(c1ccccc1)=NC2,,,
tdc_no_conflict_salt_removed,train,1129,train:1129,CN(C)Cc1nnc2n1-c1ccc(Cl)cc1C(c1ccccc1)=NC2,1,True,,CN(C)Cc1nnc2n1-c1ccc(Cl)cc1C(c1ccccc1)=NC2,CN(C)Cc1nnc2n1-c1ccc(Cl)cc1C(c1ccccc1)=NC2,1,exact,1,1,B3DB_classification:1777,adinazolam,CN(C)Cc1nnc2n1-c1ccc(Cl)cc1C(c1ccccc1)=NC2,B3DB_classification:1777,adinazolam,CN(C)Cc1nnc2n1-c1ccc(Cl)cc1C(c1ccccc1)=NC2,,,
tdc_no_conflict_salt_removed,train,1130,train:1130,CC(Cc1ccccc1)n1cc([N-]C(=O)Nc2ccccc2)[o+]n1,1,True,,CC(Cc1ccccc1)n1cc([N-]C(=O)Nc2ccccc2)[o+]n1,CC(Cc1ccccc1)n1cc([N-]C(=O)Nc2ccccc2)[o+]n1,1,unmatched,,,,,,,,,,,
tdc_no_conflict_salt_removed,train,1131,train:1131,CO[C@@]1(NC(=O)CSC(F)(F)F)C(=O)N2C(C(=O)O)=C(CSc3nnnn3CCO)CO[C@@H]21,0,True,,CO[C@@]1(NC(=O)CSC(F)(F)F)C(=O)N2C(C(=O)O)=C(CSc3nnnn3CCO)CO[C@@H]21,CO[C@@]1(NC(=O)CSC(F)(F)F)C(=O)N2C(C(=O)O)=C(CSc3nnnn3CCO)CO[C@@H]21,1,exact,0,0,B3DB_classification:2005,flomoxef,CO[C@@]1(NC(=O)CSC(F)(F)F)C(=O)N2C(C(=O)O)=C(CSc3nnnn3CCO)CO[C@@H]21,B3DB_classification:2005,flomoxef,CO[C@@]1(NC(=O)CSC(F)(F)F)C(=O)N2C(C(=O)O)=C(CSc3nnnn3CCO)CO[C@@H]21,,,
tdc_no_conflict_salt_removed,train,1132,train:1132,CC1(C)O[C@@H]2C[C@H]3C4CCC5CC(=O)CCC5(C)[C@@]4(F)[C@@H](O)CC3(C)[C@]2(C(=O)CO)O1,1,True,,CC1(C)O[C@@H]2C[C@H]3C4CCC5CC(=O)CCC5(C)[C@@]4(F)[C@@H](O)CC3(C)[C@]2(C(=O)CO)O1,CC1(C)O[C@@H]2C[C@H]3C4CCC5CC(=O)CCC5(C)[C@@]4(F)[C@@H](O)CC3(C)[C@]2(C(=O)CO)O1,1,exact,1,1,B3DB_classification:1334,drocinonide,CC1(C)O[C@@H]2C[C@H]3C4CCC5CC(=O)CCC5(C)[C@@]4(F)[C@@H](O)CC3(C)[C@]2(C(=O)CO)O1,B3DB_classification:1334,drocinonide,CC1(C)O[C@@H]2C[C@H]3C4CCC5CC(=O)CCC5(C)[C@@]4(F)[C@@H](O)CC3(C)[C@]2(C(=O)CO)O1,,,
tdc_no_conflict_salt_removed,train,1133,train:1133,O=C([O-])c1ccccc1Oc1ccccc1,1,True,,O=C([O-])c1ccccc1Oc1ccccc1,O=C([O-])c1ccccc1Oc1ccccc1,1,unmatched,,,,,,,,,,,
tdc_no_conflict_salt_removed,train,1134,train:1134,CN1CCC(=C2c3ccccc3Sc3ccccc32)CC1,1,True,,CN1CCC(=C2c3ccccc3Sc3ccccc32)CC1,CN1CCC(=C2c3ccccc3Sc3ccccc32)CC1,1,exact,1,1,B3DB_classification:1828,pimethixene,CN1CCC(=C2c3ccccc3Sc3ccccc32)CC1,B3DB_classification:1828,pimethixene,CN1CCC(=C2c3ccccc3Sc3ccccc32)CC1,,,
tdc_no_conflict_salt_removed,train,1135,train:1135,OC(c1ccccc1)(c1ccccc1)C1CCCCN1,1,True,,OC(c1ccccc1)(c1ccccc1)C1CCCCN1,OC(c1ccccc1)(c1ccccc1)C1CCCCN1,1,exact,1,1,B3DB_classification:2522,pipradrol,OC(c1ccccc1)(c1ccccc1)C1CCCCN1,B3DB_classification:2522,pipradrol,OC(c1ccccc1)(c1ccccc1)C1CCCCN1,,,
tdc_no_conflict_salt_removed,train,1136,train:1136,CCCCCC(C)C(C)c1cc(OC(=O)CCCN2CCCCCC2)c2c(c1)OC(C)(C)C1=C2CC(C)CC1,1,True,,CCCCCC(C)C(C)c1cc(OC(=O)CCCN2CCCCCC2)c2c(c1)OC(C)(C)C1=C2CC(C)CC1,CCCCCC(C)C(C)c1cc(OC(=O)CCCN2CCCCCC2)c2c(c1)OC(C)(C)C1=C2CC(C)CC1,1,exact,1,1,B3DB_classification:1518,nabazenil,CCCCCC(C)C(C)c1cc(OC(=O)CCCN2CCCCCC2)c2c(c1)OC(C)(C)C1=C2CC(C)CC1,B3DB_classification:1518,nabazenil,CCCCCC(C)C(C)c1cc(OC(=O)CCCN2CCCCCC2)c2c(c1)OC(C)(C)C1=C2CC(C)CC1,,,
tdc_no_conflict_salt_removed,train,1137,train:1137,NS(=O)(=O)c1cc2c(cc1Cl)NC=NS2(=O)=O,0,True,,NS(=O)(=O)c1cc2c(cc1Cl)NC=NS2(=O)=O,NS(=O)(=O)c1cc2c(cc1Cl)NC=NS2(=O)=O,1,exact,0,0,B3DB_classification:2339,chlorothiazide sodium,NS(=O)(=O)c1cc2c(cc1Cl)NC=NS2(=O)=O,B3DB_classification:2339,chlorothiazide sodium,NS(=O)(=O)c1cc2c(cc1Cl)NC=NS2(=O)=O,,,
tdc_no_conflict_salt_removed,train,1138,train:1138,COC1=CC(=O)OC1C(O)c1ccccc1Cl,1,True,,COC1=CC(=O)OC1C(O)c1ccccc1Cl,COC1=CC(=O)OC1C(O)c1ccccc1Cl,1,exact,1,1,B3DB_classification:1978,losigamone,COC1=CC(=O)OC1C(O)c1ccccc1Cl,B3DB_classification:1978,losigamone,COC1=CC(=O)OC1C(O)c1ccccc1Cl,,,
tdc_no_conflict_salt_removed,train,1139,train:1139,O=C1NC(=O)C2(c3ccc(Cl)cc3)CC12,1,True,,O=C1NC(=O)C2(c3ccc(Cl)cc3)CC12,O=C1NC(=O)C2(c3ccc(Cl)cc3)CC12,1,exact,1,1,B3DB_classification:2474,cyproximide(ciproximide),O=C1NC(=O)C2(c3ccc(Cl)cc3)CC12,B3DB_classification:2474,cyproximide(ciproximide),O=C1NC(=O)C2(c3ccc(Cl)cc3)CC12,,,
tdc_no_conflict_salt_removed,train,1140,train:1140,CCOC(=O)[C@H](CCc1ccccc1)N[C@@H](C)C(=O)N1CCC[C@H]1C(=O)O,0,True,,CCOC(=O)[C@H](CCc1ccccc1)N[C@@H](C)C(=O)N1CCC[C@H]1C(=O)O,CCOC(=O)[C@H](CCc1ccccc1)N[C@@H](C)C(=O)N1CCC[C@H]1C(=O)O,1,exact,0,0,B3DB_classification:1647,enalapril,CCOC(=O)[C@H](CCc1ccccc1)N[C@@H](C)C(=O)N1CCC[C@H]1C(=O)O,B3DB_classification:1647,enalapril,CCOC(=O)[C@H](CCc1ccccc1)N[C@@H](C)C(=O)N1CCC[C@H]1C(=O)O,,,
tdc_no_conflict_salt_removed,train,1141,train:1141,c1ccc(CC2NCCc3c2[nH]c2ccccc32)cc1,1,True,,c1ccc(CC2NCCc3c2[nH]c2ccccc32)cc1,c1ccc(CC2NCCc3c2[nH]c2ccccc32)cc1,1,exact,1,1,B3DB_classification:2570,fenharmane,c1ccc(CC2NCCc3c2[nH]c2ccccc32)cc1,B3DB_classification:2570,fenharmane,c1ccc(CC2NCCc3c2[nH]c2ccccc32)cc1,,,
tdc_no_conflict_salt_removed,train,1142,train:1142,Cn1cc(CCN2CCN(c3ccccc3Cl)CC2)cn1,1,True,,Cn1cc(CCN2CCN(c3ccccc3Cl)CC2)cn1,Cn1cc(CCN2CCN(c3ccccc3Cl)CC2)cn1,1,exact,1,1,B3DB_classification:2252,enpiprazole,Cn1cc(CCN2CCN(c3ccccc3Cl)CC2)cn1,B3DB_classification:2252,enpiprazole,Cn1cc(CCN2CCN(c3ccccc3Cl)CC2)cn1,,,
tdc_no_conflict_salt_removed,train,1143,train:1143,Cc1cnc(N/C(O)=C2/C(=O)c3ccccc3S(=O)(=O)N2C)s1,0,True,,Cc1cnc(N/C(O)=C2/C(=O)c3ccccc3S(=O)(=O)N2C)s1,Cc1cnc(N/C(O)=C2/C(=O)c3ccccc3S(=O)(=O)N2C)s1,1,unmatched,,,,,,,,,,,
tdc_no_conflict_salt_removed,train,1144,train:1144,C=C[C@H]1CN2CC[C@@H]1C[C@H]2[C@H](O)c1ccnc2ccc(OC)cc12,0,True,,C=C[C@H]1CN2CC[C@@H]1C[C@H]2[C@H](O)c1ccnc2ccc(OC)cc12,C=C[C@H]1CN2CC[C@@H]1C[C@H]2[C@H](O)c1ccnc2ccc(OC)cc12,1,exact,0,0,B3DB_classification:1129,quinine sulfate,C=C[C@H]1CN2CC[C@@H]1C[C@H]2[C@H](O)c1ccnc2ccc(OC)cc12,B3DB_classification:1129,quinine sulfate,C=C[C@H]1CN2CC[C@@H]1C[C@H]2[C@H](O)c1ccnc2ccc(OC)cc12,,,
tdc_no_conflict_salt_removed,train,1145,train:1145,C=C[C@H]1CN2CC[C@H]1C[C@@H]2[C@@H](O)c1ccnc2ccc(OC)cc12,1,True,,C=C[C@H]1CN2CC[C@H]1C[C@@H]2[C@@H](O)c1ccnc2ccc(OC)cc12,C=C[C@H]1CN2CC[C@H]1C[C@@H]2[C@@H](O)c1ccnc2ccc(OC)cc12,1,unmatched,,,,,,,,,,,
tdc_no_conflict_salt_removed,train,1146,train:1146,C[C@H]1O[C@@H](O[C@H]2[C@@H](O)C[C@H](O[C@H]3[C@@H](O)C[C@H](O[C@H]4CC[C@@]5(C)[C@H](CC[C@@H]6[C@@H]5CC[C@]5(C)[C@H](C7=CC(=O)OC7)CC[C@]65O)C4)O[C@@H]3C)O[C@@H]2C)C[C@H](O)[C@@H]1O,0,True,,C[C@H]1O[C@@H](O[C@H]2[C@@H](O)C[C@H](O[C@H]3[C@@H](O)C[C@H](O[C@H]4CC[C@@]5(C)[C@H](CC[C@@H]6[C@@H]5CC[C@]5(C)[C@H](C7=CC(=O)OC7)CC[C@]65O)C4)O[C@@H]3C)O[C@@H]2C)C[C@H](O)[C@@H]1O,C[C@H]1O[C@@H](O[C@H]2[C@@H](O)C[C@H](O[C@H]3[C@@H](O)C[C@H](O[C@H]4CC[C@@]5(C)[C@H](CC[C@@H]6[C@@H]5CC[C@]5(C)[C@H](C7=CC(=O)OC7)CC[C@]65O)C4)O[C@@H]3C)O[C@@H]2C)C[C@H](O)[C@@H]1O,1,exact,0,0,B3DB_classification:2130,digitoxin,C[C@H]1O[C@@H](O[C@H]2[C@@H](O)C[C@H](O[C@H]3[C@@H](O)C[C@H](O[C@H]4CC[C@]5(C)[C@H]6CC[C@]7(C)[C@H](C8=CC(=O)OC8)CC[C@]7(O)[C@@H]6CC[C@@H]5C4)O[C@@H]3C)O[C@@H]2C)C[C@H](O)[C@@H]1O,B3DB_classification:2130,digitoxin,C[C@H]1O[C@@H](O[C@H]2[C@@H](O)C[C@H](O[C@H]3[C@@H](O)C[C@H](O[C@H]4CC[C@]5(C)[C@H]6CC[C@]7(C)[C@H](C8=CC(=O)OC8)CC[C@]7(O)[C@@H]6CC[C@@H]5C4)O[C@@H]3C)O[C@@H]2C)C[C@H](O)[C@@H]1O,,,
tdc_no_conflict_salt_removed,train,1147,train:1147,C[C@H]1O[C@@H](O[C@H]2[C@@H](O)C[C@H](O[C@H]3[C@@H](O)C[C@H](O[C@H]4CC[C@@]5(C)[C@H](CC[C@@H]6[C@@H]5C[C@@H](O)[C@]5(C)[C@@H](C7=CC(=O)OC7)CC[C@]65O)C4)O[C@@H]3C)O[C@@H]2C)C[C@H](O)[C@@H]1O,0,True,,C[C@H]1O[C@@H](O[C@H]2[C@@H](O)C[C@H](O[C@H]3[C@@H](O)C[C@H](O[C@H]4CC[C@@]5(C)[C@H](CC[C@@H]6[C@@H]5C[C@@H](O)[C@]5(C)[C@@H](C7=CC(=O)OC7)CC[C@]65O)C4)O[C@@H]3C)O[C@@H]2C)C[C@H](O)[C@@H]1O,C[C@H]1O[C@@H](O[C@H]2[C@@H](O)C[C@H](O[C@H]3[C@@H](O)C[C@H](O[C@H]4CC[C@@]5(C)[C@H](CC[C@@H]6[C@@H]5C[C@@H](O)[C@]5(C)[C@@H](C7=CC(=O)OC7)CC[C@]65O)C4)O[C@@H]3C)O[C@@H]2C)C[C@H](O)[C@@H]1O,1,exact,0,0,B3DB_classification:2131,digoxin,C[C@H]1O[C@@H](O[C@H]2[C@@H](O)C[C@H](O[C@H]3[C@@H](O)C[C@H](O[C@H]4CC[C@]5(C)[C@H]6C[C@@H](O)[C@]7(C)[C@@H](C8=CC(=O)OC8)CC[C@]7(O)[C@@H]6CC[C@@H]5C4)O[C@@H]3C)O[C@@H]2C)C[C@H](O)[C@@H]1O,B3DB_classification:2131,digoxin,C[C@H]1O[C@@H](O[C@H]2[C@@H](O)C[C@H](O[C@H]3[C@@H](O)C[C@H](O[C@H]4CC[C@]5(C)[C@H]6C[C@@H](O)[C@]7(C)[C@@H](C8=CC(=O)OC8)CC[C@]7(O)[C@@H]6CC[C@@H]5C4)O[C@@H]3C)O[C@@H]2C)C[C@H](O)[C@@H]1O,,,
tdc_no_conflict_salt_removed,train,1148,train:1148,CO[C@@]12[C@H](COC(N)=O)C3=C(C(=O)C(C)=C(N)C3=O)N1C[C@@H]1N[C@@H]12,0,True,,CO[C@@]12[C@H](COC(N)=O)C3=C(C(=O)C(C)=C(N)C3=O)N1C[C@@H]1N[C@@H]12,CO[C@@]12[C@H](COC(N)=O)C3=C(C(=O)C(C)=C(N)C3=O)N1C[C@@H]1N[C@@H]12,1,exact,0,0,B3DB_classification:2008,mitomycin,CO[C@@]12[C@H](COC(N)=O)C3=C(C(=O)C(C)=C(N)C3=O)N1C[C@@H]1N[C@@H]12,B3DB_classification:2008,mitomycin,CO[C@@]12[C@H](COC(N)=O)C3=C(C(=O)C(C)=C(N)C3=O)N1C[C@@H]1N[C@@H]12,,,
tdc_no_conflict_salt_removed,train,1149,train:1149,COc1cc2c(cc1OC)C1CC(=O)C(CC(C)C)CN1CC2,1,True,,COc1cc2c(cc1OC)C1CC(=O)C(CC(C)C)CN1CC2,COc1cc2c(cc1OC)C1CC(=O)C(CC(C)C)CN1CC2,1,exact,1,1,B3DB_classification:2036,tetrabenazine (tetrabenzine),COc1cc2c(cc1OC)C1CC(=O)C(CC(C)C)CN1CC2,B3DB_classification:2036,tetrabenazine (tetrabenzine),COc1cc2c(cc1OC)C1CC(=O)C(CC(C)C)CN1CC2,,,
tdc_no_conflict_salt_removed,train,1150,train:1150,O=C(NCCc1ccc(O)c(O)c1)C12CC3CC(CC(C3)C1)C2,1,True,,O=C(NCCc1ccc(O)c(O)c1)C12CC3CC(CC(C3)C1)C2,O=C(NCCc1ccc(O)c(O)c1)C12CC3CC(CC(C3)C1)C2,1,exact,1,1,B3DB_classification:2405,dopamantine,O=C(NCCc1ccc(O)c(O)c1)C12CC3CC(CC(C3)C1)C2,B3DB_classification:2405,dopamantine,O=C(NCCc1ccc(O)c(O)c1)C12CC3CC(CC(C3)C1)C2,,,
tdc_no_conflict_salt_removed,train,1151,train:1151,CN1[C@@H]2CCC[C@H]1CC(NC(=O)c1nn(C)c3ccccc13)C2,1,True,,CN1[C@@H]2CCC[C@H]1CC(NC(=O)c1nn(C)c3ccccc13)C2,CN1[C@@H]2CCC[C@H]1CC(NC(=O)c1nn(C)c3ccccc13)C2,1,exact,1,1,B3DB_classification:1887,granisetron,CN1[C@H]2CCC[C@@H]1CC(NC(=O)c1nn(C)c3ccccc13)C2,B3DB_classification:1887,granisetron,CN1[C@H]2CCC[C@@H]1CC(NC(=O)c1nn(C)c3ccccc13)C2,,,
tdc_no_conflict_salt_removed,train,1152,train:1152,Cc1[nH]nc2c1N(c1ccccc1)C(=O)CC(=O)N2C,1,True,,Cc1[nH]nc2c1N(c1ccccc1)C(=O)CC(=O)N2C,Cc1[nH]nc2c1N(c1ccccc1)C(=O)CC(=O)N2C,1,exact,1,1,B3DB_classification:2162,razobazam,Cc1[nH]nc2c1N(c1ccccc1)C(=O)CC(=O)N2C,B3DB_classification:2162,razobazam,Cc1[nH]nc2c1N(c1ccccc1)C(=O)CC(=O)N2C,,,
tdc_no_conflict_salt_removed,train,1153,train:1153,CCCCCc1cc(O)c2c(c1)OC(C)(C)[C@@H]1CCC(C)=C[C@@H]21,1,True,,CCCCCc1cc(O)c2c(c1)OC(C)(C)[C@@H]1CCC(C)=C[C@@H]21,CCCCCc1cc(O)c2c(c1)OC(C)(C)[C@@H]1CCC(C)=C[C@@H]21,1,exact,1,1,B3DB_classification:550,dronabinol,CCCCCc1cc(O)c2c(c1)OC(C)(C)[C@@H]1CCC(C)=C[C@@H]21,B3DB_classification:550,dronabinol,CCCCCc1cc(O)c2c(c1)OC(C)(C)[C@@H]1CCC(C)=C[C@@H]21,,,
tdc_no_conflict_salt_removed,train,1154,train:1154,Cc1ccsc1C(=CCCN1CCC[C@@H](C(=O)O)C1)c1sccc1C,1,True,,Cc1ccsc1C(=CCCN1CCC[C@@H](C(=O)O)C1)c1sccc1C,Cc1ccsc1C(=CCCN1CCC[C@@H](C(=O)O)C1)c1sccc1C,1,exact,1,1,B3DB_classification:2208,tigabine,Cc1ccsc1C(=CCCN1CCC[C@@H](C(=O)O)C1)c1sccc1C,B3DB_classification:2208,tigabine,Cc1ccsc1C(=CCCN1CCC[C@@H](C(=O)O)C1)c1sccc1C,,,
tdc_no_conflict_salt_removed,train,1155,train:1155,COc1ccc(C2CNC(=O)C2)cc1OC1CCCC1,1,True,,COc1ccc(C2CNC(=O)C2)cc1OC1CCCC1,COc1ccc(C2CNC(=O)C2)cc1OC1CCCC1,1,exact,1,1,B3DB_classification:875,rolipram,COc1ccc(C2CNC(=O)C2)cc1OC1CCCC1,B3DB_classification:875,rolipram,COc1ccc(C2CNC(=O)C2)cc1OC1CCCC1,,,
tdc_no_conflict_salt_removed,train,1156,train:1156,CCN(CC)C(=O)[C@H]1[C@H](C(=O)N(CC)CC)[C@H]2C=C[C@@H]1C2,1,True,,CCN(CC)C(=O)[C@H]1[C@H](C(=O)N(CC)CC)[C@H]2C=C[C@@H]1C2,CCN(CC)C(=O)[C@H]1[C@H](C(=O)N(CC)CC)[C@H]2C=C[C@@H]1C2,1,exact,1,1,B3DB_classification:1585,endomid,CCN(CC)C(=O)[C@@H]1[C@@H]2C=C[C@@H](C2)[C@H]1C(=O)N(CC)CC,B3DB_classification:1585,endomid,CCN(CC)C(=O)[C@@H]1[C@@H]2C=C[C@@H](C2)[C@H]1C(=O)N(CC)CC,,,
tdc_no_conflict_salt_removed,train,1157,train:1157,CC1(C)S[C@@H]2[C@H](NC(=O)[C@H](NC(=O)N3CCN(S(C)(=O)=O)C3=O)c3ccccc3)C(=O)N2[C@H]1C(=O)O,0,True,,CC1(C)S[C@@H]2[C@H](NC(=O)[C@H](NC(=O)N3CCN(S(C)(=O)=O)C3=O)c3ccccc3)C(=O)N2[C@H]1C(=O)O,CC1(C)S[C@@H]2[C@H](NC(=O)[C@H](NC(=O)N3CCN(S(C)(=O)=O)C3=O)c3ccccc3)C(=O)N2[C@H]1C(=O)O,1,exact,0,0,B3DB_classification:1365,mezlocillin,CC1(C)S[C@@H]2[C@H](NC(=O)[C@H](NC(=O)N3CCN(S(C)(=O)=O)C3=O)c3ccccc3)C(=O)N2[C@H]1C(=O)O,B3DB_classification:1365,mezlocillin,CC1(C)S[C@@H]2[C@H](NC(=O)[C@H](NC(=O)N3CCN(S(C)(=O)=O)C3=O)c3ccccc3)C(=O)N2[C@H]1C(=O)O,,,
tdc_no_conflict_salt_removed,train,1158,train:1158,COc1cc(/C=C/C(=O)N2CCCCCCC2)cc(OC)c1OC,1,True,,COc1cc(/C=C/C(=O)N2CCCCCCC2)cc(OC)c1OC,COc1cc(/C=C/C(=O)N2CCCCCCC2)cc(OC)c1OC,1,exact,1,1,B3DB_classification:2019,cinoctramide,COc1cc(/C=C/C(=O)N2CCCCCCC2)cc(OC)c1OC,B3DB_classification:2019,cinoctramide,COc1cc(/C=C/C(=O)N2CCCCCCC2)cc(OC)c1OC,,,
tdc_no_conflict_salt_removed,train,1159,train:1159,CC1(C)S[C@@H]2[C@H](NC(=O)[C@H](NC(=O)Nc3cnc(Nc4ccc(S(N)(=O)=O)cc4)[nH]c3=O)c3ccc(O)cc3)C(=O)N2[C@H]1C(=O)O,0,True,,CC1(C)S[C@@H]2[C@H](NC(=O)[C@H](NC(=O)Nc3cnc(Nc4ccc(S(N)(=O)=O)cc4)[nH]c3=O)c3ccc(O)cc3)C(=O)N2[C@H]1C(=O)O,CC1(C)S[C@@H]2[C@H](NC(=O)[C@H](NC(=O)Nc3cnc(Nc4ccc(S(N)(=O)=O)cc4)[nH]c3=O)c3ccc(O)cc3)C(=O)N2[C@H]1C(=O)O,1,exact,0,0,B3DB_classification:1366,piroxicillin,CC1(C)S[C@@H]2[C@H](NC(=O)[C@H](NC(=O)Nc3cnc(Nc4ccc(S(N)(=O)=O)cc4)[nH]c3=O)c3ccc(O)cc3)C(=O)N2[C@H]1C(=O)O,B3DB_classification:1366,piroxicillin,CC1(C)S[C@@H]2[C@H](NC(=O)[C@H](NC(=O)Nc3cnc(Nc4ccc(S(N)(=O)=O)cc4)[nH]c3=O)c3ccc(O)cc3)C(=O)N2[C@H]1C(=O)O,,,
tdc_no_conflict_salt_removed,train,1160,train:1160,CC(C)CC(N(C)C)C1(c2ccc(Cl)cc2)CCC1,1,True,,CC(C)CC(N(C)C)C1(c2ccc(Cl)cc2)CCC1,CC(C)CC(N(C)C)C1(c2ccc(Cl)cc2)CCC1,1,exact,1,1,B3DB_classification:1252,sibutramine,CC(C)CC(N(C)C)C1(c2ccc(Cl)cc2)CCC1,B3DB_classification:1252,sibutramine,CC(C)CC(N(C)C)C1(c2ccc(Cl)cc2)CCC1,,,
tdc_no_conflict_salt_removed,train,1161,train:1161,CC(=O)CC(c1ccccc1)c1c(O)oc2ccccc2c1=O,0,True,,CC(=O)CC(c1ccccc1)c1c(O)oc2ccccc2c1=O,CC(=O)CC(c1ccccc1)c1c(O)oc2ccccc2c1=O,1,unmatched,,,,,,,,,,,
tdc_no_conflict_salt_removed,train,1162,train:1162,O=c1cc[nH]nc1,1,True,,O=c1cc[nH]nc1,O=c1cc[nH]nc1,1,exact,1,1,B3DB_classification:2510,pyridazinone,O=c1cc[nH]nc1,B3DB_classification:2510,pyridazinone,O=c1cc[nH]nc1,,,
tdc_no_conflict_salt_removed,train,1163,train:1163,O=[N+]([O-])c1cc[nH]c1NCCSCc1ccccn1,1,True,,O=[N+]([O-])c1cc[nH]c1NCCSCc1ccccn1,O=[N+]([O-])c1cc[nH]c1NCCSCc1ccccn1,1,exact,1,1,B3DB_classification:231,112598-30-8,O=[N+]([O-])c1cc[nH]c1NCCSCc1ccccn1,B3DB_classification:231,112598-30-8,O=[N+]([O-])c1cc[nH]c1NCCSCc1ccccn1,,,
tdc_no_conflict_salt_removed,train,1164,train:1164,Cc1cc(C(C)(C)SC(C)(C)CNc2[nH]ccc2[N+](=O)[O-])nc(C)c1C,1,True,,Cc1cc(C(C)(C)SC(C)(C)CNc2[nH]ccc2[N+](=O)[O-])nc(C)c1C,Cc1cc(C(C)(C)SC(C)(C)CNc2[nH]ccc2[N+](=O)[O-])nc(C)c1C,1,exact,1,1,B3DB_classification:2175,omeprazole,Cc1cc(C(C)(C)SC(C)(C)CNc2[nH]ccc2[N+](=O)[O-])nc(C)c1C,B3DB_classification:2175,omeprazole,Cc1cc(C(C)(C)SC(C)(C)CNc2[nH]ccc2[N+](=O)[O-])nc(C)c1C,,,
tdc_no_conflict_salt_removed,train,1165,train:1165,Cn1c(=O)c2c(ncn2CCN2CCC(c3c[nH]c4ccccc34)CC2)n(C)c1=O,1,True,,Cn1c(=O)c2c(ncn2CCN2CCC(c3c[nH]c4ccccc34)CC2)n(C)c1=O,Cn1c(=O)c2c(ncn2CCN2CCC(c3c[nH]c4ccccc34)CC2)n(C)c1=O,1,exact,1,1,B3DB_classification:2250,tameridone,Cn1c(=O)c2c(ncn2CCN2CCC(c3c[nH]c4ccccc34)CC2)n(C)c1=O,B3DB_classification:2250,tameridone,Cn1c(=O)c2c(ncn2CCN2CCC(c3c[nH]c4ccccc34)CC2)n(C)c1=O,,,
tdc_no_conflict_salt_removed,train,1166,train:1166,CN[C@H]1CC[C@@H](c2ccc(Cl)c(Cl)c2)c2ccccc21,1,True,,CN[C@H]1CC[C@@H](c2ccc(Cl)c(Cl)c2)c2ccccc21,CN[C@H]1CC[C@@H](c2ccc(Cl)c(Cl)c2)c2ccccc21,1,exact,1,1,B3DB_classification:1055,sertraline,CN[C@H]1CC[C@@H](c2ccc(Cl)c(Cl)c2)c2ccccc21,B3DB_classification:1055,sertraline,CN[C@H]1CC[C@@H](c2ccc(Cl)c(Cl)c2)c2ccccc21,,,
tdc_no_conflict_salt_removed,train,1167,train:1167,CNC1CCC(c2ccccc2)c2ccccc21,1,True,,CNC1CCC(c2ccccc2)c2ccccc21,CNC1CCC(c2ccccc2)c2ccccc21,1,exact,1,1,B3DB_classification:1907,schembl1237910,CNC1CCC(c2ccccc2)c2ccccc21,B3DB_classification:1907,schembl1237910,CNC1CCC(c2ccccc2)c2ccccc21,,,
tdc_no_conflict_salt_removed,train,1168,train:1168,O=C(CCCN1CCC(n2c(=O)[nH]c3ccccc32)CC1)c1ccc(F)cc1,1,True,,O=C(CCCN1CCC(n2c(=O)[nH]c3ccccc32)CC1)c1ccc(F)cc1,O=C(CCCN1CCC(n2c(=O)[nH]c3ccccc32)CC1)c1ccc(F)cc1,1,exact,1,1,B3DB_classification:2368,benperidol,O=C(CCCN1CCC(n2c(=O)[nH]c3ccccc32)CC1)c1ccc(F)cc1,B3DB_classification:2368,benperidol,O=C(CCCN1CCC(n2c(=O)[nH]c3ccccc32)CC1)c1ccc(F)cc1,,,
tdc_no_conflict_salt_removed,train,1169,train:1169,Cc1cccc(O[C@H]2CCNC[C@H]2O)c1C,1,True,,Cc1cccc(O[C@H]2CCNC[C@H]2O)c1C,Cc1cccc(O[C@H]2CCNC[C@H]2O)c1C,1,exact,1,1,B3DB_classification:2201,ifoxetine,Cc1cccc(O[C@H]2CCNC[C@H]2O)c1C,B3DB_classification:2201,ifoxetine,Cc1cccc(O[C@H]2CCNC[C@H]2O)c1C,,,
tdc_no_conflict_salt_removed,train,1170,train:1170,COc1ccc2c3c1OC1C(OC(=O)c4cccnc4)CCC4C(C2)N(C)CCC341,1,True,,COc1ccc2c3c1OC1C(OC(=O)c4cccnc4)CCC4C(C2)N(C)CCC341,COc1ccc2c3c1OC1C(OC(=O)c4cccnc4)CCC4C(C2)N(C)CCC341,1,exact,1,1,B3DB_classification:2068,"morphinan-6-ol, 4,5-epoxy-3-methoxy-17-methyl-, 3-pyridinecarboxylate (ester), (5.alpha.,6.alpha.)-",COc1ccc2c3c1OC1C(OC(=O)c4cccnc4)CCC4C(C2)N(C)CCC341,B3DB_classification:2068,"morphinan-6-ol, 4,5-epoxy-3-methoxy-17-methyl-, 3-pyridinecarboxylate (ester), (5.alpha.,6.alpha.)-",COc1ccc2c3c1OC1C(OC(=O)c4cccnc4)CCC4C(C2)N(C)CCC341,,,
tdc_no_conflict_salt_removed,train,1171,train:1171,NC(=O)N1c2ccccc2C2OC2c2ccccc21,1,True,,NC(=O)N1c2ccccc2C2OC2c2ccccc21,NC(=O)N1c2ccccc2C2OC2c2ccccc21,1,exact,1,1,B3DB_classification:340,b-096,NC(=O)N1c2ccccc2C2OC2c2ccccc21,B3DB_classification:340,b-096,NC(=O)N1c2ccccc2C2OC2c2ccccc21,,,
tdc_no_conflict_salt_removed,train,1172,train:1172,S=C1NCCC(COc2ccccc2)O1,1,True,,S=C1NCCC(COc2ccccc2)O1,S=C1NCCC(COc2ccccc2)O1,1,exact,1,1,B3DB_classification:2561,tifemoxone,S=C1NCCC(COc2ccccc2)O1,B3DB_classification:2561,tifemoxone,S=C1NCCC(COc2ccccc2)O1,,,
tdc_no_conflict_salt_removed,train,1173,train:1173,CN1C(=O)CC2(CCN(CCCC(=O)c3ccc(F)cc3)CC2)C1=O,1,True,,CN1C(=O)CC2(CCN(CCCC(=O)c3ccc(F)cc3)CC2)C1=O,CN1C(=O)CC2(CCN(CCCC(=O)c3ccc(F)cc3)CC2)C1=O,1,exact,1,1,B3DB_classification:1803,roxoperone,CN1C(=O)CC2(CCN(CCCC(=O)c3ccc(F)cc3)CC2)C1=O,B3DB_classification:1803,roxoperone,CN1C(=O)CC2(CCN(CCCC(=O)c3ccc(F)cc3)CC2)C1=O,,,
tdc_no_conflict_salt_removed,train,1174,train:1174,NC(=O)c1cn(Cc2c(F)cccc2F)nn1,1,True,,NC(=O)c1cn(Cc2c(F)cccc2F)nn1,NC(=O)c1cn(Cc2c(F)cccc2F)nn1,1,exact,1,1,B3DB_classification:2300,rufinamide,NC(=O)c1cn(Cc2c(F)cccc2F)nn1,B3DB_classification:2300,rufinamide,NC(=O)c1cn(Cc2c(F)cccc2F)nn1,,,
tdc_no_conflict_salt_removed,train,1175,train:1175,c1ccc([C@@H]2CN3CCSC3=N2)cc1,1,True,,c1ccc([C@@H]2CN3CCSC3=N2)cc1,c1ccc([C@@H]2CN3CCSC3=N2)cc1,1,exact,1,1,B3DB_classification:2572,dexamisole,c1ccc([C@@H]2CN3CCSC3=N2)cc1,B3DB_classification:2572,dexamisole,c1ccc([C@@H]2CN3CCSC3=N2)cc1,,,
tdc_no_conflict_salt_removed,train,1176,train:1176,Cc1ncc2n1-c1ccc(Cl)cc1C(c1ccccc1F)=NC2,1,True,,Cc1ncc2n1-c1ccc(Cl)cc1C(c1ccccc1F)=NC2,Cc1ncc2n1-c1ccc(Cl)cc1C(c1ccccc1F)=NC2,1,exact,1,1,B3DB_classification:777,midazolam,Cc1ncc2n1-c1ccc(Cl)cc1C(c1ccccc1F)=NC2,B3DB_classification:777,midazolam,Cc1ncc2n1-c1ccc(Cl)cc1C(c1ccccc1F)=NC2,,,
tdc_no_conflict_salt_removed,train,1177,train:1177,Cc1ncc2n1-c1ccc(Cl)cc1C(c1ccccc1Cl)=NC2,1,True,,Cc1ncc2n1-c1ccc(Cl)cc1C(c1ccccc1Cl)=NC2,Cc1ncc2n1-c1ccc(Cl)cc1C(c1ccccc1Cl)=NC2,1,exact,1,1,B3DB_classification:908,climazolam,Cc1ncc2n1-c1ccc(Cl)cc1C(c1ccccc1Cl)=NC2,B3DB_classification:908,climazolam,Cc1ncc2n1-c1ccc(Cl)cc1C(c1ccccc1Cl)=NC2,,,
tdc_no_conflict_salt_removed,train,1178,train:1178,Cc1ncc2n1-c1ccc(Cl)cc1C(c1ccccc1F)=NC2O,1,True,,Cc1ncc2n1-c1ccc(Cl)cc1C(c1ccccc1F)=NC2O,Cc1ncc2n1-c1ccc(Cl)cc1C(c1ccccc1F)=NC2O,1,exact,1,1,B3DB_classification:354,59468-85-8,Cc1ncc2n1-c1ccc(Cl)cc1C(c1ccccc1F)=NC2O,B3DB_classification:354,59468-85-8,Cc1ncc2n1-c1ccc(Cl)cc1C(c1ccccc1F)=NC2O,,,
tdc_no_conflict_salt_removed,train,1179,train:1179,OCc1ncc2n1-c1ccc(Cl)cc1C(c1ccccc1F)=NC2,1,True,,OCc1ncc2n1-c1ccc(Cl)cc1C(c1ccccc1F)=NC2,OCc1ncc2n1-c1ccc(Cl)cc1C(c1ccccc1F)=NC2,1,exact,1,1,B3DB_classification:483,59468-90-5,OCc1ncc2n1-c1ccc(Cl)cc1C(c1ccccc1F)=NC2,B3DB_classification:483,59468-90-5,OCc1ncc2n1-c1ccc(Cl)cc1C(c1ccccc1F)=NC2,,,
tdc_no_conflict_salt_removed,train,1180,train:1180,Cn1c(=O)c2nc[nH]c2n(C)c1=O,1,True,,Cn1c(=O)c2nc[nH]c2n(C)c1=O,Cn1c(=O)c2nc[nH]c2n(C)c1=O,1,unmatched,,,,,,,,,,,
tdc_no_conflict_salt_removed,train,1181,train:1181,O=C(O)CCc1nc(-c2ccccc2)c(-c2ccccc2)o1,0,True,,O=C(O)CCc1nc(-c2ccccc2)c(-c2ccccc2)o1,O=C(O)CCc1nc(-c2ccccc2)c(-c2ccccc2)o1,1,unmatched,,,,,,,,,,,
tdc_no_conflict_salt_removed,train,1182,train:1182,CC(C)(C)NC(=O)[C@@H]1CN(Cc2cccnc2)CCN1C[C@@H](O)C[C@@H](Cc1ccccc1)C(=O)N[C@H]1c2ccccc2C[C@H]1O,1,True,,CC(C)(C)NC(=O)[C@@H]1CN(Cc2cccnc2)CCN1C[C@@H](O)C[C@@H](Cc1ccccc1)C(=O)N[C@H]1c2ccccc2C[C@H]1O,CC(C)(C)NC(=O)[C@@H]1CN(Cc2cccnc2)CCN1C[C@@H](O)C[C@@H](Cc1ccccc1)C(=O)N[C@H]1c2ccccc2C[C@H]1O,1,unmatched,,,,,,,,,,,
tdc_no_conflict_salt_removed,train,1183,train:1183,CCOC(=O)c1ncn2c1CN(C)C(=O)c1cc(F)ccc1-2,1,True,,CCOC(=O)c1ncn2c1CN(C)C(=O)c1cc(F)ccc1-2,CCOC(=O)c1ncn2c1CN(C)C(=O)c1cc(F)ccc1-2,1,exact,1,1,B3DB_classification:353,78755-81-4,CCOC(=O)c1ncn2c1CN(C)C(=O)c1cc(F)ccc1-2,B3DB_classification:353,78755-81-4,CCOC(=O)c1ncn2c1CN(C)C(=O)c1cc(F)ccc1-2,,,
tdc_no_conflict_salt_removed,train,1184,train:1184,NC(=O)CN1C(=O)COc2ccccc21,1,True,,NC(=O)CN1C(=O)COc2ccccc21,NC(=O)CN1C(=O)COc2ccccc21,1,exact,1,1,B3DB_classification:2286,paraxazone,NC(=O)CN1C(=O)COc2ccccc21,B3DB_classification:2286,paraxazone,NC(=O)CN1C(=O)COc2ccccc21,,,
tdc_no_conflict_salt_removed,train,1185,train:1185,Cc1csc2ccc3[nH]c4c(c3c12)CN(C)CC4,1,True,,Cc1csc2ccc3[nH]c4c(c3c12)CN(C)CC4,Cc1csc2ccc3[nH]c4c(c3c12)CN(C)CC4,1,exact,1,1,B3DB_classification:2212,tienocarbine,Cc1csc2ccc3[nH]c4c(c3c12)CN(C)CC4,B3DB_classification:2212,tienocarbine,Cc1csc2ccc3[nH]c4c(c3c12)CN(C)CC4,,,
tdc_no_conflict_salt_removed,train,1186,train:1186,CCN1CCc2[nH]c3cc(F)c4scc(C)c4c3c2C1,1,True,,CCN1CCc2[nH]c3cc(F)c4scc(C)c4c3c2C1,CCN1CCc2[nH]c3cc(F)c4scc(C)c4c3c2C1,1,exact,1,1,B3DB_classification:1616,tiflucarbine,CCN1CCc2[nH]c3cc(F)c4scc(C)c4c3c2C1,B3DB_classification:1616,tiflucarbine,CCN1CCc2[nH]c3cc(F)c4scc(C)c4c3c2C1,,,
tdc_no_conflict_salt_removed,train,1187,train:1187,OCCC1CCN(CC/C=C2\c3ccc(F)cc3Sc3ccc(C(F)(F)F)cc32)CC1,1,True,,OCCC1CCN(CC/C=C2\c3ccc(F)cc3Sc3ccc(C(F)(F)F)cc32)CC1,OCCC1CCN(CC/C=C2\c3ccc(F)cc3Sc3ccc(C(F)(F)F)cc32)CC1,1,exact,1,1,B3DB_classification:2531,piflutixol,OCCC1CCN(CC/C=C2\c3ccc(F)cc3Sc3ccc(C(F)(F)F)cc32)CC1,B3DB_classification:2531,piflutixol,OCCC1CCN(CC/C=C2\c3ccc(F)cc3Sc3ccc(C(F)(F)F)cc32)CC1,,,
tdc_no_conflict_salt_removed,train,1188,train:1188,CO[C@H](C(=O)[C@@H](O)[C@@H](C)O)[C@@H]1Cc2cc3cc(O[C@H]4C[C@@H](O[C@H]5C[C@@H](O)[C@H](O)[C@@H](C)O5)[C@H](O)[C@@H](C)O4)c(C)c(O)c3c(O)c2C(=O)[C@H]1O[C@H]1C[C@@H](O[C@H]2C[C@@H](O[C@H]3C[C@](C)(O)[C@H](O)[C@@H](C)O3)[C@H](O)[C@@H](C)O2)[C@H](O)[C@@H](C)O1,1,True,,CO[C@H](C(=O)[C@@H](O)[C@@H](C)O)[C@@H]1Cc2cc3cc(O[C@H]4C[C@@H](O[C@H]5C[C@@H](O)[C@H](O)[C@@H](C)O5)[C@H](O)[C@@H](C)O4)c(C)c(O)c3c(O)c2C(=O)[C@H]1O[C@H]1C[C@@H](O[C@H]2C[C@@H](O[C@H]3C[C@](C)(O)[C@H](O)[C@@H](C)O3)[C@H](O)[C@@H](C)O2)[C@H](O)[C@@H](C)O1,CO[C@H](C(=O)[C@@H](O)[C@@H](C)O)[C@@H]1Cc2cc3cc(O[C@H]4C[C@@H](O[C@H]5C[C@@H](O)[C@H](O)[C@@H](C)O5)[C@H](O)[C@@H](C)O4)c(C)c(O)c3c(O)c2C(=O)[C@H]1O[C@H]1C[C@@H](O[C@H]2C[C@@H](O[C@H]3C[C@](C)(O)[C@H](O)[C@@H](C)O3)[C@H](O)[C@@H](C)O2)[C@H](O)[C@@H](C)O1,1,exact,1,1,B3DB_classification:2009,plicamycin,CO[C@H](C(=O)[C@@H](O)[C@@H](C)O)[C@@H]1Cc2cc3cc(O[C@H]4C[C@@H](O[C@H]5C[C@@H](O)[C@H](O)[C@@H](C)O5)[C@H](O)[C@@H](C)O4)c(C)c(O)c3c(O)c2C(=O)[C@H]1O[C@H]1C[C@@H](O[C@H]2C[C@@H](O[C@H]3C[C@](C)(O)[C@H](O)[C@@H](C)O3)[C@H](O)[C@@H](C)O2)[C@H](O)[C@@H](C)O1,B3DB_classification:2009,plicamycin,CO[C@H](C(=O)[C@@H](O)[C@@H](C)O)[C@@H]1Cc2cc3cc(O[C@H]4C[C@@H](O[C@H]5C[C@@H](O)[C@H](O)[C@@H](C)O5)[C@H](O)[C@@H](C)O4)c(C)c(O)c3c(O)c2C(=O)[C@H]1O[C@H]1C[C@@H](O[C@H]2C[C@@H](O[C@H]3C[C@](C)(O)[C@H](O)[C@@H](C)O3)[C@H](O)[C@@H](C)O2)[C@H](O)[C@@H](C)O1,,,
tdc_no_conflict_salt_removed,train,1189,train:1189,CCc1c(C)[nH]c2c1C(=O)C(CN1CCOCC1)CC2,1,True,,CCc1c(C)[nH]c2c1C(=O)C(CN1CCOCC1)CC2,CCc1c(C)[nH]c2c1C(=O)C(CN1CCOCC1)CC2,1,exact,1,1,B3DB_classification:1693,molindone,CCc1c(C)[nH]c2c1C(=O)C(CN1CCOCC1)CC2,B3DB_classification:1693,molindone,CCc1c(C)[nH]c2c1C(=O)C(CN1CCOCC1)CC2,,,
tdc_no_conflict_salt_removed,train,1190,train:1190,O=C1CSC2(CCN(CCCN3c4ccccc4Sc4ccc(Cl)cc43)CC2)N1,1,True,,O=C1CSC2(CCN(CCCN3c4ccccc4Sc4ccc(Cl)cc43)CC2)N1,O=C1CSC2(CCN(CCCN3c4ccccc4Sc4ccc(Cl)cc43)CC2)N1,1,exact,1,1,B3DB_classification:2466,spiclomazine,O=C1CSC2(CCN(CCCN3c4ccccc4Sc4ccc(Cl)cc43)CC2)N1,B3DB_classification:2466,spiclomazine,O=C1CSC2(CCN(CCCN3c4ccccc4Sc4ccc(Cl)cc43)CC2)N1,,,
tdc_no_conflict_salt_removed,train,1191,train:1191,NS(=O)(=O)c1cc(C2(O)NC(=O)c3ccccc32)ccc1Cl,0,True,,NS(=O)(=O)c1cc(C2(O)NC(=O)c3ccccc32)ccc1Cl,NS(=O)(=O)c1cc(C2(O)NC(=O)c3ccccc32)ccc1Cl,1,unmatched,,,,,,,,,,,
tdc_no_conflict_salt_removed,train,1192,train:1192,CCCC(C)C1(CCSC)C(=O)NC(=S)NC1=O,1,True,,CCCC(C)C1(CCSC)C(=O)NC(=S)NC1=O,CCCC(C)C1(CCSC)C(=O)NC(=S)NC1=O,1,exact,1,1,B3DB_classification:1499,methitural,CCCC(C)C1(CCSC)C(=O)NC(=S)NC1=O,B3DB_classification:1499,methitural,CCCC(C)C1(CCSC)C(=O)NC(=S)NC1=O,,,
tdc_no_conflict_salt_removed,train,1193,train:1193,CCCC(C)C1(CC)C(=O)NC(=S)NC1=O,0,True,,CCCC(C)C1(CC)C(=O)NC(=S)NC1=O,CCCC(C)C1(CC)C(=O)NC(=S)NC1=O,1,exact,1,1,B3DB_classification:465,thiopental (thiopentone),CCCC(C)C1(CC)C(=O)NC(=S)NC1=O,B3DB_classification:465,thiopental (thiopentone),CCCC(C)C1(CC)C(=O)NC(=S)NC1=O,,,b3db_exact_label_mismatch|b3db_salt_removed_label_mismatch
tdc_no_conflict_salt_removed,train,1194,train:1194,C=CCC1(C(C)CCC)C(=O)NC(=S)NC1=O,1,True,,C=CCC1(C(C)CCC)C(=O)NC(=S)NC1=O,C=CCC1(C(C)CCC)C(=O)NC(=S)NC1=O,1,exact,1,1,B3DB_classification:1109,thiamylal,C=CCC1(C(C)CCC)C(=O)NC(=S)NC1=O,B3DB_classification:1109,thiamylal,C=CCC1(C(C)CCC)C(=O)NC(=S)NC1=O,,,
tdc_no_conflict_salt_removed,train,1195,train:1195,CCCC(CC)C1(CC)C(=O)NC(=S)NC1=O,1,True,,CCCC(CC)C1(CC)C(=O)NC(=S)NC1=O,CCCC(CC)C1(CC)C(=O)NC(=S)NC1=O,1,exact,1,1,B3DB_classification:1501,thiotetrabarbital,CCCC(CC)C1(CC)C(=O)NC(=S)NC1=O,B3DB_classification:1501,thiotetrabarbital,CCCC(CC)C1(CC)C(=O)NC(=S)NC1=O,,,
tdc_no_conflict_salt_removed,train,1196,train:1196,COc1ccc(N2C[C@H](CN3CCC(O)(c4ccc5c(c4)OCO5)CC3)OC2=O)cc1,1,True,,COc1ccc(N2C[C@H](CN3CCC(O)(c4ccc5c(c4)OCO5)CC3)OC2=O)cc1,COc1ccc(N2C[C@H](CN3CCC(O)(c4ccc5c(c4)OCO5)CC3)OC2=O)cc1,1,exact,1,1,B3DB_classification:2050,panamesine,COc1ccc(N2C[C@H](CN3CCC(O)(c4ccc5c(c4)OCO5)CC3)OC2=O)cc1,B3DB_classification:2050,panamesine,COc1ccc(N2C[C@H](CN3CCC(O)(c4ccc5c(c4)OCO5)CC3)OC2=O)cc1,,,
tdc_no_conflict_salt_removed,train,1197,train:1197,NC(N)=NC(=O)c1nc(Cl)c(N)nc1N,1,True,,NC(N)=NC(=O)c1nc(Cl)c(N)nc1N,NC(N)=NC(=O)c1nc(Cl)c(N)nc1N,1,unmatched,,,,,,,,,,,
tdc_no_conflict_salt_removed,train,1198,train:1198,CN(C)c1cnccn1,1,True,,CN(C)c1cnccn1,CN(C)c1cnccn1,1,exact,1,1,B3DB_classification:1791,ampyzine,CN(C)c1cnccn1,B3DB_classification:1791,ampyzine,CN(C)c1cnccn1,,,
tdc_no_conflict_salt_removed,train,1199,train:1199,NC(=O)c1cnccn1,1,True,,NC(=O)c1cnccn1,NC(=O)c1cnccn1,1,exact,1,1,B3DB_classification:2301,m-xylene,NC(=O)c1cnccn1,B3DB_classification:2301,m-xylene,NC(=O)c1cnccn1,,,
tdc_no_conflict_salt_removed,train,1200,train:1200,CCOC(=O)C1(c2ccccc2)CCC=CC1N(C)C,1,True,,CCOC(=O)C1(c2ccccc2)CCC=CC1N(C)C,CCOC(=O)C1(c2ccccc2)CCC=CC1N(C)C,1,exact,1,1,B3DB_classification:1630,tilidine,CCOC(=O)C1(c2ccccc2)CCC=CC1N(C)C,B3DB_classification:1630,tilidine,CCOC(=O)C1(c2ccccc2)CCC=CC1N(C)C,,,
tdc_no_conflict_salt_removed,train,1201,train:1201,COc1ccc2c(c1OC)[C@]13CCN(C)[C@H](C2)[C@]1(O)CC[C@@H](O)C3,1,True,,COc1ccc2c(c1OC)[C@]13CCN(C)[C@H](C2)[C@]1(O)CC[C@@H](O)C3,COc1ccc2c(c1OC)[C@]13CCN(C)[C@H](C2)[C@]1(O)CC[C@@H](O)C3,1,exact,1,1,B3DB_classification:2066,drotebanol,COc1ccc2c(c1OC)[C@]13CCN(C)[C@H](C2)[C@]1(O)CC[C@@H](O)C3,B3DB_classification:2066,drotebanol,COc1ccc2c(c1OC)[C@]13CCN(C)[C@H](C2)[C@]1(O)CC[C@@H](O)C3,,,
tdc_no_conflict_salt_removed,train,1202,train:1202,CN1CC[C@@]23CCCC[C@@H]2[C@@H]1Cc1ccc(O)cc13,1,True,,CN1CC[C@@]23CCCC[C@@H]2[C@@H]1Cc1ccc(O)cc13,CN1CC[C@@]23CCCC[C@@H]2[C@@H]1Cc1ccc(O)cc13,1,exact,1,1,B3DB_classification:1870,dextrorphan,CN1CC[C@@]23CCCC[C@@H]2[C@@H]1Cc1ccc(O)cc13,B3DB_classification:1870,dextrorphan,CN1CC[C@@]23CCCC[C@@H]2[C@@H]1Cc1ccc(O)cc13,,,
tdc_no_conflict_salt_removed,train,1203,train:1203,CN1CC[C@]23CCCC[C@H]2[C@H]1Cc1ccc(O)cc13,1,True,,CN1CC[C@]23CCCC[C@H]2[C@H]1Cc1ccc(O)cc13,CN1CC[C@]23CCCC[C@H]2[C@H]1Cc1ccc(O)cc13,1,exact,1,1,B3DB_classification:553,levorphanol,CN1CC[C@]23CCCC[C@H]2[C@H]1Cc1ccc(O)cc13,B3DB_classification:553,levorphanol,CN1CC[C@]23CCCC[C@H]2[C@H]1Cc1ccc(O)cc13,,,
tdc_no_conflict_salt_removed,train,1204,train:1204,Cc1ccc2c(c1)[C@]13CCCC[C@@H]1[C@H](C2)N(C)CC3,1,True,,Cc1ccc2c(c1)[C@]13CCCC[C@@H]1[C@H](C2)N(C)CC3,Cc1ccc2c(c1)[C@]13CCCC[C@@H]1[C@H](C2)N(C)CC3,1,exact,1,1,B3DB_classification:2191,dimemorfan,Cc1ccc2c(c1)[C@]13CCCC[C@@H]1[C@H](C2)N(C)CC3,B3DB_classification:2191,dimemorfan,Cc1ccc2c(c1)[C@]13CCCC[C@@H]1[C@H](C2)N(C)CC3,,,
tdc_no_conflict_salt_removed,train,1205,train:1205,C=CCN1CC[C@]23CCCC[C@H]2[C@H]1Cc1ccc(O)cc13,1,True,,C=CCN1CC[C@]23CCCC[C@H]2[C@H]1Cc1ccc(O)cc13,C=CCN1CC[C@]23CCCC[C@H]2[C@H]1Cc1ccc(O)cc13,1,exact,1,1,B3DB_classification:1121,levallorphan,C=CCN1CC[C@]23CCCC[C@H]2[C@H]1Cc1ccc(O)cc13,B3DB_classification:1121,levallorphan,C=CCN1CC[C@]23CCCC[C@H]2[C@H]1Cc1ccc(O)cc13,,,
tdc_no_conflict_salt_removed,train,1206,train:1206,Oc1ccc2c(c1)C13CCCCC1C(C2)NCC3,1,True,,Oc1ccc2c(c1)C13CCCCC1C(C2)NCC3,Oc1ccc2c(c1)C13CCCCC1C(C2)NCC3,1,exact,1,1,B3DB_classification:2554,norlevorphanol,Oc1ccc2c(c1)C13CCCCC1C(C2)NCC3,B3DB_classification:2554,norlevorphanol,Oc1ccc2c(c1)C13CCCCC1C(C2)NCC3,,,
tdc_no_conflict_salt_removed,train,1207,train:1207,COc1ccc2c(c1)[C@]13CCCC[C@@H]1[C@H](C2)N(C)CC3,1,True,,COc1ccc2c(c1)[C@]13CCCC[C@@H]1[C@H](C2)N(C)CC3,COc1ccc2c(c1)[C@]13CCCC[C@@H]1[C@H](C2)N(C)CC3,1,exact,1,1,B3DB_classification:567,dextromethorphan,COc1ccc2c(c1)[C@]13CCCC[C@@H]1[C@H](C2)N(C)CC3,B3DB_classification:567,dextromethorphan,COc1ccc2c(c1)[C@]13CCCC[C@@H]1[C@H](C2)N(C)CC3,,,
tdc_no_conflict_salt_removed,train,1208,train:1208,Cc1cc(C)c(=O)[nH]n1,1,True,,Cc1cc(C)c(=O)[nH]n1,Cc1cc(C)c(=O)[nH]n1,1,exact,1,1,B3DB_classification:2176,cetohexazine,Cc1cc(C)c(=O)[nH]n1,B3DB_classification:2176,cetohexazine,Cc1cc(C)c(=O)[nH]n1,,,
tdc_no_conflict_salt_removed,train,1209,train:1209,c1ccc(-c2nc(N3CCNCC3)cc3ccccc23)cc1,1,True,,c1ccc(-c2nc(N3CCNCC3)cc3ccccc23)cc1,c1ccc(-c2nc(N3CCNCC3)cc3ccccc23)cc1,1,exact,1,1,B3DB_classification:2566,perafensine,c1ccc(-c2nc(N3CCNCC3)cc3ccccc23)cc1,B3DB_classification:2566,perafensine,c1ccc(-c2nc(N3CCNCC3)cc3ccccc23)cc1,,,
tdc_no_conflict_salt_removed,train,1210,train:1210,CCN(CC)C(=O)N1CCN(CCCc2nc3c(c(=O)n(C)c(=O)n3C)n2C)CC1,1,True,,CCN(CC)C(=O)N1CCN(CCCc2nc3c(c(=O)n(C)c(=O)n3C)n2C)CC1,CCN(CC)C(=O)N1CCN(CCCc2nc3c(c(=O)n(C)c(=O)n3C)n2C)CC1,1,exact,1,1,B3DB_classification:1582,stacofylline,CCN(CC)C(=O)N1CCN(CCCc2nc3c(c(=O)n(C)c(=O)n3C)n2C)CC1,B3DB_classification:1582,stacofylline,CCN(CC)C(=O)N1CCN(CCCc2nc3c(c(=O)n(C)c(=O)n3C)n2C)CC1,,,
tdc_no_conflict_salt_removed,train,1211,train:1211,CCn1cc(C(=O)O)c(=O)c2cc(F)c(N3CCNCC3)nc21,0,True,,CCn1cc(C(=O)O)c(=O)c2cc(F)c(N3CCNCC3)nc21,CCn1cc(C(=O)O)c(=O)c2cc(F)c(N3CCNCC3)nc21,1,unmatched,,,,,,,,,,,
tdc_no_conflict_salt_removed,train,1212,train:1212,CC1(C)S[C@@H]2[C@H](NC(=O)C(C(=O)Oc3ccccc3)c3ccccc3)C(=O)N2[C@H]1C(=O)O,0,True,,CC1(C)S[C@@H]2[C@H](NC(=O)C(C(=O)Oc3ccccc3)c3ccccc3)C(=O)N2[C@H]1C(=O)O,CC1(C)S[C@@H]2[C@H](NC(=O)C(C(=O)Oc3ccccc3)c3ccccc3)C(=O)N2[C@H]1C(=O)O,1,exact,0,0,B3DB_classification:1350,carfecillin,CC1(C)S[C@@H]2[C@H](NC(=O)C(C(=O)Oc3ccccc3)c3ccccc3)C(=O)N2[C@H]1C(=O)O,B3DB_classification:1350,carfecillin,CC1(C)S[C@@H]2[C@H](NC(=O)C(C(=O)Oc3ccccc3)c3ccccc3)C(=O)N2[C@H]1C(=O)O,,,
tdc_no_conflict_salt_removed,train,1213,train:1213,CCNC1(c2cccs2)CCCCC1=O,1,True,,CCNC1(c2cccs2)CCCCC1=O,CCNC1(c2cccs2)CCCCC1=O,1,exact,1,1,B3DB_classification:1622,tiletamine,CCNC1(c2cccs2)CCCCC1=O,B3DB_classification:1622,tiletamine,CCNC1(c2cccs2)CCCCC1=O,,,
tdc_no_conflict_salt_removed,train,1214,train:1214,CS(=O)(=O)c1ccc2c(c1)N(CCCN1CCC(C(N)=O)CC1)c1ccccc1S2,1,True,,CS(=O)(=O)c1ccc2c(c1)N(CCCN1CCC(C(N)=O)CC1)c1ccccc1S2,CS(=O)(=O)c1ccc2c(c1)N(CCCN1CCC(C(N)=O)CC1)c1ccccc1S2,1,exact,1,1,B3DB_classification:2089,metopimazine,CS(=O)(=O)c1ccc2c(c1)N(CCCN1CCC(C(N)=O)CC1)c1ccccc1S2,B3DB_classification:2089,metopimazine,CS(=O)(=O)c1ccc2c(c1)N(CCCN1CCC(C(N)=O)CC1)c1ccccc1S2,,,
tdc_no_conflict_salt_removed,train,1215,train:1215,N#Cc1ccc2c(c1)N(CCCN1CCC(O)CC1)c1ccccc1S2,1,True,,N#Cc1ccc2c(c1)N(CCCN1CCC(O)CC1)c1ccccc1S2,N#Cc1ccc2c(c1)N(CCCN1CCC(O)CC1)c1ccccc1S2,1,exact,1,1,B3DB_classification:2276,pericyazine,N#Cc1ccc2c(c1)N(CCCN1CCC(O)CC1)c1ccccc1S2,B3DB_classification:2276,pericyazine,N#Cc1ccc2c(c1)N(CCCN1CCC(O)CC1)c1ccccc1S2,,,
tdc_no_conflict_salt_removed,train,1216,train:1216,COc1ccc2c(c1)N(CC(C)CN1CCC(O)CC1)c1ccccc1S2,1,True,,COc1ccc2c(c1)N(CC(C)CN1CCC(O)CC1)c1ccccc1S2,COc1ccc2c(c1)N(CC(C)CN1CCC(O)CC1)c1ccccc1S2,1,exact,1,1,B3DB_classification:2060,perimetazine,COc1ccc2c(c1)N(CC(C)CN1CCC(O)CC1)c1ccccc1S2,B3DB_classification:2060,perimetazine,COc1ccc2c(c1)N(CC(C)CN1CCC(O)CC1)c1ccccc1S2,,,
tdc_no_conflict_salt_removed,train,1217,train:1217,CC(=O)c1ccc2c(c1)N(CCCN1CCC(CCO)CC1)c1ccccc1S2,1,True,,CC(=O)c1ccc2c(c1)N(CCCN1CCC(CCO)CC1)c1ccccc1S2,CC(=O)c1ccc2c(c1)N(CCCN1CCC(CCO)CC1)c1ccccc1S2,1,exact,1,1,B3DB_classification:1218,piperacetazine,CC(=O)c1ccc2c(c1)N(CCCN1CCC(CCO)CC1)c1ccccc1S2,B3DB_classification:1218,piperacetazine,CC(=O)c1ccc2c(c1)N(CCCN1CCC(CCO)CC1)c1ccccc1S2,,,
tdc_no_conflict_salt_removed,train,1218,train:1218,CCCCCCCCCCCCCCCC(=O)OCCC1CCN(CCCN2c3ccccc3Sc3ccc(S(=O)(=O)N(C)C)cc32)CC1,1,True,,CCCCCCCCCCCCCCCC(=O)OCCC1CCN(CCCN2c3ccccc3Sc3ccc(S(=O)(=O)N(C)C)cc32)CC1,CCCCCCCCCCCCCCCC(=O)OCCC1CCN(CCCN2c3ccccc3Sc3ccc(S(=O)(=O)N(C)C)cc32)CC1,1,exact,1,1,B3DB_classification:1529,pipotiazine palmitate,CCCCCCCCCCCCCCCC(=O)OCCC1CCN(CCCN2c3ccccc3Sc3ccc(S(=O)(=O)N(C)C)cc32)CC1,B3DB_classification:1529,pipotiazine palmitate,CCCCCCCCCCCCCCCC(=O)OCCC1CCN(CCCN2c3ccccc3Sc3ccc(S(=O)(=O)N(C)C)cc32)CC1,,,
tdc_no_conflict_salt_removed,train,1219,train:1219,OCCOC1CCN(CCCN2c3ccccc3Sc3ccc(C(F)(F)F)cc32)CC1,1,True,,OCCOC1CCN(CCCN2c3ccccc3Sc3ccc(C(F)(F)F)cc32)CC1,OCCOC1CCN(CCCN2c3ccccc3Sc3ccc(C(F)(F)F)cc32)CC1,1,exact,1,1,B3DB_classification:2544,flupimazine,OCCOC1CCN(CCCN2c3ccccc3Sc3ccc(C(F)(F)F)cc32)CC1,B3DB_classification:2544,flupimazine,OCCOC1CCN(CCCN2c3ccccc3Sc3ccc(C(F)(F)F)cc32)CC1,,,
tdc_no_conflict_salt_removed,train,1220,train:1220,CN(C)S(=O)(=O)c1ccc2c(c1)N(CCCN1CCC(CCO)CC1)c1ccccc1S2,1,True,,CN(C)S(=O)(=O)c1ccc2c(c1)N(CCCN1CCC(CCO)CC1)c1ccccc1S2,CN(C)S(=O)(=O)c1ccc2c(c1)N(CCCN1CCC(CCO)CC1)c1ccccc1S2,1,exact,1,1,B3DB_classification:1778,pipotiazine,CN(C)S(=O)(=O)c1ccc2c(c1)N(CCCN1CCC(CCO)CC1)c1ccccc1S2,B3DB_classification:1778,pipotiazine,CN(C)S(=O)(=O)c1ccc2c(c1)N(CCCN1CCC(CCO)CC1)c1ccccc1S2,,,
tdc_no_conflict_salt_removed,train,1221,train:1221,Nc1nc(NC2CC2)c2ncn([C@H]3C=C[C@@H](CO)C3)c2n1,1,True,,Nc1nc(NC2CC2)c2ncn([C@H]3C=C[C@@H](CO)C3)c2n1,Nc1nc(NC2CC2)c2ncn([C@H]3C=C[C@@H](CO)C3)c2n1,1,exact,1,1,B3DB_classification:396,abacavir,Nc1nc(NC2CC2)c2ncn([C@H]3C=C[C@@H](CO)C3)c2n1,B3DB_classification:396,abacavir,Nc1nc(NC2CC2)c2ncn([C@H]3C=C[C@@H](CO)C3)c2n1,,,
tdc_no_conflict_salt_removed,train,1222,train:1222,C/C=C\C1O[C@]2(C(=O)COC(=O)c3ccncc3)CC[C@@]3(O1)[C@@H]1CCC4=CC(=O)CC[C@]4(C)[C@H]1[C@@H](O)C[C@]23C,1,True,,C/C=C\C1O[C@]2(C(=O)COC(=O)c3ccncc3)CC[C@@]3(O1)[C@@H]1CCC4=CC(=O)CC[C@]4(C)[C@H]1[C@@H](O)C[C@]23C,C/C=C\C1O[C@]2(C(=O)COC(=O)c3ccncc3)CC[C@@]3(O1)[C@@H]1CCC4=CC(=O)CC[C@]4(C)[C@H]1[C@@H](O)C[C@]23C,1,exact,1,1,B3DB_classification:1084,nicocortonida,C/C=C\C1O[C@]2(C(=O)COC(=O)c3ccncc3)CC[C@@]3(O1)[C@@H]1CCC4=CC(=O)CC[C@]4(C)[C@H]1[C@@H](O)C[C@]23C,B3DB_classification:1084,nicocortonida,C/C=C\C1O[C@]2(C(=O)COC(=O)c3ccncc3)CC[C@@]3(O1)[C@@H]1CCC4=CC(=O)CC[C@]4(C)[C@H]1[C@@H](O)C[C@]23C,,,
tdc_no_conflict_salt_removed,train,1223,train:1223,CCNC1=Nc2ccc(Cl)cc2C(C)(c2ccccc2)O1,1,True,,CCNC1=Nc2ccc(Cl)cc2C(C)(c2ccccc2)O1,CCNC1=Nc2ccc(Cl)cc2C(C)(c2ccccc2)O1,1,exact,1,1,B3DB_classification:1623,etifoxine,CCNC1=Nc2ccc(Cl)cc2C(C)(c2ccccc2)O1,B3DB_classification:1623,etifoxine,CCNC1=Nc2ccc(Cl)cc2C(C)(c2ccccc2)O1,,,
tdc_no_conflict_salt_removed,train,1224,train:1224,O=C(CCCN1CCN2CCCC2C1)c1ccc(F)cc1,1,True,,O=C(CCCN1CCN2CCCC2C1)c1ccc(F)cc1,O=C(CCCN1CCN2CCCC2C1)c1ccc(F)cc1,1,exact,1,1,B3DB_classification:2374,azabuperone,O=C(CCCN1CCN2CCCC2C1)c1ccc(F)cc1,B3DB_classification:2374,azabuperone,O=C(CCCN1CCN2CCCC2C1)c1ccc(F)cc1,,,
tdc_no_conflict_salt_removed,train,1225,train:1225,Cc1cc(C(=O)NNCc2ccccc2)no1,1,True,,Cc1cc(C(=O)NNCc2ccccc2)no1,Cc1cc(C(=O)NNCc2ccccc2)no1,1,exact,1,1,B3DB_classification:2174,isocarboxazid,Cc1cc(C(=O)NNCc2ccccc2)no1,B3DB_classification:2174,isocarboxazid,Cc1cc(C(=O)NNCc2ccccc2)no1,,,
tdc_no_conflict_salt_removed,train,1226,train:1226,O=C(O)C1CCN1C12CC3CC(CC(C3)C1)C2,1,True,,O=C(O)C1CCN1C12CC3CC(CC(C3)C1)C2,O=C(O)C1CCN1C12CC3CC(CC(C3)C1)C2,1,exact,1,1,B3DB_classification:2410,carmantadine,O=C(O)C1CCN1C12CC3CC(CC(C3)C1)C2,B3DB_classification:2410,carmantadine,O=C(O)C1CCN1C12CC3CC(CC(C3)C1)C2,,,
tdc_no_conflict_salt_removed,train,1227,train:1227,CCCCc1oc2ccccc2c1C(=O)c1cc(I)c(OCCN(CC)CC)c(I)c1,0,True,,CCCCc1oc2ccccc2c1C(=O)c1cc(I)c(OCCN(CC)CC)c(I)c1,CCCCc1oc2ccccc2c1C(=O)c1cc(I)c(OCCN(CC)CC)c(I)c1,1,exact,0,0,B3DB_classification:122,amiodarone,CCCCc1oc2ccccc2c1C(=O)c1cc(I)c(OCCN(CC)CC)c(I)c1,B3DB_classification:122,amiodarone,CCCCc1oc2ccccc2c1C(=O)c1cc(I)c(OCCN(CC)CC)c(I)c1,,,
tdc_no_conflict_salt_removed,train,1228,train:1228,COc1ccc2nc(S(=O)Cc3ncc(C)c(OC)c3C)[nH]c2c1,0,True,,COc1ccc2nc(S(=O)Cc3ncc(C)c(OC)c3C)[nH]c2c1,COc1ccc2nc(S(=O)Cc3ncc(C)c(OC)c3C)[nH]c2c1,1,unmatched,,,,,,,,,,,
tdc_no_conflict_salt_removed,train,1229,train:1229,CCc1cc2c(s1)N(C)C(=O)CN=C2c1ccccc1Cl,1,True,,CCc1cc2c(s1)N(C)C(=O)CN=C2c1ccccc1Cl,CCc1cc2c(s1)N(C)C(=O)CN=C2c1ccccc1Cl,1,exact,1,1,B3DB_classification:827,clotiazepam,CCc1cc2c(s1)N(C)C(=O)CN=C2c1ccccc1Cl,B3DB_classification:827,clotiazepam,CCc1cc2c(s1)N(C)C(=O)CN=C2c1ccccc1Cl,,,
tdc_no_conflict_salt_removed,train,1230,train:1230,C=CCN1C(=O)C(CC(C)C)NC1=S,1,True,,C=CCN1C(=O)C(CC(C)C)NC1=S,C=CCN1C(=O)C(CC(C)C)NC1=S,1,exact,1,1,B3DB_classification:1115,albutoin,C=CCN1C(=O)C(CC(C)C)NC1=S,B3DB_classification:1115,albutoin,C=CCN1C(=O)C(CC(C)C)NC1=S,,,
tdc_no_conflict_salt_removed,train,1231,train:1231,CN1Cc2c(-c3noc(C(C)(C)O)n3)ncn2-c2cccc(Cl)c2C1=O,0,True,,CN1Cc2c(-c3noc(C(C)(C)O)n3)ncn2-c2cccc(Cl)c2C1=O,CN1Cc2c(-c3noc(C(C)(C)O)n3)ncn2-c2cccc(Cl)c2C1=O,1,exact,0,0,B3DB_classification:67,"monohydroxy l-663,581 metabolite",CN1Cc2c(-c3noc(C(C)(C)O)n3)ncn2-c2cccc(Cl)c2C1=O,B3DB_classification:67,"monohydroxy l-663,581 metabolite",CN1Cc2c(-c3noc(C(C)(C)O)n3)ncn2-c2cccc(Cl)c2C1=O,,,
tdc_no_conflict_salt_removed,train,1232,train:1232,CN1Cc2c(-c3noc(C(C)(CO)CO)n3)ncn2-c2cccc(Cl)c2C1=O,0,True,,CN1Cc2c(-c3noc(C(C)(CO)CO)n3)ncn2-c2cccc(Cl)c2C1=O,CN1Cc2c(-c3noc(C(C)(CO)CO)n3)ncn2-c2cccc(Cl)c2C1=O,1,exact,0,0,B3DB_classification:20,bis-hydroxylated-l-663581,CN1Cc2c(-c3noc(C(C)(CO)CO)n3)ncn2-c2cccc(Cl)c2C1=O,B3DB_classification:20,bis-hydroxylated-l-663581,CN1Cc2c(-c3noc(C(C)(CO)CO)n3)ncn2-c2cccc(Cl)c2C1=O,,,
tdc_no_conflict_salt_removed,train,1233,train:1233,CN1Cc2c(-c3noc([C@](C)(O)CO)n3)ncn2-c2cccc(Cl)c2C1=O,0,True,,CN1Cc2c(-c3noc([C@](C)(O)CO)n3)ncn2-c2cccc(Cl)c2C1=O,CN1Cc2c(-c3noc([C@](C)(O)CO)n3)ncn2-c2cccc(Cl)c2C1=O,1,exact,0,0,B3DB_classification:22,nan,CN1Cc2c(-c3noc([C@](C)(O)CO)n3)ncn2-c2cccc(Cl)c2C1=O,B3DB_classification:22,nan,CN1Cc2c(-c3noc([C@](C)(O)CO)n3)ncn2-c2cccc(Cl)c2C1=O,,,
tdc_no_conflict_salt_removed,train,1234,train:1234,CN1Cc2c(-c3noc(C(C)(O)CO)n3)ncn2-c2cccc(Cl)c2C1=O,0,True,,CN1Cc2c(-c3noc(C(C)(O)CO)n3)ncn2-c2cccc(Cl)c2C1=O,CN1Cc2c(-c3noc(C(C)(O)CO)n3)ncn2-c2cccc(Cl)c2C1=O,1,exact,0,0,B3DB_classification:18,m2l-663581,CN1Cc2c(-c3noc(C(C)(O)CO)n3)ncn2-c2cccc(Cl)c2C1=O,B3DB_classification:18,m2l-663581,CN1Cc2c(-c3noc(C(C)(O)CO)n3)ncn2-c2cccc(Cl)c2C1=O,,,
tdc_no_conflict_salt_removed,train,1235,train:1235,CC(C)c1nc(-c2ncn3c2CN(C)C(=O)c2c(Cl)cccc2-3)no1,1,True,,CC(C)c1nc(-c2ncn3c2CN(C)C(=O)c2c(Cl)cccc2-3)no1,CC(C)c1nc(-c2ncn3c2CN(C)C(=O)c2c(Cl)cccc2-3)no1,1,exact,1,1,B3DB_classification:345,fg-8205,CC(C)c1nc(-c2ncn3c2CN(C)C(=O)c2c(Cl)cccc2-3)no1,B3DB_classification:345,fg-8205,CC(C)c1nc(-c2ncn3c2CN(C)C(=O)c2c(Cl)cccc2-3)no1,,,
tdc_no_conflict_salt_removed,train,1236,train:1236,CCc1c(OC)nc2nc(-c3noc(C)n3)cn2c1C,1,True,,CCc1c(OC)nc2nc(-c3noc(C)n3)cn2c1C,CCc1c(OC)nc2nc(-c3noc(C)n3)cn2c1C,1,exact,1,1,B3DB_classification:1698,fasiplon,CCc1c(OC)nc2nc(-c3noc(C)n3)cn2c1C,B3DB_classification:1698,fasiplon,CCc1c(OC)nc2nc(-c3noc(C)n3)cn2c1C,,,
tdc_no_conflict_salt_removed,train,1237,train:1237,C[C@@H](O)[C@H]1C(=O)N2C(C(=O)O)=C(SC3CCS(=O)C3)S[C@H]12,0,True,,C[C@@H](O)[C@H]1C(=O)N2C(C(=O)O)=C(SC3CCS(=O)C3)S[C@H]12,C[C@@H](O)[C@H]1C(=O)N2C(C(=O)O)=C(SC3CCS(=O)C3)S[C@H]12,1,unmatched,,,,,,,,,,,
tdc_no_conflict_salt_removed,train,1238,train:1238,CC(C)[C@@H](CN1CCCC1)N(C)C(=O)Cc1ccc(Cl)c(Cl)c1,1,True,,CC(C)[C@@H](CN1CCCC1)N(C)C(=O)Cc1ccc(Cl)c(Cl)c1,CC(C)[C@@H](CN1CCCC1)N(C)C(=O)Cc1ccc(Cl)c(Cl)c1,1,exact,1,1,B3DB_classification:1273,chembl56653,CC(C)[C@@H](CN1CCCC1)N(C)C(=O)Cc1ccc(Cl)c(Cl)c1,B3DB_classification:1273,chembl56653,CC(C)[C@@H](CN1CCCC1)N(C)C(=O)Cc1ccc(Cl)c(Cl)c1,,,
tdc_no_conflict_salt_removed,train,1239,train:1239,CN1C(=S)CN=C(c2ccccc2)c2cc(Cl)ccc21,1,True,,CN1C(=S)CN=C(c2ccccc2)c2cc(Cl)ccc21,CN1C(=S)CN=C(c2ccccc2)c2cc(Cl)ccc21,1,exact,1,1,B3DB_classification:1814,sulazepam,CN1C(=S)CN=C(c2ccccc2)c2cc(Cl)ccc21,B3DB_classification:1814,sulazepam,CN1C(=S)CN=C(c2ccccc2)c2cc(Cl)ccc21,,,
tdc_no_conflict_salt_removed,train,1240,train:1240,Fc1ccccc1C1=NCC(=S)N(CC(F)(F)F)c2ccc(Cl)cc21,1,True,,Fc1ccccc1C1=NCC(=S)N(CC(F)(F)F)c2ccc(Cl)cc21,Fc1ccccc1C1=NCC(=S)N(CC(F)(F)F)c2ccc(Cl)cc21,1,exact,1,1,B3DB_classification:2270,quazepam,Fc1ccccc1C1=NCC(=S)N(CC(F)(F)F)c2ccc(Cl)cc21,B3DB_classification:2270,quazepam,Fc1ccccc1C1=NCC(=S)N(CC(F)(F)F)c2ccc(Cl)cc21,,,
tdc_no_conflict_salt_removed,train,1241,train:1241,CNCCCC1(C)C(=O)N(c2ccccc2)c2ccccc21,1,True,,CNCCCC1(C)C(=O)N(c2ccccc2)c2ccccc21,CNCCCC1(C)C(=O)N(c2ccccc2)c2ccccc21,1,exact,1,1,B3DB_classification:1918,amedalin,CNCCCC1(C)C(=O)N(c2ccccc2)c2ccccc21,B3DB_classification:1918,amedalin,CNCCCC1(C)C(=O)N(c2ccccc2)c2ccccc21,,,
tdc_no_conflict_salt_removed,train,1242,train:1242,Oc1ccc2c(c1)C13CCN(CC4CC4)C(C2)C1CCOC3,1,True,,Oc1ccc2c(c1)C13CCN(CC4CC4)C(C2)C1CCOC3,Oc1ccc2c(c1)C13CCN(CC4CC4)C(C2)C1CCOC3,1,exact,1,1,B3DB_classification:2555,proxorphan,Oc1ccc2c(c1)C13CCN(CC4CC4)C(C2)C1CCOC3,B3DB_classification:2555,proxorphan,Oc1ccc2c(c1)C13CCN(CC4CC4)C(C2)C1CCOC3,,,
tdc_no_conflict_salt_removed,train,1243,train:1243,COc1ccc(C[C@H](N)C(=O)NC2[C@@H](O)[C@H](n3cnc4c(N(C)C)ncnc43)O[C@@H]2CO)cc1,0,True,,COc1ccc(C[C@H](N)C(=O)NC2[C@@H](O)[C@H](n3cnc4c(N(C)C)ncnc43)O[C@@H]2CO)cc1,COc1ccc(C[C@H](N)C(=O)NC2[C@@H](O)[C@H](n3cnc4c(N(C)C)ncnc43)O[C@@H]2CO)cc1,1,exact,0,0,B3DB_classification:2047,schembl20815730,COc1ccc(C[C@H](N)C(=O)NC2[C@@H](CO)O[C@@H](n3cnc4c(N(C)C)ncnc43)[C@@H]2O)cc1,B3DB_classification:2047,schembl20815730,COc1ccc(C[C@H](N)C(=O)NC2[C@@H](CO)O[C@@H](n3cnc4c(N(C)C)ncnc43)[C@@H]2O)cc1,,,
tdc_no_conflict_salt_removed,train,1244,train:1244,CN1[C@@H]2CC[C@H]1CC(NC(=O)c1cn(C3CCCCC3)c3ccccc3c1=O)C2,1,True,,CN1[C@@H]2CC[C@H]1CC(NC(=O)c1cn(C3CCCCC3)c3ccccc3c1=O)C2,CN1[C@@H]2CC[C@H]1CC(NC(=O)c1cn(C3CCCCC3)c3ccccc3c1=O)C2,1,exact,1,1,B3DB_classification:1889,mirisetron,CN1[C@H]2CC[C@@H]1CC(NC(=O)c1cn(C3CCCCC3)c3ccccc3c1=O)C2,B3DB_classification:1889,mirisetron,CN1[C@H]2CC[C@@H]1CC(NC(=O)c1cn(C3CCCCC3)c3ccccc3c1=O)C2,,,
tdc_no_conflict_salt_removed,train,1245,train:1245,CC(C)c1nc(CN(C)C(=O)N[C@H](C(=O)N[C@@H](Cc2ccccc2)C[C@H](O)[C@H](Cc2ccccc2)NC(=O)OCc2cncs2)C(C)C)cs1,0,True,,CC(C)c1nc(CN(C)C(=O)N[C@H](C(=O)N[C@@H](Cc2ccccc2)C[C@H](O)[C@H](Cc2ccccc2)NC(=O)OCc2cncs2)C(C)C)cs1,CC(C)c1nc(CN(C)C(=O)N[C@H](C(=O)N[C@@H](Cc2ccccc2)C[C@H](O)[C@H](Cc2ccccc2)NC(=O)OCc2cncs2)C(C)C)cs1,1,exact,0,0,B3DB_classification:1280,ritonavir,CC(C)c1nc(CN(C)C(=O)N[C@H](C(=O)N[C@@H](Cc2ccccc2)C[C@H](O)[C@H](Cc2ccccc2)NC(=O)OCc2cncs2)C(C)C)cs1,B3DB_classification:1280,ritonavir,CC(C)c1nc(CN(C)C(=O)N[C@H](C(=O)N[C@@H](Cc2ccccc2)C[C@H](O)[C@H](Cc2ccccc2)NC(=O)OCc2cncs2)C(C)C)cs1,,,
tdc_no_conflict_salt_removed,train,1246,train:1246,COc1ccc(CCN(C)CCCC(C#N)(c2ccc(OC)c(OC)c2)C(C)C)cc1OC,0,True,,COc1ccc(CCN(C)CCCC(C#N)(c2ccc(OC)c(OC)c2)C(C)C)cc1OC,COc1ccc(CCN(C)CCCC(C#N)(c2ccc(OC)c(OC)c2)C(C)C)cc1OC,1,exact,1,1,B3DB_classification:215,verapamil,COc1ccc(CCN(C)CCCC(C#N)(c2ccc(OC)c(OC)c2)C(C)C)cc1OC,B3DB_classification:215,verapamil,COc1ccc(CCN(C)CCCC(C#N)(c2ccc(OC)c(OC)c2)C(C)C)cc1OC,,,b3db_exact_label_mismatch|b3db_salt_removed_label_mismatch
tdc_no_conflict_salt_removed,train,1247,train:1247,COc1cc(Br)c2oc(C3CCNCC3)cc2c1,1,True,,COc1cc(Br)c2oc(C3CCNCC3)cc2c1,COc1cc(Br)c2oc(C3CCNCC3)cc2c1,1,exact,1,1,B3DB_classification:2021,brofaromine,COc1cc(Br)c2oc(C3CCNCC3)cc2c1,B3DB_classification:2021,brofaromine,COc1cc(Br)c2oc(C3CCNCC3)cc2c1,,,
tdc_no_conflict_salt_removed,train,1248,train:1248,CCOC(=O)C[C@@H](O)C[C@@H](O)/C=C/C1=C(c2ccc(F)cc2)c2ccccc2OC12CCCC2,1,True,,CCOC(=O)C[C@@H](O)C[C@@H](O)/C=C/C1=C(c2ccc(F)cc2)c2ccccc2OC12CCCC2,CCOC(=O)C[C@@H](O)C[C@@H](O)/C=C/C1=C(c2ccc(F)cc2)c2ccccc2OC12CCCC2,1,exact,1,1,B3DB_classification:1635,bervastatin,CCOC(=O)C[C@@H](O)C[C@@H](O)/C=C/C1=C(c2ccc(F)cc2)c2ccccc2OC12CCCC2,B3DB_classification:1635,bervastatin,CCOC(=O)C[C@@H](O)C[C@@H](O)/C=C/C1=C(c2ccc(F)cc2)c2ccccc2OC12CCCC2,,,
tdc_no_conflict_salt_removed,train,1249,train:1249,CC1=C[C@@H]2[C@H]([C@@H](O)C[C@@]3(C)[C@H]2C[C@@H](C)[C@]3(O)C(=O)COC(=O)c2cccc(S(=O)(=O)O)c2)[C@@]2(C)Cc3cnn(-c4ccccc4)c3C=C12,1,True,,CC1=C[C@@H]2[C@H]([C@@H](O)C[C@@]3(C)[C@H]2C[C@@H](C)[C@]3(O)C(=O)COC(=O)c2cccc(S(=O)(=O)O)c2)[C@@]2(C)Cc3cnn(-c4ccccc4)c3C=C12,CC1=C[C@@H]2[C@H]([C@@H](O)C[C@@]3(C)[C@H]2C[C@@H](C)[C@]3(O)C(=O)COC(=O)c2cccc(S(=O)(=O)O)c2)[C@@]2(C)Cc3cnn(-c4ccccc4)c3C=C12,1,exact,1,1,B3DB_classification:1389,cortisuzol,CC1=C[C@H]2[C@@H]3C[C@@H](C)[C@](O)(C(=O)COC(=O)c4cccc(S(=O)(=O)O)c4)[C@@]3(C)C[C@H](O)[C@@H]2[C@@]2(C)Cc3cnn(-c4ccccc4)c3C=C12,B3DB_classification:1389,cortisuzol,CC1=C[C@H]2[C@@H]3C[C@@H](C)[C@](O)(C(=O)COC(=O)c4cccc(S(=O)(=O)O)c4)[C@@]3(C)C[C@H](O)[C@@H]2[C@@]2(C)Cc3cnn(-c4ccccc4)c3C=C12,,,
tdc_no_conflict_salt_removed,train,1250,train:1250,FC(F)(F)c1cccc(C2=CCN(CCc3ccc4ccccc4c3)CC2)c1,1,True,,FC(F)(F)c1cccc(C2=CCN(CCc3ccc4ccccc4c3)CC2)c1,FC(F)(F)c1cccc(C2=CCN(CCc3ccc4ccccc4c3)CC2)c1,1,exact,1,1,B3DB_classification:2261,xaliproden,FC(F)(F)c1cccc(C2=CCN(CCc3ccc4ccccc4c3)CC2)c1,B3DB_classification:2261,xaliproden,FC(F)(F)c1cccc(C2=CCN(CCc3ccc4ccccc4c3)CC2)c1,,,
tdc_no_conflict_salt_removed,train,1251,train:1251,Cc1cccc(Cl)c1NC(=O)/C=C1\SCC(=O)N1C,1,True,,Cc1cccc(Cl)c1NC(=O)/C=C1\SCC(=O)N1C,Cc1cccc(Cl)c1NC(=O)/C=C1\SCC(=O)N1C,1,exact,1,1,B3DB_classification:2198,ralitoline,Cc1cccc(Cl)c1NC(=O)/C=C1\SCC(=O)N1C,B3DB_classification:2198,ralitoline,Cc1cccc(Cl)c1NC(=O)/C=C1\SCC(=O)N1C,,,
tdc_no_conflict_salt_removed,train,1252,train:1252,NC1=NC(=O)C(c2ccccc2)O1,1,True,,NC1=NC(=O)C(c2ccccc2)O1,NC1=NC(=O)C(c2ccccc2)O1,1,unmatched,,,,,,,,,,,
tdc_no_conflict_salt_removed,train,1253,train:1253,CCNC1=NC(=O)C(c2ccccc2)O1,1,True,,CCNC1=NC(=O)C(c2ccccc2)O1,CCNC1=NC(=O)C(c2ccccc2)O1,1,unmatched,,,,,,,,,,,
tdc_no_conflict_salt_removed,train,1254,train:1254,CN(C)C1=NC(=O)C(c2ccccc2)O1,1,True,,CN(C)C1=NC(=O)C(c2ccccc2)O1,CN(C)C1=NC(=O)C(c2ccccc2)O1,1,exact,1,1,B3DB_classification:1725,thozalinone,CN(C)C1=NC(=O)C(c2ccccc2)O1,B3DB_classification:1725,thozalinone,CN(C)C1=NC(=O)C(c2ccccc2)O1,,,
tdc_no_conflict_salt_removed,train,1255,train:1255,COc1ccc(OCC2CN(C)CCC2c2ccccc2)cc1,1,True,,COc1ccc(OCC2CN(C)CCC2c2ccccc2)cc1,COc1ccc(OCC2CN(C)CCC2c2ccccc2)cc1,1,exact,1,1,B3DB_classification:2051,femoxetine [inn],COc1ccc(OCC2CN(C)CCC2c2ccccc2)cc1,B3DB_classification:2051,femoxetine [inn],COc1ccc(OCC2CN(C)CCC2c2ccccc2)cc1,,,
tdc_no_conflict_salt_removed,train,1256,train:1256,NCc1ccccc1CC(=O)N[C@@H]1C(=O)N2C(C(=O)O)=C(CSc3nnnn3CC(=O)O)CS[C@H]12,0,True,,NCc1ccccc1CC(=O)N[C@@H]1C(=O)N2C(C(=O)O)=C(CSc3nnnn3CC(=O)O)CS[C@H]12,NCc1ccccc1CC(=O)N[C@@H]1C(=O)N2C(C(=O)O)=C(CSc3nnnn3CC(=O)O)CS[C@H]12,1,exact,0,0,B3DB_classification:2333,ceforanide,NCc1ccccc1CC(=O)N[C@@H]1C(=O)N2C(C(=O)O)=C(CSc3nnnn3CC(=O)O)CS[C@H]12,B3DB_classification:2333,ceforanide,NCc1ccccc1CC(=O)N[C@@H]1C(=O)N2C(C(=O)O)=C(CSc3nnnn3CC(=O)O)CS[C@H]12,,,
tdc_no_conflict_salt_removed,train,1257,train:1257,O=C(O)C1=C(CSc2nnnn2CS(=O)(=O)O)CS[C@@H]2[C@H](NC(=O)C(O)c3ccccc3)C(=O)N12,0,True,,O=C(O)C1=C(CSc2nnnn2CS(=O)(=O)O)CS[C@@H]2[C@H](NC(=O)C(O)c3ccccc3)C(=O)N12,O=C(O)C1=C(CSc2nnnn2CS(=O)(=O)O)CS[C@@H]2[C@H](NC(=O)C(O)c3ccccc3)C(=O)N12,1,exact,0,0,B3DB_classification:2409,cefonicid [inn:ban],O=C(O)C1=C(CSc2nnnn2CS(=O)(=O)O)CS[C@@H]2[C@H](NC(=O)C(O)c3ccccc3)C(=O)N12,B3DB_classification:2409,cefonicid [inn:ban],O=C(O)C1=C(CSc2nnnn2CS(=O)(=O)O)CS[C@@H]2[C@H](NC(=O)C(O)c3ccccc3)C(=O)N12,,,
tdc_no_conflict_salt_removed,train,1258,train:1258,Cn1nnnc1SCC1=C(C(=O)O)N2C(=O)[C@@H](NC(=O)[C@H](O)c3ccccc3)[C@H]2SC1,1,True,,Cn1nnnc1SCC1=C(C(=O)O)N2C(=O)[C@@H](NC(=O)[C@H](O)c3ccccc3)[C@H]2SC1,Cn1nnnc1SCC1=C(C(=O)O)N2C(=O)[C@@H](NC(=O)[C@H](O)c3ccccc3)[C@H]2SC1,1,unmatched,,,,,,,,,,,
tdc_no_conflict_salt_removed,train,1259,train:1259,CCN1CC(CCN2CCOCC2)C(c2ccccc2)(c2ccccc2)C1=O,1,True,,CCN1CC(CCN2CCOCC2)C(c2ccccc2)(c2ccccc2)C1=O,CCN1CC(CCN2CCOCC2)C(c2ccccc2)(c2ccccc2)C1=O,1,exact,1,1,B3DB_classification:1609,doxapram,CCN1CC(CCN2CCOCC2)C(c2ccccc2)(c2ccccc2)C1=O,B3DB_classification:1609,doxapram,CCN1CC(CCN2CCOCC2)C(c2ccccc2)(c2ccccc2)C1=O,,,
tdc_no_conflict_salt_removed,train,1260,train:1260,Nc1ncc2ncn(COCCO)c2n1,1,True,,Nc1ncc2ncn(COCCO)c2n1,Nc1ncc2ncn(COCCO)c2n1,1,exact,1,1,B3DB_classification:2358,desciclovir,Nc1ncc2ncn(COCCO)c2n1,B3DB_classification:2358,desciclovir,Nc1ncc2ncn(COCCO)c2n1,,,
tdc_no_conflict_salt_removed,train,1261,train:1261,CC(=O)OCC(CCn1cnc2cnc(N)nc21)COC(C)=O,1,True,,CC(=O)OCC(CCn1cnc2cnc(N)nc21)COC(C)=O,CC(=O)OCC(CCn1cnc2cnc(N)nc21)COC(C)=O,1,unmatched,,,,,,,,,,,
tdc_no_conflict_salt_removed,train,1262,train:1262,CC(C)OCC(COC(C)C)OCn1cnc2cnc(N)nc21,1,True,,CC(C)OCC(COC(C)C)OCn1cnc2cnc(N)nc21,CC(C)OCC(COC(C)C)OCn1cnc2cnc(N)nc21,1,exact,1,1,B3DB_classification:1271,rociclovir,CC(C)OCC(COC(C)C)OCn1cnc2cnc(N)nc21,B3DB_classification:1271,rociclovir,CC(C)OCC(COC(C)C)OCn1cnc2cnc(N)nc21,,,
tdc_no_conflict_salt_removed,train,1263,train:1263,CC(c1noc2ccc(Cl)cc12)n1ccnc1,1,True,,CC(c1noc2ccc(Cl)cc12)n1ccnc1,CC(c1noc2ccc(Cl)cc12)n1ccnc1,1,exact,1,1,B3DB_classification:1321,zoniclezole,CC(c1noc2ccc(Cl)cc12)n1ccnc1,B3DB_classification:1321,zoniclezole,CC(c1noc2ccc(Cl)cc12)n1ccnc1,,,
tdc_no_conflict_salt_removed,train,1264,train:1264,CN(C)C1CCc2[nH]c3ccccc3c2C1,1,True,,CN(C)C1CCc2[nH]c3ccccc3c2C1,CN(C)C1CCc2[nH]c3ccccc3c2C1,1,exact,1,1,B3DB_classification:1729,cyclindole,CN(C)C1CCc2[nH]c3ccccc3c2C1,B3DB_classification:1729,cyclindole,CN(C)C1CCc2[nH]c3ccccc3c2C1,,,
tdc_no_conflict_salt_removed,train,1265,train:1265,CN(C)C1CCc2[nH]c3c(F)cc(F)cc3c2C1,1,True,,CN(C)C1CCc2[nH]c3c(F)cc(F)cc3c2C1,CN(C)C1CCc2[nH]c3c(F)cc(F)cc3c2C1,1,exact,1,1,B3DB_classification:1728,flucindol,CN(C)C1CCc2[nH]c3c(F)cc(F)cc3c2C1,B3DB_classification:1728,flucindol,CN(C)C1CCc2[nH]c3c(F)cc(F)cc3c2C1,,,
tdc_no_conflict_salt_removed,train,1266,train:1266,C/C=C/C=C/C1OC(O)(C(CC)C(=O)NC/C=C/C=C(\C)C(OC)C(C)C2OC(/C=C/C=C/C=C(\C)C(=O)c3c(O)n(C)ccc3=O)C(O)C2O)C(O)C(OC2OC(C)C(OC3OC(C)C(OC)C(O)C3OC)C(OC)C2O)C1(C)C,0,True,,C/C=C/C=C/C1OC(O)(C(CC)C(=O)NC/C=C/C=C(\C)C(OC)C(C)C2OC(/C=C/C=C/C=C(\C)C(=O)c3c(O)n(C)ccc3=O)C(O)C2O)C(O)C(OC2OC(C)C(OC3OC(C)C(OC)C(O)C3OC)C(OC)C2O)C1(C)C,C/C=C/C=C/C1OC(O)(C(CC)C(=O)NC/C=C/C=C(\C)C(OC)C(C)C2OC(/C=C/C=C/C=C(\C)C(=O)c3c(O)n(C)ccc3=O)C(O)C2O)C(O)C(OC2OC(C)C(OC3OC(C)C(OC)C(O)C3OC)C(OC)C2O)C1(C)C,1,unmatched,,,,,,,,,,,
tdc_no_conflict_salt_removed,train,1267,train:1267,S=P(N1CC1)(N1CC1)N1CC1,1,True,,S=P(N1CC1)(N1CC1)N1CC1,S=P(N1CC1)(N1CC1)N1CC1,1,unmatched,,,,,,,,,,,
tdc_no_conflict_salt_removed,train,1268,train:1268,Cc1nc2c(C)cccn2c(=O)c1CCN1CCC(c2noc3cc(F)ccc23)CC1,1,True,,Cc1nc2c(C)cccn2c(=O)c1CCN1CCC(c2noc3cc(F)ccc23)CC1,Cc1nc2c(C)cccn2c(=O)c1CCN1CCC(c2noc3cc(F)ccc23)CC1,1,exact,1,1,B3DB_classification:2213,ocaperidone,Cc1nc2c(C)cccn2c(=O)c1CCN1CCC(c2noc3cc(F)ccc23)CC1,B3DB_classification:2213,ocaperidone,Cc1nc2c(C)cccn2c(=O)c1CCN1CCC(c2noc3cc(F)ccc23)CC1,,,
tdc_no_conflict_salt_removed,train,1269,train:1269,CNCCC(Oc1cccc2ccccc12)c1cccs1,1,True,,CNCCC(Oc1cccc2ccccc12)c1cccs1,CNCCC(Oc1cccc2ccccc12)c1cccs1,1,exact,1,1,B3DB_classification:1914,duloxetine,CNCCC(Oc1cccc2ccccc12)c1cccs1,B3DB_classification:1914,duloxetine,CNCCC(Oc1cccc2ccccc12)c1cccs1,,,
tdc_no_conflict_salt_removed,train,1270,train:1270,C#CCN[C@@H]1CCc2ccccc21,1,True,,C#CCN[C@@H]1CCc2ccccc21,C#CCN[C@@H]1CCc2ccccc21,1,exact,1,1,B3DB_classification:1068,rasagiline,C#CCN[C@@H]1CCc2ccccc21,B3DB_classification:1068,rasagiline,C#CCN[C@@H]1CCc2ccccc21,,,
tdc_no_conflict_salt_removed,train,1271,train:1271,CC(CCc1ccccc1)NC(C)C(O)c1ccc(O)cc1,0,True,,CC(CCc1ccccc1)NC(C)C(O)c1ccc(O)cc1,CC(CCc1ccccc1)NC(C)C(O)c1ccc(O)cc1,1,exact,0,0,B3DB_classification:1288,nylidrin,CC(CCc1ccccc1)NC(C)C(O)c1ccc(O)cc1,B3DB_classification:1288,nylidrin,CC(CCc1ccccc1)NC(C)C(O)c1ccc(O)cc1,,,
tdc_no_conflict_salt_removed,train,1272,train:1272,CC(CCc1ccccc1)NCC(O)c1ccc(O)c(C(N)=O)c1,0,True,,CC(CCc1ccccc1)NCC(O)c1ccc(O)c(C(N)=O)c1,CC(CCc1ccccc1)NCC(O)c1ccc(O)c(C(N)=O)c1,1,unmatched,,,,,,,,,,,
tdc_no_conflict_salt_removed,train,1273,train:1273,CN1CCCC(CN2c3ccccc3Sc3ccccc32)C1,1,True,,CN1CCCC(CN2c3ccccc3Sc3ccccc32)C1,CN1CCCC(CN2c3ccccc3Sc3ccccc32)C1,1,exact,1,1,B3DB_classification:1838,pecazine,CN1CCCC(CN2c3ccccc3Sc3ccccc32)C1,B3DB_classification:1838,pecazine,CN1CCCC(CN2c3ccccc3Sc3ccccc32)C1,,,
tdc_no_conflict_salt_removed,train,1274,train:1274,O=C1NCCN1C1CCN(CCC2COc3ccccc3O2)CC1,1,True,,O=C1NCCN1C1CCN(CCC2COc3ccccc3O2)CC1,O=C1NCCN1C1CCN(CCC2COc3ccccc3O2)CC1,1,exact,1,1,B3DB_classification:2480,schembl11222377,O=C1NCCN1C1CCN(CCC2COc3ccccc3O2)CC1,B3DB_classification:2480,schembl11222377,O=C1NCCN1C1CCN(CCC2COc3ccccc3O2)CC1,,,
tdc_no_conflict_salt_removed,train,1275,train:1275,O=C1OCCC1C1(O)CCN(CCCN2c3ccccc3Sc3ccc(Cl)cc32)CC1,1,True,,O=C1OCCC1C1(O)CCN(CCCN2c3ccccc3Sc3ccc(Cl)cc32)CC1,O=C1OCCC1C1(O)CCN(CCCN2c3ccccc3Sc3ccc(Cl)cc32)CC1,1,exact,1,1,B3DB_classification:2490,furomazine,O=C1OCCC1C1(O)CCN(CCCN2c3ccccc3Sc3ccc(Cl)cc32)CC1,B3DB_classification:2490,furomazine,O=C1OCCC1C1(O)CCN(CCCN2c3ccccc3Sc3ccc(Cl)cc32)CC1,,,
tdc_no_conflict_salt_removed,train,1276,train:1276,CN(C)CCCN1c2ccccc2C(c2ccccc2)=Nc2cccnc21,1,True,,CN(C)CCCN1c2ccccc2C(c2ccccc2)=Nc2cccnc21,CN(C)CCCN1c2ccccc2C(c2ccccc2)=Nc2cccnc21,1,exact,1,1,B3DB_classification:1748,tampramine,CN(C)CCCN1c2ccccc2C(c2ccccc2)=Nc2cccnc21,B3DB_classification:1748,tampramine,CN(C)CCCN1c2ccccc2C(c2ccccc2)=Nc2cccnc21,,,
tdc_no_conflict_salt_removed,train,1277,train:1277,O=C1NCCN1CCN1CCC(c2cn(-c3ccc(F)cc3)c3ccc(Cl)cc23)CC1,1,True,,O=C1NCCN1CCN1CCC(c2cn(-c3ccc(F)cc3)c3ccc(Cl)cc23)CC1,O=C1NCCN1CCN1CCC(c2cn(-c3ccc(F)cc3)c3ccc(Cl)cc23)CC1,1,exact,1,1,B3DB_classification:2481,sertindole,O=C1NCCN1CCN1CCC(c2cn(-c3ccc(F)cc3)c3ccc(Cl)cc23)CC1,B3DB_classification:2481,sertindole,O=C1NCCN1CCN1CCC(c2cn(-c3ccc(F)cc3)c3ccc(Cl)cc23)CC1,,,
tdc_no_conflict_salt_removed,train,1278,train:1278,O=C1CCc2ccc(OCCCCN3CCN(c4cccc(Cl)c4Cl)CC3)cc2N1,1,True,,O=C1CCc2ccc(OCCCCN3CCN(c4cccc(Cl)c4Cl)CC3)cc2N1,O=C1CCc2ccc(OCCCCN3CCN(c4cccc(Cl)c4Cl)CC3)cc2N1,1,exact,1,1,B3DB_classification:2448,"aripiprazole, abilify",O=C1CCc2ccc(OCCCCN3CCN(c4cccc(Cl)c4Cl)CC3)cc2N1,B3DB_classification:2448,"aripiprazole, abilify",O=C1CCc2ccc(OCCCCN3CCN(c4cccc(Cl)c4Cl)CC3)cc2N1,,,
tdc_no_conflict_salt_removed,train,1279,train:1279,CC(=O)OCC1=CO[C@@H](OC(=O)CC(C)C)[C@H]2C1=C[C@H](OC(=O)CC(C)(C)OC(C)=O)[C@]21CO1,1,True,,CC(=O)OCC1=CO[C@@H](OC(=O)CC(C)C)[C@H]2C1=C[C@H](OC(=O)CC(C)(C)OC(C)=O)[C@]21CO1,CC(=O)OCC1=CO[C@@H](OC(=O)CC(C)C)[C@H]2C1=C[C@H](OC(=O)CC(C)(C)OC(C)=O)[C@]21CO1,1,exact,1,1,B3DB_classification:1193,acevaltrate,CC(=O)OCC1=CO[C@@H](OC(=O)CC(C)C)[C@H]2C1=C[C@H](OC(=O)CC(C)(C)OC(C)=O)[C@]21CO1,B3DB_classification:1193,acevaltrate,CC(=O)OCC1=CO[C@@H](OC(=O)CC(C)C)[C@H]2C1=C[C@H](OC(=O)CC(C)(C)OC(C)=O)[C@]21CO1,,,
tdc_no_conflict_salt_removed,train,1280,train:1280,CC(=O)OCC1=CO[C@@H](OC(=O)CC(C)C)[C@H]2C1=C[C@H](OC(=O)CC(C)C)[C@]21CO1,1,True,,CC(=O)OCC1=CO[C@@H](OC(=O)CC(C)C)[C@H]2C1=C[C@H](OC(=O)CC(C)C)[C@]21CO1,CC(=O)OCC1=CO[C@@H](OC(=O)CC(C)C)[C@H]2C1=C[C@H](OC(=O)CC(C)C)[C@]21CO1,1,exact,1,1,B3DB_classification:1194,valtrate,CC(=O)OCC1=CO[C@@H](OC(=O)CC(C)C)[C@H]2C1=C[C@H](OC(=O)CC(C)C)[C@]21CO1,B3DB_classification:1194,valtrate,CC(=O)OCC1=CO[C@@H](OC(=O)CC(C)C)[C@H]2C1=C[C@H](OC(=O)CC(C)C)[C@]21CO1,,,
tdc_no_conflict_salt_removed,train,1281,train:1281,Cc1cccc(C)c1NC1=NCCCS1,1,True,,Cc1cccc(C)c1NC1=NCCCS1,Cc1cccc(C)c1NC1=NCCCS1,1,exact,1,1,B3DB_classification:2196,xylazine,Cc1cccc(C)c1NC1=NCCCS1,B3DB_classification:2196,xylazine,Cc1cccc(C)c1NC1=NCCCS1,,,
tdc_no_conflict_salt_removed,train,1282,train:1282,Cc1ccccc1N1CCN(CCCOc2ccccn2)CC1,1,True,,Cc1ccccc1N1CCN(CCCOc2ccccn2)CC1,Cc1ccccc1N1CCN(CCCOc2ccccn2)CC1,1,exact,1,1,B3DB_classification:2206,toprilidine,Cc1ccccc1N1CCN(CCCOc2ccccn2)CC1,B3DB_classification:2206,toprilidine,Cc1ccccc1N1CCN(CCCOc2ccccn2)CC1,,,
tdc_no_conflict_salt_removed,train,1283,train:1283,COCCCC(=O)OC(C)OC(=O)C1=C(COC(N)=O)CS[C@@H]2[C@H](NC(=O)/C(=N\OC)c3ccco3)C(=O)N12,0,True,,COCCCC(=O)OC(C)OC(=O)C1=C(COC(N)=O)CS[C@@H]2[C@H](NC(=O)/C(=N\OC)c3ccco3)C(=O)N12,COCCCC(=O)OC(C)OC(=O)C1=C(COC(N)=O)CS[C@@H]2[C@H](NC(=O)/C(=N\OC)c3ccco3)C(=O)N12,1,unmatched,,,,,,,,,,,
tdc_no_conflict_salt_removed,train,1284,train:1284,CO/N=C(\C(=O)N[C@@H]1C(=O)N2C(C(=O)O)=C(COC(C)=O)CS[C@H]12)c1ccco1,0,True,,CO/N=C(\C(=O)N[C@@H]1C(=O)N2C(C(=O)O)=C(COC(C)=O)CS[C@H]12)c1ccco1,CO/N=C(\C(=O)N[C@@H]1C(=O)N2C(C(=O)O)=C(COC(C)=O)CS[C@H]12)c1ccco1,1,unmatched,,,,,,,,,,,
tdc_no_conflict_salt_removed,train,1285,train:1285,CO/N=C(\C(=O)N[C@@H]1C(=O)N2C(C(=O)O)=C(COC(N)=O)CS[C@H]12)c1ccco1,1,True,,CO/N=C(\C(=O)N[C@@H]1C(=O)N2C(C(=O)O)=C(COC(N)=O)CS[C@H]12)c1ccco1,CO/N=C(\C(=O)N[C@@H]1C(=O)N2C(C(=O)O)=C(COC(N)=O)CS[C@H]12)c1ccco1,1,exact,0,0,B3DB_classification:4876,cefuroxim,CO/N=C(\C(=O)N[C@@H]1C(=O)N2C(C(=O)O)=C(COC(N)=O)CS[C@H]12)c1ccco1,B3DB_classification:4876,cefuroxim,CO/N=C(\C(=O)N[C@@H]1C(=O)N2C(C(=O)O)=C(COC(N)=O)CS[C@H]12)c1ccco1,,,b3db_exact_label_mismatch|b3db_salt_removed_label_mismatch
tdc_no_conflict_salt_removed,train,1286,train:1286,CO/N=C(\C(=O)N[C@@H]1C(=O)N2C(C(=O)OC(C)OC(C)=O)=C(COC(N)=O)CS[C@H]12)c1ccco1,0,True,,CO/N=C(\C(=O)N[C@@H]1C(=O)N2C(C(=O)OC(C)OC(C)=O)=C(COC(N)=O)CS[C@H]12)c1ccco1,CO/N=C(\C(=O)N[C@@H]1C(=O)N2C(C(=O)OC(C)OC(C)=O)=C(COC(N)=O)CS[C@H]12)c1ccco1,1,unmatched,,,,,,,,,,,
tdc_no_conflict_salt_removed,train,1287,train:1287,CC(C)Nc1cccnc1N1CCN(C(=O)c2cc3cc(NS(C)(=O)=O)ccc3[nH]2)CC1,0,True,,CC(C)Nc1cccnc1N1CCN(C(=O)c2cc3cc(NS(C)(=O)=O)ccc3[nH]2)CC1,CC(C)Nc1cccnc1N1CCN(C(=O)c2cc3cc(NS(C)(=O)=O)ccc3[nH]2)CC1,1,exact,0,0,B3DB_classification:1270,doxorubicin,CC(C)Nc1cccnc1N1CCN(C(=O)c2cc3cc(NS(C)(=O)=O)ccc3[nH]2)CC1,B3DB_classification:1270,doxorubicin,CC(C)Nc1cccnc1N1CCN(C(=O)c2cc3cc(NS(C)(=O)=O)ccc3[nH]2)CC1,,,
tdc_no_conflict_salt_removed,train,1288,train:1288,NC1=NC(C(F)(F)F)(C(F)(F)F)NC1(C(F)(F)F)C(F)(F)F,1,True,,NC1=NC(C(F)(F)F)(C(F)(F)F)NC1(C(F)(F)F)C(F)(F)F,NC1=NC(C(F)(F)F)(C(F)(F)F)NC1(C(F)(F)F)C(F)(F)F,1,exact,1,1,B3DB_classification:2314,midaflur,NC1=NC(C(F)(F)F)(C(F)(F)F)NC1(C(F)(F)F)C(F)(F)F,B3DB_classification:2314,midaflur,NC1=NC(C(F)(F)F)(C(F)(F)F)NC1(C(F)(F)F)C(F)(F)F,,,
tdc_no_conflict_salt_removed,train,1289,train:1289,COCc1c(C(C)C)nc(C(C)C)c(/C=C/[C@@H](O)C[C@@H](O)CC(=O)O)c1-c1ccc(F)cc1,1,True,,COCc1c(C(C)C)nc(C(C)C)c(/C=C/[C@@H](O)C[C@@H](O)CC(=O)O)c1-c1ccc(F)cc1,COCc1c(C(C)C)nc(C(C)C)c(/C=C/[C@@H](O)C[C@@H](O)CC(=O)O)c1-c1ccc(F)cc1,1,exact,1,1,B3DB_classification:1998,cerivastatin,COCc1c(C(C)C)nc(C(C)C)c(/C=C/[C@@H](O)C[C@@H](O)CC(=O)O)c1-c1ccc(F)cc1,B3DB_classification:1998,cerivastatin,COCc1c(C(C)C)nc(C(C)C)c(/C=C/[C@@H](O)C[C@@H](O)CC(=O)O)c1-c1ccc(F)cc1,,,
tdc_no_conflict_salt_removed,train,1290,train:1290,Cc1cccc(Cc2cnc[nH]2)c1C,1,True,,Cc1cccc(Cc2cnc[nH]2)c1C,Cc1cccc(Cc2cnc[nH]2)c1C,1,exact,1,1,B3DB_classification:2197,detomidine,Cc1cccc(Cc2cnc[nH]2)c1C,B3DB_classification:2197,detomidine,Cc1cccc(Cc2cnc[nH]2)c1C,,,
tdc_no_conflict_salt_removed,train,1291,train:1291,CCn1nc(C)c2c1C(c1ccccc1)=NCC(=O)N2,1,True,,CCn1nc(C)c2c1C(c1ccccc1)=NCC(=O)N2,CCn1nc(C)c2c1C(c1ccccc1)=NCC(=O)N2,1,exact,1,1,B3DB_classification:1708,ripazepam,CCn1nc(C)c2c1C(c1ccccc1)=NCC(=O)N2,B3DB_classification:1708,ripazepam,CCn1nc(C)c2c1C(c1ccccc1)=NCC(=O)N2,,,
tdc_no_conflict_salt_removed,train,1292,train:1292,CC[C@@]1(O)C(=O)OCc2c1cc1n(c2=O)Cc2cc3c(CN(C)C)c(O)ccc3nc2-1,1,True,,CC[C@@]1(O)C(=O)OCc2c1cc1n(c2=O)Cc2cc3c(CN(C)C)c(O)ccc3nc2-1,CC[C@@]1(O)C(=O)OCc2c1cc1n(c2=O)Cc2cc3c(CN(C)C)c(O)ccc3nc2-1,1,exact,1,1,B3DB_classification:305,topotecan,CC[C@@]1(O)C(=O)OCc2c1cc1n(c2=O)Cc2cc3c(CN(C)C)c(O)ccc3nc2-1,B3DB_classification:305,topotecan,CC[C@@]1(O)C(=O)OCc2c1cc1n(c2=O)Cc2cc3c(CN(C)C)c(O)ccc3nc2-1,,,
tdc_no_conflict_salt_removed,train,1293,train:1293,CN(C)CC/C=C1/c2ccccc2Sc2ccc(Cl)cc21,1,True,,CN(C)CC/C=C1/c2ccccc2Sc2ccc(Cl)cc21,CN(C)CC/C=C1/c2ccccc2Sc2ccc(Cl)cc21,1,exact,1,1,B3DB_classification:1738,chlorprothixene,CN(C)CC/C=C1/c2ccccc2Sc2ccc(Cl)cc21,B3DB_classification:1738,chlorprothixene,CN(C)CC/C=C1/c2ccccc2Sc2ccc(Cl)cc21,,,
tdc_no_conflict_salt_removed,train,1294,train:1294,CN(C)CCC=C1c2ccccc2Sc2ccccc21,1,True,,CN(C)CCC=C1c2ccccc2Sc2ccccc21,CN(C)CCC=C1c2ccccc2Sc2ccccc21,1,exact,1,1,B3DB_classification:1745,prothixene,CN(C)CCC=C1c2ccccc2Sc2ccccc21,B3DB_classification:1745,prothixene,CN(C)CCC=C1c2ccccc2Sc2ccccc21,,,
tdc_no_conflict_salt_removed,train,1295,train:1295,COc1ccc2c3c1OC1C(OC(C)=O)=CCC4C(C2)N(C)CCC314,1,True,,COc1ccc2c3c1OC1C(OC(C)=O)=CCC4C(C2)N(C)CCC314,COc1ccc2c3c1OC1C(OC(C)=O)=CCC4C(C2)N(C)CCC314,1,exact,1,1,B3DB_classification:2069,thebacon,COc1ccc2c3c1OC1C(OC(C)=O)=CCC4C(C2)N(C)CCC314,B3DB_classification:2069,thebacon,COc1ccc2c3c1OC1C(OC(C)=O)=CCC4C(C2)N(C)CCC314,,,
tdc_no_conflict_salt_removed,train,1296,train:1296,CC1=CCC2C3Cc4ccc(O)c5c4C2(CCN3C)C1O5,1,True,,CC1=CCC2C3Cc4ccc(O)c5c4C2(CCN3C)C1O5,CC1=CCC2C3Cc4ccc(O)c5c4C2(CCN3C)C1O5,1,exact,1,1,B3DB_classification:1388,"morphinan-3-ol, 6,7-didehydro-4,5-epoxy-6,17-dimethyl-, (5.alpha.)-",CC1=CCC2C3Cc4ccc(O)c5c4C2(CCN3C)C1O5,B3DB_classification:1388,"morphinan-3-ol, 6,7-didehydro-4,5-epoxy-6,17-dimethyl-, (5.alpha.)-",CC1=CCC2C3Cc4ccc(O)c5c4C2(CCN3C)C1O5,,,
tdc_no_conflict_salt_removed,train,1297,train:1297,CC1=C(C(=O)O)N2C(=O)[C@@H](NC(=O)[C@H](N)C3=CCC=CC3)[C@H]2SC1,0,True,,CC1=C(C(=O)O)N2C(=O)[C@@H](NC(=O)[C@H](N)C3=CCC=CC3)[C@H]2SC1,CC1=C(C(=O)O)N2C(=O)[C@@H](NC(=O)[C@H](N)C3=CCC=CC3)[C@H]2SC1,1,exact,0,0,B3DB_classification:1381,cephradine (cefradine),CC1=C(C(=O)O)N2C(=O)[C@@H](NC(=O)[C@H](N)C3=CCC=CC3)[C@H]2SC1,B3DB_classification:1381,cephradine (cefradine),CC1=C(C(=O)O)N2C(=O)[C@@H](NC(=O)[C@H](N)C3=CCC=CC3)[C@H]2SC1,,,
tdc_no_conflict_salt_removed,train,1298,train:1298,O=C1CCC2(CCC(=O)c3ccccc32)C(=O)N1,1,True,,O=C1CCC2(CCC(=O)c3ccccc32)C(=O)N1,O=C1CCC2(CCC(=O)c3ccccc32)C(=O)N1,1,exact,1,1,B3DB_classification:2441,alonimid,O=C1CCC2(CCC(=O)c3ccccc32)C(=O)N1,B3DB_classification:2441,alonimid,O=C1CCC2(CCC(=O)c3ccccc32)C(=O)N1,,,
tdc_no_conflict_salt_removed,train,1299,train:1299,Clc1cccc(Cl)c1NC1=NCCO1,1,True,,Clc1cccc(Cl)c1NC1=NCCO1,Clc1cccc(Cl)c1NC1=NCCO1,1,exact,1,1,B3DB_classification:2246,clidafidine,Clc1cccc(Cl)c1NC1=NCCO1,B3DB_classification:2246,clidafidine,Clc1cccc(Cl)c1NC1=NCCO1,,,
tdc_no_conflict_salt_removed,train,1300,train:1300,CCCCCCCCCCCCCC(=O)O[C@H]1C=C[C@H]2[C@H]3Cc4ccc(OCc5ccccc5)c5c4[C@@]2(CCN3C)[C@H]1O5,1,True,,CCCCCCCCCCCCCC(=O)O[C@H]1C=C[C@H]2[C@H]3Cc4ccc(OCc5ccccc5)c5c4[C@@]2(CCN3C)[C@H]1O5,CCCCCCCCCCCCCC(=O)O[C@H]1C=C[C@H]2[C@H]3Cc4ccc(OCc5ccccc5)c5c4[C@@]2(CCN3C)[C@H]1O5,1,exact,1,1,B3DB_classification:1528,myrophine,CCCCCCCCCCCCCC(=O)O[C@H]1C=C[C@H]2[C@H]3Cc4ccc(OCc5ccccc5)c5c4[C@@]2(CCN3C)[C@H]1O5,B3DB_classification:1528,myrophine,CCCCCCCCCCCCCC(=O)O[C@H]1C=C[C@H]2[C@H]3Cc4ccc(OCc5ccccc5)c5c4[C@@]2(CCN3C)[C@H]1O5,,,
tdc_no_conflict_salt_removed,train,1301,train:1301,CCn1cc(C(=O)O)c(=O)c2cc(F)c(N3CCNC(C)C3)c(F)c21,0,True,,CCn1cc(C(=O)O)c(=O)c2cc(F)c(N3CCNC(C)C3)c(F)c21,CCn1cc(C(=O)O)c(=O)c2cc(F)c(N3CCNC(C)C3)c(F)c21,1,unmatched,,,,,,,,,,,
tdc_no_conflict_salt_removed,train,1302,train:1302,CCn1cc(C(=O)O)c(=O)c2cc(F)c(N3CCN(C)CC3)cc21,0,True,,CCn1cc(C(=O)O)c(=O)c2cc(F)c(N3CCN(C)CC3)cc21,CCn1cc(C(=O)O)c(=O)c2cc(F)c(N3CCN(C)CC3)cc21,1,exact,1,1,B3DB_classification:433,pefloxacin,CCn1cc(C(=O)O)c(=O)c2cc(F)c(N3CCN(C)CC3)cc21,B3DB_classification:433,pefloxacin,CCn1cc(C(=O)O)c(=O)c2cc(F)c(N3CCN(C)CC3)cc21,,,b3db_exact_label_mismatch|b3db_salt_removed_label_mismatch
tdc_no_conflict_salt_removed,train,1303,train:1303,CN1CCN(c2c(F)cc3c(=O)c(C(=O)O)cn(CCF)c3c2F)CC1,0,True,,CN1CCN(c2c(F)cc3c(=O)c(C(=O)O)cn(CCF)c3c2F)CC1,CN1CCN(c2c(F)cc3c(=O)c(C(=O)O)cn(CCF)c3c2F)CC1,1,exact,1,1,B3DB_classification:302,fleroxacin,CN1CCN(c2c(F)cc3c(=O)c(C(=O)O)cn(CCF)c3c2F)CC1,B3DB_classification:302,fleroxacin,CN1CCN(c2c(F)cc3c(=O)c(C(=O)O)cn(CCF)c3c2F)CC1,,,b3db_exact_label_mismatch|b3db_salt_removed_label_mismatch
tdc_no_conflict_salt_removed,train,1304,train:1304,CCn1cc(C(=O)O)c(=O)c2cc(F)c(N3CCNCC3)cc21,0,True,,CCn1cc(C(=O)O)c(=O)c2cc(F)c(N3CCNCC3)cc21,CCn1cc(C(=O)O)c(=O)c2cc(F)c(N3CCNCC3)cc21,1,exact,0,0,B3DB_classification:116,norfloxacin,CCn1cc(C(=O)O)c(=O)c2cc(F)c(N3CCNCC3)cc21,B3DB_classification:116,norfloxacin,CCn1cc(C(=O)O)c(=O)c2cc(F)c(N3CCNCC3)cc21,,,
tdc_no_conflict_salt_removed,train,1305,train:1305,COC1CCCC2C1=C(C(=O)[O-])N1C(=O)C(C(C)O)C21,0,True,,COC1CCCC2C1=C(C(=O)[O-])N1C(=O)C(C(C)O)C21,COC1CCCC2C1=C(C(=O)[O-])N1C(=O)C(C(C)O)C21,1,unmatched,,,,,,,,,,,
tdc_no_conflict_salt_removed,train,1306,train:1306,C=C1C[C@H]2[C@@H]3CCC4=CC(=O)C=C[C@]4(C)[C@@]3(F)C(O)C[C@]2(C)[C@@]1(O)C(=O)CO,1,True,,C=C1C[C@H]2[C@@H]3CCC4=CC(=O)C=C[C@]4(C)[C@@]3(F)C(O)C[C@]2(C)[C@@]1(O)C(=O)CO,C=C1C[C@H]2[C@@H]3CCC4=CC(=O)C=C[C@]4(C)[C@@]3(F)C(O)C[C@]2(C)[C@@]1(O)C(=O)CO,1,exact,1,1,B3DB_classification:1094,fluprednidene,C=C1C[C@H]2[C@@H]3CCC4=CC(=O)C=C[C@]4(C)[C@@]3(F)C(O)C[C@]2(C)[C@@]1(O)C(=O)CO,B3DB_classification:1094,fluprednidene,C=C1C[C@H]2[C@@H]3CCC4=CC(=O)C=C[C@]4(C)[C@@]3(F)C(O)C[C@]2(C)[C@@]1(O)C(=O)CO,,,
tdc_no_conflict_salt_removed,train,1307,train:1307,C=C1CC2C3CCC4=CC(=O)C=CC4(C)C3C(O)CC2(C)C1(O)C(=O)CO,1,True,,C=C1CC2C3CCC4=CC(=O)C=CC4(C)C3C(O)CC2(C)C1(O)C(=O)CO,C=C1CC2C3CCC4=CC(=O)C=CC4(C)C3C(O)CC2(C)C1(O)C(=O)CO,1,exact,1,1,B3DB_classification:1091,prednylidene,C=C1CC2C3CCC4=CC(=O)C=CC4(C)C3C(O)CC2(C)C1(O)C(=O)CO,B3DB_classification:1091,prednylidene,C=C1CC2C3CCC4=CC(=O)C=CC4(C)C3C(O)CC2(C)C1(O)C(=O)CO,,,
tdc_no_conflict_salt_removed,train,1308,train:1308,CO/N=C(\C(=O)N[C@@H]1C(=O)N2C(C(=O)O)=C(/C=C/Sc3n[nH]c(=O)c(=O)n3CC=O)CS[C@H]12)c1csc(N)n1,0,True,,CO/N=C(\C(=O)N[C@@H]1C(=O)N2C(C(=O)O)=C(/C=C/Sc3n[nH]c(=O)c(=O)n3CC=O)CS[C@H]12)c1csc(N)n1,CO/N=C(\C(=O)N[C@@H]1C(=O)N2C(C(=O)O)=C(/C=C/Sc3n[nH]c(=O)c(=O)n3CC=O)CS[C@H]12)c1csc(N)n1,1,exact,0,0,B3DB_classification:4875,ceftiolene,CO/N=C(\C(=O)N[C@@H]1C(=O)N2C(C(=O)O)=C(/C=C/Sc3n[nH]c(=O)c(=O)n3CC=O)CS[C@H]12)c1csc(N)n1,B3DB_classification:4875,ceftiolene,CO/N=C(\C(=O)N[C@@H]1C(=O)N2C(C(=O)O)=C(/C=C/Sc3n[nH]c(=O)c(=O)n3CC=O)CS[C@H]12)c1csc(N)n1,,,
tdc_no_conflict_salt_removed,train,1309,train:1309,OCCCOc1cccc(CN2CCCCC2)c1,1,True,,OCCCOc1cccc(CN2CCCCC2)c1,OCCCOc1cccc(CN2CCCCC2)c1,1,exact,1,1,B3DB_classification:530,bbcpd22 (ranitidine analog) skb34 (propanol33npiperidinylmethylp henoxy),OCCCOc1cccc(CN2CCCCC2)c1,B3DB_classification:530,bbcpd22 (ranitidine analog) skb34 (propanol33npiperidinylmethylp henoxy),OCCCOc1cccc(CN2CCCCC2)c1,,,
tdc_no_conflict_salt_removed,train,1310,train:1310,CC(=O)NCCCOc1cccc(CN2CCCCC2)c1,1,True,,CC(=O)NCCCOc1cccc(CN2CCCCC2)c1,CC(=O)NCCCOc1cccc(CN2CCCCC2)c1,1,exact,1,1,B3DB_classification:292,skb30 (npropylacetamide33npiperidinylmethylphenoxy),CC(=O)NCCCOc1cccc(CN2CCCCC2)c1,B3DB_classification:292,skb30 (npropylacetamide33npiperidinylmethylphenoxy),CC(=O)NCCCOc1cccc(CN2CCCCC2)c1,,,
tdc_no_conflict_salt_removed,train,1311,train:1311,NC1CCCC1c1ccccc1,1,True,,NC1CCCC1c1ccccc1,NC1CCCC1c1ccccc1,1,exact,1,1,B3DB_classification:2315,2-phenylcyclopentanamine,NC1CCCC1c1ccccc1,B3DB_classification:2315,2-phenylcyclopentanamine,NC1CCCC1c1ccccc1,,,
tdc_no_conflict_salt_removed,train,1312,train:1312,C[N+]1(C)CCC(OC(=O)C(O)(c2ccccc2)C2CCCC2)C1,0,True,,C[N+]1(C)CCC(OC(=O)C(O)(c2ccccc2)C2CCCC2)C1,C[N+]1(C)CCC(OC(=O)C(O)(c2ccccc2)C2CCCC2)C1,1,exact,0,0,B3DB_classification:2156,glycopyrrolate,C[N+]1(C)CCC(OC(=O)C(O)(c2ccccc2)C2CCCC2)C1,B3DB_classification:2156,glycopyrrolate,C[N+]1(C)CCC(OC(=O)C(O)(c2ccccc2)C2CCCC2)C1,,,
tdc_no_conflict_salt_removed,train,1313,train:1313,CNCCC=C1c2ccccc2C2CC2c2ccccc21,1,True,,CNCCC=C1c2ccccc2C2CC2c2ccccc21,CNCCC=C1c2ccccc2C2CC2c2ccccc21,1,exact,1,1,B3DB_classification:1917,octriptyline,CNCCC=C1c2ccccc2C2CC2c2ccccc21,B3DB_classification:1917,octriptyline,CNCCC=C1c2ccccc2C2CC2c2ccccc21,,,
tdc_no_conflict_salt_removed,train,1314,train:1314,CCCN(c1ccncc1)n1ccc2ccccc21,1,True,,CCCN(c1ccncc1)n1ccc2ccccc21,CCCN(c1ccncc1)n1ccc2ccccc21,1,exact,1,1,B3DB_classification:1560,besipirdine,CCCN(c1ccncc1)n1ccc2ccccc21,B3DB_classification:1560,besipirdine,CCCN(c1ccncc1)n1ccc2ccccc21,,,
tdc_no_conflict_salt_removed,train,1315,train:1315,Cc1oc(C(C)(C)N(C(C)(C)N)C(C)(C)N)c(C)c1C,1,True,,Cc1oc(C(C)(C)N(C(C)(C)N)C(C)(C)N)c(C)c1C,Cc1oc(C(C)(C)N(C(C)(C)N)C(C)(C)N)c(C)c1C,1,exact,1,1,B3DB_classification:3633,probenecid,Cc1oc(C(C)(C)N(C(C)(C)N)C(C)(C)N)c(C)c1C,B3DB_classification:1933|B3DB_classification:3633,nan ; probenecid,CNO.Cc1oc(C(C)(C)N(C(C)(C)N)C(C)(C)N)c(C)c1C ; Cc1oc(C(C)(C)N(C(C)(C)N)C(C)(C)N)c(C)c1C,,,
tdc_no_conflict_salt_removed,train,1316,train:1316,CN/C(=C\[N+](=O)[O-])NCCSCc1ccc(CN(C)C)o1,0,True,,CN/C(=C\[N+](=O)[O-])NCCSCc1ccc(CN(C)C)o1,CN/C(=C\[N+](=O)[O-])NCCSCc1ccc(CN(C)C)o1,1,exact,0,0,B3DB_classification:91,ls-190695,CN/C(=C\[N+](=O)[O-])NCCSCc1ccc(CN(C)C)o1,B3DB_classification:91,ls-190695,CN/C(=C\[N+](=O)[O-])NCCSCc1ccc(CN(C)C)o1,,,
tdc_no_conflict_salt_removed,train,1317,train:1317,CCCN(CCC)C1Cc2cccc3cc(O)cc(c23)C1,1,True,,CCCN(CCC)C1Cc2cccc3cc(O)cc(c23)C1,CCCN(CCC)C1Cc2cccc3cc(O)cc(c23)C1,1,exact,1,1,B3DB_classification:1558,alentemol,CCCN(CCC)C1Cc2cccc3cc(O)cc(c23)C1,B3DB_classification:1558,alentemol,CCCN(CCC)C1Cc2cccc3cc(O)cc(c23)C1,,,
tdc_no_conflict_salt_removed,train,1318,train:1318,Cc1c(C)c2ccc(OCc3nnc(C(C)C)s3)cc2oc1=O,1,True,,Cc1c(C)c2ccc(OCc3nnc(C(C)C)s3)cc2oc1=O,Cc1c(C)c2ccc(OCc3nnc(C(C)C)s3)cc2oc1=O,1,exact,1,1,B3DB_classification:2164,atibeprone,Cc1c(C)c2ccc(OCc3nnc(C(C)C)s3)cc2oc1=O,B3DB_classification:2164,atibeprone,Cc1c(C)c2ccc(OCc3nnc(C(C)C)s3)cc2oc1=O,,,
tdc_no_conflict_salt_removed,train,1319,train:1319,C1=C(CC2=NCNC2)CCc2ccccc21,1,True,,C1=C(CC2=NCNC2)CCc2ccccc21,C1=C(CC2=NCNC2)CCc2ccccc21,1,exact,1,1,B3DB_classification:1085,schembl1232177,C1=C(CC2=NCNC2)CCc2ccccc21,B3DB_classification:1085,schembl1232177,C1=C(CC2=NCNC2)CCc2ccccc21,,,
tdc_no_conflict_salt_removed,train,1320,train:1320,OC(CCN1CCCCC1)(c1ccccc1)C1CCCCC1,1,True,,OC(CCN1CCCCC1)(c1ccccc1)C1CCCCC1,OC(CCN1CCCCC1)(c1ccccc1)C1CCCCC1,1,exact,1,1,B3DB_classification:1038,trihexyphenidyl,OC(CCN1CCCCC1)(c1ccccc1)C1CCCCC1,B3DB_classification:1038,trihexyphenidyl,OC(CCN1CCCCC1)(c1ccccc1)C1CCCCC1,,,
tdc_no_conflict_salt_removed,train,1321,train:1321,C[C@H]1C[C@H]2[C@@H]3CCC4=CC(=O)C=C[C@]4(C)[C@H]3C(=O)C[C@]2(C)[C@@]1(O)C(=O)CO,1,True,,C[C@H]1C[C@H]2[C@@H]3CCC4=CC(=O)C=C[C@]4(C)[C@H]3C(=O)C[C@]2(C)[C@@]1(O)C(=O)CO,C[C@H]1C[C@H]2[C@@H]3CCC4=CC(=O)C=C[C@]4(C)[C@H]3C(=O)C[C@]2(C)[C@@]1(O)C(=O)CO,1,exact,1,1,B3DB_classification:2128,meprednisone,C[C@H]1C[C@H]2[C@@H]3CCC4=CC(=O)C=C[C@]4(C)[C@H]3C(=O)C[C@]2(C)[C@@]1(O)C(=O)CO,B3DB_classification:2128,meprednisone,C[C@H]1C[C@H]2[C@@H]3CCC4=CC(=O)C=C[C@]4(C)[C@H]3C(=O)C[C@]2(C)[C@@]1(O)C(=O)CO,,,
tdc_no_conflict_salt_removed,train,1322,train:1322,C[C@]12C=CC(=O)C=C1CC[C@@H]1[C@@H]2C(=O)C[C@@]2(C)[C@H]1CC[C@]2(O)C(=O)CO,0,True,,C[C@]12C=CC(=O)C=C1CC[C@@H]1[C@@H]2C(=O)C[C@@]2(C)[C@H]1CC[C@]2(O)C(=O)CO,C[C@]12C=CC(=O)C=C1CC[C@@H]1[C@@H]2C(=O)C[C@@]2(C)[C@H]1CC[C@]2(O)C(=O)CO,1,unmatched,,,,,,,,,,,
tdc_no_conflict_salt_removed,train,1323,train:1323,CC(=O)OCC(=O)[C@@]1(O)CC[C@H]2[C@@H]3C[C@H](Cl)C4=CC(=O)C=C[C@]4(C)[C@H]3C(=O)C[C@@]21C,1,True,,CC(=O)OCC(=O)[C@@]1(O)CC[C@H]2[C@@H]3C[C@H](Cl)C4=CC(=O)C=C[C@]4(C)[C@H]3C(=O)C[C@@]21C,CC(=O)OCC(=O)[C@@]1(O)CC[C@H]2[C@@H]3C[C@H](Cl)C4=CC(=O)C=C[C@]4(C)[C@H]3C(=O)C[C@@]21C,1,exact,1,1,B3DB_classification:1170,chloroprednisone-acetate,CC(=O)OCC(=O)[C@@]1(O)CC[C@H]2[C@@H]3C[C@H](Cl)C4=CC(=O)C=C[C@]4(C)[C@H]3C(=O)C[C@@]21C,B3DB_classification:1170,chloroprednisone-acetate,CC(=O)OCC(=O)[C@@]1(O)CC[C@H]2[C@@H]3C[C@H](Cl)C4=CC(=O)C=C[C@]4(C)[C@H]3C(=O)C[C@@]21C,,,
tdc_no_conflict_salt_removed,train,1324,train:1324,C[C@H]1C[C@H]2[C@@H]3CCC4=CC(=O)C=C[C@]4(C)[C@@]3(F)C(=O)C[C@]2(C)[C@@]1(O)C(=O)CCl,1,True,,C[C@H]1C[C@H]2[C@@H]3CCC4=CC(=O)C=C[C@]4(C)[C@@]3(F)C(=O)C[C@]2(C)[C@@]1(O)C(=O)CCl,C[C@H]1C[C@H]2[C@@H]3CCC4=CC(=O)C=C[C@]4(C)[C@@]3(F)C(=O)C[C@]2(C)[C@@]1(O)C(=O)CCl,1,exact,1,1,B3DB_classification:2126,clobetasone,C[C@H]1C[C@H]2[C@@H]3CCC4=CC(=O)C=C[C@]4(C)[C@@]3(F)C(=O)C[C@]2(C)[C@@]1(O)C(=O)CCl,B3DB_classification:2126,clobetasone,C[C@H]1C[C@H]2[C@@H]3CCC4=CC(=O)C=C[C@]4(C)[C@@]3(F)C(=O)C[C@]2(C)[C@@]1(O)C(=O)CCl,,,
tdc_no_conflict_salt_removed,train,1325,train:1325,CCCC(=O)O[C@]1(C(=O)CCl)[C@@H](C)C[C@H]2[C@@H]3CCC4=CC(=O)C=C[C@]4(C)[C@@]3(F)C(=O)C[C@@]21C,1,True,,CCCC(=O)O[C@]1(C(=O)CCl)[C@@H](C)C[C@H]2[C@@H]3CCC4=CC(=O)C=C[C@]4(C)[C@@]3(F)C(=O)C[C@@]21C,CCCC(=O)O[C@]1(C(=O)CCl)[C@@H](C)C[C@H]2[C@@H]3CCC4=CC(=O)C=C[C@]4(C)[C@@]3(F)C(=O)C[C@@]21C,1,exact,1,1,B3DB_classification:1490,clobetasone butyrate,CCCC(=O)O[C@]1(C(=O)CCl)[C@@H](C)C[C@H]2[C@@H]3CCC4=CC(=O)C=C[C@]4(C)[C@@]3(F)C(=O)C[C@@]21C,B3DB_classification:1490,clobetasone butyrate,CCCC(=O)O[C@]1(C(=O)CCl)[C@@H](C)C[C@H]2[C@@H]3CCC4=CC(=O)C=C[C@]4(C)[C@@]3(F)C(=O)C[C@@]21C,,,
tdc_no_conflict_salt_removed,train,1326,train:1326,CN1CCN(c2ncc(-c3cc(Cl)cc(Cl)c3Cl)c(N)n2)CC1,1,True,,CN1CCN(c2ncc(-c3cc(Cl)cc(Cl)c3Cl)c(N)n2)CC1,CN1CCN(c2ncc(-c3cc(Cl)cc(Cl)c3Cl)c(N)n2)CC1,1,exact,1,1,B3DB_classification:1863,sipatrigine,CN1CCN(c2ncc(-c3cc(Cl)cc(Cl)c3Cl)c(N)n2)CC1,B3DB_classification:1863,sipatrigine,CN1CCN(c2ncc(-c3cc(Cl)cc(Cl)c3Cl)c(N)n2)CC1,,,
tdc_no_conflict_salt_removed,train,1327,train:1327,O=C1CN(C(=O)CN2CC(c3ccc(Cl)cc3)CC2=O)CCN1,1,True,,O=C1CN(C(=O)CN2CC(c3ccc(Cl)cc3)CC2=O)CCN1,O=C1CN(C(=O)CN2CC(c3ccc(Cl)cc3)CC2=O)CCN1,1,exact,1,1,B3DB_classification:2449,cebaracetam,O=C1CN(C(=O)CN2CC(c3ccc(Cl)cc3)CC2=O)CCN1,B3DB_classification:2449,cebaracetam,O=C1CN(C(=O)CN2CC(c3ccc(Cl)cc3)CC2=O)CCN1,,,
tdc_no_conflict_salt_removed,train,1328,train:1328,O=C(NCCN1CCC(n2c(=O)[nH]c3cc(Cl)ccc32)CC1)c1ccc(F)cc1,1,True,,O=C(NCCN1CCC(n2c(=O)[nH]c3cc(Cl)ccc32)CC1)c1ccc(F)cc1,O=C(NCCN1CCC(n2c(=O)[nH]c3cc(Cl)ccc32)CC1)c1ccc(F)cc1,1,exact,1,1,B3DB_classification:2402,halopemide,O=C(NCCN1CCC(n2c(=O)[nH]c3cc(Cl)ccc32)CC1)c1ccc(F)cc1,B3DB_classification:2402,halopemide,O=C(NCCN1CCC(n2c(=O)[nH]c3cc(Cl)ccc32)CC1)c1ccc(F)cc1,,,
tdc_no_conflict_salt_removed,train,1329,train:1329,CO/N=C(\C(=O)N[C@H]1C(=O)N2C(C(=O)[O-])=C(COC(C)=O)CS[C@@H]12)c1csc(N)n1,1,True,,CO/N=C(\C(=O)N[C@H]1C(=O)N2C(C(=O)[O-])=C(COC(C)=O)CS[C@@H]12)c1csc(N)n1,CO/N=C(\C(=O)N[C@H]1C(=O)N2C(C(=O)[O-])=C(COC(C)=O)CS[C@@H]12)c1csc(N)n1,1,unmatched,,,,,,,,,,,
tdc_no_conflict_salt_removed,train,1330,train:1330,CO/N=C(\C(=O)N[C@@H]1C(=O)N2C(C(=O)O)=CCS[C@H]12)c1csc(N)n1,0,True,,CO/N=C(\C(=O)N[C@@H]1C(=O)N2C(C(=O)O)=CCS[C@H]12)c1csc(N)n1,CO/N=C(\C(=O)N[C@@H]1C(=O)N2C(C(=O)O)=CCS[C@H]12)c1csc(N)n1,1,exact,0,0,B3DB_classification:5505,ceftizoxime,CO/N=C(\C(=O)N[C@@H]1C(=O)N2C(C(=O)O)=CCS[C@H]12)c1csc(N)n1,B3DB_classification:5505,ceftizoxime,CO/N=C(\C(=O)N[C@@H]1C(=O)N2C(C(=O)O)=CCS[C@H]12)c1csc(N)n1,,,
tdc_no_conflict_salt_removed,train,1331,train:1331,COCC1=C(C(=O)O)N2C(=O)[C@@H](NC(=O)/C(=N\O)c3csc(N)n3)[C@H]2SC1,0,True,,COCC1=C(C(=O)O)N2C(=O)[C@@H](NC(=O)/C(=N\O)c3csc(N)n3)[C@H]2SC1,COCC1=C(C(=O)O)N2C(=O)[C@@H](NC(=O)/C(=N\O)c3csc(N)n3)[C@H]2SC1,1,unmatched,,,,,,,,,,,
tdc_no_conflict_salt_removed,train,1332,train:1332,C=CC1=C(C(=O)O)N2C(=O)[C@@H](NC(=O)/C(=N\O)c3csc(N)n3)[C@H]2SC1,0,True,,C=CC1=C(C(=O)O)N2C(=O)[C@@H](NC(=O)/C(=N\O)c3csc(N)n3)[C@H]2SC1,C=CC1=C(C(=O)O)N2C(=O)[C@@H](NC(=O)/C(=N\O)c3csc(N)n3)[C@H]2SC1,1,exact,0,0,B3DB_classification:4688,cefdinir,C=CC1=C(C(=O)O)N2C(=O)[C@@H](NC(=O)/C(=N\O)c3csc(N)n3)[C@H]2SC1,B3DB_classification:4688,cefdinir,C=CC1=C(C(=O)O)N2C(=O)[C@@H](NC(=O)/C(=N\O)c3csc(N)n3)[C@H]2SC1,,,
tdc_no_conflict_salt_removed,train,1333,train:1333,CO/N=C(\C(=O)N[C@@H]1C(=O)N2C(C(=O)O)=C(C)CS[C@H]12)c1csc(N)n1,0,True,,CO/N=C(\C(=O)N[C@@H]1C(=O)N2C(C(=O)O)=C(C)CS[C@H]12)c1csc(N)n1,CO/N=C(\C(=O)N[C@@H]1C(=O)N2C(C(=O)O)=C(C)CS[C@H]12)c1csc(N)n1,1,unmatched,,,,,,,,,,,
tdc_no_conflict_salt_removed,train,1334,train:1334,C=CC1=C(C(=O)O)N2C(=O)[C@@H](NC(=O)/C(=N\OCC(=O)O)c3csc(N)n3)[C@H]2SC1,0,True,,C=CC1=C(C(=O)O)N2C(=O)[C@@H](NC(=O)/C(=N\OCC(=O)O)c3csc(N)n3)[C@H]2SC1,C=CC1=C(C(=O)O)N2C(=O)[C@@H](NC(=O)/C(=N\OCC(=O)O)c3csc(N)n3)[C@H]2SC1,1,exact,0,0,B3DB_classification:5446,cefixime,C=CC1=C(C(=O)O)N2C(=O)[C@@H](NC(=O)/C(=N\OCC(=O)O)c3csc(N)n3)[C@H]2SC1,B3DB_classification:5446,cefixime,C=CC1=C(C(=O)O)N2C(=O)[C@@H](NC(=O)/C(=N\OCC(=O)O)c3csc(N)n3)[C@H]2SC1,,,
tdc_no_conflict_salt_removed,train,1335,train:1335,COCC1=C(C(=O)[O-])N2C(=O)[C@@H](NC(=O)/C(=N\OC)c3csc(N)n3)[C@H]2SC1,0,True,,COCC1=C(C(=O)[O-])N2C(=O)[C@@H](NC(=O)/C(=N\OC)c3csc(N)n3)[C@H]2SC1,COCC1=C(C(=O)[O-])N2C(=O)[C@@H](NC(=O)/C(=N\OC)c3csc(N)n3)[C@H]2SC1,1,unmatched,,,,,,,,,,,
tdc_no_conflict_salt_removed,train,1336,train:1336,Cc1cc(-c2ccccc2)nnc1NCCN1CCOCC1,1,True,,Cc1cc(-c2ccccc2)nnc1NCCN1CCOCC1,Cc1cc(-c2ccccc2)nnc1NCCN1CCOCC1,1,exact,1,1,B3DB_classification:720,minaprine,Cc1cc(-c2ccccc2)nnc1NCCN1CCOCC1,B3DB_classification:720,minaprine,Cc1cc(-c2ccccc2)nnc1NCCN1CCOCC1,,,
tdc_no_conflict_salt_removed,train,1337,train:1337,N#Cc1cc(-c2ccccc2)nnc1NCCN1CCOCC1,1,True,,N#Cc1cc(-c2ccccc2)nnc1NCCN1CCOCC1,N#Cc1cc(-c2ccccc2)nnc1NCCN1CCOCC1,1,exact,1,1,B3DB_classification:2274,bazinaprine,N#Cc1cc(-c2ccccc2)nnc1NCCN1CCOCC1,B3DB_classification:2274,bazinaprine,N#Cc1cc(-c2ccccc2)nnc1NCCN1CCOCC1,,,
tdc_no_conflict_salt_removed,train,1338,train:1338,CC(C)N[C@H]1C2CCC(CC2)[C@]1(O)c1ccc(Cl)c(Cl)c1,1,True,,CC(C)N[C@H]1C2CCC(CC2)[C@]1(O)c1ccc(Cl)c(Cl)c1,CC(C)N[C@H]1C2CCC(CC2)[C@]1(O)c1ccc(Cl)c(Cl)c1,1,exact,1,1,B3DB_classification:1269,zinc1150,CC(C)N[C@H]1C2CCC(CC2)[C@]1(O)c1ccc(Cl)c(Cl)c1,B3DB_classification:1269,zinc1150,CC(C)N[C@H]1C2CCC(CC2)[C@]1(O)c1ccc(Cl)c(Cl)c1,,,
tdc_no_conflict_salt_removed,train,1339,train:1339,Cc1cnn(-c2c(Cl)cccc2Cl)c1C(=O)N[C@@H]1C(=O)N2[C@@H]1SC(C)(C)[C@@H]2C(=O)O,0,True,,Cc1cnn(-c2c(Cl)cccc2Cl)c1C(=O)N[C@@H]1C(=O)N2[C@@H]1SC(C)(C)[C@@H]2C(=O)O,Cc1cnn(-c2c(Cl)cccc2Cl)c1C(=O)N[C@@H]1C(=O)N2[C@@H]1SC(C)(C)[C@@H]2C(=O)O,1,exact,0,0,B3DB_classification:2211,prazocillin,Cc1cnn(-c2c(Cl)cccc2Cl)c1C(=O)N[C@@H]1C(=O)N2[C@@H](C(=O)O)C(C)(C)S[C@H]12,B3DB_classification:2211,prazocillin,Cc1cnn(-c2c(Cl)cccc2Cl)c1C(=O)N[C@@H]1C(=O)N2[C@@H](C(=O)O)C(C)(C)S[C@H]12,,,
tdc_no_conflict_salt_removed,train,1340,train:1340,CCCC(=O)O[C@]1(C(=O)COC(C)=O)CC[C@H]2[C@@H]3C[C@H](C)C4=CC(=O)CC[C@]4(C)[C@H]3[C@@H](O)C[C@@]21C,1,True,,CCCC(=O)O[C@]1(C(=O)COC(C)=O)CC[C@H]2[C@@H]3C[C@H](C)C4=CC(=O)CC[C@]4(C)[C@H]3[C@@H](O)C[C@@]21C,CCCC(=O)O[C@]1(C(=O)COC(C)=O)CC[C@H]2[C@@H]3C[C@H](C)C4=CC(=O)CC[C@]4(C)[C@H]3[C@@H](O)C[C@@]21C,1,exact,1,1,B3DB_classification:1493,amebucort,CCCC(=O)O[C@]1(C(=O)COC(C)=O)CC[C@H]2[C@@H]3C[C@H](C)C4=CC(=O)CC[C@]4(C)[C@H]3[C@@H](O)C[C@@]21C,B3DB_classification:1493,amebucort,CCCC(=O)O[C@]1(C(=O)COC(C)=O)CC[C@H]2[C@@H]3C[C@H](C)C4=CC(=O)CC[C@]4(C)[C@H]3[C@@H](O)C[C@@]21C,,,
tdc_no_conflict_salt_removed,train,1341,train:1341,C[C@]12CCC(=O)C=C1CC[C@@H]1[C@@H]2[C@@H](O)C[C@@]2(C)[C@H]1CC[C@]2(O)C(=O)CO,0,True,,C[C@]12CCC(=O)C=C1CC[C@@H]1[C@@H]2[C@@H](O)C[C@@]2(C)[C@H]1CC[C@]2(O)C(=O)CO,C[C@]12CCC(=O)C=C1CC[C@@H]1[C@@H]2[C@@H](O)C[C@@]2(C)[C@H]1CC[C@]2(O)C(=O)CO,1,exact,1,1,B3DB_classification:393,cortisol,C[C@]12C[C@H](O)[C@H]3[C@@H](CCC4=CC(=O)CC[C@@]43C)[C@@H]1CC[C@]2(O)C(=O)CO,B3DB_classification:393,cortisol,C[C@]12C[C@H](O)[C@H]3[C@@H](CCC4=CC(=O)CC[C@@]43C)[C@@H]1CC[C@]2(O)C(=O)CO,,,b3db_exact_label_mismatch|b3db_salt_removed_label_mismatch
tdc_no_conflict_salt_removed,train,1342,train:1342,C[C@]12CC[C@H]3[C@@H](CCC4=CC(=O)CC[C@@]43C)[C@@H]1CC[C@@H]2O,0,True,,C[C@]12CC[C@H]3[C@@H](CCC4=CC(=O)CC[C@@]43C)[C@@H]1CC[C@@H]2O,C[C@]12CC[C@H]3[C@@H](CCC4=CC(=O)CC[C@@]43C)[C@@H]1CC[C@@H]2O,1,unmatched,,,,,,,,,,,
tdc_no_conflict_salt_removed,train,1343,train:1343,C[C@]12C[C@H](O)[C@H]3[C@@H](CCC4=CC(=O)CC[C@@]43C)[C@@H]1CC[C@@H]2C(=O)CO,0,True,,C[C@]12C[C@H](O)[C@H]3[C@@H](CCC4=CC(=O)CC[C@@]43C)[C@@H]1CC[C@@H]2C(=O)CO,C[C@]12C[C@H](O)[C@H]3[C@@H](CCC4=CC(=O)CC[C@@]43C)[C@@H]1CC[C@@H]2C(=O)CO,1,exact,0,0,B3DB_classification:2147,corticosterone,C[C@]12C[C@H](O)[C@H]3[C@@H](CCC4=CC(=O)CC[C@@]43C)[C@@H]1CC[C@@H]2C(=O)CO,B3DB_classification:2147,corticosterone,C[C@]12C[C@H](O)[C@H]3[C@@H](CCC4=CC(=O)CC[C@@]43C)[C@@H]1CC[C@@H]2C(=O)CO,,,
tdc_no_conflict_salt_removed,train,1344,train:1344,C[C@]12CCC(=O)C=C1CC[C@@H]1[C@@H]2[C@@H](O)C[C@]2(C=O)[C@@H](C(=O)CO)CC[C@@H]12,0,True,,C[C@]12CCC(=O)C=C1CC[C@@H]1[C@@H]2[C@@H](O)C[C@]2(C=O)[C@@H](C(=O)CO)CC[C@@H]12,C[C@]12CCC(=O)C=C1CC[C@@H]1[C@@H]2[C@@H](O)C[C@]2(C=O)[C@@H](C(=O)CO)CC[C@@H]12,1,exact,0,0,B3DB_classification:2138,aldosterone,C[C@]12CCC(=O)C=C1CC[C@@H]1[C@@H]2[C@@H](O)C[C@]2(C=O)[C@@H](C(=O)CO)CC[C@@H]12,B3DB_classification:2138,aldosterone,C[C@]12CCC(=O)C=C1CC[C@@H]1[C@@H]2[C@@H](O)C[C@]2(C=O)[C@@H](C(=O)CO)CC[C@@H]12,,,
tdc_no_conflict_salt_removed,train,1345,train:1345,CC(=O)[C@@]1(O)[C@H](O)C[C@H]2[C@@H]3CCC4=CC(=O)CC[C@]4(C)[C@H]3CC[C@@]21C,1,True,,CC(=O)[C@@]1(O)[C@H](O)C[C@H]2[C@@H]3CCC4=CC(=O)CC[C@]4(C)[C@H]3CC[C@@]21C,CC(=O)[C@@]1(O)[C@H](O)C[C@H]2[C@@H]3CCC4=CC(=O)CC[C@]4(C)[C@H]3CC[C@@]21C,1,exact,1,1,B3DB_classification:1207,algestone,CC(=O)[C@@]1(O)[C@H](O)C[C@H]2[C@@H]3CCC4=CC(=O)CC[C@]4(C)[C@H]3CC[C@@]21C,B3DB_classification:1207,algestone,CC(=O)[C@@]1(O)[C@H](O)C[C@H]2[C@@H]3CCC4=CC(=O)CC[C@]4(C)[C@H]3CC[C@@]21C,,,
tdc_no_conflict_salt_removed,train,1346,train:1346,CC(=O)OCC(=O)[C@@]1(O)CC[C@H]2[C@@H]3CCC4=CC(=O)CC[C@]4(C)[C@H]3[C@@H](O)C[C@@]21C,1,True,,CC(=O)OCC(=O)[C@@]1(O)CC[C@H]2[C@@H]3CCC4=CC(=O)CC[C@]4(C)[C@H]3[C@@H](O)C[C@@]21C,CC(=O)OCC(=O)[C@@]1(O)CC[C@H]2[C@@H]3CCC4=CC(=O)CC[C@]4(C)[C@H]3[C@@H](O)C[C@@]21C,1,exact,1,1,B3DB_classification:1168,hydrocortisone-acetate,CC(=O)OCC(=O)[C@@]1(O)CC[C@H]2[C@@H]3CCC4=CC(=O)CC[C@]4(C)[C@H]3[C@@H](O)C[C@@]21C,B3DB_classification:1168,hydrocortisone-acetate,CC(=O)OCC(=O)[C@@]1(O)CC[C@H]2[C@@H]3CCC4=CC(=O)CC[C@]4(C)[C@H]3[C@@H](O)C[C@@]21C,,,
tdc_no_conflict_salt_removed,train,1347,train:1347,CCCC(=O)O[C@]1(C(=O)COC(=O)CC)CC[C@H]2[C@@H]3CCC4=CC(=O)CC[C@]4(C)[C@H]3[C@@H](O)C[C@@]21C,1,True,,CCCC(=O)O[C@]1(C(=O)COC(=O)CC)CC[C@H]2[C@@H]3CCC4=CC(=O)CC[C@]4(C)[C@H]3[C@@H](O)C[C@@]21C,CCCC(=O)O[C@]1(C(=O)COC(=O)CC)CC[C@H]2[C@@H]3CCC4=CC(=O)CC[C@]4(C)[C@H]3[C@@H](O)C[C@@]21C,1,exact,1,1,B3DB_classification:1492,hydrocortisone-buteprate,CCCC(=O)O[C@]1(C(=O)COC(=O)CC)CC[C@H]2[C@@H]3CCC4=CC(=O)CC[C@]4(C)[C@H]3[C@@H](O)C[C@@]21C,B3DB_classification:1492,hydrocortisone-buteprate,CCCC(=O)O[C@]1(C(=O)COC(=O)CC)CC[C@H]2[C@@H]3CCC4=CC(=O)CC[C@]4(C)[C@H]3[C@@H](O)C[C@@]21C,,,
tdc_no_conflict_salt_removed,train,1348,train:1348,CCCC(=O)O[C@]1(C(=O)CO)CC[C@H]2[C@@H]3CCC4=CC(=O)CC[C@]4(C)[C@H]3[C@@H](O)C[C@@]21C,1,True,,CCCC(=O)O[C@]1(C(=O)CO)CC[C@H]2[C@@H]3CCC4=CC(=O)CC[C@]4(C)[C@H]3[C@@H](O)C[C@@]21C,CCCC(=O)O[C@]1(C(=O)CO)CC[C@H]2[C@@H]3CCC4=CC(=O)CC[C@]4(C)[C@H]3[C@@H](O)C[C@@]21C,1,exact,1,1,B3DB_classification:1491,hydrocortisone-butyrate,CCCC(=O)O[C@]1(C(=O)CO)CC[C@H]2[C@@H]3CCC4=CC(=O)CC[C@]4(C)[C@H]3[C@@H](O)C[C@@]21C,B3DB_classification:1491,hydrocortisone-butyrate,CCCC(=O)O[C@]1(C(=O)CO)CC[C@H]2[C@@H]3CCC4=CC(=O)CC[C@]4(C)[C@H]3[C@@H](O)C[C@@]21C,,,
tdc_no_conflict_salt_removed,train,1349,train:1349,CC(=O)[C@H]1CC[C@H]2[C@@H]3C[C@H](C)C4=CC(=O)CC[C@]4(C)[C@H]3[C@@H](O)C[C@]12C,1,True,,CC(=O)[C@H]1CC[C@H]2[C@@H]3C[C@H](C)C4=CC(=O)CC[C@]4(C)[C@H]3[C@@H](O)C[C@]12C,CC(=O)[C@H]1CC[C@H]2[C@@H]3C[C@H](C)C4=CC(=O)CC[C@]4(C)[C@H]3[C@@H](O)C[C@]12C,1,exact,1,1,B3DB_classification:1212,medrysone,CC(=O)[C@H]1CC[C@H]2[C@@H]3C[C@H](C)C4=CC(=O)CC[C@]4(C)[C@H]3[C@@H](O)C[C@]12C,B3DB_classification:1212,medrysone,CC(=O)[C@H]1CC[C@H]2[C@@H]3C[C@H](C)C4=CC(=O)CC[C@]4(C)[C@H]3[C@@H](O)C[C@]12C,,,
tdc_no_conflict_salt_removed,train,1350,train:1350,C[C@]12CCC(=O)C=C1CC[C@@H]1[C@@H]2[C@@H](O)C[C@@]2(C)[C@H]1CC[C@]2(O)C(=O)CS,1,True,,C[C@]12CCC(=O)C=C1CC[C@@H]1[C@@H]2[C@@H](O)C[C@@]2(C)[C@H]1CC[C@]2(O)C(=O)CS,C[C@]12CCC(=O)C=C1CC[C@@H]1[C@@H]2[C@@H](O)C[C@@]2(C)[C@H]1CC[C@]2(O)C(=O)CS,1,exact,1,1,B3DB_classification:2149,tixocortol,C[C@]12C[C@H](O)[C@H]3[C@@H](CCC4=CC(=O)CC[C@@]43C)[C@@H]1CC[C@]2(O)C(=O)CS,B3DB_classification:2149,tixocortol,C[C@]12C[C@H](O)[C@H]3[C@@H](CCC4=CC(=O)CC[C@@]43C)[C@@H]1CC[C@]2(O)C(=O)CS,,,
tdc_no_conflict_salt_removed,train,1351,train:1351,CC(C)(C)C(=O)SCC(=O)[C@@]1(O)CC[C@H]2[C@@H]3CCC4=CC(=O)CC[C@]4(C)[C@H]3[C@@H](O)C[C@@]21C,1,True,,CC(C)(C)C(=O)SCC(=O)[C@@]1(O)CC[C@H]2[C@@H]3CCC4=CC(=O)CC[C@]4(C)[C@H]3[C@@H](O)C[C@@]21C,CC(C)(C)C(=O)SCC(=O)[C@@]1(O)CC[C@H]2[C@@H]3CCC4=CC(=O)CC[C@]4(C)[C@H]3[C@@H](O)C[C@@]21C,1,exact,1,1,B3DB_classification:1226,tixocortol-pivalate,CC(C)(C)C(=O)SCC(=O)[C@@]1(O)CC[C@H]2[C@@H]3CCC4=CC(=O)CC[C@]4(C)[C@H]3[C@@H](O)C[C@@]21C,B3DB_classification:1226,tixocortol-pivalate,CC(C)(C)C(=O)SCC(=O)[C@@]1(O)CC[C@H]2[C@@H]3CCC4=CC(=O)CC[C@]4(C)[C@H]3[C@@H](O)C[C@@]21C,,,
tdc_no_conflict_salt_removed,train,1352,train:1352,C[C@]12CC[C@H]3[C@@H](CCC4=CC(=O)CC[C@@H]43)[C@@H]1CC[C@@H]2O,0,True,,C[C@]12CC[C@H]3[C@@H](CCC4=CC(=O)CC[C@@H]43)[C@@H]1CC[C@@H]2O,C[C@]12CC[C@H]3[C@@H](CCC4=CC(=O)CC[C@@H]43)[C@@H]1CC[C@@H]2O,1,exact,0,0,B3DB_classification:2139,nandrolone,C[C@]12CC[C@@H]3[C@H]4CCC(=O)C=C4CC[C@H]3[C@@H]1CC[C@@H]2O,B3DB_classification:2139,nandrolone,C[C@]12CC[C@@H]3[C@H]4CCC(=O)C=C4CC[C@H]3[C@@H]1CC[C@@H]2O,,,
tdc_no_conflict_salt_removed,train,1353,train:1353,C#C[C@]1(O)CC[C@H]2[C@@H]3CCC4=CC(=O)CC[C@@H]4[C@H]3CC[C@@]21C,0,True,,C#C[C@]1(O)CC[C@H]2[C@@H]3CCC4=CC(=O)CC[C@@H]4[C@H]3CC[C@@]21C,C#C[C@]1(O)CC[C@H]2[C@@H]3CCC4=CC(=O)CC[C@@H]4[C@H]3CC[C@@]21C,1,exact,0,0,B3DB_classification:1070,norethindrone,C#C[C@]1(O)CC[C@H]2[C@@H]3CCC4=CC(=O)CC[C@@H]4[C@H]3CC[C@@]21C,B3DB_classification:1070,norethindrone,C#C[C@]1(O)CC[C@H]2[C@@H]3CCC4=CC(=O)CC[C@@H]4[C@H]3CC[C@@]21C,,,
tdc_no_conflict_salt_removed,train,1354,train:1354,C[C@]12CCC(=O)C=C1CC[C@H]1[C@@H]3CC[C@](O)(C(=O)CO)[C@@]3(C)C[C@H](O)[C@@]12F,1,True,,C[C@]12CCC(=O)C=C1CC[C@H]1[C@@H]3CC[C@](O)(C(=O)CO)[C@@]3(C)C[C@H](O)[C@@]12F,C[C@]12CCC(=O)C=C1CC[C@H]1[C@@H]3CC[C@](O)(C(=O)CO)[C@@]3(C)C[C@H](O)[C@@]12F,1,unmatched,,,,,,,,,,,
tdc_no_conflict_salt_removed,train,1355,train:1355,CC(=O)OCC(=O)[C@@]1(O)CC[C@H]2[C@@H]3CCC4=CC(=O)CC[C@]4(C)[C@@]3(F)[C@@H](O)C[C@@]21C,1,True,,CC(=O)OCC(=O)[C@@]1(O)CC[C@H]2[C@@H]3CCC4=CC(=O)CC[C@]4(C)[C@@]3(F)[C@@H](O)C[C@@]21C,CC(=O)OCC(=O)[C@@]1(O)CC[C@H]2[C@@H]3CCC4=CC(=O)CC[C@]4(C)[C@@]3(F)[C@@H](O)C[C@@]21C,1,exact,1,1,B3DB_classification:1166,fludrocortisone acetate,CC(=O)OCC(=O)[C@@]1(O)CC[C@H]2[C@@H]3CCC4=CC(=O)CC[C@]4(C)[C@@]3(F)[C@@H](O)C[C@@]21C,B3DB_classification:1166,fludrocortisone acetate,CC(=O)OCC(=O)[C@@]1(O)CC[C@H]2[C@@H]3CCC4=CC(=O)CC[C@]4(C)[C@@]3(F)[C@@H](O)C[C@@]21C,,,
tdc_no_conflict_salt_removed,train,1356,train:1356,CC12CCC(=O)C=C1CCC1C2CCC2(C)C1CCC2(O)C(=O)CO,1,True,,CC12CCC(=O)C=C1CCC1C2CCC2(C)C1CCC2(O)C(=O)CO,CC12CCC(=O)C=C1CCC1C2CCC2(C)C1CCC2(O)C(=O)CO,1,exact,1,1,B3DB_classification:1376,cortexolone(cortodoxonecortifen),CC12CCC(=O)C=C1CCC1C2CCC2(C)C1CCC2(O)C(=O)CO,B3DB_classification:1376,cortexolone(cortodoxonecortifen),CC12CCC(=O)C=C1CCC1C2CCC2(C)C1CCC2(O)C(=O)CO,,,
tdc_no_conflict_salt_removed,train,1357,train:1357,CCC(=O)C1(O)CCC2C3CCC4=CC(=O)CCC4(C)C3C(O)CC21C,1,True,,CCC(=O)C1(O)CCC2C3CCC4=CC(=O)CCC4(C)C3C(O)CC21C,CCC(=O)C1(O)CCC2C3CCC4=CC(=O)CCC4(C)C3C(O)CC21C,1,exact,1,1,B3DB_classification:1416,resocortol,CCC(=O)C1(O)CCC2C3CCC4=CC(=O)CCC4(C)C3C(O)CC21C,B3DB_classification:1416,resocortol,CCC(=O)C1(O)CCC2C3CCC4=CC(=O)CCC4(C)C3C(O)CC21C,,,
tdc_no_conflict_salt_removed,train,1358,train:1358,C[C@]12CCC(=O)C=C1CC[C@@H]1[C@@H]2CC[C@@]2(C)[C@H]1CC[C@]2(C)O,0,True,,C[C@]12CCC(=O)C=C1CC[C@@H]1[C@@H]2CC[C@@]2(C)[C@H]1CC[C@]2(C)O,C[C@]12CCC(=O)C=C1CC[C@@H]1[C@@H]2CC[C@@]2(C)[C@H]1CC[C@]2(C)O,1,exact,0,0,B3DB_classification:2136,methyltestosterone,C[C@]1(O)CC[C@H]2[C@@H]3CCC4=CC(=O)CC[C@]4(C)[C@H]3CC[C@@]21C,B3DB_classification:2136,methyltestosterone,C[C@]1(O)CC[C@H]2[C@@H]3CCC4=CC(=O)CC[C@]4(C)[C@H]3CC[C@@]21C,,,
tdc_no_conflict_salt_removed,train,1359,train:1359,CC(=O)[C@H]1CC[C@H]2[C@@H]3CCC4=CC(=O)CC[C@]4(C)[C@H]3CC[C@]12C,0,True,,CC(=O)[C@H]1CC[C@H]2[C@@H]3CCC4=CC(=O)CC[C@]4(C)[C@H]3CC[C@]12C,CC(=O)[C@H]1CC[C@H]2[C@@H]3CCC4=CC(=O)CC[C@]4(C)[C@H]3CC[C@]12C,1,exact,1,1,B3DB_classification:472,progesterone,CC(=O)[C@H]1CC[C@H]2[C@@H]3CCC4=CC(=O)CC[C@]4(C)[C@H]3CC[C@]12C,B3DB_classification:472,progesterone,CC(=O)[C@H]1CC[C@H]2[C@@H]3CCC4=CC(=O)CC[C@]4(C)[C@H]3CC[C@]12C,,,b3db_exact_label_mismatch|b3db_salt_removed_label_mismatch
tdc_no_conflict_salt_removed,train,1360,train:1360,CCN(CC)CC(=O)OCC(=O)[C@@]1(O)CC[C@H]2[C@@H]3CCC4=CC(=O)CC[C@]4(C)[C@H]3[C@@H](O)C[C@@]21C,1,True,,CCN(CC)CC(=O)OCC(=O)[C@@]1(O)CC[C@H]2[C@@H]3CCC4=CC(=O)CC[C@]4(C)[C@H]3[C@@H](O)C[C@@]21C,CCN(CC)CC(=O)OCC(=O)[C@@]1(O)CC[C@H]2[C@@H]3CCC4=CC(=O)CC[C@]4(C)[C@H]3[C@@H](O)C[C@@]21C,1,exact,1,1,B3DB_classification:1592,hydrocortamate,CCN(CC)CC(=O)OCC(=O)[C@@]1(O)CC[C@H]2[C@@H]3CCC4=CC(=O)CC[C@]4(C)[C@H]3[C@@H](O)C[C@@]21C,B3DB_classification:1592,hydrocortamate,CCN(CC)CC(=O)OCC(=O)[C@@]1(O)CC[C@H]2[C@@H]3CCC4=CC(=O)CC[C@]4(C)[C@H]3[C@@H](O)C[C@@]21C,,,
tdc_no_conflict_salt_removed,train,1361,train:1361,CCC(=O)O[C@]1(C(=O)COC(C)=O)CC[C@H]2[C@@H]3CCC4=CC(=O)CC[C@]4(C)[C@H]3[C@@H](O)C[C@@]21C,1,True,,CCC(=O)O[C@]1(C(=O)COC(C)=O)CC[C@H]2[C@@H]3CCC4=CC(=O)CC[C@]4(C)[C@H]3[C@@H](O)C[C@@]21C,CCC(=O)O[C@]1(C(=O)COC(C)=O)CC[C@H]2[C@@H]3CCC4=CC(=O)CC[C@]4(C)[C@H]3[C@@H](O)C[C@@]21C,1,exact,1,1,B3DB_classification:1435,hydrocortisone-aceponate,CCC(=O)O[C@]1(C(=O)COC(C)=O)CC[C@H]2[C@@H]3CCC4=CC(=O)CC[C@]4(C)[C@H]3[C@@H](O)C[C@@]21C,B3DB_classification:1435,hydrocortisone-aceponate,CCC(=O)O[C@]1(C(=O)COC(C)=O)CC[C@H]2[C@@H]3CCC4=CC(=O)CC[C@]4(C)[C@H]3[C@@H](O)C[C@@]21C,,,
tdc_no_conflict_salt_removed,train,1362,train:1362,C[C@]12CCC(=O)C=C1CC[C@@H]1[C@@H]2[C@@H](O)C[C@@]2(C)[C@H]1CC[C@]2(O)C(=O)COC(=O)CCC(=O)O,1,True,,C[C@]12CCC(=O)C=C1CC[C@@H]1[C@@H]2[C@@H](O)C[C@@]2(C)[C@H]1CC[C@]2(O)C(=O)COC(=O)CCC(=O)O,C[C@]12CCC(=O)C=C1CC[C@@H]1[C@@H]2[C@@H](O)C[C@@]2(C)[C@H]1CC[C@]2(O)C(=O)COC(=O)CCC(=O)O,1,exact,1,1,B3DB_classification:2148,hydrocortisone-hemisuccinate,C[C@]12C[C@H](O)[C@H]3[C@@H](CCC4=CC(=O)CC[C@@]43C)[C@@H]1CC[C@]2(O)C(=O)COC(=O)CCC(=O)O,B3DB_classification:2148,hydrocortisone-hemisuccinate,C[C@]12C[C@H](O)[C@H]3[C@@H](CCC4=CC(=O)CC[C@@]43C)[C@@H]1CC[C@]2(O)C(=O)COC(=O)CCC(=O)O,,,
tdc_no_conflict_salt_removed,train,1363,train:1363,CCCCC(=O)O[C@]1(C(=O)CO)CCC2C3CCC4=CC(=O)CCC4(C)C3C(O)CC21C,1,True,,CCCCC(=O)O[C@]1(C(=O)CO)CCC2C3CCC4=CC(=O)CCC4(C)C3C(O)CC21C,CCCCC(=O)O[C@]1(C(=O)CO)CCC2C3CCC4=CC(=O)CCC4(C)C3C(O)CC21C,1,exact,1,1,B3DB_classification:1511,hydrocortisone-hemisuccinate,CCCCC(=O)O[C@]1(C(=O)CO)CCC2C3CCC4=CC(=O)CCC4(C)C3C(O)CC21C,B3DB_classification:1511,hydrocortisone-hemisuccinate,CCCCC(=O)O[C@]1(C(=O)CO)CCC2C3CCC4=CC(=O)CCC4(C)C3C(O)CC21C,,,
tdc_no_conflict_salt_removed,train,1364,train:1364,Cc1cc(=O)n(-c2ccccc2)n1C,1,True,,Cc1cc(=O)n(-c2ccccc2)n1C,Cc1cc(=O)n(-c2ccccc2)n1C,1,exact,1,1,B3DB_classification:466,antipyrine ok,Cc1cc(=O)n(-c2ccccc2)n1C,B3DB_classification:466,antipyrine ok,Cc1cc(=O)n(-c2ccccc2)n1C,,,
tdc_no_conflict_salt_removed,train,1365,train:1365,Cc1c(N(C)C)c(=O)n(-c2ccccc2)n1C,1,True,,Cc1c(N(C)C)c(=O)n(-c2ccccc2)n1C,Cc1c(N(C)C)c(=O)n(-c2ccccc2)n1C,1,exact,1,1,B3DB_classification:555,aminophenazone,Cc1c(N(C)C)c(=O)n(-c2ccccc2)n1C,B3DB_classification:555,aminophenazone,Cc1c(N(C)C)c(=O)n(-c2ccccc2)n1C,,,
tdc_no_conflict_salt_removed,train,1366,train:1366,ON1CC(=NCC2CC2)N=c2ccc(Cl)cc2=C1c1ccccc1,1,True,,ON1CC(=NCC2CC2)N=c2ccc(Cl)cc2=C1c1ccccc1,ON1CC(=NCC2CC2)N=c2ccc(Cl)cc2=C1c1ccccc1,1,exact,1,1,B3DB_classification:2551,cyprazepam,ON1CC(=NCC2CC2)N=c2ccc(Cl)cc2=C1c1ccccc1,B3DB_classification:2551,cyprazepam,ON1CC(=NCC2CC2)N=c2ccc(Cl)cc2=C1c1ccccc1,,,
tdc_no_conflict_salt_removed,train,1367,train:1367,CN1Cc2c(N)cccc2C(c2ccccc2)C1,1,True,,CN1Cc2c(N)cccc2C(c2ccccc2)C1,CN1Cc2c(N)cccc2C(c2ccccc2)C1,1,exact,1,1,B3DB_classification:1886,nomifensine,CN1Cc2c(N)cccc2C(c2ccccc2)C1,B3DB_classification:1886,nomifensine,CN1Cc2c(N)cccc2C(c2ccccc2)C1,,,
tdc_no_conflict_salt_removed,train,1368,train:1368,COc1ccc2c(c1)CN(C)CC2c1ccc(Cl)c(Cl)c1,1,True,,COc1ccc2c(c1)CN(C)CC2c1ccc(Cl)c(Cl)c1,COc1ccc2c(c1)CN(C)CC2c1ccc(Cl)c(Cl)c1,1,exact,1,1,B3DB_classification:2059,diclofensine,COc1ccc2c(c1)CN(C)CC2c1ccc(Cl)c(Cl)c1,B3DB_classification:2059,diclofensine,COc1ccc2c(c1)CN(C)CC2c1ccc(Cl)c(Cl)c1,,,
tdc_no_conflict_salt_removed,valid,0,valid:0,O=C(c1ccccc1)c1ccc2n1CCC2C(=O)O,0,True,,O=C(c1ccccc1)c1ccc2n1CCC2C(=O)O,O=C(c1ccccc1)c1ccc2n1CCC2C(=O)O,1,unmatched,,,,,,,,,,,
tdc_no_conflict_salt_removed,valid,1,valid:1,COc1cc2c(cc1OC)S(=O)(=O)OC(C(=O)NC(C)CC(C)(C)N(C)C)C2,1,True,,COc1cc2c(cc1OC)S(=O)(=O)OC(C(=O)NC(C)CC(C)(C)N(C)C)C2,COc1cc2c(cc1OC)S(=O)(=O)OC(C(=O)NC(C)CC(C)(C)N(C)C)C2,1,exact,1,1,B3DB_classification:2037,tisocromide,COc1cc2c(cc1OC)S(=O)(=O)OC(C(=O)NC(C)CC(C)(C)N(C)C)C2,B3DB_classification:2037,tisocromide,COc1cc2c(cc1OC)S(=O)(=O)OC(C(=O)NC(C)CC(C)(C)N(C)C)C2,,,
tdc_no_conflict_salt_removed,valid,2,valid:2,CO[C@]12CC[C@@]3(C[C@@H]1C(C)(C)O)[C@H]1Cc4ccc(O)c5c4[C@@]3(CCN1CC1CC1)[C@H]2O5,1,True,,CO[C@]12CC[C@@]3(C[C@@H]1C(C)(C)O)[C@H]1Cc4ccc(O)c5c4[C@@]3(CCN1CC1CC1)[C@H]2O5,CO[C@]12CC[C@@]3(C[C@@H]1C(C)(C)O)[C@H]1Cc4ccc(O)c5c4[C@@]3(CCN1CC1CC1)[C@H]2O5,1,exact,1,1,B3DB_classification:2017,diprenorphine,CO[C@]12CC[C@@]3(C[C@@H]1C(C)(C)O)[C@H]1Cc4ccc(O)c5c4[C@@]3(CCN1CC1CC1)[C@H]2O5,B3DB_classification:2017,diprenorphine,CO[C@]12CC[C@@]3(C[C@@H]1C(C)(C)O)[C@H]1Cc4ccc(O)c5c4[C@@]3(CCN1CC1CC1)[C@H]2O5,,,
tdc_no_conflict_salt_removed,valid,3,valid:3,CO[C@]12CC[C@@]3(C[C@@H]1[C@](C)(O)C(C)(C)C)[C@H]1Cc4ccc(O)c5c4[C@@]3(CCN1CC1CC1)[C@H]2O5,1,True,,CO[C@]12CC[C@@]3(C[C@@H]1[C@](C)(O)C(C)(C)C)[C@H]1Cc4ccc(O)c5c4[C@@]3(CCN1CC1CC1)[C@H]2O5,CO[C@]12CC[C@@]3(C[C@@H]1[C@](C)(O)C(C)(C)C)[C@H]1Cc4ccc(O)c5c4[C@@]3(CCN1CC1CC1)[C@H]2O5,1,exact,1,1,B3DB_classification:2018,buprenorphine,CO[C@]12CC[C@@]3(C[C@@H]1[C@](C)(O)C(C)(C)C)[C@H]1Cc4ccc(O)c5c4[C@@]3(CCN1CC1CC1)[C@H]2O5,B3DB_classification:2018,buprenorphine,CO[C@]12CC[C@@]3(C[C@@H]1[C@](C)(O)C(C)(C)C)[C@H]1Cc4ccc(O)c5c4[C@@]3(CCN1CC1CC1)[C@H]2O5,,,
tdc_no_conflict_salt_removed,valid,4,valid:4,CCCC(C(=O)c1ccc(C)cc1)N1CCCC1,1,True,,CCCC(C(=O)c1ccc(C)cc1)N1CCCC1,CCCC(C(=O)c1ccc(C)cc1)N1CCCC1,1,exact,1,1,B3DB_classification:1497,pyrovalerone,CCCC(C(=O)c1ccc(C)cc1)N1CCCC1,B3DB_classification:1497,pyrovalerone,CCCC(C(=O)c1ccc(C)cc1)N1CCCC1,,,
tdc_no_conflict_salt_removed,valid,5,valid:5,CCCN1CC=C(c2c[nH]c3ccc(Cl)cc23)CC1,1,True,,CCCN1CC=C(c2c[nH]c3ccc(Cl)cc23)CC1,CCCN1CC=C(c2c[nH]c3ccc(Cl)cc23)CC1,1,exact,1,1,B3DB_classification:1562,tepirindole,CCCN1CC=C(c2c[nH]c3ccc(Cl)cc23)CC1,B3DB_classification:1562,tepirindole,CCCN1CC=C(c2c[nH]c3ccc(Cl)cc23)CC1,,,
tdc_no_conflict_salt_removed,valid,6,valid:6,C=C1CC[C@@]2(O)[C@H]3Cc4ccc(O)c5c4[C@@]2(CCN3CC2CC2)[C@H]1O5,1,True,,C=C1CC[C@@]2(O)[C@H]3Cc4ccc(O)c5c4[C@@]2(CCN3CC2CC2)[C@H]1O5,C=C1CC[C@@]2(O)[C@H]3Cc4ccc(O)c5c4[C@@]2(CCN3CC2CC2)[C@H]1O5,1,exact,1,1,B3DB_classification:1092,nalmefene,C=C1CC[C@@]2(O)[C@H]3Cc4ccc(O)c5c4[C@@]2(CCN3CC2CC2)[C@H]1O5,B3DB_classification:1092,nalmefene,C=C1CC[C@@]2(O)[C@H]3Cc4ccc(O)c5c4[C@@]2(CCN3CC2CC2)[C@H]1O5,,,
tdc_no_conflict_salt_removed,valid,7,valid:7,c1ccc2c(CCC3CCNCC3)c[nH]c2c1,1,True,,c1ccc2c(CCC3CCNCC3)c[nH]c2c1,c1ccc2c(CCC3CCNCC3)c[nH]c2c1,1,exact,1,1,B3DB_classification:2573,indalpine,c1ccc2c(CCC3CCNCC3)c[nH]c2c1,B3DB_classification:2573,indalpine,c1ccc2c(CCC3CCNCC3)c[nH]c2c1,,,
tdc_no_conflict_salt_removed,valid,8,valid:8,C[C@]12C=CC(=O)C=C1CC[C@@H]1[C@@H]2CC[C@]2(C)OC(=O)CC[C@@H]12,0,True,,C[C@]12C=CC(=O)C=C1CC[C@@H]1[C@@H]2CC[C@]2(C)OC(=O)CC[C@@H]12,C[C@]12C=CC(=O)C=C1CC[C@@H]1[C@@H]2CC[C@]2(C)OC(=O)CC[C@@H]12,1,exact,0,0,B3DB_classification:2141,testolactone,C[C@]12CC[C@H]3[C@@H](CCC4=CC(=O)C=C[C@@]43C)[C@@H]1CCC(=O)O2,B3DB_classification:2141,testolactone,C[C@]12CC[C@H]3[C@@H](CCC4=CC(=O)C=C[C@@]43C)[C@@H]1CCC(=O)O2,,,
tdc_no_conflict_salt_removed,valid,9,valid:9,OCCN1CCN(CC/C=C2/c3ccccc3COc3ccc(Cl)cc32)CC1,1,True,,OCCN1CCN(CC/C=C2/c3ccccc3COc3ccc(Cl)cc32)CC1,OCCN1CCN(CC/C=C2/c3ccccc3COc3ccc(Cl)cc32)CC1,1,exact,1,1,B3DB_classification:2536,pinoxepin,OCCN1CCN(CC/C=C2/c3ccccc3COc3ccc(Cl)cc32)CC1,B3DB_classification:2536,pinoxepin,OCCN1CCN(CC/C=C2/c3ccccc3COc3ccc(Cl)cc32)CC1,,,
tdc_no_conflict_salt_removed,valid,10,valid:10,CNC1(c2ccccc2Cl)CCCCC1=O,1,True,,CNC1(c2ccccc2Cl)CCCCC1=O,CNC1(c2ccccc2Cl)CCCCC1=O,1,exact,1,1,B3DB_classification:1905,ketamine,CNC1(c2ccccc2Cl)CCCCC1=O,B3DB_classification:1905,ketamine,CNC1(c2ccccc2Cl)CCCCC1=O,,,
tdc_no_conflict_salt_removed,valid,11,valid:11,CC(=O)O[C@@]12CO[C@@H]1C[C@H](O)[C@@]1(C)C(=O)[C@H](O)C3=C(C)[C@@H](OC(=O)[C@H](O)[C@@H](NC(=O)OC(C)(C)C)c4ccccc4)C[C@@](O)([C@@H](OC(=O)c4ccccc4)[C@H]21)C3(C)C,0,True,,CC(=O)O[C@@]12CO[C@@H]1C[C@H](O)[C@@]1(C)C(=O)[C@H](O)C3=C(C)[C@@H](OC(=O)[C@H](O)[C@@H](NC(=O)OC(C)(C)C)c4ccccc4)C[C@@](O)([C@@H](OC(=O)c4ccccc4)[C@H]21)C3(C)C,CC(=O)O[C@@]12CO[C@@H]1C[C@H](O)[C@@]1(C)C(=O)[C@H](O)C3=C(C)[C@@H](OC(=O)[C@H](O)[C@@H](NC(=O)OC(C)(C)C)c4ccccc4)C[C@@](O)([C@@H](OC(=O)c4ccccc4)[C@H]21)C3(C)C,1,exact,0,0,B3DB_classification:1198,docetaxel,CC(=O)O[C@@]12CO[C@@H]1C[C@H](O)[C@@]1(C)C(=O)[C@H](O)C3=C(C)[C@@H](OC(=O)[C@H](O)[C@@H](NC(=O)OC(C)(C)C)c4ccccc4)C[C@@](O)([C@@H](OC(=O)c4ccccc4)[C@@H]12)C3(C)C,B3DB_classification:1198,docetaxel,CC(=O)O[C@@]12CO[C@@H]1C[C@H](O)[C@@]1(C)C(=O)[C@H](O)C3=C(C)[C@@H](OC(=O)[C@H](O)[C@@H](NC(=O)OC(C)(C)C)c4ccccc4)C[C@@](O)([C@@H](OC(=O)c4ccccc4)[C@@H]12)C3(C)C,,,
tdc_no_conflict_salt_removed,valid,12,valid:12,CCCSc1ccc2nc(NC(=O)OC)[nH]c2c1,1,True,,CCCSc1ccc2nc(NC(=O)OC)[nH]c2c1,CCCSc1ccc2nc(NC(=O)OC)[nH]c2c1,1,unmatched,,,,,,,,,,,
tdc_no_conflict_salt_removed,valid,13,valid:13,CCCSc1ccc2[nH]c(NC(=O)OC)nc2c1,1,True,,CCCSc1ccc2[nH]c(NC(=O)OC)nc2c1,CCCSc1ccc2[nH]c(NC(=O)OC)nc2c1,1,unmatched,,,,,,,,,,,
tdc_no_conflict_salt_removed,valid,14,valid:14,CCC1(c2ccccc2)C(=O)N(COC)C(=O)N(COC)C1=O,1,True,,CCC1(c2ccccc2)C(=O)N(COC)C(=O)N(COC)C1=O,CCC1(c2ccccc2)C(=O)N(COC)C(=O)N(COC)C1=O,1,exact,1,1,B3DB_classification:1477,eterobarb,CCC1(c2ccccc2)C(=O)N(COC)C(=O)N(COC)C1=O,B3DB_classification:1477,eterobarb,CCC1(c2ccccc2)C(=O)N(COC)C(=O)N(COC)C1=O,,,
tdc_no_conflict_salt_removed,valid,15,valid:15,CCC1(c2ccccc2)C(=O)NC(=O)NC1=O,1,True,,CCC1(c2ccccc2)C(=O)NC(=O)NC1=O,CCC1(c2ccccc2)C(=O)NC(=O)NC1=O,1,exact,1,1,B3DB_classification:457,phenobarbital,CCC1(c2ccccc2)C(=O)NC(=O)NC1=O,B3DB_classification:457,phenobarbital,CCC1(c2ccccc2)C(=O)NC(=O)NC1=O,,,
tdc_no_conflict_salt_removed,valid,16,valid:16,CCCCOCC(CN1C(=O)NC(=O)C(CC)(c2ccccc2)C1=O)OC(N)=O,1,True,,CCCCOCC(CN1C(=O)NC(=O)C(CC)(c2ccccc2)C1=O)OC(N)=O,CCCCOCC(CN1C(=O)NC(=O)C(CC)(c2ccccc2)C1=O)OC(N)=O,1,exact,1,1,B3DB_classification:1551,febarbamate,CCCCOCC(CN1C(=O)NC(=O)C(CC)(c2ccccc2)C1=O)OC(N)=O,B3DB_classification:1551,febarbamate,CCCCOCC(CN1C(=O)NC(=O)C(CC)(c2ccccc2)C1=O)OC(N)=O,,,
tdc_no_conflict_salt_removed,valid,17,valid:17,CCC1(c2ccccc2)C(=O)NC(=O)N(C)C1=O,1,True,,CCC1(c2ccccc2)C(=O)NC(=O)N(C)C1=O,CCC1(c2ccccc2)C(=O)NC(=O)N(C)C1=O,1,exact,1,1,B3DB_classification:1479,mephobarbital(methylphenobarbital),CCC1(c2ccccc2)C(=O)NC(=O)N(C)C1=O,B3DB_classification:1479,mephobarbital(methylphenobarbital),CCC1(c2ccccc2)C(=O)NC(=O)N(C)C1=O,,,
tdc_no_conflict_salt_removed,valid,18,valid:18,CCCCOCC(CN1C(=O)N(CC(COCCCC)OC(N)=O)C(=O)C(CC)(c2ccccc2)C1=O)OC(N)=O,1,True,,CCCCOCC(CN1C(=O)N(CC(COCCCC)OC(N)=O)C(=O)C(CC)(c2ccccc2)C1=O)OC(N)=O,CCCCOCC(CN1C(=O)N(CC(COCCCC)OC(N)=O)C(=O)C(CC)(c2ccccc2)C1=O)OC(N)=O,1,exact,1,1,B3DB_classification:1550,difebarbamate,CCCCOCC(CN1C(=O)N(CC(COCCCC)OC(N)=O)C(=O)C(CC)(c2ccccc2)C1=O)OC(N)=O,B3DB_classification:1550,difebarbamate,CCCCOCC(CN1C(=O)N(CC(COCCCC)OC(N)=O)C(=O)C(CC)(c2ccccc2)C1=O)OC(N)=O,,,
tdc_no_conflict_salt_removed,valid,19,valid:19,C/C(=C(/CCO)SSCC1CCCO1)N(C=O)Cc1cnc(C)nc1N,1,True,,C/C(=C(/CCO)SSCC1CCCO1)N(C=O)Cc1cnc(C)nc1N,C/C(=C(/CCO)SSCC1CCCO1)N(C=O)Cc1cnc(C)nc1N,1,exact,1,1,B3DB_classification:1073,fursultiamine,C/C(=C(/CCO)SSCC1CCCO1)N(C=O)Cc1cnc(C)nc1N,B3DB_classification:1073,fursultiamine,C/C(=C(/CCO)SSCC1CCCO1)N(C=O)Cc1cnc(C)nc1N,,,
tdc_no_conflict_salt_removed,valid,20,valid:20,CC12CCC(=O)C=C1CCC1C2C(O)CC2(C)C1CCC2(O)C(=O)COC(=O)CCC1CCCC1,1,True,,CC12CCC(=O)C=C1CCC1C2C(O)CC2(C)C1CCC2(O)C(=O)COC(=O)CCC1CCCC1,CC12CCC(=O)C=C1CCC1C2C(O)CC2(C)C1CCC2(O)C(=O)COC(=O)CCC1CCCC1,1,unmatched,,,,,,,,,,,
tdc_no_conflict_salt_removed,valid,21,valid:21,CCN(CC)C(=O)N[C@H]1C=C2c3cccc4[nH]cc(c34)C[C@H]2N(C)C1,1,True,,CCN(CC)C(=O)N[C@H]1C=C2c3cccc4[nH]cc(c34)C[C@H]2N(C)C1,CCN(CC)C(=O)N[C@H]1C=C2c3cccc4[nH]cc(c34)C[C@H]2N(C)C1,1,exact,1,1,B3DB_classification:1583,lisuride,CCN(CC)C(=O)N[C@H]1C=C2c3cccc4[nH]cc(c34)C[C@H]2N(C)C1,B3DB_classification:1583,lisuride,CCN(CC)C(=O)N[C@H]1C=C2c3cccc4[nH]cc(c34)C[C@H]2N(C)C1,,,
tdc_no_conflict_salt_removed,valid,22,valid:22,CCCN(CCC)CCc1cccc2c1CC(=O)N2,1,True,,CCCN(CCC)CCc1cccc2c1CC(=O)N2,CCCN(CCC)CCc1cccc2c1CC(=O)N2,1,exact,1,1,B3DB_classification:660,ropinirole (skf101468),CCCN(CCC)CCc1cccc2c1CC(=O)N2,B3DB_classification:660,ropinirole (skf101468),CCCN(CCC)CCc1cccc2c1CC(=O)N2,,,
tdc_no_conflict_salt_removed,valid,23,valid:23,CCCN(CCC)CCc1ccc(O)c2c1CC(=O)N2,1,True,,CCCN(CCC)CCc1ccc(O)c2c1CC(=O)N2,CCCN(CCC)CCc1ccc(O)c2c1CC(=O)N2,1,exact,1,1,B3DB_classification:300,skf 89124,CCCN(CCC)CCc1ccc(O)c2c1CC(=O)N2,B3DB_classification:300,skf 89124,CCCN(CCC)CCc1ccc(O)c2c1CC(=O)N2,,,
tdc_no_conflict_salt_removed,valid,24,valid:24,CC1=C/C(O)CC(=O)Cc2nc(co2)C(=O)N2CCC=C2C(=O)OC(C(C)C)C(C)/C=C\C(=O)NC/C=C\1,0,True,,CC1=C/C(O)CC(=O)Cc2nc(co2)C(=O)N2CCC=C2C(=O)OC(C(C)C)C(C)/C=C\C(=O)NC/C=C\1,CC1=C/C(O)CC(=O)Cc2nc(co2)C(=O)N2CCC=C2C(=O)OC(C(C)C)C(C)/C=C\C(=O)NC/C=C\1,1,exact,0,0,B3DB_classification:1386,virginiamycin-factor-m1,CC1=C/C(O)CC(=O)Cc2nc(co2)C(=O)N2CCC=C2C(=O)OC(C(C)C)C(C)/C=C\C(=O)NC/C=C\1,B3DB_classification:1386,virginiamycin-factor-m1,CC1=C/C(O)CC(=O)Cc2nc(co2)C(=O)N2CCC=C2C(=O)OC(C(C)C)C(C)/C=C\C(=O)NC/C=C\1,,,
tdc_no_conflict_salt_removed,valid,25,valid:25,Clc1ccc(OCC2=NCCN2)cc1Cl,1,True,,Clc1ccc(OCC2=NCCN2)cc1Cl,Clc1ccc(OCC2=NCCN2)cc1Cl,1,exact,1,1,B3DB_classification:2240,fenmetozole,Clc1ccc(OCC2=NCCN2)cc1Cl,B3DB_classification:2240,fenmetozole,Clc1ccc(OCC2=NCCN2)cc1Cl,,,
tdc_no_conflict_salt_removed,valid,26,valid:26,Cc1ccc(C(C)C)c(OCC2=NCCN2)c1,0,True,,Cc1ccc(C(C)C)c(OCC2=NCCN2)c1,Cc1ccc(C(C)C)c(OCC2=NCCN2)c1,1,exact,0,0,B3DB_classification:2183,tymazoline,Cc1ccc(C(C)C)c(OCC2=NCCN2)c1,B3DB_classification:2183,tymazoline,Cc1ccc(C(C)C)c(OCC2=NCCN2)c1,,,
tdc_no_conflict_salt_removed,valid,27,valid:27,CC(C)c1ccccc1OCC1=NCCN1,0,True,,CC(C)c1ccccc1OCC1=NCCN1,CC(C)c1ccccc1OCC1=NCCN1,1,exact,0,0,B3DB_classification:1279,fenoxazoline,CC(C)c1ccccc1OCC1=NCCN1,B3DB_classification:1279,fenoxazoline,CC(C)c1ccccc1OCC1=NCCN1,,,
tdc_no_conflict_salt_removed,valid,28,valid:28,N#CC(CCN1CCC(C(N)=O)(N2CCCCC2)CC1)(c1ccccc1)c1ccccc1,1,True,,N#CC(CCN1CCC(C(N)=O)(N2CCCCC2)CC1)(c1ccccc1)c1ccccc1,N#CC(CCN1CCC(C(N)=O)(N2CCCCC2)CC1)(c1ccccc1)c1ccccc1,1,exact,1,1,B3DB_classification:2272,piritramide,N#CC(CCN1CCC(C(N)=O)(N2CCCCC2)CC1)(c1ccccc1)c1ccccc1,B3DB_classification:2272,piritramide,N#CC(CCN1CCC(C(N)=O)(N2CCCCC2)CC1)(c1ccccc1)c1ccccc1,,,
tdc_no_conflict_salt_removed,valid,29,valid:29,CN1CC=C(c2ccccc2)CC1,1,True,,CN1CC=C(c2ccccc2)CC1,CN1CC=C(c2ccccc2)CC1,1,exact,1,1,B3DB_classification:1824,mptp,CN1CC=C(c2ccccc2)CC1,B3DB_classification:1824,mptp,CN1CC=C(c2ccccc2)CC1,,,
tdc_no_conflict_salt_removed,valid,30,valid:30,CO[C@@]1(NC(=O)C(C(=O)O)c2ccc(O)cc2)C(=O)N2C(C(=O)O)=C(CSc3nnnn3C)CO[C@@H]21,0,True,,CO[C@@]1(NC(=O)C(C(=O)O)c2ccc(O)cc2)C(=O)N2C(C(=O)O)=C(CSc3nnnn3C)CO[C@@H]21,CO[C@@]1(NC(=O)C(C(=O)O)c2ccc(O)cc2)C(=O)N2C(C(=O)O)=C(CSc3nnnn3C)CO[C@@H]21,1,exact,0,0,B3DB_classification:2003,moxalactam,CO[C@@]1(NC(=O)C(C(=O)O)c2ccc(O)cc2)C(=O)N2C(C(=O)O)=C(CSc3nnnn3C)CO[C@@H]21,B3DB_classification:2003,moxalactam,CO[C@@]1(NC(=O)C(C(=O)O)c2ccc(O)cc2)C(=O)N2C(C(=O)O)=C(CSc3nnnn3C)CO[C@@H]21,,,
tdc_no_conflict_salt_removed,valid,31,valid:31,COc1cc(C(C)=O)ccc1OCCCN1CCC(c2noc3cc(F)ccc23)CC1,1,True,,COc1cc(C(C)=O)ccc1OCCCN1CCC(c2noc3cc(F)ccc23)CC1,COc1cc(C(C)=O)ccc1OCCCN1CCC(c2noc3cc(F)ccc23)CC1,1,exact,1,1,B3DB_classification:2026,iloperidone,COc1cc(C(C)=O)ccc1OCCCN1CCC(c2noc3cc(F)ccc23)CC1,B3DB_classification:2026,iloperidone,COc1cc(C(C)=O)ccc1OCCCN1CCC(c2noc3cc(F)ccc23)CC1,,,
tdc_no_conflict_salt_removed,valid,32,valid:32,CN1CCOC(c2ccccc2)c2ccccc2C1,1,True,,CN1CCOC(c2ccccc2)c2ccccc2C1,CN1CCOC(c2ccccc2)c2ccccc2C1,1,exact,1,1,B3DB_classification:1867,nefopam,CN1CCOC(c2ccccc2)c2ccccc2C1,B3DB_classification:1867,nefopam,CN1CCOC(c2ccccc2)c2ccccc2C1,,,
tdc_no_conflict_salt_removed,valid,33,valid:33,CN1C[C@@H](CC#N)CC2c3cccc4[nH]cc(c34)C[C@H]21,1,True,,CN1C[C@@H](CC#N)CC2c3cccc4[nH]cc(c34)C[C@H]21,CN1C[C@@H](CC#N)CC2c3cccc4[nH]cc(c34)C[C@H]21,1,exact,1,1,B3DB_classification:1880,delergotrile,CN1C[C@@H](CC#N)CC2c3cccc4[nH]cc(c34)C[C@H]21,B3DB_classification:1880,delergotrile,CN1C[C@@H](CC#N)CC2c3cccc4[nH]cc(c34)C[C@H]21,,,
tdc_no_conflict_salt_removed,valid,34,valid:34,CCN(CC)C(=O)N[C@H]1C[C@@H]2c3cccc4[nH]cc(c34)C[C@H]2N(C)C1,1,True,,CCN(CC)C(=O)N[C@H]1C[C@@H]2c3cccc4[nH]cc(c34)C[C@H]2N(C)C1,CCN(CC)C(=O)N[C@H]1C[C@@H]2c3cccc4[nH]cc(c34)C[C@H]2N(C)C1,1,exact,1,1,B3DB_classification:1584,terguride,CCN(CC)C(=O)N[C@H]1C[C@@H]2c3cccc4[nH]cc(c34)C[C@H]2N(C)C1,B3DB_classification:1584,terguride,CCN(CC)C(=O)N[C@H]1C[C@@H]2c3cccc4[nH]cc(c34)C[C@H]2N(C)C1,,,
tdc_no_conflict_salt_removed,valid,35,valid:35,CCCN1C[C@H](CSC)C[C@@H]2c3cccc4[nH]cc(c34)C[C@H]21,1,True,,CCCN1C[C@H](CSC)C[C@@H]2c3cccc4[nH]cc(c34)C[C@H]21,CCCN1C[C@H](CSC)C[C@@H]2c3cccc4[nH]cc(c34)C[C@H]21,1,exact,1,1,B3DB_classification:716,pergolide,CCCN1C[C@H](CSC)C[C@@H]2c3cccc4[nH]cc(c34)C[C@H]21,B3DB_classification:716,pergolide,CCCN1C[C@H](CSC)C[C@@H]2c3cccc4[nH]cc(c34)C[C@H]21,,,
tdc_no_conflict_salt_removed,valid,36,valid:36,CCN(CC)S(=O)(=O)N[C@H]1C[C@@H]2c3cccc4[nH]cc(c34)C[C@H]2N(C)C1,1,True,,CCN(CC)S(=O)(=O)N[C@H]1C[C@@H]2c3cccc4[nH]cc(c34)C[C@H]2N(C)C1,CCN(CC)S(=O)(=O)N[C@H]1C[C@@H]2c3cccc4[nH]cc(c34)C[C@H]2N(C)C1,1,exact,1,1,B3DB_classification:1605,etisulergine,CCN(CC)S(=O)(=O)N[C@H]1C[C@@H]2c3cccc4[nH]cc(c34)C[C@H]2N(C)C1,B3DB_classification:1605,etisulergine,CCN(CC)S(=O)(=O)N[C@H]1C[C@@H]2c3cccc4[nH]cc(c34)C[C@H]2N(C)C1,,,
tdc_no_conflict_salt_removed,valid,37,valid:37,C=CCN1C[C@H](C(=O)N(CCCN(C)C)C(=O)NCC)C[C@@H]2c3cccc4[nH]cc(c34)C[C@H]21,1,True,,C=CCN1C[C@H](C(=O)N(CCCN(C)C)C(=O)NCC)C[C@@H]2c3cccc4[nH]cc(c34)C[C@H]21,C=CCN1C[C@H](C(=O)N(CCCN(C)C)C(=O)NCC)C[C@@H]2c3cccc4[nH]cc(c34)C[C@H]21,1,exact,1,1,B3DB_classification:1123,cabergoline,C=CCN1C[C@H](C(=O)N(CCCN(C)C)C(=O)NCC)C[C@@H]2c3cccc4[nH]cc(c34)C[C@H]21,B3DB_classification:1123,cabergoline,C=CCN1C[C@H](C(=O)N(CCCN(C)C)C(=O)NCC)C[C@@H]2c3cccc4[nH]cc(c34)C[C@H]21,,,
tdc_no_conflict_salt_removed,valid,38,valid:38,CN1C[C@@H](NS(=O)(=O)N(C)C)C[C@@H]2c3cccc4c3c(cn4C)C[C@H]21,1,True,,CN1C[C@@H](NS(=O)(=O)N(C)C)C[C@@H]2c3cccc4c3c(cn4C)C[C@H]21,CN1C[C@@H](NS(=O)(=O)N(C)C)C[C@@H]2c3cccc4c3c(cn4C)C[C@H]21,1,exact,1,1,B3DB_classification:1881,mesulergine,CN1C[C@@H](NS(=O)(=O)N(C)C)C[C@@H]2c3cccc4c3c(cn4C)C[C@H]21,B3DB_classification:1881,mesulergine,CN1C[C@@H](NS(=O)(=O)N(C)C)C[C@@H]2c3cccc4c3c(cn4C)C[C@H]21,,,
tdc_no_conflict_salt_removed,valid,39,valid:39,O=c1nc[nH]c2c1ncn2[C@H]1CC[C@@H](CO)O1,0,True,,O=c1nc[nH]c2c1ncn2[C@H]1CC[C@@H](CO)O1,O=c1nc[nH]c2c1ncn2[C@H]1CC[C@@H](CO)O1,1,unmatched,,,,,,,,,,,
tdc_no_conflict_salt_removed,valid,40,valid:40,CCC(C)[C@H]1O[C@]2(CC[C@@H]1C)CC1C[C@@H](C/C=C(\C)[C@@H](O[C@H]3C[C@H](OC)[C@@H](OC4C[C@H](OC)[C@@H](O)[C@H](C)O4)[C@H](C)O3)[C@@H](C)/C=C/C=C3\CO[C@@H]4[C@H](O)C(C)=C[C@@H](C(=O)O1)[C@]34O)O2,0,True,,CCC(C)[C@H]1O[C@]2(CC[C@@H]1C)CC1C[C@@H](C/C=C(\C)[C@@H](O[C@H]3C[C@H](OC)[C@@H](OC4C[C@H](OC)[C@@H](O)[C@H](C)O4)[C@H](C)O3)[C@@H](C)/C=C/C=C3\CO[C@@H]4[C@H](O)C(C)=C[C@@H](C(=O)O1)[C@]34O)O2,CCC(C)[C@H]1O[C@]2(CC[C@@H]1C)CC1C[C@@H](C/C=C(\C)[C@@H](O[C@H]3C[C@H](OC)[C@@H](OC4C[C@H](OC)[C@@H](O)[C@H](C)O4)[C@H](C)O3)[C@@H](C)/C=C/C=C3\CO[C@@H]4[C@H](O)C(C)=C[C@@H](C(=O)O1)[C@]34O)O2,1,salt_removed,,0,,,,B3DB_classification:1459,eqvalan,CCC(C)[C@H]1O[C@]2(CC[C@@H]1C)CC1C[C@@H](C/C=C(\C)[C@@H](O[C@H]3C[C@H](OC)[C@@H](OC4C[C@H](OC)[C@@H](O)[C@H](C)O4)[C@H](C)O3)[C@@H](C)/C=C/C=C3\CO[C@@H]4[C@H](O)C(C)=C[C@@H](C(=O)O1)[C@]34O)O2.CO[C@H]1CC(O[C@H]2[C@H](C)O[C@@H](O[C@@H]3/C(C)=C/C[C@@H]4CC(C[C@]5(CC[C@H](C)[C@@H](C(C)C)O5)O4)OC(=O)[C@@H]4C=C(C)[C@@H](O)[C@H]5OC/C(=C\C=C\[C@@H]3C)[C@@]45O)C[C@@H]2OC)O[C@@H](C)[C@@H]1O,,,
tdc_no_conflict_salt_removed,valid,41,valid:41,O=c1[nH]c2ccccc2n1C1CCN(CCCc2noc3cc(F)ccc23)CC1,1,True,,O=c1[nH]c2ccccc2n1C1CCN(CCCc2noc3cc(F)ccc23)CC1,O=c1[nH]c2ccccc2n1C1CCN(CCCc2noc3cc(F)ccc23)CC1,1,exact,1,1,B3DB_classification:2505,neflumozide,O=c1[nH]c2ccccc2n1C1CCN(CCCc2noc3cc(F)ccc23)CC1,B3DB_classification:2505,neflumozide,O=c1[nH]c2ccccc2n1C1CCN(CCCc2noc3cc(F)ccc23)CC1,,,
tdc_no_conflict_salt_removed,valid,42,valid:42,COC1C=COC2(C)Oc3c(C)c(O)c4c(c3C2=O)C(=O)C(=CNN2CCN(C)CC2)C(=C4O)NC(=O)C(C)=CC=CC(C)C(O)C(C)C(O)C(C)C(OC(C)=O)C1C,0,True,,COC1C=COC2(C)Oc3c(C)c(O)c4c(c3C2=O)C(=O)C(=CNN2CCN(C)CC2)C(=C4O)NC(=O)C(C)=CC=CC(C)C(O)C(C)C(O)C(C)C(OC(C)=O)C1C,COC1C=COC2(C)Oc3c(C)c(O)c4c(c3C2=O)C(=O)C(=CNN2CCN(C)CC2)C(=C4O)NC(=O)C(C)=CC=CC(C)C(O)C(C)C(O)C(C)C(OC(C)=O)C1C,1,unmatched,,,,,,,,,,,
tdc_no_conflict_salt_removed,valid,43,valid:43,CC(=O)Nc1ccc(OC(=O)c2ccccc2O)cc1,1,True,,CC(=O)Nc1ccc(OC(=O)c2ccccc2O)cc1,CC(=O)Nc1ccc(OC(=O)c2ccccc2O)cc1,1,exact,1,1,B3DB_classification:1154,acetaminosalol,CC(=O)Nc1ccc(OC(=O)c2ccccc2O)cc1,B3DB_classification:1154,acetaminosalol,CC(=O)Nc1ccc(OC(=O)c2ccccc2O)cc1,,,
tdc_no_conflict_salt_removed,valid,44,valid:44,CC(=O)Nc1ccc(OC(=O)c2ccccc2OC(C)=O)cc1,1,True,,CC(=O)Nc1ccc(OC(=O)c2ccccc2OC(C)=O)cc1,CC(=O)Nc1ccc(OC(=O)c2ccccc2OC(C)=O)cc1,1,exact,1,1,B3DB_classification_external:63,Benorilate,CC(=O)Nc1ccc(OC(=O)c2ccccc2OC(C)=O)cc1,B3DB_classification_external:63,Benorilate,CC(=O)Nc1ccc(OC(=O)c2ccccc2OC(C)=O)cc1,,,
tdc_no_conflict_salt_removed,valid,45,valid:45,O=C(Oc1ccccc1C(=O)O)c1ccccc1O,1,True,,O=C(Oc1ccccc1C(=O)O)c1ccccc1O,O=C(Oc1ccccc1C(=O)O)c1ccccc1O,1,exact,1,1,B3DB_classification_external:32,Salsalate,O=C(Oc1ccccc1C(=O)O)c1ccccc1O,B3DB_classification_external:32,Salsalate,O=C(Oc1ccccc1C(=O)O)c1ccccc1O,,,
tdc_no_conflict_salt_removed,valid,46,valid:46,CN1CCN(c2ccccc2Cc2ccccc2)CC1,1,True,,CN1CCN(c2ccccc2Cc2ccccc2)CC1,CN1CCN(c2ccccc2Cc2ccccc2)CC1,1,exact,1,1,B3DB_classification:1862,sifaprazine,CN1CCN(c2ccccc2Cc2ccccc2)CC1,B3DB_classification:1862,sifaprazine,CN1CCN(c2ccccc2Cc2ccccc2)CC1,,,
tdc_no_conflict_salt_removed,valid,47,valid:47,Cc1ccc(Cc2ccccc2)c(N2CCNCC2)c1,1,True,,Cc1ccc(Cc2ccccc2)c(N2CCNCC2)c1,Cc1ccc(Cc2ccccc2)c(N2CCNCC2)c1,1,exact,1,1,B3DB_classification:2186,delfaprazine,Cc1ccc(Cc2ccccc2)c(N2CCNCC2)c1,B3DB_classification:2186,delfaprazine,Cc1ccc(Cc2ccccc2)c(N2CCNCC2)c1,,,
tdc_no_conflict_salt_removed,valid,48,valid:48,CC(=O)[C@H]1CC[C@H]2[C@@H]3C[C@@H](O)C45CC4CC[C@]5(C)[C@H]3CC[C@]12C,1,True,,CC(=O)[C@H]1CC[C@H]2[C@@H]3C[C@@H](O)C45CC4CC[C@]5(C)[C@H]3CC[C@]12C,CC(=O)[C@H]1CC[C@H]2[C@@H]3C[C@@H](O)C45CC4CC[C@]5(C)[C@H]3CC[C@]12C,1,exact,1,1,B3DB_classification:1211,schembl1554894,CC(=O)[C@H]1CC[C@H]2[C@@H]3C[C@@H](O)C45CC4CC[C@]5(C)[C@H]3CC[C@]12C,B3DB_classification:1211,schembl1554894,CC(=O)[C@H]1CC[C@H]2[C@@H]3C[C@@H](O)C45CC4CC[C@]5(C)[C@H]3CC[C@]12C,,,
tdc_no_conflict_salt_removed,valid,49,valid:49,COC(=O)[C@H]1[C@H]2C[C@@H]3c4[nH]c5cc(OC)ccc5c4CCN3C[C@H]2C[C@@H](OC(=O)/C=C/c2cc(OC)c(OC)c(OC)c2)[C@@H]1OC,1,True,,COC(=O)[C@H]1[C@H]2C[C@@H]3c4[nH]c5cc(OC)ccc5c4CCN3C[C@H]2C[C@@H](OC(=O)/C=C/c2cc(OC)c(OC)c(OC)c2)[C@@H]1OC,COC(=O)[C@H]1[C@H]2C[C@@H]3c4[nH]c5cc(OC)ccc5c4CCN3C[C@H]2C[C@@H](OC(=O)/C=C/c2cc(OC)c(OC)c(OC)c2)[C@@H]1OC,1,exact,1,1,B3DB_classification:1966,rescinnamine,COC(=O)[C@H]1[C@H]2C[C@@H]3c4[nH]c5cc(OC)ccc5c4CCN3C[C@H]2C[C@@H](OC(=O)/C=C/c2cc(OC)c(OC)c(OC)c2)[C@@H]1OC,B3DB_classification:1966,rescinnamine,COC(=O)[C@H]1[C@H]2C[C@@H]3c4[nH]c5cc(OC)ccc5c4CCN3C[C@H]2C[C@@H](OC(=O)/C=C/c2cc(OC)c(OC)c(OC)c2)[C@@H]1OC,,,
tdc_no_conflict_salt_removed,valid,50,valid:50,CN(C)CCC1(C)OCCC2=C1c1ccccc1C2,1,True,,CN(C)CCC1(C)OCCC2=C1c1ccccc1C2,CN(C)CCC1(C)OCCC2=C1c1ccccc1C2,1,exact,1,1,B3DB_classification:1742,57932-12-4,CN(C)CCC1(C)OCCC2=C1c1ccccc1C2,B3DB_classification:1742,57932-12-4,CN(C)CCC1(C)OCCC2=C1c1ccccc1C2,,,
tdc_no_conflict_salt_removed,valid,51,valid:51,Cc1cc(NS(=O)(=O)c2ccc(N)cc2)no1,1,True,,Cc1cc(NS(=O)(=O)c2ccc(N)cc2)no1,Cc1cc(NS(=O)(=O)c2ccc(N)cc2)no1,1,unmatched,,,,,,,,,,,
tdc_no_conflict_salt_removed,valid,52,valid:52,O=C1COC(N2CCN=C(c3ccccc3Cl)c3cc(Cl)ccc32)=N1,1,True,,O=C1COC(N2CCN=C(c3ccccc3Cl)c3cc(Cl)ccc32)=N1,O=C1COC(N2CCN=C(c3ccccc3Cl)c3cc(Cl)ccc32)=N1,1,exact,1,1,B3DB_classification:2465,reclazepam,O=C1COC(N2CCN=C(c3ccccc3Cl)c3cc(Cl)ccc32)=N1,B3DB_classification:2465,reclazepam,O=C1COC(N2CCN=C(c3ccccc3Cl)c3cc(Cl)ccc32)=N1,,,
tdc_no_conflict_salt_removed,valid,53,valid:53,CC1=CC(=O)N2CC(=O)N(C)c3ccc(Cl)cc3C2(c2ccccc2)O1,1,True,,CC1=CC(=O)N2CC(=O)N(C)c3ccc(Cl)cc3C2(c2ccccc2)O1,CC1=CC(=O)N2CC(=O)N(C)c3ccc(Cl)cc3C2(c2ccccc2)O1,1,exact,1,1,B3DB_classification:1387,ketazolam,CC1=CC(=O)N2CC(=O)N(C)c3ccc(Cl)cc3C2(c2ccccc2)O1,B3DB_classification:1387,ketazolam,CC1=CC(=O)N2CC(=O)N(C)c3ccc(Cl)cc3C2(c2ccccc2)O1,,,
tdc_no_conflict_salt_removed,valid,54,valid:54,CN1C2CCC1CC(OC(c1ccccc1)c1ccccc1)C2,1,True,,CN1C2CCC1CC(OC(c1ccccc1)c1ccccc1)C2,CN1C2CCC1CC(OC(c1ccccc1)c1ccccc1)C2,1,exact,1,1,B3DB_classification:1821,benztropine (benzatropine),CN1C2CCC1CC(OC(c1ccccc1)c1ccccc1)C2,B3DB_classification:1821,benztropine (benzatropine),CN1C2CCC1CC(OC(c1ccccc1)c1ccccc1)C2,,,
tdc_no_conflict_salt_removed,valid,55,valid:55,CC1OC(O[C@@H]2C=C3CC[C@@H]4[C@H](CC[C@]5(C)[C@@H](c6ccc(=O)oc6)CC[C@]45O)[C@@]3(C)CC2)C(O)C(O)C1O,0,True,,CC1OC(O[C@@H]2C=C3CC[C@@H]4[C@H](CC[C@]5(C)[C@@H](c6ccc(=O)oc6)CC[C@]45O)[C@@]3(C)CC2)C(O)C(O)C1O,CC1OC(O[C@@H]2C=C3CC[C@@H]4[C@H](CC[C@]5(C)[C@@H](c6ccc(=O)oc6)CC[C@]45O)[C@@]3(C)CC2)C(O)C(O)C1O,1,exact,0,0,B3DB_classification:1408,proscillaridin a,CC1OC(O[C@@H]2C=C3CC[C@@H]4[C@H](CC[C@]5(C)[C@@H](c6ccc(=O)oc6)CC[C@]45O)[C@@]3(C)CC2)C(O)C(O)C1O,B3DB_classification:1408,proscillaridin a,CC1OC(O[C@@H]2C=C3CC[C@@H]4[C@H](CC[C@]5(C)[C@@H](c6ccc(=O)oc6)CC[C@]45O)[C@@]3(C)CC2)C(O)C(O)C1O,,,
tdc_no_conflict_salt_removed,valid,56,valid:56,Cc1nc2n(n1)C(N1CCN(C)CC1)=Nc1ccccc1C2,1,True,,Cc1nc2n(n1)C(N1CCN(C)CC1)=Nc1ccccc1C2,Cc1nc2n(n1)C(N1CCN(C)CC1)=Nc1ccccc1C2,1,exact,1,1,B3DB_classification:2217,batelapine,Cc1nc2n(n1)C(N1CCN(C)CC1)=Nc1ccccc1C2,B3DB_classification:2217,batelapine,Cc1nc2n(n1)C(N1CCN(C)CC1)=Nc1ccccc1C2,,,
tdc_no_conflict_salt_removed,valid,57,valid:57,NC(=O)N1c2ccccc2CC(=O)c2ccccc21,1,True,,NC(=O)N1c2ccccc2CC(=O)c2ccccc21,NC(=O)N1c2ccccc2CC(=O)c2ccccc21,1,exact,1,1,B3DB_classification:2292,oxcarbazepine,NC(=O)N1c2ccccc2CC(=O)c2ccccc21,B3DB_classification:2292,oxcarbazepine,NC(=O)N1c2ccccc2CC(=O)c2ccccc21,,,
tdc_no_conflict_salt_removed,valid,58,valid:58,CN(C)CCCN1c2ccccc2CC(=O)c2ccccc21,1,True,,CN(C)CCCN1c2ccccc2CC(=O)c2ccccc21,CN(C)CCCN1c2ccccc2CC(=O)c2ccccc21,1,exact,1,1,B3DB_classification:1751,ketipramine(ketimipramine),CN(C)CCCN1c2ccccc2CC(=O)c2ccccc21,B3DB_classification:1751,ketipramine(ketimipramine),CN(C)CCCN1c2ccccc2CC(=O)c2ccccc21,,,
tdc_no_conflict_salt_removed,valid,59,valid:59,CCC1(c2ccc(N)cc2)CCC(=O)NC1=O,1,True,,CCC1(c2ccc(N)cc2)CCC(=O)NC1=O,CCC1(c2ccc(N)cc2)CCC(=O)NC1=O,1,unmatched,,,,,,,,,,,
tdc_no_conflict_salt_removed,valid,60,valid:60,CCC1(c2ccccc2)CCC(=O)NC1=O,1,True,,CCC1(c2ccccc2)CCC(=O)NC1=O,CCC1(c2ccccc2)CCC(=O)NC1=O,1,exact,1,1,B3DB_classification:1481,piperacillin,CCC1(c2ccccc2)CCC(=O)NC1=O,B3DB_classification:1481,piperacillin,CCC1(c2ccccc2)CCC(=O)NC1=O,,,
tdc_no_conflict_salt_removed,valid,61,valid:61,O=C1CC2(CCCC2)CC(=O)N1CCCCN1CCN(c2ncccn2)CC1,1,True,,O=C1CC2(CCCC2)CC(=O)N1CCCCN1CCN(c2ncccn2)CC1,O=C1CC2(CCCC2)CC(=O)N1CCCCN1CCN(c2ncccn2)CC1,1,exact,1,1,B3DB_classification:821,buspirone,O=C1CC2(CCCC2)CC(=O)N1CCCCN1CCN(c2ncccn2)CC1,B3DB_classification:821,buspirone,O=C1CC2(CCCC2)CC(=O)N1CCCCN1CCN(c2ncccn2)CC1,,,
tdc_no_conflict_salt_removed,valid,62,valid:62,CC(=O)OCC1=C(C(=O)O)N2C(=O)[C@@H](NC(=O)Cc3cccs3)[C@H]2SC1,0,True,,CC(=O)OCC1=C(C(=O)O)N2C(=O)[C@@H](NC(=O)Cc3cccs3)[C@H]2SC1,CC(=O)OCC1=C(C(=O)O)N2C(=O)[C@@H](NC(=O)Cc3cccs3)[C@H]2SC1,1,exact,0,0,B3DB_classification:1189,cephalotin,CC(=O)OCC1=C(C(=O)O)N2C(=O)[C@@H](NC(=O)Cc3cccs3)[C@H]2SC1,B3DB_classification:1189,cephalotin,CC(=O)OCC1=C(C(=O)O)N2C(=O)[C@@H](NC(=O)Cc3cccs3)[C@H]2SC1,,,
tdc_no_conflict_salt_removed,valid,63,valid:63,CO[C@@]1(NC(=O)Cc2cccs2)C(=O)N2C(C(=O)O)=C(COC(N)=O)CS[C@@H]21,1,True,,CO[C@@]1(NC(=O)Cc2cccs2)C(=O)N2C(C(=O)O)=C(COC(N)=O)CS[C@@H]21,CO[C@@]1(NC(=O)Cc2cccs2)C(=O)N2C(C(=O)O)=C(COC(N)=O)CS[C@@H]21,1,unmatched,,,,,,,,,,,
tdc_no_conflict_salt_removed,valid,64,valid:64,O=C1NC(CCCl)Oc2ccccc21,1,True,,O=C1NC(CCCl)Oc2ccccc21,O=C1NC(CCCl)Oc2ccccc21,1,exact,1,1,B3DB_classification:2476,chlorthenoxazine,O=C1NC(CCCl)Oc2ccccc21,B3DB_classification:2476,chlorthenoxazine,O=C1NC(CCCl)Oc2ccccc21,,,
tdc_no_conflict_salt_removed,valid,65,valid:65,CN1CC[C@@H]2c3cc(Cl)ccc3Oc3ccccc3[C@H]2C1,1,True,,CN1CC[C@@H]2c3cc(Cl)ccc3Oc3ccccc3[C@H]2C1,CN1CC[C@@H]2c3cc(Cl)ccc3Oc3ccccc3[C@H]2C1,1,exact,1,1,B3DB_classification:1868,7-k06,CN1CC[C@@H]2c3cc(Cl)ccc3Oc3ccccc3[C@H]2C1,B3DB_classification:1868,7-k06,CN1CC[C@@H]2c3cc(Cl)ccc3Oc3ccccc3[C@H]2C1,,,
tdc_no_conflict_salt_removed,valid,66,valid:66,Clc1ccc2c(c1)[C@H]1CCNC[C@@H]1c1ccccc1O2,1,True,,Clc1ccc2c(c1)[C@H]1CCNC[C@@H]1c1ccccc1O2,Clc1ccc2c(c1)[C@H]1CCNC[C@@H]1c1ccccc1O2,1,exact,1,1,B3DB_classification:2244,7-k10,Clc1ccc2c(c1)[C@H]1CCNC[C@@H]1c1ccccc1O2,B3DB_classification:2244,7-k10,Clc1ccc2c(c1)[C@H]1CCNC[C@@H]1c1ccccc1O2,,,
tdc_no_conflict_salt_removed,valid,67,valid:67,Cc1cccc2c1Oc1ccccc1C1(O)CCN(C)CC21,1,True,,Cc1cccc2c1Oc1ccccc1C1(O)CCN(C)CC21,Cc1cccc2c1Oc1ccccc1C1(O)CCN(C)CC21,1,exact,1,1,B3DB_classification:934,org4428,Cc1cccc2c1Oc1ccccc1C1(O)CCN(C)CC21,B3DB_classification:934,org4428,Cc1cccc2c1Oc1ccccc1C1(O)CCN(C)CC21,,,
tdc_no_conflict_salt_removed,valid,68,valid:68,Cc1cccc2c1Oc1ccccc1[C@@]1(O)CCNC[C@H]21,1,True,,Cc1cccc2c1Oc1ccccc1[C@@]1(O)CCNC[C@H]21,Cc1cccc2c1Oc1ccccc1[C@@]1(O)CCNC[C@H]21,1,exact,1,1,B3DB_classification:2203,org32104,Cc1cccc2c1Oc1ccccc1[C@@]1(O)CCNC[C@H]21,B3DB_classification:2203,org32104,Cc1cccc2c1Oc1ccccc1[C@@]1(O)CCNC[C@H]21,,,
tdc_no_conflict_salt_removed,valid,69,valid:69,Cc1cccc2c1Oc1ccccc1[C@@]1(O)CCN(C)C[C@H]21,1,True,,Cc1cccc2c1Oc1ccccc1[C@@]1(O)CCN(C)C[C@H]21,Cc1cccc2c1Oc1ccccc1[C@@]1(O)CCN(C)C[C@H]21,1,exact,1,1,B3DB_classification:2202,org4428,Cc1cccc2c1Oc1ccccc1[C@@]1(O)CCN(C)C[C@H]21,B3DB_classification:2202,org4428,Cc1cccc2c1Oc1ccccc1[C@@]1(O)CCN(C)C[C@H]21,,,
tdc_no_conflict_salt_removed,valid,70,valid:70,Cc1cccc2c1Oc1ccccc1[C@@]1(O)CCN(C)C[C@@H]21,1,True,,Cc1cccc2c1Oc1ccccc1[C@@]1(O)CCN(C)C[C@@H]21,Cc1cccc2c1Oc1ccccc1[C@@]1(O)CCN(C)C[C@@H]21,1,exact,1,1,B3DB_classification:935,beloxepin,Cc1cccc2c1Oc1ccccc1[C@@]1(O)CCN(C)C[C@@H]21,B3DB_classification:935,beloxepin,Cc1cccc2c1Oc1ccccc1[C@@]1(O)CCN(C)C[C@@H]21,,,
tdc_no_conflict_salt_removed,valid,71,valid:71,Cc1cccc2c1Oc1ccccc1C1(O)CCNCC21,1,True,,Cc1cccc2c1Oc1ccccc1C1(O)CCNCC21,Cc1cccc2c1Oc1ccccc1C1(O)CCNCC21,1,exact,1,1,B3DB_classification:829,org-32104,Cc1cccc2c1Oc1ccccc1C1(O)CCNCC21,B3DB_classification:829,org-32104,Cc1cccc2c1Oc1ccccc1C1(O)CCNCC21,,,
tdc_no_conflict_salt_removed,valid,72,valid:72,Cc1cc2c(s1)=Nc1ccc(F)cc1NC=2N1CCN(C)CC1,1,True,,Cc1cc2c(s1)=Nc1ccc(F)cc1NC=2N1CCN(C)CC1,Cc1cc2c(s1)=Nc1ccc(F)cc1NC=2N1CCN(C)CC1,1,unmatched,,,,,,,,,,,
tdc_no_conflict_salt_removed,valid,73,valid:73,Cc1cc2c(s1)=Nc1ccccc1NC=2N1CCN(C)CC1,1,True,,Cc1cc2c(s1)=Nc1ccccc1NC=2N1CCN(C)CC1,Cc1cc2c(s1)=Nc1ccccc1NC=2N1CCN(C)CC1,1,exact,1,1,B3DB_classification:916,olanzapine,Cc1cc2c(s1)=Nc1ccccc1NC=2N1CCN(C)CC1,B3DB_classification:916,olanzapine,Cc1cc2c(s1)=Nc1ccccc1NC=2N1CCN(C)CC1,,,
tdc_no_conflict_salt_removed,valid,74,valid:74,Oc1ccc2c3c1OC1C(O)CCC4(O)C(C2)N(CC2CCC2)CCC314,1,True,,Oc1ccc2c3c1OC1C(O)CCC4(O)C(C2)N(CC2CCC2)CCC314,Oc1ccc2c3c1OC1C(O)CCC4(O)C(C2)N(CC2CCC2)CCC314,1,exact,1,1,B3DB_classification:2559,nalbuphine,Oc1ccc2c3c1OC1C(O)CCC4(O)C(C2)N(CC2CCC2)CCC314,B3DB_classification:2559,nalbuphine,Oc1ccc2c3c1OC1C(O)CCC4(O)C(C2)N(CC2CCC2)CCC314,,,
tdc_no_conflict_salt_removed,valid,75,valid:75,O=c1ncnc2[nH][nH]cc1-2,0,True,,O=c1ncnc2[nH][nH]cc1-2,O=c1ncnc2[nH][nH]cc1-2,1,unmatched,,,,,,,,,,,
tdc_no_conflict_salt_removed,valid,76,valid:76,COc1ccc([C@@H]2Sc3ccccc3N(CCN(C)C)C(=O)[C@@H]2OC(C)=O)cc1,1,True,,COc1ccc([C@@H]2Sc3ccccc3N(CCN(C)C)C(=O)[C@@H]2OC(C)=O)cc1,COc1ccc([C@@H]2Sc3ccccc3N(CCN(C)C)C(=O)[C@@H]2OC(C)=O)cc1,1,exact,1,1,B3DB_classification:719,diltiazem,COc1ccc([C@@H]2Sc3ccccc3N(CCN(C)C)C(=O)[C@@H]2OC(C)=O)cc1,B3DB_classification:719,diltiazem,COc1ccc([C@@H]2Sc3ccccc3N(CCN(C)C)C(=O)[C@@H]2OC(C)=O)cc1,,,
tdc_no_conflict_salt_removed,valid,77,valid:77,CN(C)CCN1C(=O)CC(c2ccccc2)Sc2ccccc21,1,True,,CN(C)CCN1C(=O)CC(c2ccccc2)Sc2ccccc21,CN(C)CCN1C(=O)CC(c2ccccc2)Sc2ccccc21,1,exact,1,1,B3DB_classification:1760,thiazesim,CN(C)CCN1C(=O)CC(c2ccccc2)Sc2ccccc21,B3DB_classification:1760,thiazesim,CN(C)CCN1C(=O)CC(c2ccccc2)Sc2ccccc21,,,
tdc_no_conflict_salt_removed,valid,78,valid:78,c1ccc2c(c1)CCc1ccccc1N2C1CN2CCC1CC2,1,True,,c1ccc2c(c1)CCc1ccccc1N2C1CN2CCC1CC2,c1ccc2c(c1)CCc1ccccc1N2C1CN2CCC1CC2,1,exact,1,1,B3DB_classification:2576,quinupramine,c1ccc2c(c1)CCc1ccccc1N2C1CN2CCC1CC2,B3DB_classification:2576,quinupramine,c1ccc2c(c1)CCc1ccccc1N2C1CN2CCC1CC2,,,
tdc_no_conflict_salt_removed,valid,79,valid:79,COc1cccc(C(=O)NC2C[C@H]3CC[C@@H](C2)N3Cc2ccccc2)c1OC,1,True,,COc1cccc(C(=O)NC2C[C@H]3CC[C@@H](C2)N3Cc2ccccc2)c1OC,COc1cccc(C(=O)NC2C[C@H]3CC[C@@H](C2)N3Cc2ccccc2)c1OC,1,exact,1,1,B3DB_classification:2070,tropapride,COc1cccc(C(=O)NC2C[C@@H]3CC[C@H](C2)N3Cc2ccccc2)c1OC,B3DB_classification:2070,tropapride,COc1cccc(C(=O)NC2C[C@@H]3CC[C@H](C2)N3Cc2ccccc2)c1OC,,,
tdc_no_conflict_salt_removed,valid,80,valid:80,CC(C)(O/N=C(\C(=O)N[C@@H]1C(=O)N2C(C(=O)[O-])=C(C[n+]3ccccc3)CS[C@H]12)c1csc(N)n1)C(=O)O,1,True,,CC(C)(O/N=C(\C(=O)N[C@@H]1C(=O)N2C(C(=O)[O-])=C(C[n+]3ccccc3)CS[C@H]12)c1csc(N)n1)C(=O)O,CC(C)(O/N=C(\C(=O)N[C@@H]1C(=O)N2C(C(=O)[O-])=C(C[n+]3ccccc3)CS[C@H]12)c1csc(N)n1)C(=O)O,1,unmatched,,,,,,,,,,,
tdc_no_conflict_salt_removed,valid,81,valid:81,CN1CCC2=C(CC1)c1cc(C#N)ccc1Sc1ccccc12,1,True,,CN1CCC2=C(CC1)c1cc(C#N)ccc1Sc1ccccc12,CN1CCC2=C(CC1)c1cc(C#N)ccc1Sc1ccccc12,1,exact,1,1,B3DB_classification:1835,citatepine,CN1CCC2=C(CC1)c1cc(C#N)ccc1Sc1ccccc12,B3DB_classification:1835,citatepine,CN1CCC2=C(CC1)c1cc(C#N)ccc1Sc1ccccc12,,,
tdc_no_conflict_salt_removed,valid,82,valid:82,CC(C)C1(C(C)C)OCC(CO)O1,1,True,,CC(C)C1(C(C)C)OCC(CO)O1,CC(C)C1(C(C)C)OCC(CO)O1,1,exact,1,1,B3DB_classification:1250,promoxolane,CC(C)C1(C(C)C)OCC(CO)O1,B3DB_classification:1250,promoxolane,CC(C)C1(C(C)C)OCC(CO)O1,,,
tdc_no_conflict_salt_removed,valid,83,valid:83,CCCCCCCCCC1(C)OCC(COC(N)=O)O1,1,True,,CCCCCCCCCC1(C)OCC(COC(N)=O)O1,CCCCCCCCCC1(C)OCC(COC(N)=O)O1,1,exact,1,1,B3DB_classification:1527,dioxamate,CCCCCCCCCC1(C)OCC(COC(N)=O)O1,B3DB_classification:1527,dioxamate,CCCCCCCCCC1(C)OCC(COC(N)=O)O1,,,
tdc_no_conflict_salt_removed,valid,84,valid:84,CCC(=O)N(c1ccccc1)C1(COC)CCN(CCc2cccs2)CC1,1,True,,CCC(=O)N(c1ccccc1)C1(COC)CCN(CCc2cccs2)CC1,CCC(=O)N(c1ccccc1)C1(COC)CCN(CCc2cccs2)CC1,1,exact,1,1,B3DB_classification:667,sufentanil,CCC(=O)N(c1ccccc1)C1(COC)CCN(CCc2cccs2)CC1,B3DB_classification:667,sufentanil,CCC(=O)N(c1ccccc1)C1(COC)CCN(CCc2cccs2)CC1,,,
tdc_no_conflict_salt_removed,valid,85,valid:85,OCCN1CCCN(CCCN2c3ccccc3Sc3ccc(C(F)(F)F)cc32)CC1,1,True,,OCCN1CCCN(CCCN2c3ccccc3Sc3ccc(C(F)(F)F)cc32)CC1,OCCN1CCCN(CCCN2c3ccccc3Sc3ccc(C(F)(F)F)cc32)CC1,1,exact,1,1,B3DB_classification:2535,homofenazine,OCCN1CCCN(CCCN2c3ccccc3Sc3ccc(C(F)(F)F)cc32)CC1,B3DB_classification:2535,homofenazine,OCCN1CCCN(CCCN2c3ccccc3Sc3ccc(C(F)(F)F)cc32)CC1,,,
tdc_no_conflict_salt_removed,valid,86,valid:86,OCCN1CCCN(CCCN2c3ccccc3Sc3cc(C(F)(F)F)ccc32)CC1,1,True,,OCCN1CCCN(CCCN2c3ccccc3Sc3cc(C(F)(F)F)ccc32)CC1,OCCN1CCCN(CCCN2c3ccccc3Sc3cc(C(F)(F)F)ccc32)CC1,1,exact,1,1,B3DB_classification:2534,homophenazine,OCCN1CCCN(CCCN2c3ccccc3Sc3cc(C(F)(F)F)ccc32)CC1,B3DB_classification:2534,homophenazine,OCCN1CCCN(CCCN2c3ccccc3Sc3cc(C(F)(F)F)ccc32)CC1,,,
tdc_no_conflict_salt_removed,valid,87,valid:87,CCCSc1ccccc1N1CCN(CCCCn2c(=O)[nH]c3ccccc3c2=O)CC1,1,True,,CCCSc1ccccc1N1CCN(CCCCn2c(=O)[nH]c3ccccc3c2=O)CC1,CCCSc1ccccc1N1CCN(CCCCn2c(=O)[nH]c3ccccc3c2=O)CC1,1,exact,1,1,B3DB_classification:1570,tioperidone,CCCSc1ccccc1N1CCN(CCCCn2c(=O)[nH]c3ccccc3c2=O)CC1,B3DB_classification:1570,tioperidone,CCCSc1ccccc1N1CCN(CCCCn2c(=O)[nH]c3ccccc3c2=O)CC1,,,
tdc_no_conflict_salt_removed,valid,88,valid:88,O=C1OC(c2ccc(O)cc2)(c2ccc(O)cc2)c2ccccc21,0,True,,O=C1OC(c2ccc(O)cc2)(c2ccc(O)cc2)c2ccccc21,O=C1OC(c2ccc(O)cc2)(c2ccc(O)cc2)c2ccccc21,1,exact,0,0,B3DB_classification:2489,phenolphthalein,O=C1OC(c2ccc(O)cc2)(c2ccc(O)cc2)c2ccccc21,B3DB_classification:2489,phenolphthalein,O=C1OC(c2ccc(O)cc2)(c2ccc(O)cc2)c2ccccc21,,,
tdc_no_conflict_salt_removed,valid,89,valid:89,CC(C)N1CCN(c2ccc(OC[C@H]3CO[C@](Cn4cncn4)(c4ccc(Cl)cc4Cl)O3)cc2)CC1,0,True,,CC(C)N1CCN(c2ccc(OC[C@H]3CO[C@](Cn4cncn4)(c4ccc(Cl)cc4Cl)O3)cc2)CC1,CC(C)N1CCN(c2ccc(OC[C@H]3CO[C@](Cn4cncn4)(c4ccc(Cl)cc4Cl)O3)cc2)CC1,1,exact,0,0,B3DB_classification:1261,terconazole,CC(C)N1CCN(c2ccc(OC[C@H]3CO[C@](Cn4cncn4)(c4ccc(Cl)cc4Cl)O3)cc2)CC1,B3DB_classification:1261,terconazole,CC(C)N1CCN(c2ccc(OC[C@H]3CO[C@](Cn4cncn4)(c4ccc(Cl)cc4Cl)O3)cc2)CC1,,,
tdc_no_conflict_salt_removed,valid,90,valid:90,NC1[C@H]2CN(c3nc4c(cc3F)c(=O)c(C(=O)O)cn4-c3ccc(F)cc3F)C[C@@H]12,1,True,,NC1[C@H]2CN(c3nc4c(cc3F)c(=O)c(C(=O)O)cn4-c3ccc(F)cc3F)C[C@@H]12,NC1[C@H]2CN(c3nc4c(cc3F)c(=O)c(C(=O)O)cn4-c3ccc(F)cc3F)C[C@@H]12,1,exact,1,1,B3DB_classification:2317,trovafloxacin,NC1[C@@H]2CN(c3nc4c(cc3F)c(=O)c(C(=O)O)cn4-c3ccc(F)cc3F)C[C@H]12,B3DB_classification:2317,trovafloxacin,NC1[C@@H]2CN(c3nc4c(cc3F)c(=O)c(C(=O)O)cn4-c3ccc(F)cc3F)C[C@H]12,,,
tdc_no_conflict_salt_removed,valid,91,valid:91,C[C@@H](O)[C@H]1C(=O)N2C(C(=O)[O-])=C(COC(N)=O)S[C@H]12,0,True,,C[C@@H](O)[C@H]1C(=O)N2C(C(=O)[O-])=C(COC(N)=O)S[C@H]12,C[C@@H](O)[C@H]1C(=O)N2C(C(=O)[O-])=C(COC(N)=O)S[C@H]12,1,unmatched,,,,,,,,,,,
tdc_no_conflict_salt_removed,valid,92,valid:92,C/C(=C(\CCOP(=O)(O)O)SC(=O)c1ccccc1)N(C=O)Cc1cnc(C)nc1N,1,True,,C/C(=C(\CCOP(=O)(O)O)SC(=O)c1ccccc1)N(C=O)Cc1cnc(C)nc1N,C/C(=C(\CCOP(=O)(O)O)SC(=O)c1ccccc1)N(C=O)Cc1cnc(C)nc1N,1,exact,1,1,B3DB_classification:1076,benfotiamine,C/C(=C(\CCOP(=O)(O)O)SC(=O)c1ccccc1)N(C=O)Cc1cnc(C)nc1N,B3DB_classification:1076,benfotiamine,C/C(=C(\CCOP(=O)(O)O)SC(=O)c1ccccc1)N(C=O)Cc1cnc(C)nc1N,,,
tdc_no_conflict_salt_removed,valid,93,valid:93,CN(C)[C@@H]1C(=O)/C(=C(/O)NCNC(C(=O)NC2C(=O)N3C2SC(C)(C)C3C(=O)O)c2ccccc2)C(=O)[C@@]2(O)C(=O)C3=C(O)c4c(O)cccc4[C@@](C)(O)[C@H]3C[C@@H]12,0,True,,CN(C)[C@@H]1C(=O)/C(=C(/O)NCNC(C(=O)NC2C(=O)N3C2SC(C)(C)C3C(=O)O)c2ccccc2)C(=O)[C@@]2(O)C(=O)C3=C(O)c4c(O)cccc4[C@@](C)(O)[C@H]3C[C@@H]12,CN(C)[C@@H]1C(=O)/C(=C(/O)NCNC(C(=O)NC2C(=O)N3C2SC(C)(C)C3C(=O)O)c2ccccc2)C(=O)[C@@]2(O)C(=O)C3=C(O)c4c(O)cccc4[C@@](C)(O)[C@H]3C[C@@H]12,1,unmatched,,,,,,,,,,,
tdc_no_conflict_salt_removed,valid,94,valid:94,Cc1cc(CCN2CCN(c3cccc(Cl)c3)CC2)n[nH]1,1,True,,Cc1cc(CCN2CCN(c3cccc(Cl)c3)CC2)n[nH]1,Cc1cc(CCN2CCN(c3cccc(Cl)c3)CC2)n[nH]1,1,exact,1,1,B3DB_classification:2178,mepiprazole,Cc1cc(CCN2CCN(c3cccc(Cl)c3)CC2)n[nH]1,B3DB_classification:2178,mepiprazole,Cc1cc(CCN2CCN(c3cccc(Cl)c3)CC2)n[nH]1,,,
tdc_no_conflict_salt_removed,valid,95,valid:95,Cc1cccc(N2CCN(CCc3cc(C)[nH]n3)CC2)c1,1,True,,Cc1cccc(N2CCN(CCc3cc(C)[nH]n3)CC2)c1,Cc1cccc(N2CCN(CCc3cc(C)[nH]n3)CC2)c1,1,exact,1,1,B3DB_classification:2200,tolpiprazole,Cc1cccc(N2CCN(CCc3cc(C)[nH]n3)CC2)c1,B3DB_classification:2200,tolpiprazole,Cc1cccc(N2CCN(CCc3cc(C)[nH]n3)CC2)c1,,,
tdc_no_conflict_salt_removed,valid,96,valid:96,O=C1c2ccccc2S(=O)(=O)N1CCCN1CCN(c2ncccn2)CC1,1,True,,O=C1c2ccccc2S(=O)(=O)N1CCCN1CCN(c2ncccn2)CC1,O=C1c2ccccc2S(=O)(=O)N1CCCN1CCN(c2ncccn2)CC1,1,exact,1,1,B3DB_classification:2495,revospirone,O=C1c2ccccc2S(=O)(=O)N1CCCN1CCN(c2ncccn2)CC1,B3DB_classification:2495,revospirone,O=C1c2ccccc2S(=O)(=O)N1CCCN1CCN(c2ncccn2)CC1,,,
tdc_no_conflict_salt_removed,valid,97,valid:97,O=C(CN1CCC23CCCCC2C1Cc1ccc(O)cc13)c1ccccc1,1,True,,O=C(CN1CCC23CCCCC2C1Cc1ccc(O)cc13)c1ccccc1,O=C(CN1CCC23CCCCC2C1Cc1ccc(O)cc13)c1ccccc1,1,exact,1,1,B3DB_classification:2380,"morphinan-3-ol, 17-(2-oxo-2-phenylethyl)-",O=C(CN1CCC23CCCCC2C1Cc1ccc(O)cc13)c1ccccc1,B3DB_classification:2380,"morphinan-3-ol, 17-(2-oxo-2-phenylethyl)-",O=C(CN1CCC23CCCCC2C1Cc1ccc(O)cc13)c1ccccc1,,,
tdc_no_conflict_salt_removed,valid,98,valid:98,CCOc1ccccc1OCC1CNCCO1,1,True,,CCOc1ccccc1OCC1CNCCO1,CCOc1ccccc1OCC1CNCCO1,1,exact,1,1,B3DB_classification:1658,viloxazine,CCOc1ccccc1OCC1CNCCO1,B3DB_classification:1658,viloxazine,CCOc1ccccc1OCC1CNCCO1,,,
tdc_no_conflict_salt_removed,valid,99,valid:99,CN1CC[C@]23c4c5ccc(O)c4O[C@H]2[C@@H](O)CC[C@@]3(O)[C@H]1C5,1,True,,CN1CC[C@]23c4c5ccc(O)c4O[C@H]2[C@@H](O)CC[C@@]3(O)[C@H]1C5,CN1CC[C@]23c4c5ccc(O)c4O[C@H]2[C@@H](O)CC[C@@]3(O)[C@H]1C5,1,exact,1,1,B3DB_classification:1875,hydromorphinol,CN1CC[C@]23c4c5ccc(O)c4O[C@H]2[C@@H](O)CC[C@@]3(O)[C@H]1C5,B3DB_classification:1875,hydromorphinol,CN1CC[C@]23c4c5ccc(O)c4O[C@H]2[C@@H](O)CC[C@@]3(O)[C@H]1C5,,,
tdc_no_conflict_salt_removed,valid,100,valid:100,CO[C@H]1CC[C@H]2[C@H]3Cc4ccc(O)c5c4[C@@]2(CCN3C)[C@H]1O5,1,True,,CO[C@H]1CC[C@H]2[C@H]3Cc4ccc(O)c5c4[C@@]2(CCN3C)[C@H]1O5,CO[C@H]1CC[C@H]2[C@H]3Cc4ccc(O)c5c4[C@@]2(CCN3C)[C@H]1O5,1,exact,1,1,B3DB_classification:2014,dihydroheterocodeine,CO[C@H]1CC[C@H]2[C@H]3Cc4ccc(O)c5c4[C@@]2(CCN3C)[C@H]1O5,B3DB_classification:2014,dihydroheterocodeine,CO[C@H]1CC[C@H]2[C@H]3Cc4ccc(O)c5c4[C@@]2(CCN3C)[C@H]1O5,,,
tdc_no_conflict_salt_removed,valid,101,valid:101,CN1CCC23c4c5ccc(O)c4OC2CCCC3C1C5,1,True,,CN1CCC23c4c5ccc(O)c4OC2CCCC3C1C5,CN1CCC23c4c5ccc(O)c4OC2CCCC3C1C5,1,exact,1,1,B3DB_classification:1833,desomorphine,CN1CCC23c4c5ccc(O)c4OC2CCCC3C1C5,B3DB_classification:1833,desomorphine,CN1CCC23c4c5ccc(O)c4OC2CCCC3C1C5,,,
tdc_no_conflict_salt_removed,valid,102,valid:102,COc1ccc2c3c1O[C@H]1[C@@H](O)CC[C@H]4[C@@H](C2)N(C)CC[C@@]341,1,True,,COc1ccc2c3c1O[C@H]1[C@@H](O)CC[C@H]4[C@@H](C2)N(C)CC[C@@]341,COc1ccc2c3c1O[C@H]1[C@@H](O)CC[C@H]4[C@@H](C2)N(C)CC[C@@]341,1,exact,1,1,B3DB_classification:839,dihydrocodeine,COc1ccc2c3c1O[C@H]1[C@@H](O)CC[C@H]4[C@@H](C2)N(C)CC[C@]314,B3DB_classification:839,dihydrocodeine,COc1ccc2c3c1O[C@H]1[C@@H](O)CC[C@H]4[C@@H](C2)N(C)CC[C@]314,,,
tdc_no_conflict_salt_removed,valid,103,valid:103,CN1CCC23c4c5ccc(O)c4OC2C(O)CCC3C1C5,1,True,,CN1CCC23c4c5ccc(O)c4OC2C(O)CCC3C1C5,CN1CCC23c4c5ccc(O)c4OC2C(O)CCC3C1C5,1,exact,1,1,B3DB_classification:1832,paramorfan,CN1CCC23c4c5ccc(O)c4OC2C(O)CCC3C1C5,B3DB_classification:1832,paramorfan,CN1CCC23c4c5ccc(O)c4OC2C(O)CCC3C1C5,,,
tdc_no_conflict_salt_removed,valid,104,valid:104,O=C(CCNNC(=O)c1ccncc1)NCc1ccccc1,1,True,,O=C(CCNNC(=O)c1ccncc1)NCc1ccccc1,O=C(CCNNC(=O)c1ccncc1)NCc1ccccc1,1,exact,1,1,B3DB_classification:2379,nialamide,O=C(CCNNC(=O)c1ccncc1)NCc1ccccc1,B3DB_classification:2379,nialamide,O=C(CCNNC(=O)c1ccncc1)NCc1ccccc1,,,
tdc_no_conflict_salt_removed,valid,105,valid:105,Cc1ccc(Cc2cnc(NCCCCc3ncc(Br)cc3C)[nH]c2=O)cn1,0,True,,Cc1ccc(Cc2cnc(NCCCCc3ncc(Br)cc3C)[nH]c2=O)cn1,Cc1ccc(Cc2cnc(NCCCCc3ncc(Br)cc3C)[nH]c2=O)cn1,1,exact,0,0,B3DB_classification:13,temelastine,Cc1ccc(Cc2cnc(NCCCCc3ncc(Br)cc3C)[nH]c2=O)cn1,B3DB_classification:13,temelastine,Cc1ccc(Cc2cnc(NCCCCc3ncc(Br)cc3C)[nH]c2=O)cn1,,,
tdc_no_conflict_salt_removed,valid,106,valid:106,COc1cccnc1CCCCNc1ncc(Cc2ccc(C)nc2)c(=O)[nH]1,0,True,,COc1cccnc1CCCCNc1ncc(Cc2ccc(C)nc2)c(=O)[nH]1,COc1cccnc1CCCCNc1ncc(Cc2ccc(C)nc2)c(=O)[nH]1,1,exact,0,0,B3DB_classification:11,icotidine,COc1cccnc1CCCCNc1ncc(Cc2ccc(C)nc2)c(=O)[nH]1,B3DB_classification:11,icotidine,COc1cccnc1CCCCNc1ncc(Cc2ccc(C)nc2)c(=O)[nH]1,,,
tdc_no_conflict_salt_removed,valid,107,valid:107,Cc1ccc2c(c1)C(N1CCN(C)CC1)=Nc1ccccc1S2,1,True,,Cc1ccc2c(c1)C(N1CCN(C)CC1)=Nc1ccccc1S2,Cc1ccc2c(c1)C(N1CCN(C)CC1)=Nc1ccccc1S2,1,exact,1,1,B3DB_classification:2189,metiapine,Cc1ccc2c(c1)C(N1CCN(C)CC1)=Nc1ccccc1S2,B3DB_classification:2189,metiapine,Cc1ccc2c(c1)C(N1CCN(C)CC1)=Nc1ccccc1S2,,,
tdc_no_conflict_salt_removed,valid,108,valid:108,OCCOCCN1CCN(C2=Nc3ccccc3Sc3ccccc32)CC1,1,True,,OCCOCCN1CCN(C2=Nc3ccccc3Sc3ccccc32)CC1,OCCOCCN1CCN(C2=Nc3ccccc3Sc3ccccc32)CC1,1,exact,1,1,B3DB_classification:900,quetiapine,OCCOCCN1CCN(C2=Nc3ccccc3Sc3ccccc32)CC1,B3DB_classification:900,quetiapine,OCCOCCN1CCN(C2=Nc3ccccc3Sc3ccccc32)CC1,,,
tdc_no_conflict_salt_removed,valid,109,valid:109,CN1CCN(C2=Nc3ccccc3Sc3ccc(Cl)cc32)CC1,1,True,,CN1CCN(C2=Nc3ccccc3Sc3ccc(Cl)cc32)CC1,CN1CCN(C2=Nc3ccccc3Sc3ccc(Cl)cc32)CC1,1,exact,1,1,B3DB_classification:1849,clothiapine (clotiapine),CN1CCN(C2=Nc3ccccc3Sc3ccc(Cl)cc32)CC1,B3DB_classification:1849,clothiapine (clotiapine),CN1CCN(C2=Nc3ccccc3Sc3ccc(Cl)cc32)CC1,,,
tdc_no_conflict_salt_removed,valid,110,valid:110,COc1ccc2c(C3CCN(CCCC(=O)c4ccc(F)cc4)CC3)c(C)[nH]c2c1,1,True,,COc1ccc2c(C3CCN(CCCC(=O)c4ccc(F)cc4)CC3)c(C)[nH]c2c1,COc1ccc2c(C3CCN(CCCC(=O)c4ccc(F)cc4)CC3)c(C)[nH]c2c1,1,exact,1,1,B3DB_classification:2055,mindoperone,COc1ccc2c(C3CCN(CCCC(=O)c4ccc(F)cc4)CC3)c(C)[nH]c2c1,B3DB_classification:2055,mindoperone,COc1ccc2c(C3CCN(CCCC(=O)c4ccc(F)cc4)CC3)c(C)[nH]c2c1,,,
tdc_no_conflict_salt_removed,valid,111,valid:111,CC1(C)O[C@@H]2C[C@H]3[C@@H]4CCC5=CC(=O)C=C[C@]5(C)[C@@]4(F)[C@@H](O)C[C@]3(C)[C@]2(C(=O)COC(=O)c2cc3ccccc3o2)O1,1,True,,CC1(C)O[C@@H]2C[C@H]3[C@@H]4CCC5=CC(=O)C=C[C@]5(C)[C@@]4(F)[C@@H](O)C[C@]3(C)[C@]2(C(=O)COC(=O)c2cc3ccccc3o2)O1,CC1(C)O[C@@H]2C[C@H]3[C@@H]4CCC5=CC(=O)C=C[C@]5(C)[C@@]4(F)[C@@H](O)C[C@]3(C)[C@]2(C(=O)COC(=O)c2cc3ccccc3o2)O1,1,exact,1,1,B3DB_classification:1338,triamcinolone furetonide,CC1(C)O[C@@H]2C[C@H]3[C@@H]4CCC5=CC(=O)C=C[C@]5(C)[C@@]4(F)[C@@H](O)C[C@]3(C)[C@]2(C(=O)COC(=O)c2cc3ccccc3o2)O1,B3DB_classification:1338,triamcinolone furetonide,CC1(C)O[C@@H]2C[C@H]3[C@@H]4CCC5=CC(=O)C=C[C@]5(C)[C@@]4(F)[C@@H](O)C[C@]3(C)[C@]2(C(=O)COC(=O)c2cc3ccccc3o2)O1,,,
tdc_no_conflict_salt_removed,valid,112,valid:112,c1cncc(CC2(Cc3ccncc3)c3cccnc3-c3ncccc32)c1,1,True,,c1cncc(CC2(Cc3ccncc3)c3cccnc3-c3ncccc32)c1,c1cncc(CC2(Cc3ccncc3)c3cccnc3-c3ncccc32)c1,1,exact,1,1,B3DB_classification:2581,schembl120952,c1cncc(CC2(Cc3ccncc3)c3cccnc3-c3ncccc32)c1,B3DB_classification:2581,schembl120952,c1cncc(CC2(Cc3ccncc3)c3cccnc3-c3ncccc32)c1,,,
tdc_no_conflict_salt_removed,valid,113,valid:113,Cc1c2c(cn1C)NC(=O)CN=C2c1ccccc1,1,True,,Cc1c2c(cn1C)NC(=O)CN=C2c1ccccc1,Cc1c2c(cn1C)NC(=O)CN=C2c1ccccc1,1,exact,1,1,B3DB_classification:2168,premazepam,Cc1c2c(cn1C)NC(=O)CN=C2c1ccccc1,B3DB_classification:2168,premazepam,Cc1c2c(cn1C)NC(=O)CN=C2c1ccccc1,,,
tdc_no_conflict_salt_removed,valid,114,valid:114,CC[C@H]1OC(=O)[C@H](C)[C@@H](OC2CC(C)(OC)C(O)C(C)O2)C(C)[C@@H](OC2OC(C)CC(N(C)C)C2O)[C@](C)(O)C[C@@H](C)/C(=N\OC)[C@H](C)[C@@H](O)[C@]1(C)O,0,True,,CC[C@H]1OC(=O)[C@H](C)[C@@H](OC2CC(C)(OC)C(O)C(C)O2)C(C)[C@@H](OC2OC(C)CC(N(C)C)C2O)[C@](C)(O)C[C@@H](C)/C(=N\OC)[C@H](C)[C@@H](O)[C@]1(C)O,CC[C@H]1OC(=O)[C@H](C)[C@@H](OC2CC(C)(OC)C(O)C(C)O2)C(C)[C@@H](OC2OC(C)CC(N(C)C)C2O)[C@](C)(O)C[C@@H](C)/C(=N\OC)[C@H](C)[C@@H](O)[C@]1(C)O,1,unmatched,,,,,,,,,,,
tdc_no_conflict_salt_removed,valid,115,valid:115,CC[C@H]1OC(=O)[C@H](C)[C@@H](O[C@H]2C[C@@](C)(OC)[C@@H](O)[C@H](C)O2)[C@H](C)[C@@H](O[C@@H]2O[C@H](C)C[C@H](N(C)C)[C@H]2O)[C@](C)(O)C[C@@H](C)/C(=N/OCOCCOC)[C@H](C)[C@@H](O)[C@]1(C)O,0,True,,CC[C@H]1OC(=O)[C@H](C)[C@@H](O[C@H]2C[C@@](C)(OC)[C@@H](O)[C@H](C)O2)[C@H](C)[C@@H](O[C@@H]2O[C@H](C)C[C@H](N(C)C)[C@H]2O)[C@](C)(O)C[C@@H](C)/C(=N/OCOCCOC)[C@H](C)[C@@H](O)[C@]1(C)O,CC[C@H]1OC(=O)[C@H](C)[C@@H](O[C@H]2C[C@@](C)(OC)[C@@H](O)[C@H](C)O2)[C@H](C)[C@@H](O[C@@H]2O[C@H](C)C[C@H](N(C)C)[C@H]2O)[C@](C)(O)C[C@@H](C)/C(=N/OCOCCOC)[C@H](C)[C@@H](O)[C@]1(C)O,1,exact,0,0,B3DB_classification:4832,roxithromycin,CC[C@H]1OC(=O)[C@H](C)[C@@H](O[C@H]2C[C@@](C)(OC)[C@@H](O)[C@H](C)O2)[C@H](C)[C@@H](O[C@@H]2O[C@H](C)C[C@H](N(C)C)[C@H]2O)[C@](C)(O)C[C@@H](C)/C(=N/OCOCCOC)[C@H](C)[C@@H](O)[C@]1(C)O,B3DB_classification:4832,roxithromycin,CC[C@H]1OC(=O)[C@H](C)[C@@H](O[C@H]2C[C@@](C)(OC)[C@@H](O)[C@H](C)O2)[C@H](C)[C@@H](O[C@@H]2O[C@H](C)C[C@H](N(C)C)[C@H]2O)[C@](C)(O)C[C@@H](C)/C(=N/OCOCCOC)[C@H](C)[C@@H](O)[C@]1(C)O,,,
tdc_no_conflict_salt_removed,valid,116,valid:116,CC1OC2(CCCCC2Oc2cccc(Cl)c2)NC1=O,1,True,,CC1OC2(CCCCC2Oc2cccc(Cl)c2)NC1=O,CC1OC2(CCCCC2Oc2cccc(Cl)c2)NC1=O,1,exact,1,1,B3DB_classification:1409,enilospirone,CC1OC2(CCCCC2Oc2cccc(Cl)c2)NC1=O,B3DB_classification:1409,enilospirone,CC1OC2(CCCCC2Oc2cccc(Cl)c2)NC1=O,,,
tdc_no_conflict_salt_removed,valid,117,valid:117,O=C(CCCN1CCN2Cc3[nH]c4ccccc4c3CC2C1)c1ccc(F)cc1,1,True,,O=C(CCCN1CCN2Cc3[nH]c4ccccc4c3CC2C1)c1ccc(F)cc1,O=C(CCCN1CCN2Cc3[nH]c4ccccc4c3CC2C1)c1ccc(F)cc1,1,exact,1,1,B3DB_classification:2375,biriperone,O=C(CCCN1CCN2Cc3[nH]c4ccccc4c3CC2C1)c1ccc(F)cc1,B3DB_classification:2375,biriperone,O=C(CCCN1CCN2Cc3[nH]c4ccccc4c3CC2C1)c1ccc(F)cc1,,,
tdc_no_conflict_salt_removed,valid,118,valid:118,CN(C)CC1=Cc2ccccc2Sc2ccccc21,1,True,,CN(C)CC1=Cc2ccccc2Sc2ccccc21,CN(C)CC1=Cc2ccccc2Sc2ccccc21,1,exact,1,1,B3DB_classification:1739,damotepine,CN(C)CC1=Cc2ccccc2Sc2ccccc21,B3DB_classification:1739,damotepine,CN(C)CC1=Cc2ccccc2Sc2ccccc21,,,
tdc_no_conflict_salt_removed,valid,119,valid:119,CN(C)CCOC1=Cc2ccccc2Sc2ccc(Cl)cc21,1,True,,CN(C)CCOC1=Cc2ccccc2Sc2ccc(Cl)cc21,CN(C)CCOC1=Cc2ccccc2Sc2ccc(Cl)cc21,1,exact,1,1,B3DB_classification:1770,zotepine,CN(C)CCOC1=Cc2ccccc2Sc2ccc(Cl)cc21,B3DB_classification:1770,zotepine,CN(C)CCOC1=Cc2ccccc2Sc2ccc(Cl)cc21,,,
tdc_no_conflict_salt_removed,valid,120,valid:120,O=C(CCCN1CCC(O)(c2ccc(Cl)c(C(F)(F)F)c2)CC1)c1ccc(F)cc1,1,True,,O=C(CCCN1CCC(O)(c2ccc(Cl)c(C(F)(F)F)c2)CC1)c1ccc(F)cc1,O=C(CCCN1CCC(O)(c2ccc(Cl)c(C(F)(F)F)c2)CC1)c1ccc(F)cc1,1,exact,1,1,B3DB_classification:2366,clofluperol,O=C(CCCN1CCC(O)(c2ccc(Cl)c(C(F)(F)F)c2)CC1)c1ccc(F)cc1,B3DB_classification:2366,clofluperol,O=C(CCCN1CCC(O)(c2ccc(Cl)c(C(F)(F)F)c2)CC1)c1ccc(F)cc1,,,
tdc_no_conflict_salt_removed,valid,121,valid:121,CCCCCCCCCC(=O)OC1(c2ccc(Br)cc2)CCN(CCCC(=O)c2ccc(F)cc2)CC1,1,True,,CCCCCCCCCC(=O)OC1(c2ccc(Br)cc2)CCN(CCCC(=O)c2ccc(F)cc2)CC1,CCCCCCCCCC(=O)OC1(c2ccc(Br)cc2)CCN(CCCC(=O)c2ccc(F)cc2)CC1,1,exact,1,1,B3DB_classification:1525,bromperidol-decanoate,CCCCCCCCCC(=O)OC1(c2ccc(Br)cc2)CCN(CCCC(=O)c2ccc(F)cc2)CC1,B3DB_classification:1525,bromperidol-decanoate,CCCCCCCCCC(=O)OC1(c2ccc(Br)cc2)CCN(CCCC(=O)c2ccc(F)cc2)CC1,,,
tdc_no_conflict_salt_removed,valid,122,valid:122,CN(C)C(=O)C1(c2ccc(Cl)cc2)CCN(CCCC(=O)c2ccc(F)cc2)CC1,1,True,,CN(C)C(=O)C1(c2ccc(Cl)cc2)CCN(CCCC(=O)c2ccc(F)cc2)CC1,CN(C)C(=O)C1(c2ccc(Cl)cc2)CCN(CCCC(=O)c2ccc(F)cc2)CC1,1,exact,1,1,B3DB_classification:1718,amiperone,CN(C)C(=O)C1(c2ccc(Cl)cc2)CCN(CCCC(=O)c2ccc(F)cc2)CC1,B3DB_classification:1718,amiperone,CN(C)C(=O)C1(c2ccc(Cl)cc2)CCN(CCCC(=O)c2ccc(F)cc2)CC1,,,
tdc_no_conflict_salt_removed,valid,123,valid:123,CC(=O)NCC1(c2ccccc2)CCN(CCCC(=O)c2ccc(F)cc2)CC1,1,True,,CC(=O)NCC1(c2ccccc2)CCN(CCCC(=O)c2ccc(F)cc2)CC1,CC(=O)NCC1(c2ccccc2)CCN(CCCC(=O)c2ccc(F)cc2)CC1,1,exact,1,1,B3DB_classification:1147,aceperone,CC(=O)NCC1(c2ccccc2)CCN(CCCC(=O)c2ccc(F)cc2)CC1,B3DB_classification:1147,aceperone,CC(=O)NCC1(c2ccccc2)CCN(CCCC(=O)c2ccc(F)cc2)CC1,,,
tdc_no_conflict_salt_removed,valid,124,valid:124,O=C(CCCN1CCC(O)(c2cccc(C(F)(F)F)c2)CC1)c1ccc(F)cc1,1,True,,O=C(CCCN1CCC(O)(c2cccc(C(F)(F)F)c2)CC1)c1ccc(F)cc1,O=C(CCCN1CCC(O)(c2cccc(C(F)(F)F)c2)CC1)c1ccc(F)cc1,1,exact,1,1,B3DB_classification:2367,trifluperidol,O=C(CCCN1CCC(O)(c2cccc(C(F)(F)F)c2)CC1)c1ccc(F)cc1,B3DB_classification:2367,trifluperidol,O=C(CCCN1CCC(O)(c2cccc(C(F)(F)F)c2)CC1)c1ccc(F)cc1,,,
tdc_no_conflict_salt_removed,valid,125,valid:125,CCCCCCCCCC(=O)OC1(c2ccc(Cl)cc2)CCN(CCCC(=O)c2ccc(F)cc2)CC1,1,True,,CCCCCCCCCC(=O)OC1(c2ccc(Cl)cc2)CCN(CCCC(=O)c2ccc(F)cc2)CC1,CCCCCCCCCC(=O)OC1(c2ccc(Cl)cc2)CCN(CCCC(=O)c2ccc(F)cc2)CC1,1,exact,1,1,B3DB_classification:1526,haloperidol decanoate,CCCCCCCCCC(=O)OC1(c2ccc(Cl)cc2)CCN(CCCC(=O)c2ccc(F)cc2)CC1,B3DB_classification:1526,haloperidol decanoate,CCCCCCCCCC(=O)OC1(c2ccc(Cl)cc2)CCN(CCCC(=O)c2ccc(F)cc2)CC1,,,
tdc_no_conflict_salt_removed,valid,126,valid:126,O=C(CCCN1CCC(O)(c2ccc(Cl)cc2)CC1)c1ccc(F)cc1,1,True,,O=C(CCCN1CCC(O)(c2ccc(Cl)cc2)CC1)c1ccc(F)cc1,O=C(CCCN1CCC(O)(c2ccc(Cl)cc2)CC1)c1ccc(F)cc1,1,exact,1,1,B3DB_classification:1035,haloperidol,O=C(CCCN1CCC(O)(c2ccc(Cl)cc2)CC1)c1ccc(F)cc1,B3DB_classification:1035,haloperidol,O=C(CCCN1CCC(O)(c2ccc(Cl)cc2)CC1)c1ccc(F)cc1,,,
tdc_no_conflict_salt_removed,valid,127,valid:127,Cc1ccc(C2(O)CCN(CCCC(=O)c3ccc(F)cc3)CC2)cc1,1,True,,Cc1ccc(C2(O)CCN(CCCC(=O)c3ccc(F)cc3)CC2)cc1,Cc1ccc(C2(O)CCN(CCCC(=O)c3ccc(F)cc3)CC2)cc1,1,exact,1,1,B3DB_classification:2184,moperone,Cc1ccc(C2(O)CCN(CCCC(=O)c3ccc(F)cc3)CC2)cc1,B3DB_classification:2184,moperone,Cc1ccc(C2(O)CCN(CCCC(=O)c3ccc(F)cc3)CC2)cc1,,,
tdc_no_conflict_salt_removed,valid,128,valid:128,O=C(CCCN1CCC(O)(c2ccc(Br)cc2)CC1)c1ccc(F)cc1,1,True,,O=C(CCCN1CCC(O)(c2ccc(Br)cc2)CC1)c1ccc(F)cc1,O=C(CCCN1CCC(O)(c2ccc(Br)cc2)CC1)c1ccc(F)cc1,1,exact,1,1,B3DB_classification:1044,bromperidol,O=C(CCCN1CCC(O)(c2ccc(Br)cc2)CC1)c1ccc(F)cc1,B3DB_classification:1044,bromperidol,O=C(CCCN1CCC(O)(c2ccc(Br)cc2)CC1)c1ccc(F)cc1,,,
tdc_no_conflict_salt_removed,valid,129,valid:129,CC(=O)OCC(=O)[C@@]12OC(C)(C)O[C@@H]1CC1C3CC(C=O)=C4C=C(OCCCl)CCC4(C)[C@@]3(F)C(O)CC12C,1,True,,CC(=O)OCC(=O)[C@@]12OC(C)(C)O[C@@H]1CC1C3CC(C=O)=C4C=C(OCCCl)CCC4(C)[C@@]3(F)C(O)CC12C,CC(=O)OCC(=O)[C@@]12OC(C)(C)O[C@@H]1CC1C3CC(C=O)=C4C=C(OCCCl)CCC4(C)[C@@]3(F)C(O)CC12C,1,exact,1,1,B3DB_classification:1179,cutisterol,CC(=O)OCC(=O)[C@@]12OC(C)(C)O[C@@H]1CC1C3CC(C=O)=C4C=C(OCCCl)CCC4(C)[C@@]3(F)C(O)CC12C,B3DB_classification:1179,cutisterol,CC(=O)OCC(=O)[C@@]12OC(C)(C)O[C@@H]1CC1C3CC(C=O)=C4C=C(OCCCl)CCC4(C)[C@@]3(F)C(O)CC12C,,,
tdc_no_conflict_salt_removed,valid,130,valid:130,CC(=O)OCC(=O)[C@@]12OC(C)(C)O[C@@H]1C[C@H]1C3CC(C#N)=C4C=C(OCCCl)CCC4(C)[C@@]3(F)C(O)CC12C,1,True,,CC(=O)OCC(=O)[C@@]12OC(C)(C)O[C@@H]1C[C@H]1C3CC(C#N)=C4C=C(OCCCl)CCC4(C)[C@@]3(F)C(O)CC12C,CC(=O)OCC(=O)[C@@]12OC(C)(C)O[C@@H]1C[C@H]1C3CC(C#N)=C4C=C(OCCCl)CCC4(C)[C@@]3(F)C(O)CC12C,1,exact,1,1,B3DB_classification:1181,cicortonide,CC(=O)OCC(=O)[C@@]12OC(C)(C)O[C@@H]1C[C@H]1C3CC(C#N)=C4C=C(OCCCl)CCC4(C)[C@@]3(F)C(O)CC12C,B3DB_classification:1181,cicortonide,CC(=O)OCC(=O)[C@@]12OC(C)(C)O[C@@H]1C[C@H]1C3CC(C#N)=C4C=C(OCCCl)CCC4(C)[C@@]3(F)C(O)CC12C,,,
tdc_no_conflict_salt_removed,valid,131,valid:131,CC(=O)SCC(Cc1ccccc1)C(=O)NCC(=O)OCc1ccccc1,1,True,,CC(=O)SCC(Cc1ccccc1)C(=O)NCC(=O)OCc1ccccc1,CC(=O)SCC(Cc1ccccc1)C(=O)NCC(=O)OCc1ccccc1,1,unmatched,,,,,,,,,,,
tdc_no_conflict_salt_removed,valid,132,valid:132,CN1CCN(CCN2CCN(CCCN3c4ccccc4Sc4ccc(Cl)cc43)CC2)C1=O,1,True,,CN1CCN(CCN2CCN(CCCN3c4ccccc4Sc4ccc(Cl)cc43)CC2)C1=O,CN1CCN(CCN2CCN(CCCN3c4ccccc4Sc4ccc(Cl)cc43)CC2)C1=O,1,exact,1,1,B3DB_classification:1858,imiclopazine,CN1CCN(CCN2CCN(CCCN3c4ccccc4Sc4ccc(Cl)cc43)CC2)C1=O,B3DB_classification:1858,imiclopazine,CN1CCN(CCN2CCN(CCCN3c4ccccc4Sc4ccc(Cl)cc43)CC2)C1=O,,,
tdc_no_conflict_salt_removed,valid,133,valid:133,O=c1[nH]c2ccccc2n1CCCN1CCC(n2c(=O)[nH]c3cc(Cl)ccc32)CC1,0,True,,O=c1[nH]c2ccccc2n1CCCN1CCC(n2c(=O)[nH]c3cc(Cl)ccc32)CC1,O=c1[nH]c2ccccc2n1CCCN1CCC(n2c(=O)[nH]c3cc(Cl)ccc32)CC1,1,exact,1,1,B3DB_classification:172,domperidone,O=c1[nH]c2ccccc2n1CCCN1CCC(n2c(=O)[nH]c3cc(Cl)ccc32)CC1,B3DB_classification:172,domperidone,O=c1[nH]c2ccccc2n1CCCN1CCC(n2c(=O)[nH]c3cc(Cl)ccc32)CC1,,,b3db_exact_label_mismatch|b3db_salt_removed_label_mismatch
tdc_no_conflict_salt_removed,valid,134,valid:134,CCN(CC)CCOC(=O)C1(C2CCCCC2)CCCCC1,0,True,,CCN(CC)CCOC(=O)C1(C2CCCCC2)CCCCC1,CCN(CC)CCOC(=O)C1(C2CCCCC2)CCCCC1,1,unmatched,,,,,,,,,,,
tdc_no_conflict_salt_removed,valid,135,valid:135,c1ccc2oc(-c3ccncc3)cc2c1,1,True,,c1ccc2oc(-c3ccncc3)cc2c1,c1ccc2oc(-c3ccncc3)cc2c1,1,exact,1,1,B3DB_classification:2579,pyridarone,c1ccc2oc(-c3ccncc3)cc2c1,B3DB_classification:2579,pyridarone,c1ccc2oc(-c3ccncc3)cc2c1,,,
tdc_no_conflict_salt_removed,valid,136,valid:136,Cc1nnc2n1-c1sc(Br)cc1C(c1ccccc1Cl)=NC2,1,True,,Cc1nnc2n1-c1sc(Br)cc1C(c1ccccc1Cl)=NC2,Cc1nnc2n1-c1sc(Br)cc1C(c1ccccc1Cl)=NC2,1,exact,1,1,B3DB_classification:2232,brotizolam,Cc1nnc2n1-c1sc(Br)cc1C(c1ccccc1Cl)=NC2,B3DB_classification:2232,brotizolam,Cc1nnc2n1-c1sc(Br)cc1C(c1ccccc1Cl)=NC2,,,
tdc_no_conflict_salt_removed,valid,137,valid:137,CCc1cc2c(s1)-n1c(C)nnc1CN=C2c1ccccc1Cl,1,True,,CCc1cc2c(s1)-n1c(C)nnc1CN=C2c1ccccc1Cl,CCc1cc2c(s1)-n1c(C)nnc1CN=C2c1ccccc1Cl,1,exact,1,1,B3DB_classification:1700,etizolam,CCc1cc2c(s1)-n1c(C)nnc1CN=C2c1ccccc1Cl,B3DB_classification:1700,etizolam,CCc1cc2c(s1)-n1c(C)nnc1CN=C2c1ccccc1Cl,,,
tdc_no_conflict_salt_removed,valid,138,valid:138,O=C1NC(=O)C(CC2CCCCN2)(c2ccccc2)C(=O)N1,1,True,,O=C1NC(=O)C(CC2CCCCN2)(c2ccccc2)C(=O)N1,O=C1NC(=O)C(CC2CCCCN2)(c2ccccc2)C(=O)N1,1,exact,1,1,B3DB_classification:2472,prazitone,O=C1NC(=O)C(CC2CCCCN2)(c2ccccc2)C(=O)N1,B3DB_classification:2472,prazitone,O=C1NC(=O)C(CC2CCCCN2)(c2ccccc2)C(=O)N1,,,
tdc_no_conflict_salt_removed,valid,139,valid:139,C=CC[C@H](N)c1ccccc1-c1noc2ccccc12,1,True,,C=CC[C@H](N)c1ccccc1-c1noc2ccccc12,C=CC[C@H](N)c1ccccc1-c1noc2ccccc12,1,exact,1,1,B3DB_classification:1127,schembl1588339,C=CC[C@H](N)c1ccccc1-c1noc2ccccc12,B3DB_classification:1127,schembl1588339,C=CC[C@H](N)c1ccccc1-c1noc2ccccc12,,,
tdc_no_conflict_salt_removed,valid,140,valid:140,C=CCC(N)c1ccccc1-c1noc2ccccc12,1,True,,C=CCC(N)c1ccccc1-c1noc2ccccc12,C=CCC(N)c1ccccc1-c1noc2ccccc12,1,exact,1,1,B3DB_classification:546,198968-25-1,C=CCC(N)c1ccccc1-c1noc2ccccc12,B3DB_classification:546,198968-25-1,C=CCC(N)c1ccccc1-c1noc2ccccc12,,,
tdc_no_conflict_salt_removed,valid,141,valid:141,CCCN(CCCCN1C(=O)CC2(CCCC2)CC1=O)C1COc2cccc(OC)c2C1,1,True,,CCCN(CCCCN1C(=O)CC2(CCCC2)CC1=O)C1COc2cccc(OC)c2C1,CCCN(CCCCN1C(=O)CC2(CCCC2)CC1=O)C1COc2cccc(OC)c2C1,1,exact,1,1,B3DB_classification:1559,alnespirone,CCCN(CCCCN1C(=O)CC2(CCCC2)CC1=O)C1COc2cccc(OC)c2C1,B3DB_classification:1559,alnespirone,CCCN(CCCCN1C(=O)CC2(CCCC2)CC1=O)C1COc2cccc(OC)c2C1,,,
tdc_no_conflict_salt_removed,valid,142,valid:142,CC(Cc1ccccc1)[N+](C)([O-])Cc1ccccc1,1,True,,CC(Cc1ccccc1)[N+](C)([O-])Cc1ccccc1,CC(Cc1ccccc1)[N+](C)([O-])Cc1ccccc1,1,exact,1,1,B3DB_classification:1311,oxifentorex,CC(Cc1ccccc1)[N+](C)([O-])Cc1ccccc1,B3DB_classification:1311,oxifentorex,CC(Cc1ccccc1)[N+](C)([O-])Cc1ccccc1,,,
tdc_no_conflict_salt_removed,valid,143,valid:143,CCOc1ccc2ccccc2c1C(=O)N[C@@H]1C(=O)N2[C@@H]1SC(C)(C)[C@@H]2C(=O)[O-],0,True,,CCOc1ccc2ccccc2c1C(=O)N[C@@H]1C(=O)N2[C@@H]1SC(C)(C)[C@@H]2C(=O)[O-],CCOc1ccc2ccccc2c1C(=O)N[C@@H]1C(=O)N2[C@@H]1SC(C)(C)[C@@H]2C(=O)[O-],1,unmatched,,,,,,,,,,,
tdc_no_conflict_salt_removed,valid,144,valid:144,CN1CCC2=C(CC1)c1ccccc1Oc1ccccc12,1,True,,CN1CCC2=C(CC1)c1ccccc1Oc1ccccc12,CN1CCC2=C(CC1)c1ccccc1Oc1ccccc12,1,exact,1,1,B3DB_classification:1837,maroxepin,CN1CCC2=C(CC1)c1ccccc1Oc1ccccc12,B3DB_classification:1837,maroxepin,CN1CCC2=C(CC1)c1ccccc1Oc1ccccc12,,,
tdc_no_conflict_salt_removed,valid,145,valid:145,O=C(c1cc2ccccc2o1)N1CCN(Cc2ccccc2)CC1,1,True,,O=C(c1cc2ccccc2o1)N1CCN(Cc2ccccc2)CC1,O=C(c1cc2ccccc2o1)N1CCN(Cc2ccccc2)CC1,1,exact,1,1,B3DB_classification:2425,befuraline,O=C(c1cc2ccccc2o1)N1CCN(Cc2ccccc2)CC1,B3DB_classification:2425,befuraline,O=C(c1cc2ccccc2o1)N1CCN(Cc2ccccc2)CC1,,,
tdc_no_conflict_salt_removed,valid,146,valid:146,c1cc(CN2CCCCC2)cc(OCCCNc2nc3ccccc3s2)c1,1,True,,c1cc(CN2CCCCC2)cc(OCCCNc2nc3ccccc3s2)c1,c1cc(CN2CCCCC2)cc(OCCCNc2nc3ccccc3s2)c1,1,exact,1,1,B3DB_classification:620,zolantidine; 41,c1cc(CN2CCCCC2)cc(OCCCNc2nc3ccccc3s2)c1,B3DB_classification:620,zolantidine; 41,c1cc(CN2CCCCC2)cc(OCCCNc2nc3ccccc3s2)c1,,,
tdc_no_conflict_salt_removed,valid,147,valid:147,c1cc(CN2CCCCC2)cc(OCCCNc2nc3ccccc3o2)c1,1,True,,c1cc(CN2CCCCC2)cc(OCCCNc2nc3ccccc3o2)c1,c1cc(CN2CCCCC2)cc(OCCCNc2nc3ccccc3o2)c1,1,exact,1,1,B3DB_classification:680,"b-066, skb-42",c1cc(CN2CCCCC2)cc(OCCCNc2nc3ccccc3o2)c1,B3DB_classification:680,"b-066, skb-42",c1cc(CN2CCCCC2)cc(OCCCNc2nc3ccccc3o2)c1,,,
tdc_no_conflict_salt_removed,valid,148,valid:148,NC(=O)c1ncn([C@@H]2O[C@H](CO)[C@@H](O)[C@H]2O)n1,0,True,,NC(=O)c1ncn([C@@H]2O[C@H](CO)[C@@H](O)[C@H]2O)n1,NC(=O)c1ncn([C@@H]2O[C@H](CO)[C@@H](O)[C@H]2O)n1,1,exact,0,0,B3DB_classification:2302,ribavirin,NC(=O)c1ncn([C@@H]2O[C@H](CO)[C@@H](O)[C@H]2O)n1,B3DB_classification:2302,ribavirin,NC(=O)c1ncn([C@@H]2O[C@H](CO)[C@@H](O)[C@H]2O)n1,,,
tdc_no_conflict_salt_removed,valid,149,valid:149,CC(C)(C)C(=O)OCOC(=O)C1N2C(=O)[C@@H](N=CN3CCCCCC3)[C@H]2SC1(C)C,0,True,,CC(C)(C)C(=O)OCOC(=O)C1N2C(=O)[C@@H](N=CN3CCCCCC3)[C@H]2SC1(C)C,CC(C)(C)C(=O)OCOC(=O)C1N2C(=O)[C@@H](N=CN3CCCCCC3)[C@H]2SC1(C)C,1,exact,0,0,B3DB_classification:1224,amdinocillinpivoxil,CC(C)(C)C(=O)OCOC(=O)C1N2C(=O)[C@@H](N=CN3CCCCCC3)[C@H]2SC1(C)C,B3DB_classification:1224,amdinocillinpivoxil,CC(C)(C)C(=O)OCOC(=O)C1N2C(=O)[C@@H](N=CN3CCCCCC3)[C@H]2SC1(C)C,,,
tdc_no_conflict_salt_removed,valid,150,valid:150,CC1(C)S[C@@H]2[C@H](N=CN3CCCCCC3)C(=O)N2[C@H]1C(=O)O,0,True,,CC1(C)S[C@@H]2[C@H](N=CN3CCCCCC3)C(=O)N2[C@H]1C(=O)O,CC1(C)S[C@@H]2[C@H](N=CN3CCCCCC3)C(=O)N2[C@H]1C(=O)O,1,exact,0,0,B3DB_classification:1348,mecillinam,CC1(C)S[C@@H]2[C@H](N=CN3CCCCCC3)C(=O)N2[C@H]1C(=O)O,B3DB_classification:1348,mecillinam,CC1(C)S[C@@H]2[C@H](N=CN3CCCCCC3)C(=O)N2[C@H]1C(=O)O,,,
tdc_no_conflict_salt_removed,valid,151,valid:151,CCOC(=O)OC(C)OC(=O)[C@@H]1N2C(=O)[C@@H](N=CN3CCCCCC3)[C@H]2SC1(C)C,0,True,,CCOC(=O)OC(C)OC(=O)[C@@H]1N2C(=O)[C@@H](N=CN3CCCCCC3)[C@H]2SC1(C)C,CCOC(=O)OC(C)OC(=O)[C@@H]1N2C(=O)[C@@H](N=CN3CCCCCC3)[C@H]2SC1(C)C,1,exact,0,0,B3DB_classification:1643,bacmecillinam,CCOC(=O)OC(C)OC(=O)[C@@H]1N2C(=O)[C@@H](N=CN3CCCCCC3)[C@H]2SC1(C)C,B3DB_classification:1643,bacmecillinam,CCOC(=O)OC(C)OC(=O)[C@@H]1N2C(=O)[C@@H](N=CN3CCCCCC3)[C@H]2SC1(C)C,,,
tdc_no_conflict_salt_removed,valid,152,valid:152,COc1nc2nc(-c3noc(C)n3)cn2c2c1CCCC2,1,True,,COc1nc2nc(-c3noc(C)n3)cn2c2c1CCCC2,COc1nc2nc(-c3noc(C)n3)cn2c2c1CCCC2,1,exact,1,1,B3DB_classification:2085,taniplon,COc1nc2nc(-c3noc(C)n3)cn2c2c1CCCC2,B3DB_classification:2085,taniplon,COc1nc2nc(-c3noc(C)n3)cn2c2c1CCCC2,,,
tdc_no_conflict_salt_removed,valid,153,valid:153,CN(C)Cc1ccc(CSCCNc2nc(=O)c(Cc3ccc4ccccc4c3)c[nH]2)o1,0,True,,CN(C)Cc1ccc(CSCCNc2nc(=O)c(Cc3ccc4ccccc4c3)c[nH]2)o1,CN(C)Cc1ccc(CSCCNc2nc(=O)c(Cc3ccc4ccccc4c3)c[nH]2)o1,1,exact,0,0,B3DB_classification:72,sk&f 93319,CN(C)Cc1ccc(CSCCNc2nc(=O)c(Cc3ccc4ccccc4c3)c[nH]2)o1,B3DB_classification:72,sk&f 93319,CN(C)Cc1ccc(CSCCNc2nc(=O)c(Cc3ccc4ccccc4c3)c[nH]2)o1,,,
tdc_no_conflict_salt_removed,valid,154,valid:154,C=CCN1CCCC1CNC(=O)c1cc(S(N)(=O)=O)cc(OC)c1OC,1,True,,C=CCN1CCCC1CNC(=O)c1cc(S(N)(=O)=O)cc(OC)c1OC,C=CCN1CCCC1CNC(=O)c1cc(S(N)(=O)=O)cc(OC)c1OC,1,exact,1,1,B3DB_classification:1120,veralipride,C=CCN1CCCC1CNC(=O)c1cc(S(N)(=O)=O)cc(OC)c1OC,B3DB_classification:1120,veralipride,C=CCN1CCCC1CNC(=O)c1cc(S(N)(=O)=O)cc(OC)c1OC,,,
tdc_no_conflict_salt_removed,valid,155,valid:155,C=CCN1CCCC1CNC(=O)c1cc(S(=O)(=O)NC)c(N)cc1OC,1,True,,C=CCN1CCCC1CNC(=O)c1cc(S(=O)(=O)NC)c(N)cc1OC,C=CCN1CCCC1CNC(=O)c1cc(S(=O)(=O)NC)c(N)cc1OC,1,exact,1,1,B3DB_classification:1119,alpiropride,C=CCN1CCCC1CNC(=O)c1cc(S(=O)(=O)NC)c(N)cc1OC,B3DB_classification:1119,alpiropride,C=CCN1CCCC1CNC(=O)c1cc(S(=O)(=O)NC)c(N)cc1OC,,,
tdc_no_conflict_salt_removed,valid,156,valid:156,CCCN1CCCC1CNC(=O)c1cc(S(N)(=O)=O)ccc1OC,1,True,,CCCN1CCCC1CNC(=O)c1cc(S(N)(=O)=O)ccc1OC,CCCN1CCCC1CNC(=O)c1cc(S(N)(=O)=O)ccc1OC,1,exact,1,1,B3DB_classification:1563,prosulpride,CCCN1CCCC1CNC(=O)c1cc(S(N)(=O)=O)ccc1OC,B3DB_classification:1563,prosulpride,CCCN1CCCC1CNC(=O)c1cc(S(N)(=O)=O)ccc1OC,,,
tdc_no_conflict_salt_removed,valid,157,valid:157,COc1ccc(S(N)(=O)=O)cc1C(=O)NCC1CCCN1C,1,True,,COc1ccc(S(N)(=O)=O)cc1C(=O)NCC1CCCN1C,COc1ccc(S(N)(=O)=O)cc1C(=O)NCC1CCCN1C,1,exact,1,1,B3DB_classification:2052,sulmepride,COc1ccc(S(N)(=O)=O)cc1C(=O)NCC1CCCN1C,B3DB_classification:2052,sulmepride,COc1ccc(S(N)(=O)=O)cc1C(=O)NCC1CCCN1C,,,
tdc_no_conflict_salt_removed,valid,158,valid:158,CCN1CCCC1CNC(=O)c1cc(S(=O)(=O)CC)ccc1OC,1,True,,CCN1CCCC1CNC(=O)c1cc(S(=O)(=O)CC)ccc1OC,CCN1CCCC1CNC(=O)c1cc(S(=O)(=O)CC)ccc1OC,1,exact,1,1,B3DB_classification:1613,sultopride,CCN1CCCC1CNC(=O)c1cc(S(=O)(=O)CC)ccc1OC,B3DB_classification:1613,sultopride,CCN1CCCC1CNC(=O)c1cc(S(=O)(=O)CC)ccc1OC,,,
tdc_no_conflict_salt_removed,valid,159,valid:159,CCN1CCC[C@H]1CNC(=O)c1c(OC)ccc(Br)c1OC,1,True,,CCN1CCC[C@H]1CNC(=O)c1c(OC)ccc(Br)c1OC,CCN1CCC[C@H]1CNC(=O)c1c(OC)ccc(Br)c1OC,1,exact,1,1,B3DB_classification:1614,remoxipride,CCN1CCC[C@H]1CNC(=O)c1c(OC)ccc(Br)c1OC,B3DB_classification:1614,remoxipride,CCN1CCC[C@H]1CNC(=O)c1c(OC)ccc(Br)c1OC,,,
tdc_no_conflict_salt_removed,valid,160,valid:160,CCN1CCCC1CNC(=O)c1cc(S(=O)(=O)CC)c(N)cc1OC,1,True,,CCN1CCCC1CNC(=O)c1cc(S(=O)(=O)CC)c(N)cc1OC,CCN1CCCC1CNC(=O)c1cc(S(=O)(=O)CC)c(N)cc1OC,1,exact,1,1,B3DB_classification:1612,amisulpride,CCN1CCCC1CNC(=O)c1cc(S(=O)(=O)CC)c(N)cc1OC,B3DB_classification:1612,amisulpride,CCN1CCCC1CNC(=O)c1cc(S(=O)(=O)CC)c(N)cc1OC,,,
tdc_no_conflict_salt_removed,valid,161,valid:161,CCN1CCCC1CNC(=O)c1cc(C(C)=O)ccc1OC,1,True,,CCN1CCCC1CNC(=O)c1cc(C(C)=O)ccc1OC,CCN1CCCC1CNC(=O)c1cc(C(C)=O)ccc1OC,1,exact,1,1,B3DB_classification:1611,etacepride,CCN1CCCC1CNC(=O)c1cc(C(C)=O)ccc1OC,B3DB_classification:1611,etacepride,CCN1CCCC1CNC(=O)c1cc(C(C)=O)ccc1OC,,,
tdc_no_conflict_salt_removed,valid,162,valid:162,CCN1CCCC1CNC(=O)c1cc(S(N)(=O)=O)ccc1OC,1,True,,CCN1CCCC1CNC(=O)c1cc(S(N)(=O)=O)ccc1OC,CCN1CCCC1CNC(=O)c1cc(S(N)(=O)=O)ccc1OC,1,exact,0,0,B3DB_classification:114,sulpiride,CCN1CCCC1CNC(=O)c1cc(S(N)(=O)=O)ccc1OC,B3DB_classification:114,sulpiride,CCN1CCCC1CNC(=O)c1cc(S(N)(=O)=O)ccc1OC,,,b3db_exact_label_mismatch|b3db_salt_removed_label_mismatch
tdc_no_conflict_salt_removed,valid,163,valid:163,S=C(NC1CCCCC1)N1CCC(c2c[nH]cn2)CC1,1,True,,S=C(NC1CCCCC1)N1CCC(c2c[nH]cn2)CC1,S=C(NC1CCCCC1)N1CCC(c2c[nH]cn2)CC1,1,unmatched,,,,,,,,,,,
tdc_no_conflict_salt_removed,valid,164,valid:164,CC1=NN(c2ccccc2)C(=O)C1,1,True,,CC1=NN(c2ccccc2)C(=O)C1,CC1=NN(c2ccccc2)C(=O)C1,1,exact,1,1,B3DB_classification:1390,edaravone,CC1=NN(c2ccccc2)C(=O)C1,B3DB_classification:1390,edaravone,CC1=NN(c2ccccc2)C(=O)C1,,,
tdc_no_conflict_salt_removed,valid,165,valid:165,CC(Oc1cccc2ccccc12)/C(N)=N/O,1,True,,CC(Oc1cccc2ccccc12)/C(N)=N/O,CC(Oc1cccc2ccccc12)/C(N)=N/O,1,unmatched,,,,,,,,,,,
tdc_no_conflict_salt_removed,valid,166,valid:166,CN=C(Cc1ccc2ccccc2c1)[NH2+]C,1,True,,CN=C(Cc1ccc2ccccc2c1)[NH2+]C,CN=C(Cc1ccc2ccccc2c1)[NH2+]C,1,unmatched,,,,,,,,,,,
tdc_no_conflict_salt_removed,valid,167,valid:167,CC1(C)OC(=O)Nc2ccc(Br)cc21,1,True,,CC1(C)OC(=O)Nc2ccc(Br)cc21,CC1(C)OC(=O)Nc2ccc(Br)cc21,1,exact,1,1,B3DB_classification:1329,brofoxine,CC1(C)OC(=O)Nc2ccc(Br)cc21,B3DB_classification:1329,brofoxine,CC1(C)OC(=O)Nc2ccc(Br)cc21,,,
tdc_no_conflict_salt_removed,valid,168,valid:168,NC(=O)c1ccc(F)c2c1C[C@@H](N(C1CCC1)C1CCC1)CO2,1,True,,NC(=O)c1ccc(F)c2c1C[C@@H](N(C1CCC1)C1CCC1)CO2,NC(=O)c1ccc(F)c2c1C[C@@H](N(C1CCC1)C1CCC1)CO2,1,exact,1,1,B3DB_classification:2298,robalzotan,NC(=O)c1ccc(F)c2c1C[C@@H](N(C1CCC1)C1CCC1)CO2,B3DB_classification:2298,robalzotan,NC(=O)c1ccc(F)c2c1C[C@@H](N(C1CCC1)C1CCC1)CO2,,,
tdc_no_conflict_salt_removed,valid,169,valid:169,CC(C)NC(=O)OC1CCN(CCCC(=O)c2ccc(F)cc2)CC1,1,True,,CC(C)NC(=O)OC1CCN(CCCC(=O)c2ccc(F)cc2)CC1,CC(C)NC(=O)OC1CCN(CCCC(=O)c2ccc(F)cc2)CC1,1,exact,1,1,B3DB_classification:1264,carperone,CC(C)NC(=O)OC1CCN(CCCC(=O)c2ccc(F)cc2)CC1,B3DB_classification:1264,carperone,CC(C)NC(=O)OC1CCN(CCCC(=O)c2ccc(F)cc2)CC1,,,
tdc_no_conflict_salt_removed,valid,170,valid:170,CC1CCN(CCCC(=O)c2ccc(F)cc2)CC1,1,True,,CC1CCN(CCCC(=O)c2ccc(F)cc2)CC1,CC1CCN(CCCC(=O)c2ccc(F)cc2)CC1,1,exact,1,1,B3DB_classification:937,melperone,CC1CCN(CCCC(=O)c2ccc(F)cc2)CC1,B3DB_classification:937,melperone,CC1CCN(CCCC(=O)c2ccc(F)cc2)CC1,,,
tdc_no_conflict_salt_removed,valid,171,valid:171,O=c1[nH]cc(F)c(=O)[nH]1,0,True,,O=c1[nH]cc(F)c(=O)[nH]1,O=c1[nH]cc(F)c(=O)[nH]1,1,exact,0,0,B3DB_classification:2507,5-fluorouracil,O=c1[nH]cc(F)c(=O)[nH]1,B3DB_classification:2507,5-fluorouracil,O=c1[nH]cc(F)c(=O)[nH]1,,,
tdc_no_conflict_salt_removed,valid,172,valid:172,Cn1nc(-c2cccc(F)c2)n(C)c1=S,1,True,,Cn1nc(-c2cccc(F)c2)n(C)c1=S,Cn1nc(-c2cccc(F)c2)n(C)c1=S,1,exact,1,1,B3DB_classification:2253,suritozole,Cn1nc(-c2cccc(F)c2)n(C)c1=S,B3DB_classification:2253,suritozole,Cn1nc(-c2cccc(F)c2)n(C)c1=S,,,
tdc_no_conflict_salt_removed,valid,173,valid:173,NC(C(=O)N[C@@H]1C(=O)N2C(C(=O)O)=C(CSc3cn[nH]n3)CS[C@H]12)c1ccc(O)cc1,0,True,,NC(C(=O)N[C@@H]1C(=O)N2C(C(=O)O)=C(CSc3cn[nH]n3)CS[C@H]12)c1ccc(O)cc1,NC(C(=O)N[C@@H]1C(=O)N2C(C(=O)O)=C(CSc3cn[nH]n3)CS[C@H]12)c1ccc(O)cc1,1,exact,0,0,B3DB_classification:2303,cephatriazine,NC(C(=O)N[C@@H]1C(=O)N2C(C(=O)O)=C(CSc3cn[nH]n3)CS[C@H]12)c1ccc(O)cc1,B3DB_classification:2303,cephatriazine,NC(C(=O)N[C@@H]1C(=O)N2C(C(=O)O)=C(CSc3cn[nH]n3)CS[C@H]12)c1ccc(O)cc1,,,
tdc_no_conflict_salt_removed,valid,174,valid:174,CC1Oc2ccccc2CC1N(C)C,1,True,,CC1Oc2ccccc2CC1N(C)C,CC1Oc2ccccc2CC1N(C)C,1,exact,1,1,B3DB_classification:1410,trebenzomine,CC1Oc2ccccc2CC1N(C)C,B3DB_classification:1410,trebenzomine,CC1Oc2ccccc2CC1N(C)C,,,
tdc_no_conflict_salt_removed,valid,175,valid:175,Cc1c(C)c2c(c(C)c1O)CC[C@@](C)(CCC[C@H](C)CCC[C@H](C)CCCC(C)C)O2,1,True,,Cc1c(C)c2c(c(C)c1O)CC[C@@](C)(CCC[C@H](C)CCC[C@H](C)CCCC(C)C)O2,Cc1c(C)c2c(c(C)c1O)CC[C@@](C)(CCC[C@H](C)CCC[C@H](C)CCCC(C)C)O2,1,exact,1,1,B3DB_classification:2163,vitamine(alpha-tocopherol),Cc1c(C)c2c(c(C)c1O)CC[C@@](C)(CCC[C@H](C)CCC[C@H](C)CCCC(C)C)O2,B3DB_classification:2163,vitamine(alpha-tocopherol),Cc1c(C)c2c(c(C)c1O)CC[C@@](C)(CCC[C@H](C)CCC[C@H](C)CCCC(C)C)O2,,,
tdc_no_conflict_salt_removed,valid,176,valid:176,Nc1nc2ccc(OC(F)(F)F)cc2s1,1,True,,Nc1nc2ccc(OC(F)(F)F)cc2s1,Nc1nc2ccc(OC(F)(F)F)cc2s1,1,exact,1,1,B3DB_classification:726,riluzole,Nc1nc2ccc(OC(F)(F)F)cc2s1,B3DB_classification:726,riluzole,Nc1nc2ccc(OC(F)(F)F)cc2s1,,,
tdc_no_conflict_salt_removed,valid,177,valid:177,CNCCON=c1c2ccccc2ccc2ccccc12,1,True,,CNCCON=c1c2ccccc2ccc2ccccc12,CNCCON=c1c2ccccc2ccc2ccccc12,1,exact,1,1,B3DB_classification:1926,demexiptiline,CNCCON=c1c2ccccc2ccc2ccccc12,B3DB_classification:1926,demexiptiline,CNCCON=c1c2ccccc2ccc2ccccc12,,,
tdc_no_conflict_salt_removed,valid,178,valid:178,O=C1CCC(=O)N1CC1CCC2CN(c3ncccn3)CCN2C1,1,True,,O=C1CCC(=O)N1CC1CCC2CN(c3ncccn3)CCN2C1,O=C1CCC(=O)N1CC1CCC2CN(c3ncccn3)CCN2C1,1,exact,1,1,B3DB_classification:2437,sunepitron,O=C1CCC(=O)N1CC1CCC2CN(c3ncccn3)CCN2C1,B3DB_classification:2437,sunepitron,O=C1CCC(=O)N1CC1CCC2CN(c3ncccn3)CCN2C1,,,
tdc_no_conflict_salt_removed,valid,179,valid:179,CC(C)n1c(/C=C/[C@@H](O)C[C@H](O)CC(=O)O)c(-c2ccc(F)cc2)c2ccccc21,1,True,,CC(C)n1c(/C=C/[C@@H](O)C[C@H](O)CC(=O)O)c(-c2ccc(F)cc2)c2ccccc21,CC(C)n1c(/C=C/[C@@H](O)C[C@H](O)CC(=O)O)c(-c2ccc(F)cc2)c2ccccc21,1,exact,1,1,B3DB_classification:1281,fluvastatin,CC(C)n1c(/C=C/[C@@H](O)C[C@H](O)CC(=O)O)c(-c2ccc(F)cc2)c2ccccc21,B3DB_classification:1281,fluvastatin,CC(C)n1c(/C=C/[C@@H](O)C[C@H](O)CC(=O)O)c(-c2ccc(F)cc2)c2ccccc21,,,
tdc_no_conflict_salt_removed,valid,180,valid:180,CN(C)CCN(C)n1cc(-c2ccccc2)c2ccccc21,1,True,,CN(C)CCN(C)n1cc(-c2ccccc2)c2ccccc21,CN(C)CCN(C)n1cc(-c2ccccc2)c2ccccc21,1,exact,1,1,B3DB_classification:1758,binedaline,CN(C)CCN(C)n1cc(-c2ccccc2)c2ccccc21,B3DB_classification:1758,binedaline,CN(C)CCN(C)n1cc(-c2ccccc2)c2ccccc21,,,
tdc_no_conflict_salt_removed,valid,181,valid:181,O=C1CC(=O)N(c2ccccc2)c2cc(Cl)ccc2N1,1,True,,O=C1CC(=O)N(c2ccccc2)c2cc(Cl)ccc2N1,O=C1CC(=O)N(c2ccccc2)c2cc(Cl)ccc2N1,1,exact,1,1,B3DB_classification:772,desmethylclobazam;          norclobazam; nordiazepam,O=C1CC(=O)N(c2ccccc2)c2cc(Cl)ccc2N1,B3DB_classification:772,desmethylclobazam;          norclobazam; nordiazepam,O=C1CC(=O)N(c2ccccc2)c2cc(Cl)ccc2N1,,,
tdc_no_conflict_salt_removed,valid,182,valid:182,CN1C(=O)CC(=O)N(c2ccccc2)c2cc(Cl)ccc21,1,True,,CN1C(=O)CC(=O)N(c2ccccc2)c2cc(Cl)ccc21,CN1C(=O)CC(=O)N(c2ccccc2)c2cc(Cl)ccc21,1,exact,1,1,B3DB_classification:728,22316-47-8,CN1C(=O)CC(=O)N(c2ccccc2)c2cc(Cl)ccc21,B3DB_classification:728,22316-47-8,CN1C(=O)CC(=O)N(c2ccccc2)c2cc(Cl)ccc21,,,
tdc_no_conflict_salt_removed,valid,183,valid:183,CN1C(=O)CC(=O)N(c2ccccc2)c2cc(C(F)(F)F)ccc21,1,True,,CN1C(=O)CC(=O)N(c2ccccc2)c2cc(C(F)(F)F)ccc21,CN1C(=O)CC(=O)N(c2ccccc2)c2cc(C(F)(F)F)ccc21,1,exact,1,1,B3DB_classification:1800,triflubazam,CN1C(=O)CC(=O)N(c2ccccc2)c2cc(C(F)(F)F)ccc21,B3DB_classification:1800,triflubazam,CN1C(=O)CC(=O)N(c2ccccc2)c2cc(C(F)(F)F)ccc21,,,
tdc_no_conflict_salt_removed,valid,184,valid:184,CC1NC(=O)COC1c1ccccc1,1,True,,CC1NC(=O)COC1c1ccccc1,CC1NC(=O)COC1c1ccccc1,1,exact,1,1,B3DB_classification:1404,fenmetramide,CC1NC(=O)COC1c1ccccc1,B3DB_classification:1404,fenmetramide,CC1NC(=O)COC1c1ccccc1,,,
tdc_no_conflict_salt_removed,valid,185,valid:185,CC(=O)OCC(=O)[C@@]1(O)CC[C@H]2[C@@H]3CCC4=CC(=O)CC[C@]4(C)[C@H]3C(=O)C[C@@]21C,1,True,,CC(=O)OCC(=O)[C@@]1(O)CC[C@H]2[C@@H]3CCC4=CC(=O)CC[C@]4(C)[C@H]3C(=O)C[C@@]21C,CC(=O)OCC(=O)[C@@]1(O)CC[C@H]2[C@@H]3CCC4=CC(=O)CC[C@]4(C)[C@H]3C(=O)C[C@@]21C,1,exact,1,1,B3DB_classification:1167,cortisone acetate,CC(=O)OCC(=O)[C@@]1(O)CC[C@H]2[C@@H]3CCC4=CC(=O)CC[C@]4(C)[C@H]3C(=O)C[C@@]21C,B3DB_classification:1167,cortisone acetate,CC(=O)OCC(=O)[C@@]1(O)CC[C@H]2[C@@H]3CCC4=CC(=O)CC[C@]4(C)[C@H]3C(=O)C[C@@]21C,,,
tdc_no_conflict_salt_removed,valid,186,valid:186,C[C@]12CCC(=O)C=C1CC[C@@H]1[C@@H]2C(=O)C[C@@]2(C)[C@H]1CC[C@]2(O)C(=O)CO,0,True,,C[C@]12CCC(=O)C=C1CC[C@@H]1[C@@H]2C(=O)C[C@@]2(C)[C@H]1CC[C@]2(O)C(=O)CO,C[C@]12CCC(=O)C=C1CC[C@@H]1[C@@H]2C(=O)C[C@@]2(C)[C@H]1CC[C@]2(O)C(=O)CO,1,unmatched,,,,,,,,,,,
tdc_no_conflict_salt_removed,valid,187,valid:187,OC(c1ccccc1)(c1ccccc1)C1CCNCC1,1,True,,OC(c1ccccc1)(c1ccccc1)C1CCNCC1,OC(c1ccccc1)(c1ccccc1)C1CCNCC1,1,exact,1,1,B3DB_classification:2523,azacyclonol,OC(c1ccccc1)(c1ccccc1)C1CCNCC1,B3DB_classification:2523,azacyclonol,OC(c1ccccc1)(c1ccccc1)C1CCNCC1,,,
tdc_no_conflict_salt_removed,valid,188,valid:188,C=C1Cc2c(CCN(CCC)CCC)ccc(O)c2N1,1,True,,C=C1Cc2c(CCN(CCC)CCC)ccc(O)c2N1,C=C1Cc2c(CCN(CCC)CCC)ccc(O)c2N1,1,exact,1,1,B3DB_classification:1095,1948-01-01 00:00:00,C=C1Cc2c(CCN(CCC)CCC)ccc(O)c2N1,B3DB_classification:1095,1948-01-01 00:00:00,C=C1Cc2c(CCN(CCC)CCC)ccc(O)c2N1,,,
tdc_no_conflict_salt_removed,valid,189,valid:189,CC(=O)C1CCC2C3CC=C4CC(OC(=O)CCC(=O)O)CCC4(C)C3CCC12C,1,True,,CC(=O)C1CCC2C3CC=C4CC(OC(=O)CCC(=O)O)CCC4(C)C3CCC12C,CC(=O)C1CCC2C3CC=C4CC(OC(=O)CCC(=O)O)CCC4(C)C3CCC12C,1,exact,1,1,B3DB_classification:1136,pregnenolone-succinate,CC(=O)C1CCC2C3CC=C4CC(OC(=O)CCC(=O)O)CCC4(C)C3CCC12C,B3DB_classification:1136,pregnenolone-succinate,CC(=O)C1CCC2C3CC=C4CC(OC(=O)CCC(=O)O)CCC4(C)C3CCC12C,,,
tdc_no_conflict_salt_removed,valid,190,valid:190,COc1ccc(C(=O)N2CCCC2=O)cc1,1,True,,COc1ccc(C(=O)N2CCCC2=O)cc1,COc1ccc(C(=O)N2CCCC2=O)cc1,1,exact,1,1,B3DB_classification:2043,aniracetam,COc1ccc(C(=O)N2CCCC2=O)cc1,B3DB_classification:2043,aniracetam,COc1ccc(C(=O)N2CCCC2=O)cc1,,,
tdc_no_conflict_salt_removed,valid,191,valid:191,CC1(C)CN(CCN2CCN(c3cccc(Cl)c3)C2=O)C1,1,True,,CC1(C)CN(CCN2CCN(c3cccc(Cl)c3)C2=O)C1,CC1(C)CN(CCN2CCN(c3cccc(Cl)c3)C2=O)C1,1,exact,1,1,B3DB_classification:1326,zetidoline,CC1(C)CN(CCN2CCN(c3cccc(Cl)c3)C2=O)C1,B3DB_classification:1326,zetidoline,CC1(C)CN(CCN2CCN(c3cccc(Cl)c3)C2=O)C1,,,
tdc_no_conflict_salt_removed,valid,192,valid:192,C#C[C@]1(O)CC[C@H]2C3CCC4=Cc5c(cnn5-c5ccc(F)cc5)CC4(C)[C@H]3CCC21C,1,True,,C#C[C@]1(O)CC[C@H]2C3CCC4=Cc5c(cnn5-c5ccc(F)cc5)CC4(C)[C@H]3CCC21C,C#C[C@]1(O)CC[C@H]2C3CCC4=Cc5c(cnn5-c5ccc(F)cc5)CC4(C)[C@H]3CCC21C,1,exact,1,1,B3DB_classification:1069,nivazol(nivacortol),C#C[C@]1(O)CC[C@H]2C3CCC4=Cc5c(cnn5-c5ccc(F)cc5)CC4(C)[C@H]3CCC21C,B3DB_classification:1069,nivazol(nivacortol),C#C[C@]1(O)CC[C@H]2C3CCC4=Cc5c(cnn5-c5ccc(F)cc5)CC4(C)[C@H]3CCC21C,,,
tdc_no_conflict_salt_removed,valid,193,valid:193,CN1CCC2(C)CC(Cc3ccc(O)cc32)C1,1,True,,CN1CCC2(C)CC(Cc3ccc(O)cc32)C1,CN1CCC2(C)CC(Cc3ccc(O)cc32)C1,1,exact,1,1,B3DB_classification:1831,eptazocine,CN1CCC2(C)CC(Cc3ccc(O)cc32)C1,B3DB_classification:1831,eptazocine,CN1CCC2(C)CC(Cc3ccc(O)cc32)C1,,,
tdc_no_conflict_salt_removed,valid,194,valid:194,CC1(C)S[C@@H]2[C@H]([NH+]3C(=O)C(c4ccc(O)cc4)NC3(C)C)C(=O)N2[C@H]1C(=O)O,0,True,,CC1(C)S[C@@H]2[C@H]([NH+]3C(=O)C(c4ccc(O)cc4)NC3(C)C)C(=O)N2[C@H]1C(=O)O,CC1(C)S[C@@H]2[C@H]([NH+]3C(=O)C(c4ccc(O)cc4)NC3(C)C)C(=O)N2[C@H]1C(=O)O,1,unmatched,,,,,,,,,,,
tdc_no_conflict_salt_removed,test,0,test:0,CN1C(=O)CN=C(C2=CCCCC2)c2cc(Cl)ccc21,1,True,,CN1C(=O)CN=C(C2=CCCCC2)c2cc(Cl)ccc21,CN1C(=O)CN=C(C2=CCCCC2)c2cc(Cl)ccc21,1,exact,1,1,B3DB_classification:1809,tetrazepam,CN1C(=O)CN=C(C2=CCCCC2)c2cc(Cl)ccc21,B3DB_classification:1809,tetrazepam,CN1C(=O)CN=C(C2=CCCCC2)c2cc(Cl)ccc21,,,
tdc_no_conflict_salt_removed,test,1,test:1,CN1C(=O)CN=C(C2=CCCCC2)c2cc([N+](=O)[O-])ccc21,1,True,,CN1C(=O)CN=C(C2=CCCCC2)c2cc([N+](=O)[O-])ccc21,CN1C(=O)CN=C(C2=CCCCC2)c2cc([N+](=O)[O-])ccc21,1,exact,1,1,B3DB_classification:1810,menitrazepam,CN1C(=O)CN=C(C2=CCCCC2)c2cc([N+](=O)[O-])ccc21,B3DB_classification:1810,menitrazepam,CN1C(=O)CN=C(C2=CCCCC2)c2cc([N+](=O)[O-])ccc21,,,
tdc_no_conflict_salt_removed,test,2,test:2,O=C1CN=C(C2=CCCCC2)c2cc(Cl)ccc2N1,1,True,,O=C1CN=C(C2=CCCCC2)c2cc(Cl)ccc2N1,O=C1CN=C(C2=CCCCC2)c2cc(Cl)ccc2N1,1,exact,1,1,B3DB_classification:2455,nortetrazepam,O=C1CN=C(C2=CCCCC2)c2cc(Cl)ccc2N1,B3DB_classification:2455,nortetrazepam,O=C1CN=C(C2=CCCCC2)c2cc(Cl)ccc2N1,,,
tdc_no_conflict_salt_removed,test,3,test:3,Cc1onc(-c2ccccc2)c1C(=O)N[C@@H]1C(=O)N2[C@@H]1SC(C)(C)[C@@H]2C(=O)O,0,True,,Cc1onc(-c2ccccc2)c1C(=O)N[C@@H]1C(=O)N2[C@@H]1SC(C)(C)[C@@H]2C(=O)O,Cc1onc(-c2ccccc2)c1C(=O)N[C@@H]1C(=O)N2[C@@H]1SC(C)(C)[C@@H]2C(=O)O,1,exact,0,0,B3DB_classification:2236,oxacillin,Cc1onc(-c2ccccc2)c1C(=O)N[C@@H]1C(=O)N2[C@@H](C(=O)O)C(C)(C)S[C@H]12,B3DB_classification:2236,oxacillin,Cc1onc(-c2ccccc2)c1C(=O)N[C@@H]1C(=O)N2[C@@H](C(=O)O)C(C)(C)S[C@H]12,,,
tdc_no_conflict_salt_removed,test,4,test:4,Cc1onc(-c2c(F)cccc2Cl)c1C(=O)N[C@@H]1C(=O)N2[C@@H]1SC(C)(C)[C@@H]2C(=O)O,0,True,,Cc1onc(-c2c(F)cccc2Cl)c1C(=O)N[C@@H]1C(=O)N2[C@@H]1SC(C)(C)[C@@H]2C(=O)O,Cc1onc(-c2c(F)cccc2Cl)c1C(=O)N[C@@H]1C(=O)N2[C@@H]1SC(C)(C)[C@@H]2C(=O)O,1,exact,0,0,B3DB_classification:2235,flucloxacillin,Cc1onc(-c2c(F)cccc2Cl)c1C(=O)N[C@@H]1C(=O)N2[C@@H](C(=O)O)C(C)(C)S[C@H]12,B3DB_classification:2235,flucloxacillin,Cc1onc(-c2c(F)cccc2Cl)c1C(=O)N[C@@H]1C(=O)N2[C@@H](C(=O)O)C(C)(C)S[C@H]12,,,
tdc_no_conflict_salt_removed,test,5,test:5,Cc1onc(-c2ccccc2Cl)c1C(=O)N[C@@H]1C(=O)N2[C@@H]1SC(C)(C)[C@@H]2C(=O)O,1,True,,Cc1onc(-c2ccccc2Cl)c1C(=O)N[C@@H]1C(=O)N2[C@@H]1SC(C)(C)[C@@H]2C(=O)O,Cc1onc(-c2ccccc2Cl)c1C(=O)N[C@@H]1C(=O)N2[C@@H]1SC(C)(C)[C@@H]2C(=O)O,1,unmatched,,,,,,,,,,,
tdc_no_conflict_salt_removed,test,6,test:6,Cc1onc(-c2c(Cl)cccc2Cl)c1C(=O)N[C@@H]1C(=O)N2[C@@H]1SC(C)(C)[C@@H]2C(=O)O,0,True,,Cc1onc(-c2c(Cl)cccc2Cl)c1C(=O)N[C@@H]1C(=O)N2[C@@H]1SC(C)(C)[C@@H]2C(=O)O,Cc1onc(-c2c(Cl)cccc2Cl)c1C(=O)N[C@@H]1C(=O)N2[C@@H]1SC(C)(C)[C@@H]2C(=O)O,1,exact,0,0,B3DB_classification:2234,dicloxacillin,Cc1onc(-c2c(Cl)cccc2Cl)c1C(=O)N[C@@H]1C(=O)N2[C@@H](C(=O)O)C(C)(C)S[C@H]12,B3DB_classification:2234,dicloxacillin,Cc1onc(-c2c(Cl)cccc2Cl)c1C(=O)N[C@@H]1C(=O)N2[C@@H](C(=O)O)C(C)(C)S[C@H]12,,,
tdc_no_conflict_salt_removed,test,7,test:7,C[S+](CC[C@H](N)C(=O)[O-])C[C@H]1O[C@@H](n2cnc3c(N)ncnc32)[C@H](O)[C@@H]1O,1,True,,C[S+](CC[C@H](N)C(=O)[O-])C[C@H]1O[C@@H](n2cnc3c(N)ncnc32)[C@H](O)[C@@H]1O,C[S+](CC[C@H](N)C(=O)[O-])C[C@H]1O[C@@H](n2cnc3c(N)ncnc32)[C@H](O)[C@@H]1O,1,unmatched,,,,,,,,,,,
tdc_no_conflict_salt_removed,test,8,test:8,Nc1nc(Cl)nc2c1ncn2[C@H]1C[C@H](O)[C@@H](CO)O1,1,True,,Nc1nc(Cl)nc2c1ncn2[C@H]1C[C@H](O)[C@@H](CO)O1,Nc1nc(Cl)nc2c1ncn2[C@H]1C[C@H](O)[C@@H](CO)O1,1,unmatched,,,,,,,,,,,
tdc_no_conflict_salt_removed,test,9,test:9,Nc1ncnc2c1ncn2C1OC(CO)C(O)C1O,1,True,,Nc1ncnc2c1ncn2C1OC(CO)C(O)C1O,Nc1ncnc2c1ncn2C1OC(CO)C(O)C1O,1,unmatched,,,,,,,,,,,
tdc_no_conflict_salt_removed,test,10,test:10,Cl/C(=C\n1cncn1)c1ccc(Cl)cc1Cl,1,True,,Cl/C(=C\n1cncn1)c1ccc(Cl)cc1Cl,Cl/C(=C\n1cncn1)c1ccc(Cl)cc1Cl,1,exact,1,1,B3DB_classification:708,loreclezole,Cl/C(=C\n1cncn1)c1ccc(Cl)cc1Cl,B3DB_classification:708,loreclezole,Cl/C(=C\n1cncn1)c1ccc(Cl)cc1Cl,,,
tdc_no_conflict_salt_removed,test,11,test:11,CC(=O)[C@H]1CC[C@H]2[C@@H]3CC[C@@H]4C[C@H](O)CC[C@]4(C)[C@H]3CC[C@]12C,1,True,,CC(=O)[C@H]1CC[C@H]2[C@@H]3CC[C@@H]4C[C@H](O)CC[C@]4(C)[C@H]3CC[C@]12C,CC(=O)[C@H]1CC[C@H]2[C@@H]3CC[C@@H]4C[C@H](O)CC[C@]4(C)[C@H]3CC[C@]12C,1,exact,1,1,B3DB_classification:1208,pregnanolone,CC(=O)[C@H]1CC[C@H]2[C@@H]3CC[C@@H]4C[C@H](O)CC[C@]4(C)[C@H]3CC[C@]12C,B3DB_classification:1208,pregnanolone,CC(=O)[C@H]1CC[C@H]2[C@@H]3CC[C@@H]4C[C@H](O)CC[C@]4(C)[C@H]3CC[C@]12C,,,
tdc_no_conflict_salt_removed,test,12,test:12,CC(=O)[C@H]1CC[C@H]2[C@@H]3CC[C@H]4C[C@](C)(O)CC[C@]4(C)[C@H]3CC[C@]12C,1,True,,CC(=O)[C@H]1CC[C@H]2[C@@H]3CC[C@H]4C[C@](C)(O)CC[C@]4(C)[C@H]3CC[C@]12C,CC(=O)[C@H]1CC[C@H]2[C@@H]3CC[C@H]4C[C@](C)(O)CC[C@]4(C)[C@H]3CC[C@]12C,1,exact,1,1,B3DB_classification:1210,ganaxolone,CC(=O)[C@H]1CC[C@H]2[C@@H]3CC[C@H]4C[C@](C)(O)CC[C@]4(C)[C@H]3CC[C@]12C,B3DB_classification:1210,ganaxolone,CC(=O)[C@H]1CC[C@H]2[C@@H]3CC[C@H]4C[C@](C)(O)CC[C@]4(C)[C@H]3CC[C@]12C,,,
tdc_no_conflict_salt_removed,test,13,test:13,CCO[C@H]1C[C@@]2(C)[C@@H](CC[C@@H]3[C@@H]2[C@H](N(C)C)C[C@]2(C)[C@@H](C(C)=O)CC[C@@H]32)C[C@@H]1O,1,True,,CCO[C@H]1C[C@@]2(C)[C@@H](CC[C@@H]3[C@@H]2[C@H](N(C)C)C[C@]2(C)[C@@H](C(C)=O)CC[C@@H]32)C[C@@H]1O,CCO[C@H]1C[C@@]2(C)[C@@H](CC[C@@H]3[C@@H]2[C@H](N(C)C)C[C@]2(C)[C@@H](C(C)=O)CC[C@@H]32)C[C@@H]1O,1,exact,1,1,B3DB_classification:1656,minaxolone,CCO[C@H]1C[C@@]2(C)[C@@H](CC[C@H]3[C@@H]4CC[C@H](C(C)=O)[C@@]4(C)C[C@@H](N(C)C)[C@@H]32)C[C@@H]1O,B3DB_classification:1656,minaxolone,CCO[C@H]1C[C@@]2(C)[C@@H](CC[C@H]3[C@@H]4CC[C@H](C(C)=O)[C@@]4(C)C[C@@H](N(C)C)[C@@H]32)C[C@@H]1O,,,
tdc_no_conflict_salt_removed,test,14,test:14,CC(=O)OC1CC[C@@]2(C)C([C@@H]1Br)[C@H](Br)C[C@H]1[C@@H]3CC[C@H]([C@H](C)CCCC(C)C)[C@@]3(C)CC[C@@H]12,1,True,,CC(=O)OC1CC[C@@]2(C)C([C@@H]1Br)[C@H](Br)C[C@H]1[C@@H]3CC[C@H]([C@H](C)CCCC(C)C)[C@@]3(C)CC[C@@H]12,CC(=O)OC1CC[C@@]2(C)C([C@@H]1Br)[C@H](Br)C[C@H]1[C@@H]3CC[C@H]([C@H](C)CCCC(C)C)[C@@]3(C)CC[C@@H]12,1,exact,1,1,B3DB_classification:1159,schembl1006384,CC(=O)OC1CC[C@@]2(C)C([C@@H]1Br)[C@H](Br)C[C@@H]1[C@@H]2CC[C@@]2(C)[C@H]1CC[C@@H]2[C@H](C)CCCC(C)C,B3DB_classification:1159,schembl1006384,CC(=O)OC1CC[C@@]2(C)C([C@@H]1Br)[C@H](Br)C[C@@H]1[C@@H]2CC[C@@]2(C)[C@H]1CC[C@@H]2[C@H](C)CCCC(C)C,,,
tdc_no_conflict_salt_removed,test,15,test:15,OC(CN1CCCCC1)c1cc(-c2ccccc2)on1,1,True,,OC(CN1CCCCC1)c1cc(-c2ccccc2)on1,OC(CN1CCCCC1)c1cc(-c2ccccc2)on1,1,exact,1,1,B3DB_classification:2517,perisoxal,OC(CN1CCCCC1)c1cc(-c2ccccc2)on1,B3DB_classification:2517,perisoxal,OC(CN1CCCCC1)c1cc(-c2ccccc2)on1,,,
tdc_no_conflict_salt_removed,test,16,test:16,Nc1nc(=O)c2nc(CNc3ccc(C(=O)N[C@@H](CCC(=O)O)C(=O)O)cc3)cnc2[nH]1,1,True,,Nc1nc(=O)c2nc(CNc3ccc(C(=O)N[C@@H](CCC(=O)O)C(=O)O)cc3)cnc2[nH]1,Nc1nc(=O)c2nc(CNc3ccc(C(=O)N[C@@H](CCC(=O)O)C(=O)O)cc3)cnc2[nH]1,1,unmatched,,,,,,,,,,,
tdc_no_conflict_salt_removed,test,17,test:17,CCCN1CC(NS(=O)(=O)N(CC)CC)CC2Cc3c(O)cccc3CC21,1,True,,CCCN1CC(NS(=O)(=O)N(CC)CC)CC2Cc3c(O)cccc3CC21,CCCN1CC(NS(=O)(=O)N(CC)CC)CC2Cc3c(O)cccc3CC21,1,exact,1,1,B3DB_classification:1561,quinagolidum [inn-latin],CCCN1CC(NS(=O)(=O)N(CC)CC)CC2Cc3c(O)cccc3CC21,B3DB_classification:1561,quinagolidum [inn-latin],CCCN1CC(NS(=O)(=O)N(CC)CC)CC2Cc3c(O)cccc3CC21,,,
tdc_no_conflict_salt_removed,test,18,test:18,Cc1ccc2c(c1)C1CN(C)CCC1N2,1,True,,Cc1ccc2c(c1)C1CN(C)CCC1N2,Cc1ccc2c(c1)C1CN(C)CCC1N2,1,exact,1,1,B3DB_classification:2190,dicarbine,Cc1ccc2c(c1)C1CN(C)CCC1N2,B3DB_classification:2190,dicarbine,Cc1ccc2c(c1)C1CN(C)CCC1N2,,,
tdc_no_conflict_salt_removed,test,19,test:19,O=C(c1ccccn1)N1CCN(Cc2ccccc2)CC1,1,True,,O=C(c1ccccn1)N1CCN(Cc2ccccc2)CC1,O=C(c1ccccn1)N1CCN(Cc2ccccc2)CC1,1,exact,1,1,B3DB_classification:2429,piberaline,O=C(c1ccccn1)N1CCN(Cc2ccccc2)CC1,B3DB_classification:2429,piberaline,O=C(c1ccccn1)N1CCN(Cc2ccccc2)CC1,,,
tdc_no_conflict_salt_removed,test,20,test:20,CC1(C)NC(=O)C(/C=C/c2ccccc2)O1,1,True,,CC1(C)NC(=O)C(/C=C/c2ccccc2)O1,CC1(C)NC(=O)C(/C=C/c2ccccc2)O1,1,exact,1,1,B3DB_classification:1327,methastyridone,CC1(C)NC(=O)C(/C=C/c2ccccc2)O1,B3DB_classification:1327,methastyridone,CC1(C)NC(=O)C(/C=C/c2ccccc2)O1,,,
tdc_no_conflict_salt_removed,test,21,test:21,CN1CCN(C2=Nc3ccccc3Oc3ccc(Cl)cc32)CC1,1,True,,CN1CCN(C2=Nc3ccccc3Oc3ccc(Cl)cc32)CC1,CN1CCN(C2=Nc3ccccc3Oc3ccc(Cl)cc32)CC1,1,exact,1,1,B3DB_classification:928,loxapine,CN1CCN(C2=Nc3ccccc3Oc3ccc(Cl)cc32)CC1,B3DB_classification:928,loxapine,CN1CCN(C2=Nc3ccccc3Oc3ccc(Cl)cc32)CC1,,,
tdc_no_conflict_salt_removed,test,22,test:22,Clc1ccc2c(c1)C(N1CCNCC1)=Nc1ccccc1O2,1,True,,Clc1ccc2c(c1)C(N1CCNCC1)=Nc1ccccc1O2,Clc1ccc2c(c1)C(N1CCNCC1)=Nc1ccccc1O2,1,exact,1,1,B3DB_classification:870,amoxapine,Clc1ccc2c(c1)C(N1CCNCC1)=Nc1ccccc1O2,B3DB_classification:870,amoxapine,Clc1ccc2c(c1)C(N1CCNCC1)=Nc1ccccc1O2,,,
tdc_no_conflict_salt_removed,test,23,test:23,CC(C)NCC(O)COc1cccc2[nH]ccc12,1,True,,CC(C)NCC(O)COc1cccc2[nH]ccc12,CC(C)NCC(O)COc1cccc2[nH]ccc12,1,exact,1,1,B3DB_classification:469,pindolol,CC(C)NCC(O)COc1cccc2[nH]ccc12,B3DB_classification:469,pindolol,CC(C)NCC(O)COc1cccc2[nH]ccc12,,,
tdc_no_conflict_salt_removed,test,24,test:24,CN(C)CCc1c[nH]c2ccc(O)cc12,1,True,,CN(C)CCc1c[nH]c2ccc(O)cc12,CN(C)CCc1c[nH]c2ccc(O)cc12,1,exact,0,0,B3DB_classification:103,bufotenine,CN(C)CCc1c[nH]c2ccc(O)cc12,B3DB_classification:103,bufotenine,CN(C)CCc1c[nH]c2ccc(O)cc12,,,b3db_exact_label_mismatch|b3db_salt_removed_label_mismatch
tdc_no_conflict_salt_removed,test,25,test:25,NC(Cc1c[nH]c2ccc(O)cc12)C(=O)O,1,True,,NC(Cc1c[nH]c2ccc(O)cc12)C(=O)O,NC(Cc1c[nH]c2ccc(O)cc12)C(=O)O,1,exact,1,1,B3DB_classification:2306,5-hydroxytryptophan,NC(Cc1c[nH]c2ccc(O)cc12)C(=O)O,B3DB_classification:2306,5-hydroxytryptophan,NC(Cc1c[nH]c2ccc(O)cc12)C(=O)O,,,
tdc_no_conflict_salt_removed,test,26,test:26,CCC(N)Cc1c[nH]c2ccccc12,1,True,,CCC(N)Cc1c[nH]c2ccccc12,CCC(N)Cc1c[nH]c2ccccc12,1,exact,1,1,B3DB_classification:1461,etryptamine,CCC(N)Cc1c[nH]c2ccccc12,B3DB_classification:1461,etryptamine,CCC(N)Cc1c[nH]c2ccccc12,,,
tdc_no_conflict_salt_removed,test,27,test:27,CN(C)CCc1c[nH]c2cccc(OP(=O)(O)O)c12,1,True,,CN(C)CCc1c[nH]c2cccc(OP(=O)(O)O)c12,CN(C)CCc1c[nH]c2cccc(OP(=O)(O)O)c12,1,exact,1,1,B3DB_classification:1773,psilocybine,CN(C)CCc1c[nH]c2cccc(OP(=O)(O)O)c12,B3DB_classification:1773,psilocybine,CN(C)CCc1c[nH]c2cccc(OP(=O)(O)O)c12,,,
tdc_no_conflict_salt_removed,test,28,test:28,N[C@@H](Cc1c[nH]c2ccccc12)C(=O)O,1,True,,N[C@@H](Cc1c[nH]c2ccccc12)C(=O)O,N[C@@H](Cc1c[nH]c2ccccc12)C(=O)O,1,exact,1,1,B3DB_classification:2345,l-tryptophan,N[C@@H](Cc1c[nH]c2ccccc12)C(=O)O,B3DB_classification:2345,l-tryptophan,N[C@@H](Cc1c[nH]c2ccccc12)C(=O)O,,,
tdc_no_conflict_salt_removed,test,29,test:29,CCCCCCCCCNc1ncnc2[nH]ccc12,1,True,,CCCCCCCCCNc1ncnc2[nH]ccc12,CCCCCCCCCNc1ncnc2[nH]ccc12,1,exact,1,1,B3DB_classification:1532,nonapyrimine,CCCCCCCCCNc1ncnc2[nH]ccc12,B3DB_classification:1532,nonapyrimine,CCCCCCCCCNc1ncnc2[nH]ccc12,,,
tdc_no_conflict_salt_removed,test,30,test:30,C=C1c2ccccc2CN(CCCN(C)C)c2ccccc21,1,True,,C=C1c2ccccc2CN(CCCN(C)C)c2ccccc21,C=C1c2ccccc2CN(CCCN(C)C)c2ccccc21,1,exact,1,1,B3DB_classification:1098,enprazepine,C=C1c2ccccc2CN(CCCN(C)C)c2ccccc21,B3DB_classification:1098,enprazepine,C=C1c2ccccc2CN(CCCN(C)C)c2ccccc21,,,
tdc_no_conflict_salt_removed,test,31,test:31,CC(=O)NCCC[C@H](NC(C)=O)C(=O)O,1,True,,CC(=O)NCCC[C@H](NC(C)=O)C(=O)O,CC(=O)NCCC[C@H](NC(C)=O)C(=O)O,1,exact,1,1,B3DB_classification:1149,bisorcic,CC(=O)NCCC[C@H](NC(C)=O)C(=O)O,B3DB_classification:1149,bisorcic,CC(=O)NCCC[C@H](NC(C)=O)C(=O)O,,,
tdc_no_conflict_salt_removed,test,32,test:32,OC(O)C(Cl)(Cl)Cl,1,True,,OC(O)C(Cl)(Cl)Cl,OC(O)C(Cl)(Cl)Cl,1,exact,1,1,B3DB_classification:2519,chloralhydrate,OC(O)C(Cl)(Cl)Cl,B3DB_classification:2519,chloralhydrate,OC(O)C(Cl)(Cl)Cl,,,
tdc_no_conflict_salt_removed,test,33,test:33,CC(C)C(Br)C(=O)NC(N)=O,1,True,,CC(C)C(Br)C(=O)NC(N)=O,CC(C)C(Br)C(=O)NC(N)=O,1,exact,1,1,B3DB_classification:1247,bromisoval,CC(C)C(Br)C(=O)NC(N)=O,B3DB_classification:1247,bromisoval,CC(C)C(Br)C(=O)NC(N)=O,,,
tdc_no_conflict_salt_removed,test,34,test:34,BrC(Br)Br,1,True,,BrC(Br)Br,BrC(Br)Br,1,exact,1,1,B3DB_classification:1059,bromoform,BrC(Br)Br,B3DB_classification:1059,bromoform,BrC(Br)Br,,,
tdc_no_conflict_salt_removed,test,35,test:35,CCS(=O)(=O)C(C)(C)S(=O)(=O)CC,1,True,,CCS(=O)(=O)C(C)(C)S(=O)(=O)CC,CCS(=O)(=O)C(C)(C)S(=O)(=O)CC,1,exact,1,1,B3DB_classification:1660,sulfonmethane,CCS(=O)(=O)C(C)(C)S(=O)(=O)CC,B3DB_classification:1660,sulfonmethane,CCS(=O)(=O)C(C)(C)S(=O)(=O)CC,,,
tdc_no_conflict_salt_removed,test,36,test:36,C[N+](C)(C)CCO,1,True,,C[N+](C)(C)CCO,C[N+](C)(C)CCO,1,exact,1,1,B3DB_classification:2152,choline,C[N+](C)(C)CCO,B3DB_classification:2152,choline,C[N+](C)(C)CCO,,,
tdc_no_conflict_salt_removed,test,37,test:37,ClCCl,1,True,,ClCCl,ClCCl,1,exact,1,1,B3DB_classification:341,dichloromethane,ClCCl,B3DB_classification:341,dichloromethane,ClCCl,,,
tdc_no_conflict_salt_removed,test,38,test:38,FC(Br)C(F)(F)F,1,True,,FC(Br)C(F)(F)F,FC(Br)C(F)(F)F,1,exact,1,1,B3DB_classification:696,teflurane,FC(Br)C(F)(F)F,B3DB_classification:696,teflurane,FC(Br)C(F)(F)F,,,
tdc_no_conflict_salt_removed,test,39,test:39,CCCCC(CC)CNC(=O)CC(C)O,1,True,,CCCCC(CC)CNC(=O)CC(C)O,CCCCC(CC)CNC(=O)CC(C)O,1,exact,1,1,B3DB_classification:1513,butoctamide,CCCCC(CC)CNC(=O)CC(C)O,B3DB_classification:1513,butoctamide,CCCCC(CC)CNC(=O)CC(C)O,,,
tdc_no_conflict_salt_removed,test,40,test:40,CCCC(C)C,1,True,,CCCC(C)C,CCCC(C)C,1,exact,1,1,B3DB_classification:990,2-methylpentane (isohexane),CCCC(C)C,B3DB_classification:990,2-methylpentane (isohexane),CCCC(C)C,,,
tdc_no_conflict_salt_removed,test,41,test:41,CN(C)CCO,1,True,,CN(C)CCO,CN(C)CCO,1,exact,1,1,B3DB_classification:1763,deanol,CN(C)CCO,B3DB_classification:1763,deanol,CN(C)CCO,,,
tdc_no_conflict_salt_removed,test,42,test:42,CC(CC(C)(C)O)OC(O)C(Cl)(Cl)Cl,1,True,,CC(CC(C)(C)O)OC(O)C(Cl)(Cl)Cl,CC(CC(C)(C)O)OC(O)C(Cl)(Cl)Cl,1,exact,1,1,B3DB_classification:1285,chloralodol,CC(CC(C)(C)O)OC(O)C(Cl)(Cl)Cl,B3DB_classification:1285,chloralodol,CC(CC(C)(C)O)OC(O)C(Cl)(Cl)Cl,,,
tdc_no_conflict_salt_removed,test,43,test:43,ClC=C(Cl)Cl,1,True,,ClC=C(Cl)Cl,ClC=C(Cl)Cl,1,exact,1,1,B3DB_classification:709,trichloroethene,ClC=C(Cl)Cl,B3DB_classification:709,trichloroethene,ClC=C(Cl)Cl,,,
tdc_no_conflict_salt_removed,test,44,test:44,ClC(Cl)Cl,1,True,,ClC(Cl)Cl,ClC(Cl)Cl,1,exact,1,1,B3DB_classification:711,trichloromethane (chloroform),ClC(Cl)Cl,B3DB_classification:711,trichloromethane (chloroform),ClC(Cl)Cl,,,
tdc_no_conflict_salt_removed,test,45,test:45,CC(C)O,1,True,,CC(C)O,CC(C)O,1,exact,1,1,B3DB_classification:467,2-propanol (isopropanol),CC(C)O,B3DB_classification:467,2-propanol (isopropanol),CC(C)O,,,
tdc_no_conflict_salt_removed,test,46,test:46,O=C(OCC(Cl)(Cl)Cl)OCC(Cl)(Cl)Cl,1,True,,O=C(OCC(Cl)(Cl)Cl)OCC(Cl)(Cl)Cl,O=C(OCC(Cl)(Cl)Cl)OCC(Cl)(Cl)Cl,1,exact,1,1,B3DB_classification:2423,clorethate,O=C(OCC(Cl)(Cl)Cl)OCC(Cl)(Cl)Cl,B3DB_classification:2423,clorethate,O=C(OCC(Cl)(Cl)Cl)OCC(Cl)(Cl)Cl,,,
tdc_no_conflict_salt_removed,test,47,test:47,OC(Br)(Br)CBr,1,True,,OC(Br)(Br)CBr,OC(Br)(Br)CBr,1,exact,1,1,B3DB_classification:2513,"1,1,2-tribromoethanol",OC(Br)(Br)CBr,B3DB_classification:2513,"1,1,2-tribromoethanol",OC(Br)(Br)CBr,,,
tdc_no_conflict_salt_removed,test,48,test:48,O=P(O)(O)OCC(Cl)(Cl)Cl,1,True,,O=P(O)(O)OCC(Cl)(Cl)Cl,O=P(O)(O)OCC(Cl)(Cl)Cl,1,exact,1,1,B3DB_classification_external:35,triclofos,O=P(O)(O)OCC(Cl)(Cl)Cl,B3DB_classification_external:35,triclofos,O=P(O)(O)OCC(Cl)(Cl)Cl,,,
tdc_no_conflict_salt_removed,test,49,test:49,C/C=C(\CC)C(=O)NC(N)=O,1,True,,C/C=C(\CC)C(=O)NC(N)=O,C/C=C(\CC)C(=O)NC(N)=O,1,exact,1,1,B3DB_classification:1079,1-(2-ethylcrotonoyl)urea,C/C=C(\CC)C(=O)NC(N)=O,B3DB_classification:1079,1-(2-ethylcrotonoyl)urea,C/C=C(\CC)C(=O)NC(N)=O,,,
tdc_no_conflict_salt_removed,test,50,test:50,CCC(C)(CC)OC(N)=O,1,True,,CCC(C)(CC)OC(N)=O,CCC(C)(CC)OC(N)=O,1,exact,1,1,B3DB_classification:1450,emylcamate,CCC(C)(CC)OC(N)=O,B3DB_classification:1450,emylcamate,CCC(C)(CC)OC(N)=O,,,
tdc_no_conflict_salt_removed,test,51,test:51,C/C=C/C(=O)N(CC)C(CC)C(=O)N(C)C,1,True,,C/C=C/C(=O)N(CC)C(CC)C(=O)N(C)C,C/C=C/C(=O)N(CC)C(CC)C(=O)N(C)C,1,exact,1,1,B3DB_classification:1080,crotetamide,C/C=C/C(=O)N(CC)C(CC)C(=O)N(C)C,B3DB_classification:1080,crotetamide,C/C=C/C(=O)N(CC)C(CC)C(=O)N(C)C,,,
tdc_no_conflict_salt_removed,test,52,test:52,C#CC(O)(/C=C/Cl)CC,1,True,,C#CC(O)(/C=C/Cl)CC,C#CC(O)(/C=C/Cl)CC,1,exact,1,1,B3DB_classification:1061,ethchlorvynol,C#CC(O)(/C=C/Cl)CC,B3DB_classification:1061,ethchlorvynol,C#CC(O)(/C=C/Cl)CC,,,
tdc_no_conflict_salt_removed,test,53,test:53,FC(F)(F)CCl,1,True,,FC(F)(F)CCl,FC(F)(F)CCl,1,exact,1,1,B3DB_classification:2258,"1,1,1-trifluro-2-chloroethane",FC(F)(F)CCl,B3DB_classification:2258,"1,1,1-trifluro-2-chloroethane",FC(F)(F)CCl,,,
tdc_no_conflict_salt_removed,test,54,test:54,CCOC(N)=O,1,True,,CCOC(N)=O,CCOC(N)=O,1,exact,1,1,B3DB_classification:1652,urethane,CCOC(N)=O,B3DB_classification:1652,urethane,CCOC(N)=O,,,
tdc_no_conflict_salt_removed,test,55,test:55,CCCC(CCC)(CCC)C(N)=O,1,True,,CCCC(CCC)(CCC)C(N)=O,CCCC(CCC)(CCC)C(N)=O,1,exact,1,1,B3DB_classification:1502,valdipromide,CCCC(CCC)(CCC)C(N)=O,B3DB_classification:1502,valdipromide,CCCC(CCC)(CCC)C(N)=O,,,
tdc_no_conflict_salt_removed,test,56,test:56,CCCC(CCC)C(=O)OCOC(=O)C(C)(C)C,1,True,,CCCC(CCC)C(=O)OCOC(=O)C(C)(C)C,CCCC(CCC)C(=O)OCOC(=O)C(C)(C)C,1,exact,1,1,B3DB_classification:1503,valproate-pivoxil,CCCC(CCC)C(=O)OCOC(=O)C(C)(C)C,B3DB_classification:1503,valproate-pivoxil,CCCC(CCC)C(=O)OCOC(=O)C(C)(C)C,,,
tdc_no_conflict_salt_removed,test,57,test:57,C=CC(N)CCC(=O)O,1,True,,C=CC(N)CCC(=O)O,C=CC(N)CCC(=O)O,1,exact,1,1,B3DB_classification:1099,vigabatrin,C=CC(N)CCC(=O)O,B3DB_classification:1099,vigabatrin,C=CC(N)CCC(=O)O,,,
tdc_no_conflict_salt_removed,test,58,test:58,C=COC=C,1,True,,C=COC=C,C=COC=C,1,exact,1,1,B3DB_classification:608,divinylether,C=COC=C,B3DB_classification:608,divinylether,C=COC=C,,,
tdc_no_conflict_salt_removed,test,59,test:59,O=C([O-])P(=O)([O-])[O-],1,True,,O=C([O-])P(=O)([O-])[O-],O=C([O-])P(=O)([O-])[O-],1,unmatched,,,,,,,,,,,
tdc_no_conflict_salt_removed,test,60,test:60,CCCC(C)(COC(N)=O)COC(N)=O,1,True,,CCCC(C)(COC(N)=O)COC(N)=O,CCCC(C)(COC(N)=O)COC(N)=O,1,exact,1,1,B3DB_classification:439,meprobamate,CCCC(C)(COC(N)=O)COC(N)=O,B3DB_classification:439,meprobamate,CCCC(C)(COC(N)=O)COC(N)=O,,,
tdc_no_conflict_salt_removed,test,61,test:61,NCCCNCCSP(=O)(O)O,0,True,,NCCCNCCSP(=O)(O)O,NCCCNCCSP(=O)(O)O,1,exact,0,0,B3DB_classification:2327,amifostine,NCCCNCCSP(=O)(O)O,B3DB_classification:2327,amifostine,NCCCNCCSP(=O)(O)O,,,
tdc_no_conflict_salt_removed,test,62,test:62,CCCl,1,True,,CCCl,CCCl,1,exact,1,1,B3DB_classification:1577,chloroethane,CCCl,B3DB_classification:1577,chloroethane,CCCl,,,
tdc_no_conflict_salt_removed,test,63,test:63,C=C,1,True,,C=C,C=C,1,exact,1,1,B3DB_classification:727,ethylene,C=C,B3DB_classification:727,ethylene,C=C,,,
tdc_no_conflict_salt_removed,test,64,test:64,C#CC(C)(O)CC,1,True,,C#CC(C)(O)CC,C#CC(C)(O)CC,1,exact,1,1,B3DB_classification:1060,3-methyl-1-pentyn-3-ol,C#CC(C)(O)CC,B3DB_classification:1060,3-methyl-1-pentyn-3-ol,C#CC(C)(O)CC,,,
tdc_no_conflict_salt_removed,test,65,test:65,NC(CO)(CO)CO,0,True,,NC(CO)(CO)CO,NC(CO)(CO)CO,1,exact,0,0,B3DB_classification:2304,trometamol,NC(CO)(CO)CO,B3DB_classification:2304,trometamol,NC(CO)(CO)CO,,,
tdc_no_conflict_salt_removed,test,66,test:66,CCOC(=O)NC(O)C(Cl)(Cl)Cl,1,True,,CCOC(=O)NC(O)C(Cl)(Cl)Cl,CCOC(=O)NC(O)C(Cl)(Cl)Cl,1,exact,1,1,B3DB_classification:1640,carbocloral,CCOC(=O)NC(O)C(Cl)(Cl)Cl,B3DB_classification:1640,carbocloral,CCOC(=O)NC(O)C(Cl)(Cl)Cl,,,
tdc_no_conflict_salt_removed,test,67,test:67,NC(N)=O,1,True,,NC(N)=O,NC(N)=O,1,exact,1,1,B3DB_classification:445,urea,NC(N)=O,B3DB_classification:445,urea,NC(N)=O,,,
tdc_no_conflict_salt_removed,test,68,test:68,CCC(Br)(CC)C(=O)NC(N)=O,1,True,,CCC(Br)(CC)C(=O)NC(N)=O,CCC(Br)(CC)C(=O)NC(N)=O,1,exact,1,1,B3DB_classification:1446,carbromal,CCC(Br)(CC)C(=O)NC(N)=O,B3DB_classification:1446,carbromal,CCC(Br)(CC)C(=O)NC(N)=O,,,
tdc_no_conflict_salt_removed,test,69,test:69,CCCC(O)Cl,1,True,,CCCC(O)Cl,CCCC(O)Cl,1,exact,1,1,B3DB_classification:1506,chlorobutanol,CCCC(O)Cl,B3DB_classification:1506,chlorobutanol,CCCC(O)Cl,,,
tdc_no_conflict_salt_removed,test,70,test:70,CCN(CC)C(=S)SSC(=S)N(CC)CC,1,True,,CCN(CC)C(=S)SSC(=S)N(CC)CC,CCN(CC)C(=S)SSC(=S)N(CC)CC,1,exact,1,1,B3DB_classification_external:13,disulfiram,CCN(CC)C(=S)SSC(=S)N(CC)CC,B3DB_classification_external:13,disulfiram,CCN(CC)C(=S)SSC(=S)N(CC)CC,,,
tdc_no_conflict_salt_removed,test,71,test:71,O=C(O)CCCCCCCC(=O)O,0,True,,O=C(O)CCCCCCCC(=O)O,O=C(O)CCCCCCCC(=O)O,1,exact,0,0,B3DB_classification:2412,gr94839_c,O=C(O)CCCCCCCC(=O)O,B3DB_classification:2412,gr94839_c,O=C(O)CCCCCCCC(=O)O,,,
tdc_no_conflict_salt_removed,test,72,test:72,CC[C@@H](CO)NCCN[C@@H](CC)CO,0,True,,CC[C@@H](CO)NCCN[C@@H](CC)CO,CC[C@@H](CO)NCCN[C@@H](CC)CO,1,exact,0,0,B3DB_classification:1665,ethambutol,CC[C@@H](CO)NCCN[C@@H](CC)CO,B3DB_classification:1665,ethambutol,CC[C@@H](CO)NCCN[C@@H](CC)CO,,,
tdc_no_conflict_salt_removed,test,73,test:73,CC(C[N+](C)(C)C)OC(N)=O,0,True,,CC(C[N+](C)(C)C)OC(N)=O,CC(C[N+](C)(C)C)OC(N)=O,1,exact,0,0,B3DB_classification:1300,gr94839_f,CC(C[N+](C)(C)C)OC(N)=O,B3DB_classification:1300,gr94839_f,CC(C[N+](C)(C)C)OC(N)=O,,,
tdc_no_conflict_salt_removed,test,74,test:74,C/C=C/C(=O)N(CCC)C(CC)C(=O)N(C)C,1,True,,C/C=C/C(=O)N(CCC)C(CC)C(=O)N(C)C,C/C=C/C(=O)N(CCC)C(CC)C(=O)N(C)C,1,exact,1,1,B3DB_classification:1081,cropropamide,C/C=C/C(=O)N(CCC)C(CC)C(=O)N(C)C,B3DB_classification:1081,cropropamide,C/C=C/C(=O)N(CCC)C(CC)C(=O)N(C)C,,,
tdc_no_conflict_salt_removed,test,75,test:75,CS(=O)(=O)OCCCCOS(C)(=O)=O,1,True,,CS(=O)(=O)OCCCCOS(C)(=O)=O,CS(=O)(=O)OCCCCOS(C)(=O)=O,1,unmatched,,,,,,,,,,,
tdc_no_conflict_salt_removed,test,76,test:76,FC(F)OC(F)C(F)(F)F,1,True,,FC(F)OC(F)C(F)(F)F,FC(F)OC(F)C(F)(F)F,1,exact,1,1,B3DB_classification:629,desflurane (suprane),FC(F)OC(F)C(F)(F)F,B3DB_classification:629,desflurane (suprane),FC(F)OC(F)C(F)(F)F,,,
tdc_no_conflict_salt_removed,test,77,test:77,CCCCNC(=O)OCC(C)(CCC)COC(N)=O,1,True,,CCCCNC(=O)OCC(C)(CCC)COC(N)=O,CCCCNC(=O)OCC(C)(CCC)COC(N)=O,1,exact,1,1,B3DB_classification:1543,tybamate,CCCCNC(=O)OCC(C)(CCC)COC(N)=O,B3DB_classification:1543,tybamate,CCCCNC(=O)OCC(C)(CCC)COC(N)=O,,,
tdc_no_conflict_salt_removed,test,78,test:78,CCCC(CCC)C(=O)O,1,True,,CCCC(CCC)C(=O)O,CCCC(CCC)C(=O)O,1,exact,1,1,B3DB_classification:401,valproate,CCCC(CCC)C(=O)O,B3DB_classification:401,valproate,CCCC(CCC)C(=O)O,,,
tdc_no_conflict_salt_removed,test,79,test:79,CC(C)(CO)[C@@H](O)C(=O)NCCCC(=O)O,1,True,,CC(C)(CO)[C@@H](O)C(=O)NCCCC(=O)O,CC(C)(CO)[C@@H](O)C(=O)NCCCC(=O)O,1,exact,1,1,B3DB_classification:1236,hopantenic acid,CC(C)(CO)[C@@H](O)C(=O)NCCCC(=O)O,B3DB_classification:1236,hopantenic acid,CC(C)(CO)[C@@H](O)C(=O)NCCCC(=O)O,,,
tdc_no_conflict_salt_removed,test,80,test:80,NC(=O)NO,1,True,,NC(=O)NO,NC(=O)NO,1,unmatched,,,,,,,,,,,
tdc_no_conflict_salt_removed,test,81,test:81,CCC(Br)(C(N)=O)C(C)C,1,True,,CCC(Br)(C(N)=O)C(C)C,CCC(Br)(C(N)=O)C(C)C,1,exact,1,1,B3DB_classification:1444,ibrotamide,CCC(Br)(C(N)=O)C(C)C,B3DB_classification:1444,ibrotamide,CCC(Br)(C(N)=O)C(C)C,,,
tdc_no_conflict_salt_removed,test,82,test:82,O=NN(CCCl)C(=O)NCCCl,1,True,,O=NN(CCCl)C(=O)NCCCl,O=NN(CCCl)C(=O)NCCCl,1,exact,1,1,B3DB_classification:273,bis(chloroethyl)nitrosourea (carmustine) (bcnu),O=NN(CCCl)C(=O)NCCCl,B3DB_classification:273,bis(chloroethyl)nitrosourea (carmustine) (bcnu),O=NN(CCCl)C(=O)NCCCl,,,
tdc_no_conflict_salt_removed,test,83,test:83,OCC(O)C(O)C(O)C(O)CO,0,True,,OCC(O)C(O)C(O)C(O)CO,OCC(O)C(O)C(O)C(O)CO,1,exact,0,0,B3DB_classification:31,mannitol (d-mannitol),OCC(O)C(O)C(O)C(O)CO,B3DB_classification:31,mannitol (d-mannitol),OCC(O)C(O)C(O)C(O)CO,,,
tdc_no_conflict_salt_removed,test,84,test:84,CCC(C)C(C)(COC(N)=O)COC(N)=O,1,True,,CCC(C)C(C)(COC(N)=O)COC(N)=O,CCC(C)C(C)(COC(N)=O)COC(N)=O,1,exact,1,1,B3DB_classification:1454,mebutamate,CCC(C)C(C)(COC(N)=O)COC(N)=O,B3DB_classification:1454,mebutamate,CCC(C)C(C)(COC(N)=O)COC(N)=O,,,
tdc_no_conflict_salt_removed,test,85,test:85,CNC(=O)NC(O)C(Cl)(Cl)Cl,1,True,,CNC(=O)NC(O)C(Cl)(Cl)Cl,CNC(=O)NC(O)C(Cl)(Cl)Cl,1,exact,1,1,B3DB_classification:1899,mecloralurea,CNC(=O)NC(O)C(Cl)(Cl)Cl,B3DB_classification:1899,mecloralurea,CNC(=O)NC(O)C(Cl)(Cl)Cl,,,
tdc_no_conflict_salt_removed,test,86,test:86,FCOC(C(F)(F)F)C(F)(F)F,1,True,,FCOC(C(F)(F)F)C(F)(F)F,FCOC(C(F)(F)F)C(F)(F)F,1,exact,1,1,B3DB_classification:724,sevoflurane,FCOC(C(F)(F)F)C(F)(F)F,B3DB_classification:724,sevoflurane,FCOC(C(F)(F)F)C(F)(F)F,,,
tdc_no_conflict_salt_removed,test,87,test:87,CCCCCNCC(N)=O,1,True,,CCCCCNCC(N)=O,CCCCCNCC(N)=O,1,exact,1,1,B3DB_classification:1537,milacemide,CCCCCNCC(N)=O,B3DB_classification:1537,milacemide,CCCCCNCC(N)=O,,,
tdc_no_conflict_salt_removed,test,88,test:88,O=S(=O)([O-])CCS,0,True,,O=S(=O)([O-])CCS,O=S(=O)([O-])CCS,1,unmatched,,,,,,,,,,,
tdc_no_conflict_salt_removed,test,89,test:89,CCC(C)C(C)(COC(N)=O)COC(=O)NC(C)C,1,True,,CCC(C)C(C)(COC(N)=O)COC(=O)NC(C)C,CCC(C)C(C)(COC(N)=O)COC(=O)NC(C)C,1,exact,1,1,B3DB_classification:1453,nisobamate,CCC(C)C(C)(COC(N)=O)COC(=O)NC(C)C,B3DB_classification:1453,nisobamate,CCC(C)C(C)(COC(N)=O)COC(=O)NC(C)C,,,
tdc_no_conflict_salt_removed,test,90,test:90,FCC(F)(F)F,1,True,,FCC(F)(F)F,FCC(F)(F)F,1,exact,1,1,B3DB_classification:2263,norflurane,FCC(F)(F)F,B3DB_classification:2263,norflurane,FCC(F)(F)F,,,
tdc_no_conflict_salt_removed,test,91,test:91,CC(Cl)(Cl)Cl,1,True,,CC(Cl)(Cl)Cl,CC(Cl)(Cl)Cl,1,exact,1,1,B3DB_classification:771,methylchloroform,CC(Cl)(Cl)Cl,B3DB_classification:771,methylchloroform,CC(Cl)(Cl)Cl,,,
tdc_no_conflict_salt_removed,test,92,test:92,CC(C)CO,1,True,,CC(C)CO,CC(C)CO,1,exact,1,1,B3DB_classification:425,2-methylpropan-1-ol,CC(C)CO,B3DB_classification:425,2-methylpropan-1-ol,CC(C)CO,,,
tdc_no_conflict_salt_removed,test,93,test:93,CCC(C)(C)C,1,True,,CCC(C)(C)C,CCC(C)(C)C,1,exact,1,1,B3DB_classification:992,"2,2-dimethylbutane",CCC(C)(C)C,B3DB_classification:992,"2,2-dimethylbutane",CCC(C)(C)C,,,
tdc_no_conflict_salt_removed,test,94,test:94,CCCCCCC(C)NN,1,True,,CCCCCCC(C)NN,CCCCCCC(C)NN,1,exact,1,1,B3DB_classification:1523,octamoxin,CCCCCCC(C)NN,B3DB_classification:1523,octamoxin,CCCCCCC(C)NN,,,
tdc_no_conflict_salt_removed,test,95,test:95,CCCC(C)CC,1,True,,CCCC(C)CC,CCCC(C)CC,1,exact,1,1,B3DB_classification:959,3-methylhexane (2- ethylpentane),CCCC(C)CC,B3DB_classification:959,3-methylhexane (2- ethylpentane),CCCC(C)CC,,,
tdc_no_conflict_salt_removed,test,96,test:96,CCC(C)CC,1,True,,CCC(C)CC,CCC(C)CC,1,exact,1,1,B3DB_classification:993,3-methylpentane,CCC(C)CC,B3DB_classification:993,3-methylpentane,CCC(C)CC,,,
tdc_no_conflict_salt_removed,test,97,test:97,CC(OC(N)=O)C(C)C(C)OC(N)=O,1,True,,CC(OC(N)=O)C(C)C(C)OC(N)=O,CC(OC(N)=O)C(C)C(C)OC(N)=O,1,exact,1,1,B3DB_classification:1318,pentabamate,CC(OC(N)=O)C(C)C(C)OC(N)=O,B3DB_classification:1318,pentabamate,CC(OC(N)=O)C(C)C(C)OC(N)=O,,,
tdc_no_conflict_salt_removed,test,98,test:98,FC(F)(Cl)C(F)(F)Cl,1,True,,FC(F)(Cl)C(F)(F)Cl,FC(F)(Cl)C(F)(F)Cl,1,exact,1,1,B3DB_classification:2257,cryofluorane,FC(F)(Cl)C(F)(F)Cl,B3DB_classification:2257,cryofluorane,FC(F)(Cl)C(F)(F)Cl,,,
tdc_no_conflict_salt_removed,test,99,test:99,OC(OCC(COC(O)C(Cl)(Cl)Cl)(COC(O)C(Cl)(Cl)Cl)COC(O)C(Cl)(Cl)Cl)C(Cl)(Cl)Cl,1,True,,OC(OCC(COC(O)C(Cl)(Cl)Cl)(COC(O)C(Cl)(Cl)Cl)COC(O)C(Cl)(Cl)Cl)C(Cl)(Cl)Cl,OC(OCC(COC(O)C(Cl)(Cl)Cl)(COC(O)C(Cl)(Cl)Cl)COC(O)C(Cl)(Cl)Cl)C(Cl)(Cl)Cl,1,exact,1,1,B3DB_classification:2520,petrichloral,OC(OCC(COC(O)C(Cl)(Cl)Cl)(COC(O)C(Cl)(Cl)Cl)COC(O)C(Cl)(Cl)Cl)C(Cl)(Cl)Cl,B3DB_classification:2520,petrichloral,OC(OCC(COC(O)C(Cl)(Cl)Cl)(COC(O)C(Cl)(Cl)Cl)COC(O)C(Cl)(Cl)Cl)C(Cl)(Cl)Cl,,,
tdc_no_conflict_salt_removed,test,100,test:100,CCC(Br)(CC)C(=O)NC(=O)NC(C)=O,1,True,,CCC(Br)(CC)C(=O)NC(=O)NC(C)=O,CCC(Br)(CC)C(=O)NC(=O)NC(C)=O,1,exact,1,1,B3DB_classification:1445,acecarbromal,CCC(Br)(CC)C(=O)NC(=O)NC(C)=O,B3DB_classification:1445,acecarbromal,CCC(Br)(CC)C(=O)NC(=O)NC(C)=O,,,
tdc_no_conflict_salt_removed,test,101,test:101,CC(=O)NC(CCC(N)=O)C(=O)O,1,True,,CC(=O)NC(CCC(N)=O)C(=O)O,CC(=O)NC(CCC(N)=O)C(=O)O,1,exact,1,1,B3DB_classification:1146,aceglutamide,CC(=O)NC(CCC(N)=O)C(=O)O,B3DB_classification:1146,aceglutamide,CC(=O)NC(CCC(N)=O)C(=O)O,,,
tdc_no_conflict_salt_removed,test,102,test:102,CCC(C)=O,1,True,,CCC(C)=O,CCC(C)=O,1,exact,1,1,B3DB_classification:468,2-butanone,CCC(C)=O,B3DB_classification:468,2-butanone,CCC(C)=O,,,
tdc_no_conflict_salt_removed,test,103,test:103,CCOCC,1,True,,CCOCC,CCOCC,1,exact,1,1,B3DB_classification:544,diethylether (ether),CCOCC,B3DB_classification:544,diethylether (ether),CCOCC,,,
tdc_no_conflict_salt_removed,test,104,test:104,FC(F)OC(F)(F)C(F)Cl,1,True,,FC(F)OC(F)(F)C(F)Cl,FC(F)OC(F)(F)C(F)Cl,1,exact,1,1,B3DB_classification:687,enflurane,FC(F)OC(F)(F)C(F)Cl,B3DB_classification:687,enflurane,FC(F)OC(F)(F)C(F)Cl,,,
tdc_no_conflict_salt_removed,test,105,test:105,COC(F)(F)C(F)Br,1,True,,COC(F)(F)C(F)Br,COC(F)(F)C(F)Br,1,exact,1,1,B3DB_classification:1973,roflurane,COC(F)(F)C(F)Br,B3DB_classification:1973,roflurane,COC(F)(F)C(F)Br,,,
tdc_no_conflict_salt_removed,test,106,test:106,CC(C)(C)C(=O)NCCCC(=O)O,1,True,,CC(C)(C)C(=O)NCCCC(=O)O,CC(C)(C)C(=O)NCCCC(=O)O,1,exact,1,1,B3DB_classification:1222,pivagabine,CC(C)(C)C(=O)NCCCC(=O)O,B3DB_classification:1222,pivagabine,CC(C)(C)C(=O)NCCCC(=O)O,,,
tdc_no_conflict_salt_removed,test,107,test:107,CCC(C)(S(=O)(=O)CC)S(=O)(=O)CC,1,True,,CCC(C)(S(=O)(=O)CC)S(=O)(=O)CC,CCC(C)(S(=O)(=O)CC)S(=O)(=O)CC,1,exact,1,1,B3DB_classification:1452,sulfonethylmethane,CCC(C)(S(=O)(=O)CC)S(=O)(=O)CC,B3DB_classification:1452,sulfonethylmethane,CCC(C)(S(=O)(=O)CC)S(=O)(=O)CC,,,
tdc_no_conflict_salt_removed,test,108,test:108,CC(C)C[C@H](CN)CC(=O)O,1,True,,CC(C)C[C@H](CN)CC(=O)O,CC(C)C[C@H](CN)CC(=O)O,1,exact,1,1,B3DB_classification:1259,pregabalin,CC(C)C[C@H](CN)CC(=O)O,B3DB_classification:1259,pregabalin,CC(C)C[C@H](CN)CC(=O)O,,,
tdc_no_conflict_salt_removed,test,109,test:109,CCO,1,True,,CCO,CCO,1,exact,1,1,B3DB_classification:408,ethanol,CCO,B3DB_classification:408,ethanol,CCO,,,
tdc_no_conflict_salt_removed,test,110,test:110,C=COCC(F)(F)F,1,True,,C=COCC(F)(F)F,C=COCC(F)(F)F,1,exact,1,1,B3DB_classification:616,fluoromar,C=COCC(F)(F)F,B3DB_classification:616,fluoromar,C=COCC(F)(F)F,,,
tdc_no_conflict_salt_removed,test,111,test:111,FC(F)(F)C(Cl)Br,1,True,,FC(F)(F)C(Cl)Br,FC(F)(F)C(Cl)Br,1,exact,1,1,B3DB_classification:710,halothane,FC(F)(F)C(Cl)Br,B3DB_classification:710,halothane,FC(F)(F)C(Cl)Br,,,
tdc_no_conflict_salt_removed,test,112,test:112,CCCCCCC,1,True,,CCCCCCC,CCCCCCC,1,exact,1,1,B3DB_classification:924,heptane,CCCCCCC,B3DB_classification:924,heptane,CCCCCCC,,,
tdc_no_conflict_salt_removed,test,113,test:113,CCCCCC,1,True,,CCCCCC,CCCCCC,1,exact,1,1,B3DB_classification:926,n-hexane,CCCCCC,B3DB_classification:926,n-hexane,CCCCCC,,,
tdc_no_conflict_salt_removed,test,114,test:114,[CH2-][CH-]C,1,True,,[CH2-][CH-]C,[CH2-][CH-]C,1,unmatched,,,,,,,,,,,
tdc_no_conflict_salt_removed,test,115,test:115,CCC(C)(C)O,1,True,,CCC(C)(C)O,CCC(C)(C)O,1,exact,1,1,B3DB_classification:590,amylene-hydrate (tertiary-amyl alcohol),CCC(C)(C)O,B3DB_classification:590,amylene-hydrate (tertiary-amyl alcohol),CCC(C)(C)O,,,
tdc_no_conflict_salt_removed,test,116,test:116,C=CCC(CC)(CC)C(N)=O,1,True,,C=CCC(CC)(CC)C(N)=O,C=CCC(CC)(CC)C(N)=O,1,exact,1,1,B3DB_classification:1105,valdetamide,C=CCC(CC)(CC)C(N)=O,B3DB_classification:1105,valdetamide,C=CCC(CC)(CC)C(N)=O,,,
tdc_no_conflict_salt_removed,test,117,test:117,CCC(C)C(CC)C(N)=O,1,True,,CCC(C)C(CC)C(N)=O,CCC(C)C(CC)C(N)=O,1,exact,1,1,B3DB_classification:1456,valnoctamide,CCC(C)C(CC)C(N)=O,B3DB_classification:1456,valnoctamide,CCC(C)C(CC)C(N)=O,,,
tdc_no_conflict_salt_removed,test,118,test:118,FC(F)OC(Cl)C(F)(F)F,1,True,,FC(F)OC(Cl)C(F)(F)F,FC(F)OC(Cl)C(F)(F)F,1,exact,1,1,B3DB_classification:791,isoflurane,FC(F)OC(Cl)C(F)(F)F,B3DB_classification:791,isoflurane,FC(F)OC(Cl)C(F)(F)F,,,
tdc_no_conflict_salt_removed,test,119,test:119,CCCC(CCC)C(N)=O,1,True,,CCCC(CCC)C(N)=O,CCCC(CCC)C(N)=O,1,exact,1,1,B3DB_classification:1504,valpromide,CCCC(CCC)C(N)=O,B3DB_classification:1504,valpromide,CCCC(CCC)C(N)=O,,,
tdc_no_conflict_salt_removed,test,120,test:120,COC(F)(F)C(Cl)Cl,1,True,,COC(F)(F)C(Cl)Cl,COC(F)(F)C(Cl)Cl,1,exact,1,1,B3DB_classification:662,methoxyflurane,COC(F)(F)C(Cl)Cl,B3DB_classification:662,methoxyflurane,COC(F)(F)C(Cl)Cl,,,
tdc_no_conflict_salt_removed,test,121,test:121,[N-]=[N+]=O,1,True,,[N-]=[N+]=O,[N-]=[N+]=O,1,exact,1,1,B3DB_classification:571,nitrous oxide,[N-]=[N+]=O,B3DB_classification:571,nitrous oxide,[N-]=[N+]=O,,,
tdc_no_conflict_salt_removed,test,122,test:122,CCC(C)C(CC)C(=O)NC(N)=O,1,True,,CCC(C)C(CC)C(=O)NC(N)=O,CCC(C)C(CC)C(=O)NC(N)=O,1,exact,1,1,B3DB_classification:1455,capuride,CCC(C)C(CC)C(=O)NC(N)=O,B3DB_classification:1455,capuride,CCC(C)C(CC)C(=O)NC(N)=O,,,
tdc_no_conflict_salt_removed,test,123,test:123,CCCCC,1,True,,CCCCC,CCCCC,1,exact,1,1,B3DB_classification:925,pentane,CCCCC,B3DB_classification:925,pentane,CCCCC,,,
tdc_no_conflict_salt_removed,test,124,test:124,CCCO,1,True,,CCCO,CCCO,1,exact,1,1,B3DB_classification:432,propan-1-ol,CCCO,B3DB_classification:432,propan-1-ol,CCCO,,,
tdc_no_conflict_salt_removed,test,125,test:125,CC(C)=O,1,True,,CC(C)=O,CC(C)=O,1,exact,1,1,B3DB_classification:440,propan-2-one (acetone),CC(C)=O,B3DB_classification:440,propan-2-one (acetone),CC(C)=O,,,
tdc_no_conflict_salt_removed,test,126,test:126,CC1(C)O[C@@H]2C[C@H]3C4C[C@H](F)C5=CC(=O)C=C[C@]5(C)[C@@]4(F)[C@@H](O)C[C@]3(C)[C@]2(C(=O)COC(=O)C2CC2)O1,1,True,,CC1(C)O[C@@H]2C[C@H]3C4C[C@H](F)C5=CC(=O)C=C[C@]5(C)[C@@]4(F)[C@@H](O)C[C@]3(C)[C@]2(C(=O)COC(=O)C2CC2)O1,CC1(C)O[C@@H]2C[C@H]3C4C[C@H](F)C5=CC(=O)C=C[C@]5(C)[C@@]4(F)[C@@H](O)C[C@]3(C)[C@]2(C(=O)COC(=O)C2CC2)O1,1,exact,1,1,B3DB_classification:1336,ciprocinonida,CC1(C)O[C@@H]2C[C@H]3C4C[C@H](F)C5=CC(=O)C=C[C@]5(C)[C@@]4(F)[C@@H](O)C[C@]3(C)[C@]2(C(=O)COC(=O)C2CC2)O1,B3DB_classification:1336,ciprocinonida,CC1(C)O[C@@H]2C[C@H]3C4C[C@H](F)C5=CC(=O)C=C[C@]5(C)[C@@]4(F)[C@@H](O)C[C@]3(C)[C@]2(C(=O)COC(=O)C2CC2)O1,,,
tdc_no_conflict_salt_removed,test,127,test:127,OC(c1cc(C(F)(F)F)nc2c(C(F)(F)F)cccc12)C1CCCCN1,1,True,,OC(c1cc(C(F)(F)F)nc2c(C(F)(F)F)cccc12)C1CCCCN1,OC(c1cc(C(F)(F)F)nc2c(C(F)(F)F)cccc12)C1CCCCN1,1,exact,1,1,B3DB_classification:881,mefloquine,OC(c1cc(C(F)(F)F)nc2c(C(F)(F)F)cccc12)C1CCCCN1,B3DB_classification:881,mefloquine,OC(c1cc(C(F)(F)F)nc2c(C(F)(F)F)cccc12)C1CCCCN1,,,
tdc_no_conflict_salt_removed,test,128,test:128,C/C(=C(/CCOC(=O)c1ccccc1)SS/C(CCOC(=O)c1ccccc1)=C(\C)N(C=O)Cc1cnc(C)nc1N)N(C=O)Cc1cnc(C)nc1N,1,True,,C/C(=C(/CCOC(=O)c1ccccc1)SS/C(CCOC(=O)c1ccccc1)=C(\C)N(C=O)Cc1cnc(C)nc1N)N(C=O)Cc1cnc(C)nc1N,C/C(=C(/CCOC(=O)c1ccccc1)SS/C(CCOC(=O)c1ccccc1)=C(\C)N(C=O)Cc1cnc(C)nc1N)N(C=O)Cc1cnc(C)nc1N,1,exact,1,1,B3DB_classification:1074,bisbentiamine,C/C(=C(/CCOC(=O)c1ccccc1)SS/C(CCOC(=O)c1ccccc1)=C(\C)N(C=O)Cc1cnc(C)nc1N)N(C=O)Cc1cnc(C)nc1N,B3DB_classification:1074,bisbentiamine,C/C(=C(/CCOC(=O)c1ccccc1)SS/C(CCOC(=O)c1ccccc1)=C(\C)N(C=O)Cc1cnc(C)nc1N)N(C=O)Cc1cnc(C)nc1N,,,
tdc_no_conflict_salt_removed,test,129,test:129,[C-]#[N+]C(=C\c1ccc(O)cc1)/C(=C/c1ccc(O)cc1)[N+]#[C-],0,True,,[C-]#[N+]C(=C\c1ccc(O)cc1)/C(=C/c1ccc(O)cc1)[N+]#[C-],[C-]#[N+]C(=C\c1ccc(O)cc1)/C(=C/c1ccc(O)cc1)[N+]#[C-],1,exact,0,0,B3DB_classification:2562,xantocillin,[C-]#[N+]C(=C\c1ccc(O)cc1)/C(=C/c1ccc(O)cc1)[N+]#[C-],B3DB_classification:2562,xantocillin,[C-]#[N+]C(=C\c1ccc(O)cc1)/C(=C/c1ccc(O)cc1)[N+]#[C-],,,
tdc_no_conflict_salt_removed,test,130,test:130,O=C1CC2(CCCC2)CC(=O)N1CCCCN1CCN(c2nsc3ccccc23)CC1,1,True,,O=C1CC2(CCCC2)CC(=O)N1CCCCN1CCN(c2nsc3ccccc23)CC1,O=C1CC2(CCCC2)CC(=O)N1CCCCN1CCN(c2nsc3ccccc23)CC1,1,exact,1,1,B3DB_classification:2435,tiospirone,O=C1CC2(CCCC2)CC(=O)N1CCCCN1CCN(c2nsc3ccccc23)CC1,B3DB_classification:2435,tiospirone,O=C1CC2(CCCC2)CC(=O)N1CCCCN1CCN(c2nsc3ccccc23)CC1,,,
tdc_no_conflict_salt_removed,test,131,test:131,CO/N=C(/C(=O)N[C@@H]1C(=O)N2C(C(=O)O)=C(CSc3nc(C)c(CC(=O)O)s3)CS[C@H]12)c1csc(N)n1,0,True,,CO/N=C(/C(=O)N[C@@H]1C(=O)N2C(C(=O)O)=C(CSc3nc(C)c(CC(=O)O)s3)CS[C@H]12)c1csc(N)n1,CO/N=C(/C(=O)N[C@@H]1C(=O)N2C(C(=O)O)=C(CSc3nc(C)c(CC(=O)O)s3)CS[C@H]12)c1csc(N)n1,1,exact,0,0,B3DB_classification:4870,cefodizime,CO/N=C(/C(=O)N[C@@H]1C(=O)N2C(C(=O)O)=C(CSc3nc(C)c(CC(=O)O)s3)CS[C@H]12)c1csc(N)n1,B3DB_classification:4870,cefodizime,CO/N=C(/C(=O)N[C@@H]1C(=O)N2C(C(=O)O)=C(CSc3nc(C)c(CC(=O)O)s3)CS[C@H]12)c1csc(N)n1,,,
tdc_no_conflict_salt_removed,test,132,test:132,Cc1cc(=O)c(C(=O)N[C@@H](C(=O)NC2C(=O)N3C(C(=O)O)=C(CSc4nnnn4C)CS[C@H]23)c2ccc(O)cc2)c[nH]1,0,True,,Cc1cc(=O)c(C(=O)N[C@@H](C(=O)NC2C(=O)N3C(C(=O)O)=C(CSc4nnnn4C)CS[C@H]23)c2ccc(O)cc2)c[nH]1,Cc1cc(=O)c(C(=O)N[C@@H](C(=O)NC2C(=O)N3C(C(=O)O)=C(CSc4nnnn4C)CS[C@H]23)c2ccc(O)cc2)c[nH]1,1,exact,0,0,B3DB_classification:2171,cefpiramide,Cc1cc(=O)c(C(=O)N[C@@H](C(=O)NC2C(=O)N3C(C(=O)O)=C(CSc4nnnn4C)CS[C@H]23)c2ccc(O)cc2)c[nH]1,B3DB_classification:2171,cefpiramide,Cc1cc(=O)c(C(=O)N[C@@H](C(=O)NC2C(=O)N3C(C(=O)O)=C(CSc4nnnn4C)CS[C@H]23)c2ccc(O)cc2)c[nH]1,,,
tdc_no_conflict_salt_removed,test,133,test:133,CN(C)CCC=C1c2ccccc2CCc2ccccc21,1,True,,CN(C)CCC=C1c2ccccc2CCc2ccccc21,CN(C)CCC=C1c2ccccc2CCc2ccccc21,1,exact,1,1,B3DB_classification:958,50-48-6,CN(C)CCC=C1c2ccccc2CCc2ccccc21,B3DB_classification:958,50-48-6,CN(C)CCC=C1c2ccccc2CCc2ccccc21,,,
tdc_no_conflict_salt_removed,test,134,test:134,C[N+](C)([O-])CCC=C1c2ccccc2CCc2ccccc21,1,True,,C[N+](C)([O-])CCC=C1c2ccccc2CCc2ccccc21,C[N+](C)([O-])CCC=C1c2ccccc2CCc2ccccc21,1,exact,1,1,B3DB_classification:2154,amitriptylinoxide,C[N+](C)([O-])CCC=C1c2ccccc2CCc2ccccc21,B3DB_classification:2154,amitriptylinoxide,C[N+](C)([O-])CCC=C1c2ccccc2CCc2ccccc21,,,
tdc_no_conflict_salt_removed,test,135,test:135,CN(C)CC(=O)C=C1c2ccccc2CCc2ccccc21,1,True,,CN(C)CC(=O)C=C1c2ccccc2CCc2ccccc21,CN(C)CC(=O)C=C1c2ccccc2CCc2ccccc21,1,exact,1,1,B3DB_classification:1731,cotriptyline,CN(C)CC(=O)C=C1c2ccccc2CCc2ccccc21,B3DB_classification:1731,cotriptyline,CN(C)CC(=O)C=C1c2ccccc2CCc2ccccc21,,,
tdc_no_conflict_salt_removed,test,136,test:136,CNCCC=C1c2ccccc2CCc2ccccc21,1,True,,CNCCC=C1c2ccccc2CCc2ccccc21,CNCCC=C1c2ccccc2CCc2ccccc21,1,exact,1,1,B3DB_classification:1004,nortriptyline,CNCCC=C1c2ccccc2CCc2ccccc21,B3DB_classification:1004,nortriptyline,CNCCC=C1c2ccccc2CCc2ccccc21,,,
tdc_no_conflict_salt_removed,test,137,test:137,O=C(c1ccc(F)cc1)C1CCN(CCCN2c3ccccc3Sc3ccc(C(F)(F)F)cc32)CC1,1,True,,O=C(c1ccc(F)cc1)C1CCN(CCCN2c3ccccc3Sc3ccc(C(F)(F)F)cc32)CC1,O=C(c1ccc(F)cc1)C1CCN(CCCN2c3ccccc3Sc3ccc(C(F)(F)F)cc32)CC1,1,exact,1,1,B3DB_classification:2426,duoperone,O=C(c1ccc(F)cc1)C1CCN(CCCN2c3ccccc3Sc3ccc(C(F)(F)F)cc32)CC1,B3DB_classification:2426,duoperone,O=C(c1ccc(F)cc1)C1CCN(CCCN2c3ccccc3Sc3ccc(C(F)(F)F)cc32)CC1,,,
tdc_no_conflict_salt_removed,test,138,test:138,Oc1ccc2c(c1)C13CCCCC1C(C2)N(CCc1ccccc1)CC3,1,True,,Oc1ccc2c(c1)C13CCCCC1C(C2)N(CCc1ccccc1)CC3,Oc1ccc2c(c1)C13CCCCC1C(C2)N(CCc1ccccc1)CC3,1,exact,1,1,B3DB_classification:2553,"morphinan-3-ol, 17-(2-phenylethyl)-",Oc1ccc2c(c1)C13CCCCC1C(C2)N(CCc1ccccc1)CC3,B3DB_classification:2553,"morphinan-3-ol, 17-(2-phenylethyl)-",Oc1ccc2c(c1)C13CCCCC1C(C2)N(CCc1ccccc1)CC3,,,
tdc_no_conflict_salt_removed,test,139,test:139,CN1CC[C@]23NC(=O)CC(c4cc(Cl)ccc4O2)C3C1,1,True,,CN1CC[C@]23NC(=O)CC(c4cc(Cl)ccc4O2)C3C1,CN1CC[C@]23NC(=O)CC(c4cc(Cl)ccc4O2)C3C1,1,exact,1,1,B3DB_classification:1871,lortalamine,CN1CC[C@]23NC(=O)CC(c4cc(Cl)ccc4O2)C3C1,B3DB_classification:1871,lortalamine,CN1CC[C@]23NC(=O)CC(c4cc(Cl)ccc4O2)C3C1,,,
tdc_no_conflict_salt_removed,test,140,test:140,O=C(CCCN1CCC2(CC1)C(=O)NCN2c1ccccc1)c1ccc(F)cc1,1,True,,O=C(CCCN1CCC2(CC1)C(=O)NCN2c1ccccc1)c1ccc(F)cc1,O=C(CCCN1CCC2(CC1)C(=O)NCN2c1ccccc1)c1ccc(F)cc1,1,exact,1,1,B3DB_classification:694,spiperone,O=C(CCCN1CCC2(CC1)C(=O)NCN2c1ccccc1)c1ccc(F)cc1,B3DB_classification:694,spiperone,O=C(CCCN1CCC2(CC1)C(=O)NCN2c1ccccc1)c1ccc(F)cc1,,,
tdc_no_conflict_salt_removed,test,141,test:141,O=C(CCCN1CCC2(CC1)C(=O)NCN2c1ccc(F)cc1)c1ccc(F)cc1,1,True,,O=C(CCCN1CCC2(CC1)C(=O)NCN2c1ccc(F)cc1)c1ccc(F)cc1,O=C(CCCN1CCC2(CC1)C(=O)NCN2c1ccc(F)cc1)c1ccc(F)cc1,1,exact,1,1,B3DB_classification:2370,fluspiperone,O=C(CCCN1CCC2(CC1)C(=O)NCN2c1ccc(F)cc1)c1ccc(F)cc1,B3DB_classification:2370,fluspiperone,O=C(CCCN1CCC2(CC1)C(=O)NCN2c1ccc(F)cc1)c1ccc(F)cc1,,,
tdc_no_conflict_salt_removed,test,142,test:142,CCOC(=O)C1(c2ccccc2)CCN(CCCNc2ccccc2)CC1,1,True,,CCOC(=O)C1(c2ccccc2)CCN(CCCNc2ccccc2)CC1,CCOC(=O)C1(c2ccccc2)CCN(CCCNc2ccccc2)CC1,1,exact,1,1,B3DB_classification:1631,piminodine,CCOC(=O)C1(c2ccccc2)CCN(CCCNc2ccccc2)CC1,B3DB_classification:1631,piminodine,CCOC(=O)C1(c2ccccc2)CCN(CCCNc2ccccc2)CC1,,,
tdc_no_conflict_salt_removed,test,143,test:143,Cn1nc(-c2cccnc2)nc1-c1ccccc1CO,1,True,,Cn1nc(-c2cccnc2)nc1-c1ccccc1CO,Cn1nc(-c2cccnc2)nc1-c1ccccc1CO,1,exact,1,1,B3DB_classification:2254,fepitrizol,Cn1nc(-c2cccnc2)nc1-c1ccccc1CO,B3DB_classification:2254,fepitrizol,Cn1nc(-c2cccnc2)nc1-c1ccccc1CO,,,
tdc_no_conflict_salt_removed,test,144,test:144,N[C@@H]1C[C@H]1c1ccccc1,1,True,,N[C@@H]1C[C@H]1c1ccccc1,N[C@@H]1C[C@H]1c1ccccc1,1,exact,1,1,B3DB_classification:2346,48264-ep2275420a1,N[C@@H]1C[C@H]1c1ccccc1,B3DB_classification:2346,48264-ep2275420a1,N[C@@H]1C[C@H]1c1ccccc1,,,
tdc_no_conflict_salt_removed,test,145,test:145,CCN(CC)C(=O)[C@]1(c2ccccc2)C[C@@H]1CN,1,True,,CCN(CC)C(=O)[C@]1(c2ccccc2)C[C@@H]1CN,CCN(CC)C(=O)[C@]1(c2ccccc2)C[C@@H]1CN,1,exact,1,1,B3DB_classification:1586,milnacipran,CCN(CC)C(=O)[C@]1(c2ccccc2)C[C@@H]1CN,B3DB_classification:1586,milnacipran,CCN(CC)C(=O)[C@]1(c2ccccc2)C[C@@H]1CN,,,
tdc_no_conflict_salt_removed,test,146,test:146,NC(=O)C1(N2CCCCC2)CCN(CCCC(=O)c2ccc(F)cc2)CC1,1,True,,NC(=O)C1(N2CCCCC2)CCN(CCCC(=O)c2ccc(F)cc2)CC1,NC(=O)C1(N2CCCCC2)CCN(CCCC(=O)c2ccc(F)cc2)CC1,1,exact,1,1,B3DB_classification:2280,pipamperone,NC(=O)C1(N2CCCCC2)CCN(CCCC(=O)c2ccc(F)cc2)CC1,B3DB_classification:2280,pipamperone,NC(=O)C1(N2CCCCC2)CCN(CCCC(=O)c2ccc(F)cc2)CC1,,,
tdc_no_conflict_salt_removed,test,147,test:147,CCC(=O)C1(N2CCCCC2)CCN(CCCC(=O)c2ccc(F)cc2)CC1,1,True,,CCC(=O)C1(N2CCCCC2)CCN(CCCC(=O)c2ccc(F)cc2)CC1,CCC(=O)C1(N2CCCCC2)CCN(CCCC(=O)c2ccc(F)cc2)CC1,1,exact,1,1,B3DB_classification:1415,propyperone,CCC(=O)C1(N2CCCCC2)CCN(CCCC(=O)c2ccc(F)cc2)CC1,B3DB_classification:1415,propyperone,CCC(=O)C1(N2CCCCC2)CCN(CCCC(=O)c2ccc(F)cc2)CC1,,,
tdc_no_conflict_salt_removed,test,148,test:148,CN(C)Cc1ccnc(-c2cccc(NC3N=CC=C3[N+](=O)[O-])c2)c1,1,True,,CN(C)Cc1ccnc(-c2cccc(NC3N=CC=C3[N+](=O)[O-])c2)c1,CN(C)Cc1ccnc(-c2cccc(NC3N=CC=C3[N+](=O)[O-])c2)c1,1,exact,1,1,B3DB_classification:367,compound 38,CN(C)Cc1ccnc(-c2cccc(NC3N=CC=C3[N+](=O)[O-])c2)c1,B3DB_classification:367,compound 38,CN(C)Cc1ccnc(-c2cccc(NC3N=CC=C3[N+](=O)[O-])c2)c1,,,
tdc_no_conflict_salt_removed,test,149,test:149,CCc1c(C)[nH]c2c1C(=O)[C@@H]1CN(C)CC[C@H]1C2,1,True,,CCc1c(C)[nH]c2c1C(=O)[C@@H]1CN(C)CC[C@H]1C2,CCc1c(C)[nH]c2c1C(=O)[C@@H]1CN(C)CC[C@H]1C2,1,exact,1,1,B3DB_classification:1694,piquindone,CCc1c(C)[nH]c2c1C(=O)[C@@H]1CN(C)CC[C@H]1C2,B3DB_classification:1694,piquindone,CCc1c(C)[nH]c2c1C(=O)[C@@H]1CN(C)CC[C@H]1C2,,,
tdc_no_conflict_salt_removed,test,150,test:150,CC(C)(C)NCC(O)COc1cccc2c1CCC(=O)N2,0,True,,CC(C)(C)NCC(O)COc1cccc2c1CCC(=O)N2,CC(C)(C)NCC(O)COc1cccc2c1CCC(=O)N2,1,exact,1,1,B3DB_classification:310,carteolol,CC(C)(C)NCC(O)COc1cccc2c1CCC(=O)N2,B3DB_classification:310,carteolol,CC(C)(C)NCC(O)COc1cccc2c1CCC(=O)N2,,,b3db_exact_label_mismatch|b3db_salt_removed_label_mismatch
tdc_no_conflict_salt_removed,test,151,test:151,CC(C)n1cc2c3c(cccc31)C1C[C@@H](C(=O)NC3CCCCC3)CN(C)C1C2,1,True,,CC(C)n1cc2c3c(cccc31)C1C[C@@H](C(=O)NC3CCCCC3)CN(C)C1C2,CC(C)n1cc2c3c(cccc31)C1C[C@@H](C(=O)NC3CCCCC3)CN(C)C1C2,1,exact,1,1,B3DB_classification:1283,amesergide,CC(C)n1cc2c3c(cccc31)C1C[C@@H](C(=O)NC3CCCCC3)CN(C)C1C2,B3DB_classification:1283,amesergide,CC(C)n1cc2c3c(cccc31)C1C[C@@H](C(=O)NC3CCCCC3)CN(C)C1C2,,,
tdc_no_conflict_salt_removed,test,152,test:152,c1ccc2c(c1)CCN1CCNCC21,1,True,,c1ccc2c(c1)CCN1CCNCC21,c1ccc2c(c1)CCN1CCNCC21,1,exact,1,1,B3DB_classification:2574,5234-86-6,c1ccc2c(c1)CCN1CCNCC21,B3DB_classification:2574,5234-86-6,c1ccc2c(c1)CCN1CCNCC21,,,
tdc_no_conflict_salt_removed,test,153,test:153,CC[N+](C)(C)Cc1ccccc1Br,0,True,,CC[N+](C)(C)Cc1ccccc1Br,CC[N+](C)(C)Cc1ccccc1Br,1,exact,0,0,B3DB_classification:1690,bretylium,CC[N+](C)(C)Cc1ccccc1Br,B3DB_classification:1690,bretylium,CC[N+](C)(C)Cc1ccccc1Br,,,
tdc_no_conflict_salt_removed,test,154,test:154,O=C(CCCN1CCN(c2cc3ccccc3cn2)CC1)c1ccc(F)cc1,1,True,,O=C(CCCN1CCN(c2cc3ccccc3cn2)CC1)c1ccc(F)cc1,O=C(CCCN1CCN(c2cc3ccccc3cn2)CC1)c1ccc(F)cc1,1,exact,1,1,B3DB_classification:2372,cinuperone,O=C(CCCN1CCN(c2cc3ccccc3cn2)CC1)c1ccc(F)cc1,B3DB_classification:2372,cinuperone,O=C(CCCN1CCN(c2cc3ccccc3cn2)CC1)c1ccc(F)cc1,,,
tdc_no_conflict_salt_removed,test,155,test:155,C=C1CC2C3C=CC4=CC(=O)CCC4(C)C3C(O)CC2(C)[C@@]1(O)C(=O)CO,1,True,,C=C1CC2C3C=CC4=CC(=O)CCC4(C)C3C(O)CC2(C)[C@@]1(O)C(=O)CO,C=C1CC2C3C=CC4=CC(=O)CCC4(C)C3C(O)CC2(C)[C@@]1(O)C(=O)CO,1,exact,1,1,B3DB_classification:1090,isoprednidene,C=C1CC2C3C=CC4=CC(=O)CCC4(C)C3C(O)CC2(C)[C@@]1(O)C(=O)CO,B3DB_classification:1090,isoprednidene,C=C1CC2C3C=CC4=CC(=O)CCC4(C)C3C(O)CC2(C)[C@@]1(O)C(=O)CO,,,
tdc_no_conflict_salt_removed,test,156,test:156,COc1ccc(-c2cc(=O)c3c(O)cc(O[C@@H]4O[C@H](CO[C@@H]5O[C@@H](C)[C@H](O)[C@@H](O)[C@H]5O)[C@@H](O)[C@H](O)[C@H]4O)cc3o2)cc1O,0,True,,COc1ccc(-c2cc(=O)c3c(O)cc(O[C@@H]4O[C@H](CO[C@@H]5O[C@@H](C)[C@H](O)[C@@H](O)[C@H]5O)[C@@H](O)[C@H](O)[C@H]4O)cc3o2)cc1O,COc1ccc(-c2cc(=O)c3c(O)cc(O[C@@H]4O[C@H](CO[C@@H]5O[C@@H](C)[C@H](O)[C@@H](O)[C@H]5O)[C@@H](O)[C@H](O)[C@H]4O)cc3o2)cc1O,1,exact,0,0,B3DB_classification:2041,diosmin,COc1ccc(-c2cc(=O)c3c(O)cc(O[C@@H]4O[C@H](CO[C@@H]5O[C@@H](C)[C@H](O)[C@@H](O)[C@H]5O)[C@@H](O)[C@H](O)[C@H]4O)cc3o2)cc1O,B3DB_classification:2041,diosmin,COc1ccc(-c2cc(=O)c3c(O)cc(O[C@@H]4O[C@H](CO[C@@H]5O[C@@H](C)[C@H](O)[C@@H](O)[C@H]5O)[C@@H](O)[C@H](O)[C@H]4O)cc3o2)cc1O,,,
tdc_no_conflict_salt_removed,test,157,test:157,c1ccc(C2(c3ccccc3)OC[C@H]([C@@H]3CCCCN3)O2)cc1,1,True,,c1ccc(C2(c3ccccc3)OC[C@H]([C@@H]3CCCCN3)O2)cc1,c1ccc(C2(c3ccccc3)OC[C@H]([C@@H]3CCCCN3)O2)cc1,1,exact,1,1,B3DB_classification:2567,dexoxadrol,c1ccc(C2(c3ccccc3)OC[C@H]([C@@H]3CCCCN3)O2)cc1,B3DB_classification:2567,dexoxadrol,c1ccc(C2(c3ccccc3)OC[C@H]([C@@H]3CCCCN3)O2)cc1,,,
tdc_no_conflict_salt_removed,test,158,test:158,COCC(=O)O[C@]1(CCN(C)CCCc2nc3ccccc3[nH]2)CCc2cc(F)ccc2[C@@H]1C(C)C,0,True,,COCC(=O)O[C@]1(CCN(C)CCCc2nc3ccccc3[nH]2)CCc2cc(F)ccc2[C@@H]1C(C)C,COCC(=O)O[C@]1(CCN(C)CCCc2nc3ccccc3[nH]2)CCc2cc(F)ccc2[C@@H]1C(C)C,1,exact,0,0,B3DB_classification:1985,mibefradil,COCC(=O)O[C@]1(CCN(C)CCCc2nc3ccccc3[nH]2)CCc2cc(F)ccc2[C@@H]1C(C)C,B3DB_classification:1985,mibefradil,COCC(=O)O[C@]1(CCN(C)CCCc2nc3ccccc3[nH]2)CCc2cc(F)ccc2[C@@H]1C(C)C,,,
tdc_no_conflict_salt_removed,test,159,test:159,CC(=O)O[C@H]1C[C@@H]2C(COC(=O)CC(C)C)=CO[C@@H](OC(=O)CC(C)C)[C@@H]2[C@@]12CO2,1,True,,CC(=O)O[C@H]1C[C@@H]2C(COC(=O)CC(C)C)=CO[C@@H](OC(=O)CC(C)C)[C@@H]2[C@@]12CO2,CC(=O)O[C@H]1C[C@@H]2C(COC(=O)CC(C)C)=CO[C@@H](OC(=O)CC(C)C)[C@@H]2[C@@]12CO2,1,exact,1,1,B3DB_classification:1200,didrovaltrate,CC(=O)O[C@H]1C[C@@H]2C(COC(=O)CC(C)C)=CO[C@@H](OC(=O)CC(C)C)[C@@H]2[C@@]12CO2,B3DB_classification:1200,didrovaltrate,CC(=O)O[C@H]1C[C@@H]2C(COC(=O)CC(C)C)=CO[C@@H](OC(=O)CC(C)C)[C@@H]2[C@@]12CO2,,,
tdc_no_conflict_salt_removed,test,160,test:160,O=C1[C@H]2CCCC[C@H]2C(=O)N1CCCCN1CCN(c2nsc3ccccc23)CC1,1,True,,O=C1[C@H]2CCCC[C@H]2C(=O)N1CCCCN1CCN(c2nsc3ccccc23)CC1,O=C1[C@H]2CCCC[C@H]2C(=O)N1CCCCN1CCN(c2nsc3ccccc23)CC1,1,exact,1,1,B3DB_classification:2491,perospirone,O=C1[C@H]2CCCC[C@H]2C(=O)N1CCCCN1CCN(c2nsc3ccccc23)CC1,B3DB_classification:2491,perospirone,O=C1[C@H]2CCCC[C@H]2C(=O)N1CCCCN1CCN(c2nsc3ccccc23)CC1,,,
tdc_no_conflict_salt_removed,test,161,test:161,COC1(F)C(F)(F)C1(F)Cl,1,True,,COC1(F)C(F)(F)C1(F)Cl,COC1(F)C(F)(F)C1(F)Cl,1,exact,1,1,B3DB_classification:1975,aliflurane,COC1(F)C(F)(F)C1(F)Cl,B3DB_classification:1975,aliflurane,COC1(F)C(F)(F)C1(F)Cl,,,
tdc_no_conflict_salt_removed,test,162,test:162,C1CC1,1,True,,C1CC1,C1CC1,1,exact,1,1,B3DB_classification:607,cyclopropane (trimethylene),C1CC1,B3DB_classification:607,cyclopropane (trimethylene),C1CC1,,,
tdc_no_conflict_salt_removed,test,163,test:163,NC(=O)CN1Cc2ccccc2OC1=O,1,True,,NC(=O)CN1Cc2ccccc2OC1=O,NC(=O)CN1Cc2ccccc2OC1=O,1,exact,1,1,B3DB_classification:2289,caroxazone,NC(=O)CN1Cc2ccccc2OC1=O,B3DB_classification:2289,caroxazone,NC(=O)CN1Cc2ccccc2OC1=O,,,
tdc_no_conflict_salt_removed,test,164,test:164,COc1cc(C(=O)/C=C/N2CC=CC2)cc(OC)c1OC,1,True,,COc1cc(C(=O)/C=C/N2CC=CC2)cc(OC)c1OC,COc1cc(C(=O)/C=C/N2CC=CC2)cc(OC)c1OC,1,exact,1,1,B3DB_classification:2022,roletamide,COc1cc(C(=O)/C=C/N2CC=CC2)cc(OC)c1OC,B3DB_classification:2022,roletamide,COc1cc(C(=O)/C=C/N2CC=CC2)cc(OC)c1OC,,,
tdc_no_conflict_salt_removed,test,165,test:165,CN1CCN(C2=Nc3ccccc3Sc3nccn32)CC1,1,True,,CN1CCN(C2=Nc3ccccc3Sc3nccn32)CC1,CN1CCN(C2=Nc3ccccc3Sc3nccn32)CC1,1,exact,1,1,B3DB_classification:1850,pentiapine,CN1CCN(C2=Nc3ccccc3Sc3nccn32)CC1,B3DB_classification:1850,pentiapine,CN1CCN(C2=Nc3ccccc3Sc3nccn32)CC1,,,
tdc_no_conflict_salt_removed,test,166,test:166,O=C(O)C1=C/C(=N\Nc2ccc(S(=O)(=O)Nc3ccccn3)cc2)C=CC1=O,0,True,,O=C(O)C1=C/C(=N\Nc2ccc(S(=O)(=O)Nc3ccccn3)cc2)C=CC1=O,O=C(O)C1=C/C(=N\Nc2ccc(S(=O)(=O)Nc3ccccn3)cc2)C=CC1=O,1,unmatched,,,,,,,,,,,
tdc_no_conflict_salt_removed,test,167,test:167,CO[C@@H]1O[C@H]2O[C@@]3(CN4CCCCC4)[C@@H]1[C@H](C[C@@H]3O)[C@H]2C,1,True,,CO[C@@H]1O[C@H]2O[C@@]3(CN4CCCCC4)[C@@H]1[C@H](C[C@@H]3O)[C@H]2C,CO[C@@H]1O[C@H]2O[C@@]3(CN4CCCCC4)[C@@H]1[C@H](C[C@@H]3O)[C@H]2C,1,exact,1,1,B3DB_classification:2000,valperinol,CO[C@@H]1O[C@H]2O[C@]3(CN4CCCCC4)[C@@H](O)C[C@@H]([C@H]13)[C@H]2C,B3DB_classification:2000,valperinol,CO[C@@H]1O[C@H]2O[C@]3(CN4CCCCC4)[C@@H](O)C[C@@H]([C@H]13)[C@H]2C,,,
tdc_no_conflict_salt_removed,test,168,test:168,CC(C)(C)c1ccc(C(=O)CCCN2CCC(OC(c3ccccc3)c3ccccc3)CC2)cc1,0,True,,CC(C)(C)c1ccc(C(=O)CCCN2CCC(OC(c3ccccc3)c3ccccc3)CC2)cc1,CC(C)(C)c1ccc(C(=O)CCCN2CCC(OC(c3ccccc3)c3ccccc3)CC2)cc1,1,exact,0,0,B3DB_classification:1233,efavirenz,CC(C)(C)c1ccc(C(=O)CCCN2CCC(OC(c3ccccc3)c3ccccc3)CC2)cc1,B3DB_classification:1233,efavirenz,CC(C)(C)c1ccc(C(=O)CCCN2CCC(OC(c3ccccc3)c3ccccc3)CC2)cc1,,,
tdc_no_conflict_salt_removed,test,169,test:169,CC(C)(C(=O)O)c1ccc(C(=O)CCCN2CCC(OC(c3ccccc3)c3ccccc3)CC2)cc1,0,True,,CC(C)(C(=O)O)c1ccc(C(=O)CCCN2CCC(OC(c3ccccc3)c3ccccc3)CC2)cc1,CC(C)(C(=O)O)c1ccc(C(=O)CCCN2CCC(OC(c3ccccc3)c3ccccc3)CC2)cc1,1,exact,0,0,B3DB_classification:1221,clomipramine,CC(C)(C(=O)O)c1ccc(C(=O)CCCN2CCC(OC(c3ccccc3)c3ccccc3)CC2)cc1,B3DB_classification:1221,clomipramine,CC(C)(C(=O)O)c1ccc(C(=O)CCCN2CCC(OC(c3ccccc3)c3ccccc3)CC2)cc1,,,
tdc_no_conflict_salt_removed,test,170,test:170,Clc1ccc(COC(Cn2ccnc2)c2ccc(Cl)cc2Cl)cc1,0,True,,Clc1ccc(COC(Cn2ccnc2)c2ccc(Cl)cc2Cl)cc1,Clc1ccc(COC(Cn2ccnc2)c2ccc(Cl)cc2Cl)cc1,1,exact,0,0,B3DB_classification:2238,econazole,Clc1ccc(COC(Cn2ccnc2)c2ccc(Cl)cc2Cl)cc1,B3DB_classification:2238,econazole,Clc1ccc(COC(Cn2ccnc2)c2ccc(Cl)cc2Cl)cc1,,,
tdc_no_conflict_salt_removed,test,171,test:171,CC1(C)S[C@@H]2[C@H](NC(=O)[C@H](N)c3ccccc3)C(=O)N2[C@H]1C(=O)O,0,True,,CC1(C)S[C@@H]2[C@H](NC(=O)[C@H](N)c3ccccc3)C(=O)N2[C@H]1C(=O)O,CC1(C)S[C@@H]2[C@H](NC(=O)[C@H](N)c3ccccc3)C(=O)N2[C@H]1C(=O)O,1,exact,0,0,B3DB_classification:1361,ampicillin,CC1(C)S[C@@H]2[C@H](NC(=O)[C@H](N)c3ccccc3)C(=O)N2[C@H]1C(=O)O,B3DB_classification:1361|B3DB_classification:1362,ampicillin ; sultamicillin,CC1(C)S[C@@H]2[C@H](NC(=O)[C@H](N)c3ccccc3)C(=O)N2[C@H]1C(=O)O ; CC1(C)S[C@@H]2[C@H](NC(=O)[C@H](N)c3ccccc3)C(=O)N2[C@H]1C(=O)O.CC1(C)[C@H](C(=O)O)N2C(=O)C[C@H]2S1(=O)=O,train:335|test:171,train:335|test:171,tdc_exact_duplicate_same_label|tdc_salt_removed_duplicate_same_label
tdc_no_conflict_salt_removed,test,172,test:172,C[C@@H]1O[C@@H]1P(=O)(O)O,1,True,,C[C@@H]1O[C@@H]1P(=O)(O)O,C[C@@H]1O[C@@H]1P(=O)(O)O,1,unmatched,,,,,,,,,,,
tdc_no_conflict_salt_removed,test,173,test:173,CC1(C)S[C@@H]2[C@H](NC(=O)C3(N)CCCCC3)C(=O)N2[C@H]1C(=O)O,0,True,,CC1(C)S[C@@H]2[C@H](NC(=O)C3(N)CCCCC3)C(=O)N2[C@H]1C(=O)O,CC1(C)S[C@@H]2[C@H](NC(=O)C3(N)CCCCC3)C(=O)N2[C@H]1C(=O)O,1,exact,0,0,B3DB_classification:1353,cyclacillin,CC1(C)S[C@@H]2[C@H](NC(=O)C3(N)CCCCC3)C(=O)N2[C@H]1C(=O)O,B3DB_classification:1353,cyclacillin,CC1(C)S[C@@H]2[C@H](NC(=O)C3(N)CCCCC3)C(=O)N2[C@H]1C(=O)O,,,
tdc_no_conflict_salt_removed,test,174,test:174,CCOC(=O)C1(c2ccccc2)CCN(CCc2ccc(N)cc2)CC1,1,True,,CCOC(=O)C1(c2ccccc2)CCN(CCc2ccc(N)cc2)CC1,CCOC(=O)C1(c2ccccc2)CCN(CCc2ccc(N)cc2)CC1,1,exact,1,1,B3DB_classification:1632,anileridine,CCOC(=O)C1(c2ccccc2)CCN(CCc2ccc(N)cc2)CC1,B3DB_classification:1632,anileridine,CCOC(=O)C1(c2ccccc2)CCN(CCc2ccc(N)cc2)CC1,,,
tdc_no_conflict_salt_removed,test,175,test:175,O=C1CN=C(c2ccccc2)c2cc(Cl)ccc2N1CCOCC1CC1,1,True,,O=C1CN=C(c2ccccc2)c2cc(Cl)ccc2N1CCOCC1CC1,O=C1CN=C(c2ccccc2)c2cc(Cl)ccc2N1CCOCC1CC1,1,exact,1,1,B3DB_classification:2459,iclazepam,O=C1CN=C(c2ccccc2)c2cc(Cl)ccc2N1CCOCC1CC1,B3DB_classification:2459,iclazepam,O=C1CN=C(c2ccccc2)c2cc(Cl)ccc2N1CCOCC1CC1,,,
tdc_no_conflict_salt_removed,test,176,test:176,Cc1ccnc2c1NC(=O)c1cccnc1N2C1CC1,1,True,,Cc1ccnc2c1NC(=O)c1cccnc1N2C1CC1,Cc1ccnc2c1NC(=O)c1cccnc1N2C1CC1,1,exact,1,1,B3DB_classification:556,129618-40-2,Cc1ccnc2c1NC(=O)c1cccnc1N2C1CC1,B3DB_classification:556,129618-40-2,Cc1ccnc2c1NC(=O)c1cccnc1N2C1CC1,,,
tdc_no_conflict_salt_removed,test,177,test:177,CN1CCN(CC(=O)N2c3ccccc3C(=O)Nc3cccnc32)CC1,1,True,,CN1CCN(CC(=O)N2c3ccccc3C(=O)Nc3cccnc32)CC1,CN1CCN(CC(=O)N2c3ccccc3C(=O)Nc3cccnc32)CC1,1,unmatched,,,,,,,,,,,
tdc_no_conflict_salt_removed,test,178,test:178,N=C(N)c1ccc(-c2ccccc2[N+](=O)[O-])o1,1,True,,N=C(N)c1ccc(-c2ccccc2[N+](=O)[O-])o1,N=C(N)c1ccc(-c2ccccc2[N+](=O)[O-])o1,1,exact,1,1,B3DB_classification:2277,nitrafudam,N=C(N)c1ccc(-c2ccccc2[N+](=O)[O-])o1,B3DB_classification:2277,nitrafudam,N=C(N)c1ccc(-c2ccccc2[N+](=O)[O-])o1,,,
tdc_no_conflict_salt_removed,test,179,test:179,CN1C(=O)CCC1c1cccnc1,1,True,,CN1C(=O)CCC1c1cccnc1,CN1C(=O)CCC1c1cccnc1,1,exact,1,1,B3DB_classification:1804,cotinine,CN1C(=O)CCC1c1cccnc1,B3DB_classification:1804,cotinine,CN1C(=O)CCC1c1cccnc1,,,
tdc_no_conflict_salt_removed,test,180,test:180,CN1CCN2c3ncccc3Cc3ccccc3C2C1,1,True,,CN1CCN2c3ncccc3Cc3ccccc3C2C1,CN1CCN2c3ncccc3Cc3ccccc3C2C1,1,exact,1,1,B3DB_classification:822,mirtazapine,CN1CCN2c3ncccc3Cc3ccccc3C2C1,B3DB_classification:822,mirtazapine,CN1CCN2c3ncccc3Cc3ccccc3C2C1,,,
tdc_no_conflict_salt_removed,test,181,test:181,c1ccc(NCCCOc2cccc(CN3CCCCC3)c2)nc1,1,True,,c1ccc(NCCCOc2cccc(CN3CCCCC3)c2)nc1,c1ccc(NCCCOc2cccc(CN3CCCCC3)c2)nc1,1,exact,1,1,B3DB_classification:893,chembl142149,c1ccc(NCCCOc2cccc(CN3CCCCC3)c2)nc1,B3DB_classification:893,chembl142149,c1ccc(NCCCOc2cccc(CN3CCCCC3)c2)nc1,,,
tdc_no_conflict_salt_removed,test,182,test:182,Cc1c(O)c(=O)ccn1C,1,True,,Cc1c(O)c(=O)ccn1C,Cc1c(O)c(=O)ccn1C,1,unmatched,,,,,,,,,,,
tdc_no_conflict_salt_removed,test,183,test:183,CCn1ccc(=O)c(O)c1C,1,True,,CCn1ccc(=O)c(O)c1C,CCn1ccc(=O)c(O)c1C,1,exact,1,1,B3DB_classification:1707,metronidazole,CCn1ccc(=O)c(O)c1C,B3DB_classification:1707,metronidazole,CCn1ccc(=O)c(O)c1C,,,
tdc_no_conflict_salt_removed,test,184,test:184,CCCCn1ccc(=O)c(O)c1C,1,True,,CCCCn1ccc(=O)c(O)c1C,CCCCn1ccc(=O)c(O)c1C,1,exact,1,1,B3DB_classification:1556,cp24,CCCCn1ccc(=O)c(O)c1C,B3DB_classification:1556,cp24,CCCCn1ccc(=O)c(O)c1C,,,
tdc_no_conflict_salt_removed,test,185,test:185,CCCCCn1ccc(=O)c(O)c1C,1,True,,CCCCCn1ccc(=O)c(O)c1C,CCCCCn1ccc(=O)c(O)c1C,1,exact,1,1,B3DB_classification:1540,cp29,CCCCCn1ccc(=O)c(O)c1C,B3DB_classification:1540,cp29,CCCCCn1ccc(=O)c(O)c1C,,,
tdc_no_conflict_salt_removed,test,186,test:186,Cc1c(O)c(=O)ccn1CCCO,0,True,,Cc1c(O)c(=O)ccn1CCCO,Cc1c(O)c(=O)ccn1CCCO,1,exact,0,0,B3DB_classification:2166,pyridostigminebromide,Cc1c(O)c(=O)ccn1CCCO,B3DB_classification:2166,pyridostigminebromide,Cc1c(O)c(=O)ccn1CCCO,,,
tdc_no_conflict_salt_removed,test,187,test:187,CCc1c(O)c(=O)ccn1CC,1,True,,CCc1c(O)c(=O)ccn1CC,CCc1c(O)c(=O)ccn1CC,1,exact,1,1,B3DB_classification:1695,cp94,CCc1c(O)c(=O)ccn1CC,B3DB_classification:1695,cp94,CCc1c(O)c(=O)ccn1CC,,,
tdc_no_conflict_salt_removed,test,188,test:188,CCc1c(O)c(=O)ccn1CCO,0,True,,CCc1c(O)c(=O)ccn1CCO,CCc1c(O)c(=O)ccn1CCO,1,exact,0,0,B3DB_classification:1697,cp102,CCc1c(O)c(=O)ccn1CCO,B3DB_classification:1697,cp102,CCc1c(O)c(=O)ccn1CCO,,,
tdc_no_conflict_salt_removed,test,189,test:189,CCc1c(O)c(=O)ccn1CCCCO,0,True,,CCc1c(O)c(=O)ccn1CCCCO,CCc1c(O)c(=O)ccn1CCCCO,1,exact,0,0,B3DB_classification:1696,cp-107,CCc1c(O)c(=O)ccn1CCCCO,B3DB_classification:1696,cp-107,CCc1c(O)c(=O)ccn1CCCCO,,,
tdc_no_conflict_salt_removed,test,190,test:190,OCCN(CCO)c1nc(N2CCCCC2)c2nc(N(CCO)CCO)nc(N3CCCCC3)c2n1,0,True,,OCCN(CCO)c1nc(N2CCCCC2)c2nc(N(CCO)CCO)nc(N3CCCCC3)c2n1,OCCN(CCO)c1nc(N2CCCCC2)c2nc(N(CCO)CCO)nc(N3CCCCC3)c2n1,1,exact,1,1,B3DB_classification:561,dipyridamole,OCCN(CCO)c1nc(N2CCCCC2)c2nc(N(CCO)CCO)nc(N3CCCCC3)c2n1,B3DB_classification:561,dipyridamole,OCCN(CCO)c1nc(N2CCCCC2)c2nc(N(CCO)CCO)nc(N3CCCCC3)c2n1,,,b3db_exact_label_mismatch|b3db_salt_removed_label_mismatch
tdc_no_conflict_salt_removed,test,191,test:191,CCCNC(=O)c1ccc2c(c1)N([C@H](C)CN1CCCC1)c1ccccc1S2,1,True,,CCCNC(=O)c1ccc2c(c1)N([C@H](C)CN1CCCC1)c1ccccc1S2,CCCNC(=O)c1ccc2c(c1)N([C@H](C)CN1CCCC1)c1ccccc1S2,1,exact,1,1,B3DB_classification:1566,apadoline,CCCNC(=O)c1ccc2c(c1)N([C@H](C)CN1CCCC1)c1ccccc1S2,B3DB_classification:1566,apadoline,CCCNC(=O)c1ccc2c(c1)N([C@H](C)CN1CCCC1)c1ccccc1S2,,,
tdc_no_conflict_salt_removed,test,192,test:192,CCCNC(=O)c1ccc2c(c1)N([C@@H](C)CN1CCCC1)c1ccccc1S2,1,True,,CCCNC(=O)c1ccc2c(c1)N([C@@H](C)CN1CCCC1)c1ccccc1S2,CCCNC(=O)c1ccc2c(c1)N([C@@H](C)CN1CCCC1)c1ccccc1S2,1,exact,1,1,B3DB_classification:1565,rp 60180,CCCNC(=O)c1ccc2c(c1)N([C@@H](C)CN1CCCC1)c1ccccc1S2,B3DB_classification:1565,rp 60180,CCCNC(=O)c1ccc2c(c1)N([C@@H](C)CN1CCCC1)c1ccccc1S2,,,
tdc_no_conflict_salt_removed,test,193,test:193,CNCCCC1(c2ccccc2)OC(C)(C)c2ccccc21,1,True,,CNCCCC1(c2ccccc2)OC(C)(C)c2ccccc21,CNCCCC1(c2ccccc2)OC(C)(C)c2ccccc21,1,exact,1,1,B3DB_classification:1920,talopram,CNCCCC1(c2ccccc2)OC(C)(C)c2ccccc21,B3DB_classification:1920,talopram,CNCCCC1(c2ccccc2)OC(C)(C)c2ccccc21,,,
tdc_no_conflict_salt_removed,test,194,test:194,CN(C)CCCC1(c2ccc(F)cc2)OCc2cc(C#N)ccc21,1,True,,CN(C)CCCC1(c2ccc(F)cc2)OCc2cc(C#N)ccc21,CN(C)CCCC1(c2ccc(F)cc2)OCc2cc(C#N)ccc21,1,exact,1,1,B3DB_classification:986,citalopram,CN(C)CCCC1(c2ccc(F)cc2)OCc2cc(C#N)ccc21,B3DB_classification:986,citalopram,CN(C)CCCC1(c2ccc(F)cc2)OCc2cc(C#N)ccc21,,,
tdc_no_conflict_salt_removed,test,195,test:195,O=C1NCN(c2ccccc2)C12CCN(CC1COc3ccccc3O1)CC2,1,True,,O=C1NCN(c2ccccc2)C12CCN(CC1COc3ccccc3O1)CC2,O=C1NCN(c2ccccc2)C12CCN(CC1COc3ccccc3O1)CC2,1,exact,1,1,B3DB_classification:2483,spiroxatrine,O=C1NCN(c2ccccc2)C12CCN(CC1COc3ccccc3O1)CC2,B3DB_classification:2483,spiroxatrine,O=C1NCN(c2ccccc2)C12CCN(CC1COc3ccccc3O1)CC2,,,
tdc_no_conflict_salt_removed,test,196,test:196,C=CCC1(C2C=CCCC2)C(=O)NC(=S)NC1=O,1,True,,C=CCC1(C2C=CCCC2)C(=O)NC(=S)NC1=O,C=CCC1(C2C=CCCC2)C(=O)NC(=S)NC1=O,1,exact,1,1,B3DB_classification:1110,thialbarbital,C=CCC1(C2C=CCCC2)C(=O)NC(=S)NC1=O,B3DB_classification:1110,thialbarbital,C=CCC1(C2C=CCCC2)C(=O)NC(=S)NC1=O,,,
tdc_no_conflict_salt_removed,test,197,test:197,C#C[C@]1(O)CC[C@H]2[C@@H]3[C@H](C)CC4=C(CCC(=O)C4)[C@H]3CC[C@@]21C,1,True,,C#C[C@]1(O)CC[C@H]2[C@@H]3[C@H](C)CC4=C(CCC(=O)C4)[C@H]3CC[C@@]21C,C#C[C@]1(O)CC[C@H]2[C@@H]3[C@H](C)CC4=C(CCC(=O)C4)[C@H]3CC[C@@]21C,1,exact,1,1,B3DB_classification:783,tibolone,C#C[C@]1(O)CC[C@H]2[C@H]3[C@H](CC[C@@]21C)C1=C(CC(=O)CC1)C[C@H]3C,B3DB_classification:783,tibolone,C#C[C@]1(O)CC[C@H]2[C@H]3[C@H](CC[C@@]21C)C1=C(CC(=O)CC1)C[C@H]3C,,,
tdc_no_conflict_salt_removed,test,198,test:198,CN(C)Cc1ccc(CSCCNC2N=CC=C2[N+](=O)[O-])o1,0,True,,CN(C)Cc1ccc(CSCCNC2N=CC=C2[N+](=O)[O-])o1,CN(C)Cc1ccc(CSCCNC2N=CC=C2[N+](=O)[O-])o1,1,exact,0,0,B3DB_classification:111,compound 35,CN(C)Cc1ccc(CSCCNC2N=CC=C2[N+](=O)[O-])o1,B3DB_classification:111,compound 35,CN(C)Cc1ccc(CSCCNC2N=CC=C2[N+](=O)[O-])o1,,,
tdc_no_conflict_salt_removed,test,199,test:199,CN(C)C(=O)c1nc(CNC(=O)CN)n(-c2ccc(Cl)cc2C(=O)c2ccccc2Cl)n1,1,True,,CN(C)C(=O)c1nc(CNC(=O)CN)n(-c2ccc(Cl)cc2C(=O)c2ccccc2Cl)n1,CN(C)C(=O)c1nc(CNC(=O)CN)n(-c2ccc(Cl)cc2C(=O)c2ccccc2Cl)n1,1,exact,1,1,B3DB_classification:1722,rilmazafone,CN(C)C(=O)c1nc(CNC(=O)CN)n(-c2ccc(Cl)cc2C(=O)c2ccccc2Cl)n1,B3DB_classification:1722,rilmazafone,CN(C)C(=O)c1nc(CNC(=O)CN)n(-c2ccc(Cl)cc2C(=O)c2ccccc2Cl)n1,,,
tdc_no_conflict_salt_removed,test,200,test:200,CN1CC[C@@]2(C)c3cc(OC(=O)N4CCc5ccccc5C4)ccc3N(C)[C@@H]12,1,True,,CN1CC[C@@]2(C)c3cc(OC(=O)N4CCc5ccccc5C4)ccc3N(C)[C@@H]12,CN1CC[C@@]2(C)c3cc(OC(=O)N4CCc5ccccc5C4)ccc3N(C)[C@@H]12,1,exact,1,1,B3DB_classification:1869,quilostigmine,CN1CC[C@@]2(C)c3cc(OC(=O)N4CCc5ccccc5C4)ccc3N(C)[C@@H]12,B3DB_classification:1869,quilostigmine,CN1CC[C@@]2(C)c3cc(OC(=O)N4CCc5ccccc5C4)ccc3N(C)[C@@H]12,,,
tdc_no_conflict_salt_removed,test,201,test:201,N/C(N=O)=C1\NNc2ccccc2N(Cc2ccccc2)C1=O,1,True,,N/C(N=O)=C1\NNc2ccccc2N(Cc2ccccc2)C1=O,N/C(N=O)=C1\NNc2ccccc2N(Cc2ccccc2)C1=O,1,unmatched,,,,,,,,,,,
tdc_no_conflict_salt_removed,test,202,test:202,CC[C@H](NC(=O)c1c(OCCNC(=O)Cc2ccccc2C(=O)O)c(-c2ccccc2)nc2ccccc12)c1ccccc1,0,True,,CC[C@H](NC(=O)c1c(OCCNC(=O)Cc2ccccc2C(=O)O)c(-c2ccccc2)nc2ccccc12)c1ccccc1,CC[C@H](NC(=O)c1c(OCCNC(=O)Cc2ccccc2C(=O)O)c(-c2ccccc2)nc2ccccc12)c1ccccc1,1,exact,0,0,B3DB_classification:1675,skb-f,CC[C@H](NC(=O)c1c(OCCNC(=O)Cc2ccccc2C(=O)O)c(-c2ccccc2)nc2ccccc12)c1ccccc1,B3DB_classification:1675,skb-f,CC[C@H](NC(=O)c1c(OCCNC(=O)Cc2ccccc2C(=O)O)c(-c2ccccc2)nc2ccccc12)c1ccccc1,,,
tdc_no_conflict_salt_removed,test,203,test:203,CN1CCN(CC(=O)[C@@]2(O)CC[C@H]3[C@@H]4CCC5=CC(=O)C=C[C@]5(C)[C@H]4[C@@H](O)C[C@@]32C)CC1,1,True,,CN1CCN(CC(=O)[C@@]2(O)CC[C@H]3[C@@H]4CCC5=CC(=O)C=C[C@]5(C)[C@H]4[C@@H](O)C[C@@]32C)CC1,CN1CCN(CC(=O)[C@@]2(O)CC[C@H]3[C@@H]4CCC5=CC(=O)C=C[C@]5(C)[C@H]4[C@@H](O)C[C@@]32C)CC1,1,exact,1,1,B3DB_classification:1853,mazipredone,CN1CCN(CC(=O)[C@@]2(O)CC[C@H]3[C@@H]4CCC5=CC(=O)C=C[C@]5(C)[C@H]4[C@@H](O)C[C@@]32C)CC1,B3DB_classification:1853,mazipredone,CN1CCN(CC(=O)[C@@]2(O)CC[C@H]3[C@@H]4CCC5=CC(=O)C=C[C@]5(C)[C@H]4[C@@H](O)C[C@@]32C)CC1,,,
tdc_no_conflict_salt_removed,test,204,test:204,NS(=O)(=O)Cc1noc2ccccc12,1,True,,NS(=O)(=O)Cc1noc2ccccc12,NS(=O)(=O)Cc1noc2ccccc12,1,exact,1,1,B3DB_classification:2336,zonisamide,NS(=O)(=O)Cc1noc2ccccc12,B3DB_classification:2336,zonisamide,NS(=O)(=O)Cc1noc2ccccc12,,,
tdc_no_conflict_salt_removed,test,205,test:205,NC(=O)C1(N2CCCCC2)CCN(CCCN2c3ccccc3CCc3ccccc32)CC1,1,True,,NC(=O)C1(N2CCCCC2)CCN(CCCN2c3ccccc3CCc3ccccc32)CC1,NC(=O)C1(N2CCCCC2)CCN(CCCN2c3ccccc3CCc3ccccc32)CC1,1,exact,1,1,B3DB_classification:2282,carpipramine,NC(=O)C1(N2CCCCC2)CCN(CCCN2c3ccccc3CCc3ccccc32)CC1,B3DB_classification:2282,carpipramine,NC(=O)C1(N2CCCCC2)CCN(CCCN2c3ccccc3CCc3ccccc32)CC1,,,
tdc_no_conflict_salt_removed,test,206,test:206,NC(=O)C1(N2CCCCC2)CCN(CCCN2c3ccccc3CCc3ccc(Cl)cc32)CC1,1,True,,NC(=O)C1(N2CCCCC2)CCN(CCCN2c3ccccc3CCc3ccc(Cl)cc32)CC1,NC(=O)C1(N2CCCCC2)CCN(CCCN2c3ccccc3CCc3ccc(Cl)cc32)CC1,1,exact,1,1,B3DB_classification:2281,clocapramine,NC(=O)C1(N2CCCCC2)CCN(CCCN2c3ccccc3CCc3ccc(Cl)cc32)CC1,B3DB_classification:2281,clocapramine,NC(=O)C1(N2CCCCC2)CCN(CCCN2c3ccccc3CCc3ccc(Cl)cc32)CC1,,,
tdc_no_conflict_salt_removed,test,207,test:207,CN(C)CCN(Cc1cccs1)c1ccccn1,1,True,,CN(C)CCN(Cc1cccs1)c1ccccn1,CN(C)CCN(Cc1cccs1)c1ccccn1,1,exact,1,1,B3DB_classification:1759,methapyrilene,CN(C)CCN(Cc1cccs1)c1ccccn1,B3DB_classification:1759,methapyrilene,CN(C)CCN(Cc1cccs1)c1ccccn1,,,
tdc_no_conflict_salt_removed,test,208,test:208,NC(=O)N1CC(Oc2cccc(C(F)(F)F)c2)C1,1,True,,NC(=O)N1CC(Oc2cccc(C(F)(F)F)c2)C1,NC(=O)N1CC(Oc2cccc(C(F)(F)F)c2)C1,1,exact,1,1,B3DB_classification:2291,dezinamide,NC(=O)N1CC(Oc2cccc(C(F)(F)F)c2)C1,B3DB_classification:2291,dezinamide,NC(=O)N1CC(Oc2cccc(C(F)(F)F)c2)C1,,,
tdc_no_conflict_salt_removed,test,209,test:209,CNC(=O)N1CC(Oc2cccc(C(F)(F)F)c2)C1,1,True,,CNC(=O)N1CC(Oc2cccc(C(F)(F)F)c2)C1,CNC(=O)N1CC(Oc2cccc(C(F)(F)F)c2)C1,1,exact,1,1,B3DB_classification:1898,fluzinamide,CNC(=O)N1CC(Oc2cccc(C(F)(F)F)c2)C1,B3DB_classification:1898,fluzinamide,CNC(=O)N1CC(Oc2cccc(C(F)(F)F)c2)C1,,,
tdc_no_conflict_salt_removed,test,210,test:210,CC(=O)Nc1nnc(S(N)(=O)=O)s1,1,True,,CC(=O)Nc1nnc(S(N)(=O)=O)s1,CC(=O)Nc1nnc(S(N)(=O)=O)s1,1,exact,1,1,B3DB_classification:267,acetazolamide,CC(=O)Nc1nnc(S(N)(=O)=O)s1,B3DB_classification:267,acetazolamide,CC(=O)Nc1nnc(S(N)(=O)=O)s1,,,
tdc_no_conflict_salt_removed,test,211,test:211,O=C(Cc1cccs1)N[C@@H]1C(=O)N2C(C(=O)O)=C(CSc3ncn[nH]3)CS[C@H]12,0,True,,O=C(Cc1cccs1)N[C@@H]1C(=O)N2C(C(=O)O)=C(CSc3ncn[nH]3)CS[C@H]12,O=C(Cc1cccs1)N[C@@H]1C(=O)N2C(C(=O)O)=C(CSc3ncn[nH]3)CS[C@H]12,1,exact,0,0,B3DB_classification:2397,cefetrizole,O=C(Cc1cccs1)N[C@@H]1C(=O)N2C(C(=O)O)=C(CSc3ncn[nH]3)CS[C@H]12,B3DB_classification:2397,cefetrizole,O=C(Cc1cccs1)N[C@@H]1C(=O)N2C(C(=O)O)=C(CSc3ncn[nH]3)CS[C@H]12,,,
tdc_no_conflict_salt_removed,test,212,test:212,CCCCCCCCCC(=O)N[C@H]1[C@H](Oc2c3cc4cc2Oc2ccc(cc2Cl)[C@@H](O[C@@H]2O[C@H](CO)[C@@H](O)[C@H](O)[C@H]2NC(C)=O)[C@@H]2NC(=O)[C@H](NC(=O)[C@@H]4NC(=O)[C@H]4NC(=O)[C@@H](Cc5ccc(c(Cl)c5)O3)NC(=O)[C@H](N)c3ccc(O)c(c3)Oc3cc(O)cc4c3)c3ccc(O)c(c3)-c3c(O[C@H]4O[C@H](CO)[C@@H](O)[C@H](O)[C@@H]4O)cc(O)cc3[C@H](C(=O)O)NC2=O)O[C@H](CO)[C@@H](O)[C@@H]1O,0,True,,CCCCCCCCCC(=O)N[C@H]1[C@H](Oc2c3cc4cc2Oc2ccc(cc2Cl)[C@@H](O[C@@H]2O[C@H](CO)[C@@H](O)[C@H](O)[C@H]2NC(C)=O)[C@@H]2NC(=O)[C@H](NC(=O)[C@@H]4NC(=O)[C@H]4NC(=O)[C@@H](Cc5ccc(c(Cl)c5)O3)NC(=O)[C@H](N)c3ccc(O)c(c3)Oc3cc(O)cc4c3)c3ccc(O)c(c3)-c3c(O[C@H]4O[C@H](CO)[C@@H](O)[C@H](O)[C@@H]4O)cc(O)cc3[C@H](C(=O)O)NC2=O)O[C@H](CO)[C@@H](O)[C@@H]1O,CCCCCCCCCC(=O)N[C@H]1[C@H](Oc2c3cc4cc2Oc2ccc(cc2Cl)[C@@H](O[C@@H]2O[C@H](CO)[C@@H](O)[C@H](O)[C@H]2NC(C)=O)[C@@H]2NC(=O)[C@H](NC(=O)[C@@H]4NC(=O)[C@H]4NC(=O)[C@@H](Cc5ccc(c(Cl)c5)O3)NC(=O)[C@H](N)c3ccc(O)c(c3)Oc3cc(O)cc4c3)c3ccc(O)c(c3)-c3c(O[C@H]4O[C@H](CO)[C@@H](O)[C@H](O)[C@@H]4O)cc(O)cc3[C@H](C(=O)O)NC2=O)O[C@H](CO)[C@@H](O)[C@@H]1O,1,exact,0,0,B3DB_classification:1524,teichomycin,CCCCCCCCCC(=O)N[C@H]1[C@H](Oc2c3cc4cc2Oc2ccc(cc2Cl)[C@@H](O[C@@H]2O[C@H](CO)[C@@H](O)[C@H](O)[C@H]2NC(C)=O)[C@@H]2NC(=O)[C@H](NC(=O)[C@@H]4NC(=O)[C@H]4NC(=O)[C@@H](Cc5ccc(c(Cl)c5)O3)NC(=O)[C@H](N)c3ccc(O)c(c3)Oc3cc(O)cc4c3)c3ccc(O)c(c3)-c3c(O[C@H]4O[C@H](CO)[C@@H](O)[C@H](O)[C@@H]4O)cc(O)cc3[C@H](C(=O)O)NC2=O)O[C@H](CO)[C@@H](O)[C@@H]1O,B3DB_classification:1524,teichomycin,CCCCCCCCCC(=O)N[C@H]1[C@H](Oc2c3cc4cc2Oc2ccc(cc2Cl)[C@@H](O[C@@H]2O[C@H](CO)[C@@H](O)[C@H](O)[C@H]2NC(C)=O)[C@@H]2NC(=O)[C@H](NC(=O)[C@@H]4NC(=O)[C@H]4NC(=O)[C@@H](Cc5ccc(c(Cl)c5)O3)NC(=O)[C@H](N)c3ccc(O)c(c3)Oc3cc(O)cc4c3)c3ccc(O)c(c3)-c3c(O[C@H]4O[C@H](CO)[C@@H](O)[C@H](O)[C@@H]4O)cc(O)cc3[C@H](C(=O)O)NC2=O)O[C@H](CO)[C@@H](O)[C@@H]1O,,,
tdc_no_conflict_salt_removed,test,213,test:213,Nc1nc(=O)c2ncn(CCC(CO)CO)c2[nH]1,1,True,,Nc1nc(=O)c2ncn(CCC(CO)CO)c2[nH]1,Nc1nc(=O)c2ncn(CCC(CO)CO)c2[nH]1,1,unmatched,,,,,,,,,,,
tdc_no_conflict_salt_removed,test,214,test:214,Nc1nc(=O)c2ncn(CC[C@@H](O)CO)c2[nH]1,1,True,,Nc1nc(=O)c2ncn(CC[C@@H](O)CO)c2[nH]1,Nc1nc(=O)c2ncn(CC[C@@H](O)CO)c2[nH]1,1,unmatched,,,,,,,,,,,
tdc_no_conflict_salt_removed,test,215,test:215,Nc1nc(=O)c2ncn(COC(CO)CO)c2[nH]1,0,True,,Nc1nc(=O)c2ncn(COC(CO)CO)c2[nH]1,Nc1nc(=O)c2ncn(COC(CO)CO)c2[nH]1,1,unmatched,,,,,,,,,,,
tdc_no_conflict_salt_removed,test,216,test:216,Nc1nc(=O)c2ncn(COCCO)c2[nH]1,1,True,,Nc1nc(=O)c2ncn(COCCO)c2[nH]1,Nc1nc(=O)c2ncn(COCCO)c2[nH]1,1,exact,1,1,B3DB_classification:173,aciclovir,Nc1nc(=O)c2ncn(COCCO)c2[nH]1,B3DB_classification:173,aciclovir,Nc1nc(=O)c2ncn(COCCO)c2[nH]1,,,
tdc_no_conflict_salt_removed,test,217,test:217,CC(C)[C@H](N)C(=O)OCCOCn1cnc2c(=O)nc(N)[nH]c21,1,True,,CC(C)[C@H](N)C(=O)OCCOCn1cnc2c(=O)nc(N)[nH]c21,CC(C)[C@H](N)C(=O)OCCOCn1cnc2c(=O)nc(N)[nH]c21,1,unmatched,,,,,,,,,,,
tdc_no_conflict_salt_removed,test,218,test:218,CC(C)[C@H](N)C(=O)OCC(CO)OCn1cnc2c(=O)nc(N)[nH]c21,1,True,,CC(C)[C@H](N)C(=O)OCC(CO)OCn1cnc2c(=O)nc(N)[nH]c21,CC(C)[C@H](N)C(=O)OCC(CO)OCn1cnc2c(=O)nc(N)[nH]c21,1,unmatched,,,,,,,,,,,
tdc_no_conflict_salt_removed,test,219,test:219,Cc1nn(C)c2c1N(c1ccccc1)C(=O)CC(=O)N2C,1,True,,Cc1nn(C)c2c1N(c1ccccc1)C(=O)CC(=O)N2C,Cc1nn(C)c2c1N(c1ccccc1)C(=O)CC(=O)N2C,1,exact,1,1,B3DB_classification:2226,zomebazam,Cc1nn(C)c2c1N(c1ccccc1)C(=O)CC(=O)N2C,B3DB_classification:2226,zomebazam,Cc1nn(C)c2c1N(c1ccccc1)C(=O)CC(=O)N2C,,,
tdc_no_conflict_salt_removed,test,220,test:220,O=C(CN1CC[C@H](c2ccc(F)cc2)[C@@H](COc2ccc3c(c2)OCO3)C1)c1ccc(F)cc1,1,True,,O=C(CN1CC[C@H](c2ccc(F)cc2)[C@@H](COc2ccc3c(c2)OCO3)C1)c1ccc(F)cc1,O=C(CN1CC[C@H](c2ccc(F)cc2)[C@@H](COc2ccc3c(c2)OCO3)C1)c1ccc(F)cc1,1,exact,1,1,B3DB_classification:2382,omiloxetine,O=C(CN1CC[C@H](c2ccc(F)cc2)[C@@H](COc2ccc3c(c2)OCO3)C1)c1ccc(F)cc1,B3DB_classification:2382,omiloxetine,O=C(CN1CC[C@H](c2ccc(F)cc2)[C@@H](COc2ccc3c(c2)OCO3)C1)c1ccc(F)cc1,,,
tdc_no_conflict_salt_removed,test,221,test:221,c1ccc2c(c1)CCc1cccc3c1C2CN1CCCCC31,1,True,,c1ccc2c(c1)CCc1cccc3c1C2CN1CCCCC31,c1ccc2c(c1)CCc1cccc3c1C2CN1CCCCC31,1,exact,1,1,B3DB_classification:2575,taclamine,c1ccc2c(c1)CCc1cccc3c1C2CN1CCCCC31,B3DB_classification:2575,taclamine,c1ccc2c(c1)CCc1cccc3c1C2CN1CCCCC31,,,
tdc_no_conflict_salt_removed,test,222,test:222,CC(C)[C@@]1(O)CCN2C[C@@H]3c4ccccc4CCc4cccc(c43)[C@H]2C1,1,True,,CC(C)[C@@]1(O)CCN2C[C@@H]3c4ccccc4CCc4cccc(c43)[C@H]2C1,CC(C)[C@@]1(O)CCN2C[C@@H]3c4ccccc4CCc4cccc(c43)[C@H]2C1,1,exact,1,1,B3DB_classification:1274,dexclamol,CC(C)[C@@]1(O)CCN2C[C@@H]3c4ccccc4CCc4cccc(c43)[C@H]2C1,B3DB_classification:1274,dexclamol,CC(C)[C@@]1(O)CCN2C[C@@H]3c4ccccc4CCc4cccc(c43)[C@H]2C1,,,
tdc_no_conflict_salt_removed,test,223,test:223,CC(C)(C)[C@]1(O)CCN2C[C@H]3c4ccccc4CCc4cccc(c43)[C@@H]2C1,1,True,,CC(C)(C)[C@]1(O)CCN2C[C@H]3c4ccccc4CCc4cccc(c43)[C@@H]2C1,CC(C)(C)[C@]1(O)CCN2C[C@H]3c4ccccc4CCc4cccc(c43)[C@@H]2C1,1,exact,1,1,B3DB_classification:1232,butaclamol,CC(C)(C)[C@]1(O)CCN2C[C@H]3c4ccccc4CCc4cccc(c43)[C@@H]2C1,B3DB_classification:1232,butaclamol,CC(C)(C)[C@]1(O)CCN2C[C@H]3c4ccccc4CCc4cccc(c43)[C@@H]2C1,,,
tdc_no_conflict_salt_removed,test,224,test:224,O=C(O)c1cc(=O)c2cc(OCC(O)COc3cccc4oc(C(=O)O)cc(=O)c34)ccc2o1,0,True,,O=C(O)c1cc(=O)c2cc(OCC(O)COc3cccc4oc(C(=O)O)cc(=O)c34)ccc2o1,O=C(O)c1cc(=O)c2cc(OCC(O)COc3cccc4oc(C(=O)O)cc(=O)c34)ccc2o1,1,exact,0,0,B3DB_classification:2417,cromoglicicacid,O=C(O)c1cc(=O)c2cc(OCC(O)COc3cccc4oc(C(=O)O)cc(=O)c34)ccc2o1,B3DB_classification:2417,cromoglicicacid,O=C(O)c1cc(=O)c2cc(OCC(O)COc3cccc4oc(C(=O)O)cc(=O)c34)ccc2o1,,,
tdc_no_conflict_salt_removed,test,225,test:225,O=C(NCCCN1CCOCC1)c1ccc(Cl)cc1,1,True,,O=C(NCCCN1CCOCC1)c1ccc(Cl)cc1,O=C(NCCCN1CCOCC1)c1ccc(Cl)cc1,1,exact,1,1,B3DB_classification:2401,eprobemide,O=C(NCCCN1CCOCC1)c1ccc(Cl)cc1,B3DB_classification:2401,eprobemide,O=C(NCCCN1CCOCC1)c1ccc(Cl)cc1,,,
tdc_no_conflict_salt_removed,test,226,test:226,CCNC1=Nc2ccc(Cl)cc2C(c2ccccc2)S1,1,True,,CCNC1=Nc2ccc(Cl)cc2C(c2ccccc2)S1,CCNC1=Nc2ccc(Cl)cc2C(c2ccccc2)S1,1,unmatched,,,,,,,,,,,
tdc_no_conflict_salt_removed,test,227,test:227,CCCCC[C@H](O)/C=C/[C@H]1[C@H](O)CC(=O)[C@@H]1CCCCCCC(=O)O,0,True,,CCCCC[C@H](O)/C=C/[C@H]1[C@H](O)CC(=O)[C@@H]1CCCCCCC(=O)O,CCCCC[C@H](O)/C=C/[C@H]1[C@H](O)CC(=O)[C@@H]1CCCCCCC(=O)O,1,exact,0,0,B3DB_classification:1539,alprostadil,CCCCC[C@H](O)/C=C/[C@H]1[C@H](O)CC(=O)[C@@H]1CCCCCCC(=O)O,B3DB_classification:1539,alprostadil,CCCCC[C@H](O)/C=C/[C@H]1[C@H](O)CC(=O)[C@@H]1CCCCCCC(=O)O,,,
tdc_no_conflict_salt_removed,test,228,test:228,COCc1c(C(=O)OC(C)C)ncc2[nH]c3cccc(Oc4ccc(Cl)cc4)c3c12,1,True,,COCc1c(C(=O)OC(C)C)ncc2[nH]c3cccc(Oc4ccc(Cl)cc4)c3c12,COCc1c(C(=O)OC(C)C)ncc2[nH]c3cccc(Oc4ccc(Cl)cc4)c3c12,1,exact,1,1,B3DB_classification:1997,gedocarnil,COCc1c(C(=O)OC(C)C)ncc2[nH]c3cccc(Oc4ccc(Cl)cc4)c3c12,B3DB_classification:1997,gedocarnil,COCc1c(C(=O)OC(C)C)ncc2[nH]c3cccc(Oc4ccc(Cl)cc4)c3c12,,,
tdc_no_conflict_salt_removed,test,229,test:229,CN1c2cc(F)ccc2C(c2ccccc2)=NCC1CNC(=O)c1ccoc1,1,True,,CN1c2cc(F)ccc2C(c2ccccc2)=NCC1CNC(=O)c1ccoc1,CN1c2cc(F)ccc2C(c2ccccc2)=NCC1CNC(=O)c1ccoc1,1,exact,1,1,B3DB_classification:1890,lufuradom,CN1c2cc(F)ccc2C(c2ccccc2)=NCC1CNC(=O)c1ccoc1,B3DB_classification:1890,lufuradom,CN1c2cc(F)ccc2C(c2ccccc2)=NCC1CNC(=O)c1ccoc1,,,
tdc_no_conflict_salt_removed,test,230,test:230,CCOc1ccccc1O[C@@H](c1ccccc1)[C@@H]1CNCCO1,1,True,,CCOc1ccccc1O[C@@H](c1ccccc1)[C@@H]1CNCCO1,CCOc1ccccc1O[C@@H](c1ccccc1)[C@@H]1CNCCO1,1,exact,1,1,B3DB_classification:1659,reboxetine,CCOc1ccccc1O[C@@H](c1ccccc1)[C@@H]1CNCCO1,B3DB_classification:1659,reboxetine,CCOc1ccccc1O[C@@H](c1ccccc1)[C@@H]1CNCCO1,,,
tdc_no_conflict_salt_removed,test,231,test:231,Cc1c(F)c(N2CCNC(C)C2)cc2c1c(=O)c(C(=O)O)cn2C1CC1,0,True,,Cc1c(F)c(N2CCNC(C)C2)cc2c1c(=O)c(C(=O)O)cn2C1CC1,Cc1c(F)c(N2CCNC(C)C2)cc2c1c(=O)c(C(=O)O)cn2C1CC1,1,exact,0,0,B3DB_classification:2165,grepafloxacin,Cc1c(F)c(N2CCNC(C)C2)cc2c1c(=O)c(C(=O)O)cn2C1CC1,B3DB_classification:2165,grepafloxacin,Cc1c(F)c(N2CCNC(C)C2)cc2c1c(=O)c(C(=O)O)cn2C1CC1,,,
tdc_no_conflict_salt_removed,test,232,test:232,C[C@@H]1CN(c2c(F)c(N)c3c(=O)c(C(=O)O)cn(C4CC4)c3c2F)C[C@H](C)N1,0,True,,C[C@@H]1CN(c2c(F)c(N)c3c(=O)c(C(=O)O)cn(C4CC4)c3c2F)C[C@H](C)N1,C[C@@H]1CN(c2c(F)c(N)c3c(=O)c(C(=O)O)cn(C4CC4)c3c2F)C[C@H](C)N1,1,exact,1,1,B3DB_classification:789,sparfloxacin,C[C@H]1CN(c2c(F)c(N)c3c(=O)c(C(=O)O)cn(C4CC4)c3c2F)C[C@@H](C)N1,B3DB_classification:789,sparfloxacin,C[C@H]1CN(c2c(F)c(N)c3c(=O)c(C(=O)O)cn(C4CC4)c3c2F)C[C@@H](C)N1,,,b3db_exact_label_mismatch|b3db_salt_removed_label_mismatch
tdc_no_conflict_salt_removed,test,233,test:233,O=C(O)c1cn(C2CC2)c2cc(N3CCNCC3)c(F)cc2c1=O,0,True,,O=C(O)c1cn(C2CC2)c2cc(N3CCNCC3)c(F)cc2c1=O,O=C(O)c1cn(C2CC2)c2cc(N3CCNCC3)c(F)cc2c1=O,1,exact,0,0,B3DB_classification:2421,ciprofloxacin,O=C(O)c1cn(C2CC2)c2cc(N3CCNCC3)c(F)cc2c1=O,B3DB_classification:2421,ciprofloxacin,O=C(O)c1cn(C2CC2)c2cc(N3CCNCC3)c(F)cc2c1=O,,,
tdc_no_conflict_salt_removed,test,234,test:234,Clc1cnn(CCCCN2CCN(c3ncccn3)CC2)c1,1,True,,Clc1cnn(CCCCN2CCN(c3ncccn3)CC2)c1,Clc1cnn(CCCCN2CCN(c3ncccn3)CC2)c1,1,exact,1,1,B3DB_classification:2249,lesopitron,Clc1cnn(CCCCN2CCN(c3ncccn3)CC2)c1,B3DB_classification:2249,lesopitron,Clc1cnn(CCCCN2CCN(c3ncccn3)CC2)c1,,,
tdc_no_conflict_salt_removed,test,235,test:235,C[C@]12COC(=O)C[C@@H]1CC[C@@H]1[C@@H]2CC[C@@]2(C)[C@H]1CC[C@]2(C)O,0,True,,C[C@]12COC(=O)C[C@@H]1CC[C@@H]1[C@@H]2CC[C@@]2(C)[C@H]1CC[C@]2(C)O,C[C@]12COC(=O)C[C@@H]1CC[C@@H]1[C@@H]2CC[C@@]2(C)[C@H]1CC[C@]2(C)O,1,exact,0,0,B3DB_classification:2142,oxandrolone,C[C@]12COC(=O)C[C@@H]1CC[C@@H]1[C@@H]2CC[C@@]2(C)[C@H]1CC[C@]2(C)O,B3DB_classification:2142,oxandrolone,C[C@]12COC(=O)C[C@@H]1CC[C@@H]1[C@@H]2CC[C@@]2(C)[C@H]1CC[C@]2(C)O,,,
tdc_no_conflict_salt_removed,test,236,test:236,CN1CCC[C@H]1c1cccnc1,1,True,,CN1CCC[C@H]1c1cccnc1,CN1CCC[C@H]1c1cccnc1,1,exact,1,1,B3DB_classification:786,nicotine,CN1CCC[C@H]1c1cccnc1,B3DB_classification:786,nicotine,CN1CCC[C@H]1c1cccnc1,,,
tdc_no_conflict_salt_removed,test,237,test:237,CC1(C)S[C@@H]2[C@H](NC(=O)C(C(=O)Oc3ccc4c(c3)CCC4)c3ccccc3)C(=O)N2[C@H]1C(=O)O,0,True,,CC1(C)S[C@@H]2[C@H](NC(=O)C(C(=O)Oc3ccc4c(c3)CCC4)c3ccccc3)C(=O)N2[C@H]1C(=O)O,CC1(C)S[C@@H]2[C@H](NC(=O)C(C(=O)Oc3ccc4c(c3)CCC4)c3ccccc3)C(=O)N2[C@H]1C(=O)O,1,exact,0,0,B3DB_classification:1349,carindacillin,CC1(C)S[C@@H]2[C@H](NC(=O)C(C(=O)Oc3ccc4c(c3)CCC4)c3ccccc3)C(=O)N2[C@H]1C(=O)O,B3DB_classification:1349,carindacillin,CC1(C)S[C@@H]2[C@H](NC(=O)C(C(=O)Oc3ccc4c(c3)CCC4)c3ccccc3)C(=O)N2[C@H]1C(=O)O,,,
tdc_no_conflict_salt_removed,test,238,test:238,NS(=O)(=O)c1cc(C(=O)O)c(NCc2ccco2)cc1Cl,0,True,,NS(=O)(=O)c1cc(C(=O)O)c(NCc2ccco2)cc1Cl,NS(=O)(=O)c1cc(C(=O)O)c(NCc2ccco2)cc1Cl,1,exact,0,0,B3DB_classification:2337,furosemide,NS(=O)(=O)c1cc(C(=O)O)c(NCc2ccco2)cc1Cl,B3DB_classification:2337,furosemide,NS(=O)(=O)c1cc(C(=O)O)c(NCc2ccco2)cc1Cl,,,
tdc_no_conflict_salt_removed,test,239,test:239,CN(C)C1C(=O)/C(=C(/O)NCN2CCN(C(=N)N=C(N)N)CC2)C(=O)C2(O)C(=O)C3=C(O)c4c(O)cccc4C(C)(O)C3CC12,0,True,,CN(C)C1C(=O)/C(=C(/O)NCN2CCN(C(=N)N=C(N)N)CC2)C(=O)C2(O)C(=O)C3=C(O)c4c(O)cccc4C(C)(O)C3CC12,CN(C)C1C(=O)/C(=C(/O)NCN2CCN(C(=N)N=C(N)N)CC2)C(=O)C2(O)C(=O)C3=C(O)c4c(O)cccc4C(C)(O)C3CC12,1,unmatched,,,,,,,,,,,
tdc_no_conflict_salt_removed,test,240,test:240,CN(C)C1C(=O)/C(=C(/O)NCN2CCN(CCO)CC2)C(=O)C2(O)C(=O)C3=C(O)c4c(O)cccc4C(C)(O)C3CC12,0,True,,CN(C)C1C(=O)/C(=C(/O)NCN2CCN(CCO)CC2)C(=O)C2(O)C(=O)C3=C(O)c4c(O)cccc4C(C)(O)C3CC12,CN(C)C1C(=O)/C(=C(/O)NCN2CCN(CCO)CC2)C(=O)C2(O)C(=O)C3=C(O)c4c(O)cccc4C(C)(O)C3CC12,1,unmatched,,,,,,,,,,,
tdc_no_conflict_salt_removed,test,241,test:241,CN(C)[C@@H]1C(=O)/C(=C(/O)NC(C(=O)O)N2CCN(CCO)CC2)C(=O)[C@@]2(O)C(=O)C3=C(O)c4c(O)cccc4[C@@](C)(O)[C@H]3C[C@@H]12,0,True,,CN(C)[C@@H]1C(=O)/C(=C(/O)NC(C(=O)O)N2CCN(CCO)CC2)C(=O)[C@@]2(O)C(=O)C3=C(O)c4c(O)cccc4[C@@](C)(O)[C@H]3C[C@@H]12,CN(C)[C@@H]1C(=O)/C(=C(/O)NC(C(=O)O)N2CCN(CCO)CC2)C(=O)[C@@]2(O)C(=O)C3=C(O)c4c(O)cccc4[C@@](C)(O)[C@H]3C[C@@H]12,1,unmatched,,,,,,,,,,,
tdc_no_conflict_salt_removed,test,242,test:242,CC(Cc1ccccc1)NCCC1c2ccccc2Sc2ccccc21,1,True,,CC(Cc1ccccc1)NCCC1c2ccccc2Sc2ccccc21,CC(Cc1ccccc1)NCCC1c2ccccc2Sc2ccccc21,1,exact,1,1,B3DB_classification:1307,tixadil,CC(Cc1ccccc1)NCCC1c2ccccc2Sc2ccccc21,B3DB_classification:1307,tixadil,CC(Cc1ccccc1)NCCC1c2ccccc2Sc2ccccc21,,,
tdc_no_conflict_salt_removed,test,243,test:243,O=C1NCN(c2ccccc2)C12CCN(CCCC(c1ccc(F)cc1)c1ccc(F)cc1)CC2,1,True,,O=C1NCN(c2ccccc2)C12CCN(CCCC(c1ccc(F)cc1)c1ccc(F)cc1)CC2,O=C1NCN(c2ccccc2)C12CCN(CCCC(c1ccc(F)cc1)c1ccc(F)cc1)CC2,1,exact,1,1,B3DB_classification:2484,fluspirilene,O=C1NCN(c2ccccc2)C12CCN(CCCC(c1ccc(F)cc1)c1ccc(F)cc1)CC2,B3DB_classification:2484,fluspirilene,O=C1NCN(c2ccccc2)C12CCN(CCCC(c1ccc(F)cc1)c1ccc(F)cc1)CC2,,,
tdc_no_conflict_salt_removed,test,244,test:244,CC1(C)S[C@@H]2[C@H](NC(=O)[C@H](NC(=O)Cc3ccc(C4=NCCCN4)cc3)c3ccccc3)C(=O)N2[C@H]1C(=O)O,0,True,,CC1(C)S[C@@H]2[C@H](NC(=O)[C@H](NC(=O)Cc3ccc(C4=NCCCN4)cc3)c3ccccc3)C(=O)N2[C@H]1C(=O)O,CC1(C)S[C@@H]2[C@H](NC(=O)[C@H](NC(=O)Cc3ccc(C4=NCCCN4)cc3)c3ccccc3)C(=O)N2[C@H]1C(=O)O,1,exact,0,0,B3DB_classification:1364,rotamicillin,CC1(C)S[C@@H]2[C@H](NC(=O)[C@H](NC(=O)Cc3ccc(C4=NCCCN4)cc3)c3ccccc3)C(=O)N2[C@H]1C(=O)O,B3DB_classification:1364,rotamicillin,CC1(C)S[C@@H]2[C@H](NC(=O)[C@H](NC(=O)Cc3ccc(C4=NCCCN4)cc3)c3ccccc3)C(=O)N2[C@H]1C(=O)O,,,
tdc_no_conflict_salt_removed,test,245,test:245,C1CCc2nnnn2CC1,1,True,,C1CCc2nnnn2CC1,C1CCc2nnnn2CC1,1,exact,1,1,B3DB_classification:523,pentylenetetrazole (metrazole),C1CCc2nnnn2CC1,B3DB_classification:523,pentylenetetrazole (metrazole),C1CCc2nnnn2CC1,,,
tdc_no_conflict_salt_removed,test,246,test:246,CNc1cc(OC)c(C(=O)N[C@@H]2CCN(Cc3ccccc3)[C@@H]2C)cc1Cl,1,True,,CNc1cc(OC)c(C(=O)N[C@@H]2CCN(Cc3ccccc3)[C@@H]2C)cc1Cl,CNc1cc(OC)c(C(=O)N[C@@H]2CCN(Cc3ccccc3)[C@@H]2C)cc1Cl,1,exact,1,1,B3DB_classification:1941,nemonapride,CNc1cc(OC)c(C(=O)N[C@@H]2CCN(Cc3ccccc3)[C@@H]2C)cc1Cl,B3DB_classification:1941,nemonapride,CNc1cc(OC)c(C(=O)N[C@@H]2CCN(Cc3ccccc3)[C@@H]2C)cc1Cl,,,
tdc_no_conflict_salt_removed,test,247,test:247,OC[C@H]1O[C@@H](n2cnc3c2NC=NC[C@H]3O)C[C@@H]1O,1,True,,OC[C@H]1O[C@@H](n2cnc3c2NC=NC[C@H]3O)C[C@@H]1O,OC[C@H]1O[C@@H](n2cnc3c2NC=NC[C@H]3O)C[C@@H]1O,1,exact,1,1,B3DB_classification:2547,pentostatin,OC[C@H]1O[C@@H](n2cnc3c2NC=NC[C@H]3O)C[C@@H]1O,B3DB_classification:2547,pentostatin,OC[C@H]1O[C@@H](n2cnc3c2NC=NC[C@H]3O)C[C@@H]1O,,,
tdc_no_conflict_salt_removed,test,248,test:248,CN(C(=O)C(c1ccccc1)c1ccccc1)[C@H](CN1CC[C@H](O)C1)c1ccccc1,1,True,,CN(C(=O)C(c1ccccc1)c1ccccc1)[C@H](CN1CC[C@H](O)C1)c1ccccc1,CN(C(=O)C(c1ccccc1)c1ccccc1)[C@H](CN1CC[C@H](O)C1)c1ccccc1,1,unmatched,,,,,,,,,,,
tdc_no_conflict_salt_removed,test,249,test:249,CN(c1nc2ccccc2s1)C1CCN(CC(O)COc2ccc(F)cc2)CC1,1,True,,CN(c1nc2ccccc2s1)C1CCN(CC(O)COc2ccc(F)cc2)CC1,CN(c1nc2ccccc2s1)C1CCN(CC(O)COc2ccc(F)cc2)CC1,1,exact,1,1,B3DB_classification:917,sabeluzole,CN(c1nc2ccccc2s1)C1CCN(CC(O)COc2ccc(F)cc2)CC1,B3DB_classification:917,sabeluzole,CN(c1nc2ccccc2s1)C1CCN(CC(O)COc2ccc(F)cc2)CC1,,,
tdc_no_conflict_salt_removed,test,250,test:250,Cc1nn(C)c2c1C(c1ccccc1F)=NCC(=O)N2C,1,True,,Cc1nn(C)c2c1C(c1ccccc1F)=NCC(=O)N2C,Cc1nn(C)c2c1C(c1ccccc1F)=NCC(=O)N2C,1,exact,1,1,B3DB_classification:2225,zolazepam,Cc1nn(C)c2c1C(c1ccccc1F)=NCC(=O)N2C,B3DB_classification:2225,zolazepam,Cc1nn(C)c2c1C(c1ccccc1F)=NCC(=O)N2C,,,
tdc_no_conflict_salt_removed,test,251,test:251,COc1ccc2c3c1O[C@H]1C(=O)CC[C@H]4[C@@H](C2)N(C)CC[C@]314,1,True,,COc1ccc2c3c1O[C@H]1C(=O)CC[C@H]4[C@@H](C2)N(C)CC[C@]314,COc1ccc2c3c1O[C@H]1C(=O)CC[C@H]4[C@@H](C2)N(C)CC[C@]314,1,exact,1,1,B3DB_classification:734,hydrocodone,COc1ccc2c3c1O[C@H]1C(=O)CC[C@H]4[C@@H](C2)N(C)CC[C@]314,B3DB_classification:734,hydrocodone,COc1ccc2c3c1O[C@H]1C(=O)CC[C@H]4[C@@H](C2)N(C)CC[C@]314,,,
tdc_no_conflict_salt_removed,test,252,test:252,CC(C)=CCN1CC[C@]23c4c5ccc(O)c4O[C@H]2C(=O)CC[C@@]3(O)[C@H]1C5,1,True,,CC(C)=CCN1CC[C@]23c4c5ccc(O)c4O[C@H]2C(=O)CC[C@@]3(O)[C@H]1C5,CC(C)=CCN1CC[C@]23c4c5ccc(O)c4O[C@H]2C(=O)CC[C@@]3(O)[C@H]1C5,1,exact,1,1,B3DB_classification:1244,nalmexone,CC(C)=CCN1CC[C@]23c4c5ccc(O)c4O[C@H]2C(=O)CC[C@@]3(O)[C@H]1C5,B3DB_classification:1244,nalmexone,CC(C)=CCN1CC[C@]23c4c5ccc(O)c4O[C@H]2C(=O)CC[C@@]3(O)[C@H]1C5,,,
tdc_no_conflict_salt_removed,test,253,test:253,CN1CC[C@]23c4c5ccc(O)c4O[C@@]2(C)C(=O)CC[C@H]3[C@H]1C5,1,True,,CN1CC[C@]23c4c5ccc(O)c4O[C@@]2(C)C(=O)CC[C@H]3[C@H]1C5,CN1CC[C@]23c4c5ccc(O)c4O[C@@]2(C)C(=O)CC[C@H]3[C@H]1C5,1,exact,1,1,B3DB_classification:1872,metopon,CN1CC[C@]23c4c5ccc(O)c4O[C@@]2(C)C(=O)CC[C@H]3[C@H]1C5,B3DB_classification:1872,metopon,CN1CC[C@]23c4c5ccc(O)c4O[C@@]2(C)C(=O)CC[C@H]3[C@H]1C5,,,
tdc_no_conflict_salt_removed,test,254,test:254,COc1ccc2c3c1O[C@H]1C(=O)CC[C@@]4(O)[C@@H](C2)N(C)CC[C@]314,1,True,,COc1ccc2c3c1O[C@H]1C(=O)CC[C@@]4(O)[C@@H](C2)N(C)CC[C@]314,COc1ccc2c3c1O[C@H]1C(=O)CC[C@@]4(O)[C@@H](C2)N(C)CC[C@]314,1,exact,1,1,B3DB_classification:624,oxycodone,COc1ccc2c3c1O[C@H]1C(=O)CC[C@@]4(O)[C@@H](C2)N(C)CC[C@]314,B3DB_classification:624,oxycodone,COc1ccc2c3c1O[C@H]1C(=O)CC[C@@]4(O)[C@@H](C2)N(C)CC[C@]314,,,
tdc_no_conflict_salt_removed,test,255,test:255,CN1CC[C@]23c4c5ccc(O)c4O[C@H]2C(=O)CC[C@@]3(O)[C@H]1C5,1,True,,CN1CC[C@]23c4c5ccc(O)c4O[C@H]2C(=O)CC[C@@]3(O)[C@H]1C5,CN1CC[C@]23c4c5ccc(O)c4O[C@H]2C(=O)CC[C@@]3(O)[C@H]1C5,1,exact,1,1,B3DB_classification:745,oxymorphone,CN1CC[C@]23c4c5ccc(O)c4O[C@H]2C(=O)CC[C@@]3(O)[C@H]1C5,B3DB_classification:745,oxymorphone,CN1CC[C@]23c4c5ccc(O)c4O[C@H]2C(=O)CC[C@@]3(O)[C@H]1C5,,,
tdc_no_conflict_salt_removed,test,256,test:256,CN1CC[C@]23c4c5ccc(O)c4O[C@H]2C(=O)CC[C@H]3[C@H]1C5,1,True,,CN1CC[C@]23c4c5ccc(O)c4O[C@H]2C(=O)CC[C@H]3[C@H]1C5,CN1CC[C@]23c4c5ccc(O)c4O[C@H]2C(=O)CC[C@H]3[C@H]1C5,1,exact,1,1,B3DB_classification:1873,hydromorphone,CN1CC[C@]23c4c5ccc(O)c4O[C@H]2C(=O)CC[C@H]3[C@H]1C5,B3DB_classification:1873,hydromorphone,CN1CC[C@]23c4c5ccc(O)c4O[C@H]2C(=O)CC[C@H]3[C@H]1C5,,,
tdc_no_conflict_salt_removed,test,257,test:257,COCCN1CC[C@]23c4c5ccc(O)c4O[C@H]2C(=O)CC[C@@]3(O)[C@H]1C5,1,True,,COCCN1CC[C@]23c4c5ccc(O)c4O[C@H]2C(=O)CC[C@@]3(O)[C@H]1C5,COCCN1CC[C@]23c4c5ccc(O)c4O[C@H]2C(=O)CC[C@@]3(O)[C@H]1C5,1,exact,1,1,B3DB_classification:1992,semorphone,COCCN1CC[C@]23c4c5ccc(O)c4O[C@H]2C(=O)CC[C@@]3(O)[C@H]1C5,B3DB_classification:1992,semorphone,COCCN1CC[C@]23c4c5ccc(O)c4O[C@H]2C(=O)CC[C@@]3(O)[C@H]1C5,,,
tdc_no_conflict_salt_removed,test,258,test:258,C=CCN1CC[C@]23c4c5ccc(O)c4O[C@H]2C(=O)CC[C@@]3(O)[C@H]1C5,1,True,,C=CCN1CC[C@]23c4c5ccc(O)c4O[C@H]2C(=O)CC[C@@]3(O)[C@H]1C5,C=CCN1CC[C@]23c4c5ccc(O)c4O[C@H]2C(=O)CC[C@@]3(O)[C@H]1C5,1,unmatched,,,,,,,,,,,
tdc_no_conflict_salt_removed,test,259,test:259,CC(C)(C)c1ccc(CN2CCN(C(c3ccccc3)c3ccc(Cl)cc3)CC2)cc1,1,True,,CC(C)(C)c1ccc(CN2CCN(C(c3ccccc3)c3ccc(Cl)cc3)CC2)cc1,CC(C)(C)c1ccc(CN2CCN(C(c3ccccc3)c3ccc(Cl)cc3)CC2)cc1,1,exact,1,1,B3DB_classification:1235,buclizine,CC(C)(C)c1ccc(CN2CCN(C(c3ccccc3)c3ccc(Cl)cc3)CC2)cc1,B3DB_classification:1235,buclizine,CC(C)(C)c1ccc(CN2CCN(C(c3ccccc3)c3ccc(Cl)cc3)CC2)cc1,,,
tdc_no_conflict_salt_removed,test,260,test:260,CCC(=O)N(c1ccccc1)C1(C(=O)OC)CCN(CCC(=O)OC)CC1,1,True,,CCC(=O)N(c1ccccc1)C1(C(=O)OC)CCN(CCC(=O)OC)CC1,CCC(=O)N(c1ccccc1)C1(C(=O)OC)CCN(CCC(=O)OC)CC1,1,exact,1,1,B3DB_classification:1419,remifentanil,CCC(=O)N(c1ccccc1)C1(C(=O)OC)CCN(CCC(=O)OC)CC1,B3DB_classification:1419,remifentanil,CCC(=O)N(c1ccccc1)C1(C(=O)OC)CCN(CCC(=O)OC)CC1,,,
tdc_no_conflict_salt_removed,test,261,test:261,CN1CC[C@@]2(C)c3cc(OC(=O)Nc4ccccc4)ccc3N(C)[C@@H]12,1,True,,CN1CC[C@@]2(C)c3cc(OC(=O)Nc4ccccc4)ccc3N(C)[C@@H]12,CN1CC[C@@]2(C)c3cc(OC(=O)Nc4ccccc4)ccc3N(C)[C@@H]12,1,exact,1,1,B3DB_classification:989,phenserine,CN1CC[C@@]2(C)c3cc(OC(=O)Nc4ccccc4)ccc3N(C)[C@@H]12,B3DB_classification:989,phenserine,CN1CC[C@@]2(C)c3cc(OC(=O)Nc4ccccc4)ccc3N(C)[C@@H]12,,,
tdc_no_conflict_salt_removed,test,262,test:262,CN[C@@H]1C[C@@H](c2ccc(Cl)c(Cl)c2)c2ccccc21,1,True,,CN[C@@H]1C[C@@H](c2ccc(Cl)c(Cl)c2)c2ccccc21,CN[C@@H]1C[C@@H](c2ccc(Cl)c(Cl)c2)c2ccccc21,1,exact,1,1,B3DB_classification:1935,indatraline,CN[C@@H]1C[C@@H](c2ccc(Cl)c(Cl)c2)c2ccccc21,B3DB_classification:1935,indatraline,CN[C@@H]1C[C@@H](c2ccc(Cl)c(Cl)c2)c2ccccc21,,,
tdc_no_conflict_salt_removed,test,263,test:263,CC[C@H](NC(=O)c1c(O)c(-c2ccccc2)nc2ccccc12)c1ccccc1,1,True,,CC[C@H](NC(=O)c1c(O)c(-c2ccccc2)nc2ccccc12)c1ccccc1,CC[C@H](NC(=O)c1c(O)c(-c2ccccc2)nc2ccccc12)c1ccccc1,1,exact,1,1,B3DB_classification:1671,talnetant,CC[C@H](NC(=O)c1c(O)c(-c2ccccc2)nc2ccccc12)c1ccccc1,B3DB_classification:1671,talnetant,CC[C@H](NC(=O)c1c(O)c(-c2ccccc2)nc2ccccc12)c1ccccc1,,,
tdc_no_conflict_salt_removed,test,264,test:264,CC[C@H](NC(=O)c1c(C)c(-c2ccccc2)nc2ccccc12)c1ccccc1,1,True,,CC[C@H](NC(=O)c1c(C)c(-c2ccccc2)nc2ccccc12)c1ccccc1,CC[C@H](NC(=O)c1c(C)c(-c2ccccc2)nc2ccccc12)c1ccccc1,1,exact,1,1,B3DB_classification:717,sb222200,CC[C@H](NC(=O)c1c(C)c(-c2ccccc2)nc2ccccc12)c1ccccc1,B3DB_classification:717,sb222200,CC[C@H](NC(=O)c1c(C)c(-c2ccccc2)nc2ccccc12)c1ccccc1,,,
tdc_no_conflict_salt_removed,test,265,test:265,CC[C@H](NC(=O)c1c(OCCCN(C)C)c(-c2ccccc2)nc2ccccc12)c1ccccc1,1,True,,CC[C@H](NC(=O)c1c(OCCCN(C)C)c(-c2ccccc2)nc2ccccc12)c1ccccc1,CC[C@H](NC(=O)c1c(OCCCN(C)C)c(-c2ccccc2)nc2ccccc12)c1ccccc1,1,exact,1,1,B3DB_classification:1674,chembl2113676,CC[C@H](NC(=O)c1c(OCCCN(C)C)c(-c2ccccc2)nc2ccccc12)c1ccccc1,B3DB_classification:1674,chembl2113676,CC[C@H](NC(=O)c1c(OCCCN(C)C)c(-c2ccccc2)nc2ccccc12)c1ccccc1,,,
tdc_no_conflict_salt_removed,test,266,test:266,CC[C@H](NC(=O)c1c(OCC(=O)O)c(-c2ccccc2)nc2ccccc12)c1ccccc1,0,True,,CC[C@H](NC(=O)c1c(OCC(=O)O)c(-c2ccccc2)nc2ccccc12)c1ccccc1,CC[C@H](NC(=O)c1c(OCC(=O)O)c(-c2ccccc2)nc2ccccc12)c1ccccc1,1,exact,0,0,B3DB_classification:1672,sb 235375,CC[C@H](NC(=O)c1c(OCC(=O)O)c(-c2ccccc2)nc2ccccc12)c1ccccc1,B3DB_classification:1672,sb 235375,CC[C@H](NC(=O)c1c(OCC(=O)O)c(-c2ccccc2)nc2ccccc12)c1ccccc1,,,
tdc_no_conflict_salt_removed,test,267,test:267,CC[C@H](NC(=O)c1c(OCCCC(=O)O)c(-c2ccccc2)nc2ccccc12)c1ccccc1,0,True,,CC[C@H](NC(=O)c1c(OCCCC(=O)O)c(-c2ccccc2)nc2ccccc12)c1ccccc1,CC[C@H](NC(=O)c1c(OCCCC(=O)O)c(-c2ccccc2)nc2ccccc12)c1ccccc1,1,exact,0,0,B3DB_classification:1673,skb-e,CC[C@H](NC(=O)c1c(OCCCC(=O)O)c(-c2ccccc2)nc2ccccc12)c1ccccc1,B3DB_classification:1673,skb-e,CC[C@H](NC(=O)c1c(OCCCC(=O)O)c(-c2ccccc2)nc2ccccc12)c1ccccc1,,,
tdc_no_conflict_salt_removed,test,268,test:268,CCC(NC(=O)c1c(C)c(-c2ccccc2)nc2ccccc12)c1ccccc1,1,True,,CCC(NC(=O)c1c(C)c(-c2ccccc2)nc2ccccc12)c1ccccc1,CCC(NC(=O)c1c(C)c(-c2ccccc2)nc2ccccc12)c1ccccc1,1,exact,1,1,B3DB_classification:714,sb-222200,CCC(NC(=O)c1c(C)c(-c2ccccc2)nc2ccccc12)c1ccccc1,B3DB_classification:714,sb-222200,CCC(NC(=O)c1c(C)c(-c2ccccc2)nc2ccccc12)c1ccccc1,,,
tdc_no_conflict_salt_removed,test,269,test:269,Cc1nc2n(c(=O)c1CCN1CCC(c3noc4cc(F)ccc34)CC1)CCCC2O,1,True,,Cc1nc2n(c(=O)c1CCN1CCC(c3noc4cc(F)ccc34)CC1)CCCC2O,Cc1nc2n(c(=O)c1CCN1CCC(c3noc4cc(F)ccc34)CC1)CCCC2O,1,exact,1,1,B3DB_classification:218,paliperidone,Cc1nc2n(c(=O)c1CCN1CCC(c3noc4cc(F)ccc34)CC1)CCCC2O,B3DB_classification:218,paliperidone,Cc1nc2n(c(=O)c1CCN1CCC(c3noc4cc(F)ccc34)CC1)CCCC2O,,,
tdc_no_conflict_salt_removed,test,270,test:270,Cc1nc2n(c(=O)c1CCN1CCC(c3noc4cc(F)ccc34)CC1)CCC[C@H]2O,1,True,,Cc1nc2n(c(=O)c1CCN1CCC(c3noc4cc(F)ccc34)CC1)CCC[C@H]2O,Cc1nc2n(c(=O)c1CCN1CCC(c3noc4cc(F)ccc34)CC1)CCC[C@H]2O,1,exact,1,1,B3DB_classification:2216,9-oh-risperidone,Cc1nc2n(c(=O)c1CCN1CCC(c3noc4cc(F)ccc34)CC1)CCC[C@H]2O,B3DB_classification:2216,9-oh-risperidone,Cc1nc2n(c(=O)c1CCN1CCC(c3noc4cc(F)ccc34)CC1)CCC[C@H]2O,,,
tdc_no_conflict_salt_removed,test,271,test:271,Cc1nc2n(c(=O)c1CCN1CCC(c3noc4cc(F)ccc34)CC1)CCCC2,1,True,,Cc1nc2n(c(=O)c1CCN1CCC(c3noc4cc(F)ccc34)CC1)CCCC2,Cc1nc2n(c(=O)c1CCN1CCC(c3noc4cc(F)ccc34)CC1)CCCC2,1,exact,1,1,B3DB_classification:541,risperidone,Cc1nc2n(c(=O)c1CCN1CCC(c3noc4cc(F)ccc34)CC1)CCCC2,B3DB_classification:541,risperidone,Cc1nc2n(c(=O)c1CCN1CCC(c3noc4cc(F)ccc34)CC1)CCCC2,,,
tdc_no_conflict_salt_removed,test,272,test:272,CCCCCCC(C)(C)c1cc(O)c2c(c1)OC(C)(C)[C@@H]1CCC(=O)C[C@@H]21,1,True,,CCCCCCC(C)(C)c1cc(O)c2c(c1)OC(C)(C)[C@@H]1CCC(=O)C[C@@H]21,CCCCCCC(C)(C)c1cc(O)c2c(c1)OC(C)(C)[C@@H]1CCC(=O)C[C@@H]21,1,exact,1,1,B3DB_classification:1522,nabilone,CCCCCCC(C)(C)c1cc(O)c2c(c1)OC(C)(C)[C@@H]1CCC(=O)C[C@@H]21,B3DB_classification:1522,nabilone,CCCCCCC(C)(C)c1cc(O)c2c(c1)OC(C)(C)[C@@H]1CCC(=O)C[C@@H]21,,,
tdc_no_conflict_salt_removed,test,273,test:273,CN(C)c1ccc(O)c2c1C[C@H]1C[C@H]3[C@H](N(C)C)C(O)=C(C(N)=O)C(=O)[C@@]3(O)C(O)=C1C2=O,1,True,,CN(C)c1ccc(O)c2c1C[C@H]1C[C@H]3[C@H](N(C)C)C(O)=C(C(N)=O)C(=O)[C@@]3(O)C(O)=C1C2=O,CN(C)c1ccc(O)c2c1C[C@H]1C[C@H]3[C@H](N(C)C)C(O)=C(C(N)=O)C(=O)[C@@]3(O)C(O)=C1C2=O,1,unmatched,,,,,,,,,,,
tdc_no_conflict_salt_removed,test,274,test:274,O=C1CN(O)C(c2ccccc2)=c2cc(Cl)ccc2=N1,1,True,,O=C1CN(O)C(c2ccccc2)=c2cc(Cl)ccc2=N1,O=C1CN(O)C(c2ccccc2)=c2cc(Cl)ccc2=N1,1,exact,1,1,B3DB_classification:2450,demoxepam,O=C1CN(O)C(c2ccccc2)=c2cc(Cl)ccc2=N1,B3DB_classification:2450,demoxepam,O=C1CN(O)C(c2ccccc2)=c2cc(Cl)ccc2=N1,,,
tdc_no_conflict_salt_removed,test,275,test:275,CC1(C)S[C@@H]2[C@H](NC(=O)C34C[C@@H]5C[C@@H](CC(N)(C5)C3)C4)C(=O)N2[C@H]1C(=O)O,0,True,,CC1(C)S[C@@H]2[C@H](NC(=O)C34C[C@@H]5C[C@@H](CC(N)(C5)C3)C4)C(=O)N2[C@H]1C(=O)O,CC1(C)S[C@@H]2[C@H](NC(=O)C34C[C@@H]5C[C@@H](CC(N)(C5)C3)C4)C(=O)N2[C@H]1C(=O)O,1,exact,0,0,B3DB_classification:1354,amantocillin,CC1(C)S[C@@H]2[C@H](NC(=O)C34C[C@@H]5C[C@@H](CC(N)(C5)C3)C4)C(=O)N2[C@H]1C(=O)O,B3DB_classification:1354,amantocillin,CC1(C)S[C@@H]2[C@H](NC(=O)C34C[C@@H]5C[C@@H](CC(N)(C5)C3)C4)C(=O)N2[C@H]1C(=O)O,,,
tdc_no_conflict_salt_removed,test,276,test:276,COc1cc2[nH]c(C)c(CCN3CCN(c4ccccc4)CC3)c2cc1OC,1,True,,COc1cc2[nH]c(C)c(CCN3CCN(c4ccccc4)CC3)c2cc1OC,COc1cc2[nH]c(C)c(CCN3CCN(c4ccccc4)CC3)c2cc1OC,1,exact,1,1,B3DB_classification:2030,oxypertine,COc1cc2[nH]c(C)c(CCN3CCN(c4ccccc4)CC3)c2cc1OC,B3DB_classification:2030,oxypertine,COc1cc2[nH]c(C)c(CCN3CCN(c4ccccc4)CC3)c2cc1OC,,,
tdc_no_conflict_salt_removed,test,277,test:277,CCOC(=O)c1[nH]c2cc(OC)c(OC)cc2c1CCN1CCN(c2ccccc2)CC1,1,True,,CCOC(=O)c1[nH]c2cc(OC)c(OC)cc2c1CCN1CCN(c2ccccc2)CC1,CCOC(=O)c1[nH]c2cc(OC)c(OC)cc2c1CCN1CCN(c2ccccc2)CC1,1,exact,1,1,B3DB_classification:1648,alpertine,CCOC(=O)c1[nH]c2cc(OC)c(OC)cc2c1CCN1CCN(c2ccccc2)CC1,B3DB_classification:1648,alpertine,CCOC(=O)c1[nH]c2cc(OC)c(OC)cc2c1CCN1CCN(c2ccccc2)CC1,,,
tdc_no_conflict_salt_removed,test,278,test:278,COc1cc2[nH]c(C)c(CCN3CCN(c4ccccc4OC)CC3)c2cc1OC,1,True,,COc1cc2[nH]c(C)c(CCN3CCN(c4ccccc4OC)CC3)c2cc1OC,COc1cc2[nH]c(C)c(CCN3CCN(c4ccccc4OC)CC3)c2cc1OC,1,exact,1,1,B3DB_classification:2031,milipertine,COc1cc2[nH]c(C)c(CCN3CCN(c4ccccc4OC)CC3)c2cc1OC,B3DB_classification:2031,milipertine,COc1cc2[nH]c(C)c(CCN3CCN(c4ccccc4OC)CC3)c2cc1OC,,,
tdc_no_conflict_salt_removed,test,279,test:279,CN1C(=O)CN2CCc3ccccc3C2c2cc(Cl)ccc21,1,True,,CN1C(=O)CN2CCc3ccccc3C2c2cc(Cl)ccc21,CN1C(=O)CN2CCc3ccccc3C2c2cc(Cl)ccc21,1,exact,1,1,B3DB_classification:1808,clazolam,CN1C(=O)CN2CCc3ccccc3C2c2cc(Cl)ccc21,B3DB_classification:1808,clazolam,CN1C(=O)CN2CCc3ccccc3C2c2cc(Cl)ccc21,,,
tdc_no_conflict_salt_removed,test,280,test:280,O=C1CC[C@H](C(=O)N2CCCCC2)N1,1,True,,O=C1CC[C@H](C(=O)N2CCCCC2)N1,O=C1CC[C@H](C(=O)N2CCCCC2)N1,1,exact,1,1,B3DB_classification:2446,fasoracetam,O=C1CC[C@H](C(=O)N2CCCCC2)N1,B3DB_classification:2446,fasoracetam,O=C1CC[C@H](C(=O)N2CCCCC2)N1,,,
tdc_no_conflict_salt_removed,test,281,test:281,O=C(COc1ccc(Cl)cc1)N1CCN(Cc2ccc3c(c2)OCO3)CC1,1,True,,O=C(COc1ccc(Cl)cc1)N1CCN(Cc2ccc3c(c2)OCO3)CC1,O=C(COc1ccc(Cl)cc1)N1CCN(Cc2ccc3c(c2)OCO3)CC1,1,exact,1,1,B3DB_classification:2383,fipexide,O=C(COc1ccc(Cl)cc1)N1CCN(Cc2ccc3c(c2)OCO3)CC1,B3DB_classification:2383,fipexide,O=C(COc1ccc(Cl)cc1)N1CCN(Cc2ccc3c(c2)OCO3)CC1,,,
tdc_no_conflict_salt_removed,test,282,test:282,N=C1SCCN1c1ccc(Cl)cc1N,1,True,,N=C1SCCN1c1ccc(Cl)cc1N,N=C1SCCN1c1ccc(Cl)cc1N,1,exact,1,1,B3DB_classification:2279,timirdine,N=C1SCCN1c1ccc(Cl)cc1N,B3DB_classification:2279,timirdine,N=C1SCCN1c1ccc(Cl)cc1N,,,
tdc_no_conflict_salt_removed,test,283,test:283,CCCCNc1c(C(=O)OCC)c(C)nc2c1cnn2CC,1,True,,CCCCNc1c(C(=O)OCC)c(C)nc2c1cnn2CC,CCCCNc1c(C(=O)OCC)c(C)nc2c1cnn2CC,1,exact,1,1,B3DB_classification:1546,tracazolate,CCCCNc1c(C(=O)OCC)c(C)nc2c1cnn2CC,B3DB_classification:1546,tracazolate,CCCCNc1c(C(=O)OCC)c(C)nc2c1cnn2CC,,,
tdc_no_conflict_salt_removed,test,284,test:284,CCOC(=O)c1cnc2c(cnn2CC)c1NN=C(C)C,1,True,,CCOC(=O)c1cnc2c(cnn2CC)c1NN=C(C)C,CCOC(=O)c1cnc2c(cnn2CC)c1NN=C(C)C,1,exact,1,1,B3DB_classification:1649,etazolate,CCOC(=O)c1cnc2c(cnn2CC)c1NN=C(C)C,B3DB_classification:1649,etazolate,CCOC(=O)c1cnc2c(cnn2CC)c1NN=C(C)C,,,
tdc_no_conflict_salt_removed,test,285,test:285,CCCCNc1c(C(=O)OCC)cnc2c1cnn2CC,1,True,,CCCCNc1c(C(=O)OCC)cnc2c1cnn2CC,CCCCNc1c(C(=O)OCC)cnc2c1cnn2CC,1,exact,1,1,B3DB_classification:1547,cartazolate,CCCCNc1c(C(=O)OCC)cnc2c1cnn2CC,B3DB_classification:1547,cartazolate,CCCCNc1c(C(=O)OCC)cnc2c1cnn2CC,,,
tdc_no_conflict_salt_removed,test,286,test:286,CN(C(=O)CNC1CC1)c1ccc(Cl)cc1C(=O)c1ccccc1Cl,1,True,,CN(C(=O)CNC1CC1)c1ccc(Cl)cc1C(=O)c1ccccc1Cl,CN(C(=O)CNC1CC1)c1ccc(Cl)cc1C(=O)c1ccccc1Cl,1,exact,1,1,B3DB_classification:1713,ciprazafone,CN(C(=O)CNC1CC1)c1ccc(Cl)cc1C(=O)c1ccccc1Cl,B3DB_classification:1713,ciprazafone,CN(C(=O)CNC1CC1)c1ccc(Cl)cc1C(=O)c1ccccc1Cl,,,
tdc_no_conflict_salt_removed,test,287,test:287,O=c1[nH]c2ccccc2n1C1CCN(CCOc2ccccc2)CC1,1,True,,O=c1[nH]c2ccccc2n1C1CCN(CCOc2ccccc2)CC1,O=c1[nH]c2ccccc2n1C1CCN(CCOc2ccccc2)CC1,1,exact,1,1,B3DB_classification:2506,oxiperomide,O=c1[nH]c2ccccc2n1C1CCN(CCOc2ccccc2)CC1,B3DB_classification:2506,oxiperomide,O=c1[nH]c2ccccc2n1C1CCN(CCOc2ccccc2)CC1,,,
tdc_no_conflict_salt_removed,test,288,test:288,CO/N=C(\C(=O)NC1C(=O)N2C(C(=O)O)=C(/C=C\c3scnc3C)CS[C@H]12)c1csc(N)n1,0,True,,CO/N=C(\C(=O)NC1C(=O)N2C(C(=O)O)=C(/C=C\c3scnc3C)CS[C@H]12)c1csc(N)n1,CO/N=C(\C(=O)NC1C(=O)N2C(C(=O)O)=C(/C=C\c3scnc3C)CS[C@H]12)c1csc(N)n1,1,unmatched,,,,,,,,,,,
tdc_no_conflict_salt_removed,test,289,test:289,CN1CCC(OC2c3ccccc3CCc3ccccc32)CC1,1,True,,CN1CCC(OC2c3ccccc3CCc3ccccc32)CC1,CN1CCC(OC2c3ccccc3CCc3ccccc32)CC1,1,exact,1,1,B3DB_classification:1830,hepzidine,CN1CCC(OC2c3ccccc3CCc3ccccc32)CC1,B3DB_classification:1830,hepzidine,CN1CCC(OC2c3ccccc3CCc3ccccc32)CC1,,,
tdc_no_conflict_salt_removed,test,290,test:290,O=c1c(Cc2c(O)oc3ccccc3c2=O)c(O)oc2ccccc12,0,True,,O=c1c(Cc2c(O)oc3ccccc3c2=O)c(O)oc2ccccc12,O=c1c(Cc2c(O)oc3ccccc3c2=O)c(O)oc2ccccc12,1,unmatched,,,,,,,,,,,
tdc_no_conflict_salt_removed,test,291,test:291,CCOC(=O)C(c1c(O)oc2ccccc2c1=O)c1c(O)oc2ccccc2c1=O,0,True,,CCOC(=O)C(c1c(O)oc2ccccc2c1=O)c1c(O)oc2ccccc2c1=O,CCOC(=O)C(c1c(O)oc2ccccc2c1=O)c1c(O)oc2ccccc2c1=O,1,unmatched,,,,,,,,,,,
tdc_no_conflict_salt_removed,test,292,test:292,CN1C(=O)CN(C(N)=O)C(c2ccccc2)c2cc(Cl)ccc21,1,True,,CN1C(=O)CN(C(N)=O)C(c2ccccc2)c2cc(Cl)ccc21,CN1C(=O)CN(C(N)=O)C(c2ccccc2)c2cc(Cl)ccc21,1,exact,1,1,B3DB_classification:1807,carburazepam,CN1C(=O)CN(C(N)=O)C(c2ccccc2)c2cc(Cl)ccc21,B3DB_classification:1807,carburazepam,CN1C(=O)CN(C(N)=O)C(c2ccccc2)c2cc(Cl)ccc21,,,
tdc_no_conflict_salt_removed,test,293,test:293,C=CC[C@@H]1/C=C(\C)C[C@H](C)C[C@H](OC)[C@H]2O[C@@](O)(C(=O)C(=O)N3CCCC[C@H]3C(=O)O[C@H](/C(C)=C/[C@@H]3CC[C@@H](O)[C@H](OC)C3)[C@H](C)[C@@H](O)CC1=O)[C@H](C)C[C@@H]2OC,0,True,,C=CC[C@@H]1/C=C(\C)C[C@H](C)C[C@H](OC)[C@H]2O[C@@](O)(C(=O)C(=O)N3CCCC[C@H]3C(=O)O[C@H](/C(C)=C/[C@@H]3CC[C@@H](O)[C@H](OC)C3)[C@H](C)[C@@H](O)CC1=O)[C@H](C)C[C@@H]2OC,C=CC[C@@H]1/C=C(\C)C[C@H](C)C[C@H](OC)[C@H]2O[C@@](O)(C(=O)C(=O)N3CCCC[C@H]3C(=O)O[C@H](/C(C)=C/[C@@H]3CC[C@@H](O)[C@H](OC)C3)[C@H](C)[C@@H](O)CC1=O)[C@H](C)C[C@@H]2OC,1,exact,0,0,B3DB_classification:1126,tacrolimus,C=CC[C@@H]1/C=C(\C)C[C@H](C)C[C@H](OC)[C@H]2O[C@@](O)(C(=O)C(=O)N3CCCC[C@H]3C(=O)O[C@H](/C(C)=C/[C@@H]3CC[C@@H](O)[C@H](OC)C3)[C@H](C)[C@@H](O)CC1=O)[C@H](C)C[C@@H]2OC,B3DB_classification:1126,tacrolimus,C=CC[C@@H]1/C=C(\C)C[C@H](C)C[C@H](OC)[C@H]2O[C@@](O)(C(=O)C(=O)N3CCCC[C@H]3C(=O)O[C@H](/C(C)=C/[C@@H]3CC[C@@H](O)[C@H](OC)C3)[C@H](C)[C@@H](O)CC1=O)[C@H](C)C[C@@H]2OC,,,
tdc_no_conflict_salt_removed,test,294,test:294,CC(C)N1CCOC(c2ccc(C(F)(F)F)cc2)C1,1,True,,CC(C)N1CCOC(c2ccc(C(F)(F)F)cc2)C1,CC(C)N1CCOC(c2ccc(C(F)(F)F)cc2)C1,1,exact,1,1,B3DB_classification:1262,oxaflozane,CC(C)N1CCOC(c2ccc(C(F)(F)F)cc2)C1,B3DB_classification:1262,oxaflozane,CC(C)N1CCOC(c2ccc(C(F)(F)F)cc2)C1,,,
tdc_no_conflict_salt_removed,test,295,test:295,C[C@H]1[C@H](c2ccccc2)OCCN1C,1,True,,C[C@H]1[C@H](c2ccccc2)OCCN1C,C[C@H]1[C@H](c2ccccc2)OCCN1C,1,exact,1,1,B3DB_classification:2133,phendimetrazine,C[C@H]1[C@H](c2ccccc2)OCCN1C,B3DB_classification:2133,phendimetrazine,C[C@H]1[C@H](c2ccccc2)OCCN1C,,,
tdc_no_conflict_salt_removed,test,296,test:296,CC1NCCOC1c1ccccc1,1,True,,CC1NCCOC1c1ccccc1,CC1NCCOC1c1ccccc1,1,exact,1,1,B3DB_classification:1405,phenmetrazine,CC1NCCOC1c1ccccc1,B3DB_classification:1405,phenmetrazine,CC1NCCOC1c1ccccc1,,,
tdc_no_conflict_salt_removed,test,297,test:297,CN(C)Cc1ccc(CSCCNc2[nH]cc(Cc3ccccc3)c2[N+](=O)[O-])o1,1,True,,CN(C)Cc1ccc(CSCCNc2[nH]cc(Cc3ccccc3)c2[N+](=O)[O-])o1,CN(C)Cc1ccc(CSCCNc2[nH]cc(Cc3ccccc3)c2[N+](=O)[O-])o1,1,exact,1,1,B3DB_classification:196,chembl344991,CN(C)Cc1ccc(CSCCNc2[nH]cc(Cc3ccccc3)c2[N+](=O)[O-])o1,B3DB_classification:196,chembl344991,CN(C)Cc1ccc(CSCCNc2[nH]cc(Cc3ccccc3)c2[N+](=O)[O-])o1,,,
tdc_no_conflict_salt_removed,test,298,test:298,CC(C)NS(=O)(=O)CCN1C(=O)c2ccccc2C1=O,1,True,,CC(C)NS(=O)(=O)CCN1C(=O)c2ccccc2C1=O,CC(C)NS(=O)(=O)CCN1C(=O)c2ccccc2C1=O,1,exact,1,1,B3DB_classification:1268,taltrimide,CC(C)NS(=O)(=O)CCN1C(=O)c2ccccc2C1=O,B3DB_classification:1268,taltrimide,CC(C)NS(=O)(=O)CCN1C(=O)c2ccccc2C1=O,,,
tdc_no_conflict_salt_removed,test,299,test:299,O=C(Cc1ccc(Cl)c(Cl)c1)N1CCc2[nH]cnc2[C@H]1CN1CCCC1,0,True,,O=C(Cc1ccc(Cl)c(Cl)c1)N1CCc2[nH]cnc2[C@H]1CN1CCCC1,O=C(Cc1ccc(Cl)c(Cl)c1)N1CCc2[nH]cnc2[C@H]1CN1CCCC1,1,exact,0,0,B3DB_classification:2388,brl52974,O=C(Cc1ccc(Cl)c(Cl)c1)N1CCc2[nH]cnc2[C@H]1CN1CCCC1,B3DB_classification:2388,brl52974,O=C(Cc1ccc(Cl)c(Cl)c1)N1CCc2[nH]cnc2[C@H]1CN1CCCC1,,,
tdc_no_conflict_salt_removed,test,300,test:300,O=C(Cc1ccc(Cl)c(Cl)c1)N1CCc2[nH]cnc2[C@H]1CN1CC[C@@H](O)C1,0,True,,O=C(Cc1ccc(Cl)c(Cl)c1)N1CCc2[nH]cnc2[C@H]1CN1CC[C@@H](O)C1,O=C(Cc1ccc(Cl)c(Cl)c1)N1CCc2[nH]cnc2[C@H]1CN1CC[C@@H](O)C1,1,exact,0,0,B3DB_classification:2389,sb205605,O=C(Cc1ccc(Cl)c(Cl)c1)N1CCc2[nH]cnc2[C@H]1CN1CC[C@@H](O)C1,B3DB_classification:2389,sb205605,O=C(Cc1ccc(Cl)c(Cl)c1)N1CCc2[nH]cnc2[C@H]1CN1CC[C@@H](O)C1,,,
tdc_no_conflict_salt_removed,test,301,test:301,CCOC(=O)N(Cc1ccccc1)C1CC1,1,True,,CCOC(=O)N(Cc1ccccc1)C1CC1,CCOC(=O)N(Cc1ccccc1)C1CC1,1,exact,1,1,B3DB_classification:1637,encyprate,CCOC(=O)N(Cc1ccccc1)C1CC1,B3DB_classification:1637,encyprate,CCOC(=O)N(Cc1ccccc1)C1CC1,,,
tdc_no_conflict_salt_removed,test,302,test:302,O=C(CCCN1CCC(C(=O)c2ccc(F)cc2)CC1)c1ccc(F)cc1,1,True,,O=C(CCCN1CCC(C(=O)c2ccc(F)cc2)CC1)c1ccc(F)cc1,O=C(CCCN1CCC(C(=O)c2ccc(F)cc2)CC1)c1ccc(F)cc1,1,exact,1,1,B3DB_classification:2365,lenperone,O=C(CCCN1CCC(C(=O)c2ccc(F)cc2)CC1)c1ccc(F)cc1,B3DB_classification:2365,lenperone,O=C(CCCN1CCC(C(=O)c2ccc(F)cc2)CC1)c1ccc(F)cc1,,,
tdc_no_conflict_salt_removed,test,303,test:303,O=C(CCCN1CCC(C(=O)c2ccc(Cl)cc2)CC1)c1ccc(F)cc1,1,True,,O=C(CCCN1CCC(C(=O)c2ccc(Cl)cc2)CC1)c1ccc(F)cc1,O=C(CCCN1CCC(C(=O)c2ccc(Cl)cc2)CC1)c1ccc(F)cc1,1,exact,1,1,B3DB_classification:2364,cloroperone,O=C(CCCN1CCC(C(=O)c2ccc(Cl)cc2)CC1)c1ccc(F)cc1,B3DB_classification:2364,cloroperone,O=C(CCCN1CCC(C(=O)c2ccc(Cl)cc2)CC1)c1ccc(F)cc1,,,
tdc_no_conflict_salt_removed,test,304,test:304,CN(C)CCC(c1ccccc1)C1CCCCC1,1,True,,CN(C)CCC(c1ccccc1)C1CCCCC1,CN(C)CCC(c1ccccc1)C1CCCCC1,1,exact,1,1,B3DB_classification:1741,gamfexine,CN(C)CCC(c1ccccc1)C1CCCCC1,B3DB_classification:1741,gamfexine,CN(C)CCC(c1ccccc1)C1CCCCC1,,,
tdc_no_conflict_salt_removed,test,305,test:305,COc1ccc(C(CN(C)C)C2(O)CCCCC2)cc1,1,True,,COc1ccc(C(CN(C)C)C2(O)CCCCC2)cc1,COc1ccc(C(CN(C)C)C2(O)CCCCC2)cc1,1,exact,1,1,B3DB_classification:878,venlafaxine,COc1ccc(C(CN(C)C)C2(O)CCCCC2)cc1,B3DB_classification:878,venlafaxine,COc1ccc(C(CN(C)C)C2(O)CCCCC2)cc1,,,
tdc_no_conflict_salt_removed,test,306,test:306,CC[C@@]1(O)C[C@H](OC2CC(N(C)C)C(OC3CC(O)C(OC4CCC(=O)C(C)O4)C(C)O3)C(C)O2)c2c(cc3c(c2O)C(=O)c2c(O)cccc2C3=O)[C@H]1C(=O)OC,0,True,,CC[C@@]1(O)C[C@H](OC2CC(N(C)C)C(OC3CC(O)C(OC4CCC(=O)C(C)O4)C(C)O3)C(C)O2)c2c(cc3c(c2O)C(=O)c2c(O)cccc2C3=O)[C@H]1C(=O)OC,CC[C@@]1(O)C[C@H](OC2CC(N(C)C)C(OC3CC(O)C(OC4CCC(=O)C(C)O4)C(C)O3)C(C)O2)c2c(cc3c(c2O)C(=O)c2c(O)cccc2C3=O)[C@H]1C(=O)OC,1,exact,0,0,B3DB_classification:1667,aclucinomycin a,CC[C@@]1(O)C[C@H](OC2CC(N(C)C)C(OC3CC(O)C(OC4CCC(=O)C(C)O4)C(C)O3)C(C)O2)c2c(cc3c(c2O)C(=O)c2c(O)cccc2C3=O)[C@H]1C(=O)OC,B3DB_classification:1667,aclucinomycin a,CC[C@@]1(O)C[C@H](OC2CC(N(C)C)C(OC3CC(O)C(OC4CCC(=O)C(C)O4)C(C)O3)C(C)O2)c2c(cc3c(c2O)C(=O)c2c(O)cccc2C3=O)[C@H]1C(=O)OC,,,
tdc_no_conflict_salt_removed,test,307,test:307,c1ccc(C2(N3CCCCC3)CCCCC2)cc1,1,True,,c1ccc(C2(N3CCCCC3)CCCCC2)cc1,c1ccc(C2(N3CCCCC3)CCCCC2)cc1,1,exact,1,1,B3DB_classification:787,phencyclidine,c1ccc(C2(N3CCCCC3)CCCCC2)cc1,B3DB_classification:787,phencyclidine,c1ccc(C2(N3CCCCC3)CCCCC2)cc1,,,
tdc_no_conflict_salt_removed,test,308,test:308,CO/N=C(\C(=O)N[C@@H]1C(=O)N2C(C(=O)O)=C(CSc3nnnn3C)CS[C@H]12)c1csc(N)n1,0,True,,CO/N=C(\C(=O)N[C@@H]1C(=O)N2C(C(=O)O)=C(CSc3nnnn3C)CS[C@H]12)c1csc(N)n1,CO/N=C(\C(=O)N[C@@H]1C(=O)N2C(C(=O)O)=C(CSc3nnnn3C)CS[C@H]12)c1csc(N)n1,1,unmatched,,,,,,,,,,,
tdc_no_conflict_salt_removed,test,309,test:309,Cc1nnc(SCC2=C(C(=O)[O-])N3C(=O)[C@@H](NC(=O)Cn4cnnn4)[C@H]3SC2)s1,0,True,,Cc1nnc(SCC2=C(C(=O)[O-])N3C(=O)[C@@H](NC(=O)Cn4cnnn4)[C@H]3SC2)s1,Cc1nnc(SCC2=C(C(=O)[O-])N3C(=O)[C@@H](NC(=O)Cn4cnnn4)[C@H]3SC2)s1,1,unmatched,,,,,,,,,,,
tdc_no_conflict_salt_removed,test,310,test:310,O=C(Cn1cnnn1)N[C@@H]1C(=O)N2C(C(=O)O)=C(CSc3nncs3)CS[C@H]12,0,True,,O=C(Cn1cnnn1)N[C@@H]1C(=O)N2C(C(=O)O)=C(CSc3nncs3)CS[C@H]12,O=C(Cn1cnnn1)N[C@@H]1C(=O)N2C(C(=O)O)=C(CSc3nncs3)CS[C@H]12,1,exact,0,0,B3DB_classification:2399,ceftezole,O=C(Cn1cnnn1)N[C@@H]1C(=O)N2C(C(=O)O)=C(CSc3nncs3)CS[C@H]12,B3DB_classification:2399,ceftezole,O=C(Cn1cnnn1)N[C@@H]1C(=O)N2C(C(=O)O)=C(CSc3nncs3)CS[C@H]12,,,
tdc_no_conflict_salt_removed,test,311,test:311,COc1cc2c(cc1OC)[C@@H](c1ccccc1)CN(C)CC2,1,True,,COc1cc2c(cc1OC)[C@@H](c1ccccc1)CN(C)CC2,COc1cc2c(cc1OC)[C@@H](c1ccccc1)CN(C)CC2,1,exact,1,1,B3DB_classification:2038,trepipam (trimopam),COc1cc2c(cc1OC)[C@@H](c1ccccc1)CN(C)CC2,B3DB_classification:2038,trepipam (trimopam),COc1cc2c(cc1OC)[C@@H](c1ccccc1)CN(C)CC2,,,
tdc_no_conflict_salt_removed,test,312,test:312,CC(C)(C)c1ccc(C(O)CCCN2CCC(C(O)(c3ccccc3)c3ccccc3)CC2)cc1,0,True,,CC(C)(C)c1ccc(C(O)CCCN2CCC(C(O)(c3ccccc3)c3ccccc3)CC2)cc1,CC(C)(C)c1ccc(C(O)CCCN2CCC(C(O)(c3ccccc3)c3ccccc3)CC2)cc1,1,exact,0,0,B3DB_classification:1234,terfenadine,CC(C)(C)c1ccc(C(O)CCCN2CCC(C(O)(c3ccccc3)c3ccccc3)CC2)cc1,B3DB_classification:1234,terfenadine,CC(C)(C)c1ccc(C(O)CCCN2CCC(C(O)(c3ccccc3)c3ccccc3)CC2)cc1,,,
tdc_no_conflict_salt_removed,test,313,test:313,CC(C)(C(=O)O)c1ccc(C(O)CCCN2CCC(C(O)(c3ccccc3)c3ccccc3)CC2)cc1,0,True,,CC(C)(C(=O)O)c1ccc(C(O)CCCN2CCC(C(O)(c3ccccc3)c3ccccc3)CC2)cc1,CC(C)(C(=O)O)c1ccc(C(O)CCCN2CCC(C(O)(c3ccccc3)c3ccccc3)CC2)cc1,1,exact,1,1,B3DB_classification:129,fexofenadine (allegra),CC(C)(C(=O)O)c1ccc(C(O)CCCN2CCC(C(O)(c3ccccc3)c3ccccc3)CC2)cc1,B3DB_classification:129,fexofenadine (allegra),CC(C)(C(=O)O)c1ccc(C(O)CCCN2CCC(C(O)(c3ccccc3)c3ccccc3)CC2)cc1,,,b3db_exact_label_mismatch|b3db_salt_removed_label_mismatch
tdc_no_conflict_salt_removed,test,314,test:314,CCN1CCC(=C(c2ccccc2)c2ccccc2)C1,1,True,,CCN1CCC(=C(c2ccccc2)c2ccccc2)C1,CCN1CCC(=C(c2ccccc2)c2ccccc2)C1,1,exact,1,1,B3DB_classification:1610,pridefine,CCN1CCC(=C(c2ccccc2)c2ccccc2)C1,B3DB_classification:1610,pridefine,CCN1CCC(=C(c2ccccc2)c2ccccc2)C1,,,
tdc_no_conflict_salt_removed,test,315,test:315,CC/C(=C(\c1ccccc1)c1ccc(OCCN(C)C)cc1)c1ccccc1,1,True,,CC/C(=C(\c1ccccc1)c1ccc(OCCN(C)C)cc1)c1ccccc1,CC/C(=C(\c1ccccc1)c1ccc(OCCN(C)C)cc1)c1ccccc1,1,exact,1,1,B3DB_classification:970,s123,CC/C(=C(\c1ccccc1)c1ccc(OCCN(C)C)cc1)c1ccccc1,B3DB_classification:970,s123,CC/C(=C(\c1ccccc1)c1ccc(OCCN(C)C)cc1)c1ccccc1,,,
tdc_no_conflict_salt_removed,test,316,test:316,CCN(CC)CCCC(C)Nc1ccnc2cc(Cl)ccc12,1,True,,CCN(CC)CCCC(C)Nc1ccnc2cc(Cl)ccc12,CCN(CC)CCCC(C)Nc1ccnc2cc(Cl)ccc12,1,unmatched,,,,,,,,,,,
tdc_no_conflict_salt_removed,test,317,test:317,CCCNC(=O)N1CC(c2ccccc2)OC1=O,1,True,,CCCNC(=O)N1CC(c2ccccc2)OC1=O,CCCNC(=O)N1CC(c2ccccc2)OC1=O,1,exact,1,1,B3DB_classification:1564,profexalone,CCCNC(=O)N1CC(c2ccccc2)OC1=O,B3DB_classification:1564,profexalone,CCCNC(=O)N1CC(c2ccccc2)OC1=O,,,
tdc_no_conflict_salt_removed,test,318,test:318,O=C(O)c1cc(=O)c2ccccc2[nH]1,1,True,,O=C(O)c1cc(=O)c2ccccc2[nH]1,O=C(O)c1cc(=O)c2ccccc2[nH]1,1,exact,1,1,B3DB_classification:2418,kynurenic acid,O=C(O)c1cc(=O)c2ccccc2[nH]1,B3DB_classification:2418,kynurenic acid,O=C(O)c1cc(=O)c2ccccc2[nH]1,,,
tdc_no_conflict_salt_removed,test,319,test:319,O=C1NCCCC1N1C(=O)c2ccccc2S1(=O)=O,1,True,,O=C1NCCCC1N1C(=O)c2ccccc2S1(=O)=O,O=C1NCCCC1N1C(=O)c2ccccc2S1(=O)=O,1,exact,1,1,B3DB_classification:2479,supidimide,O=C1NCCCC1N1C(=O)c2ccccc2S1(=O)=O,B3DB_classification:2479,supidimide,O=C1NCCCC1N1C(=O)c2ccccc2S1(=O)=O,,,
tdc_no_conflict_salt_removed,test,320,test:320,CNCCCN1c2ccccc2C(C)(C)c2ccccc21,1,True,,CNCCCN1c2ccccc2C(C)(C)c2ccccc21,CNCCCN1c2ccccc2C(C)(C)c2ccccc21,1,exact,1,1,B3DB_classification:1924,monometacrine,CNCCCN1c2ccccc2C(C)(C)c2ccccc21,B3DB_classification:1924,monometacrine,CNCCCN1c2ccccc2C(C)(C)c2ccccc21,,,
tdc_no_conflict_salt_removed,test,321,test:321,CN(C)CCCN1c2ccccc2C(C)(C)c2ccccc21,1,True,,CN(C)CCCN1c2ccccc2C(C)(C)c2ccccc21,CN(C)CCCN1c2ccccc2C(C)(C)c2ccccc21,1,exact,1,1,B3DB_classification:1747,dimetacrine,CN(C)CCCN1c2ccccc2C(C)(C)c2ccccc21,B3DB_classification:1747,dimetacrine,CN(C)CCCN1c2ccccc2C(C)(C)c2ccccc21,,,
tdc_no_conflict_salt_removed,test,322,test:322,CN(C)CCCC1c2ccccc2Nc2ccc(Cl)cc21,1,True,,CN(C)CCCC1c2ccccc2Nc2ccc(Cl)cc21,CN(C)CCCC1c2ccccc2Nc2ccc(Cl)cc21,1,exact,1,1,B3DB_classification:1746,clomacran,CN(C)CCCC1c2ccccc2Nc2ccc(Cl)cc21,B3DB_classification:1746,clomacran,CN(C)CCCC1c2ccccc2Nc2ccc(Cl)cc21,,,
tdc_no_conflict_salt_removed,test,323,test:323,C[C@]12CC[C@@H]3c4ccc(O)cc4CC[C@H]3[C@@H]1CCC2=O,0,True,,C[C@]12CC[C@@H]3c4ccc(O)cc4CC[C@H]3[C@@H]1CCC2=O,C[C@]12CC[C@@H]3c4ccc(O)cc4CC[C@H]3[C@@H]1CCC2=O,1,exact,0,0,B3DB_classification:2140,estrone,C[C@]12CC[C@@H]3c4ccc(O)cc4CC[C@H]3[C@@H]1CCC2=O,B3DB_classification:2140,estrone,C[C@]12CC[C@@H]3c4ccc(O)cc4CC[C@H]3[C@@H]1CCC2=O,,,
tdc_no_conflict_salt_removed,test,324,test:324,CNCCCC1(c2ccccc2)SC(C)(C)c2ccccc21,1,True,,CNCCCC1(c2ccccc2)SC(C)(C)c2ccccc21,CNCCCC1(c2ccccc2)SC(C)(C)c2ccccc21,1,exact,1,1,B3DB_classification:678,talsupram,CNCCCC1(c2ccccc2)SC(C)(C)c2ccccc21,B3DB_classification:678,talsupram,CNCCCC1(c2ccccc2)SC(C)(C)c2ccccc21,,,
tdc_no_conflict_salt_removed,test,325,test:325,Cc1ccc2c(c1)c1c3n2CCNC3CCC1,1,True,,Cc1ccc2c(c1)c1c3n2CCNC3CCC1,Cc1ccc2c(c1)c1c3n2CCNC3CCC1,1,exact,1,1,B3DB_classification:2192,pirlindole,Cc1ccc2c(c1)c1c3n2CCNC3CCC1,B3DB_classification:2192,pirlindole,Cc1ccc2c(c1)c1c3n2CCNC3CCC1,,,
tdc_no_conflict_salt_removed,test,326,test:326,Cc1nccn1CC1CCc2c(c3ccccc3n2C)C1=O,1,True,,Cc1nccn1CC1CCc2c(c3ccccc3n2C)C1=O,Cc1nccn1CC1CCc2c(c3ccccc3n2C)C1=O,1,exact,1,1,B3DB_classification:707,ondansetron,Cc1nccn1CC1CCc2c(c3ccccc3n2C)C1=O,B3DB_classification:707,ondansetron,Cc1nccn1CC1CCc2c(c3ccccc3n2C)C1=O,,,
tdc_no_conflict_salt_removed,test,327,test:327,CC(NNC(=O)c1ccccc1)c1ccccc1,1,True,,CC(NNC(=O)c1ccccc1)c1ccccc1,CC(NNC(=O)c1ccccc1)c1ccccc1,1,exact,1,1,B3DB_classification:1316,benmoxin,CC(NNC(=O)c1ccccc1)c1ccccc1,B3DB_classification:1316,benmoxin,CC(NNC(=O)c1ccccc1)c1ccccc1,,,
tdc_no_conflict_salt_removed,test,328,test:328,COc1ccc(C(O)CN2CCN(C(c3ccccc3)c3ccccc3)CC2)cc1OC,1,True,,COc1ccc(C(O)CN2CCN(C(c3ccccc3)c3ccccc3)CC2)cc1OC,COc1ccc(C(O)CN2CCN(C(c3ccccc3)c3ccccc3)CC2)cc1OC,1,exact,1,1,B3DB_classification:2044,tamolarizine,COc1ccc(C(O)CN2CCN(C(c3ccccc3)c3ccccc3)CC2)cc1OC,B3DB_classification:2044,tamolarizine,COc1ccc(C(O)CN2CCN(C(c3ccccc3)c3ccccc3)CC2)cc1OC,,,
tdc_no_conflict_salt_removed,test,329,test:329,CCN(CC)C(=O)C1CN2CCc3cc(OC)c(OC)cc3C2CC1OC(C)=O,1,True,,CCN(CC)C(=O)C1CN2CCc3cc(OC)c(OC)cc3C2CC1OC(C)=O,CCN(CC)C(=O)C1CN2CCc3cc(OC)c(OC)cc3C2CC1OC(C)=O,1,exact,1,1,B3DB_classification:1579,benzquinamide,CCN(CC)C(=O)C1CN2CCc3cc(OC)c(OC)cc3C2CC1OC(C)=O,B3DB_classification:1579,benzquinamide,CCN(CC)C(=O)C1CN2CCc3cc(OC)c(OC)cc3C2CC1OC(C)=O,,,
tdc_no_conflict_salt_removed,test,330,test:330,CCC1(O)CCN2CCc3ccc(C)cc3C2C1,1,True,,CCC1(O)CCN2CCc3ccc(C)cc3C2C1,CCC1(O)CCN2CCc3ccc(C)cc3C2C1,1,exact,1,1,B3DB_classification:1476,tolquinzole,CCC1(O)CCN2CCc3ccc(C)cc3C2C1,B3DB_classification:1476,tolquinzole,CCC1(O)CCN2CCc3ccc(C)cc3C2C1,,,
tdc_no_conflict_salt_removed,test,331,test:331,CCc1c(OC)nc2nc(C(=O)c3ccccc3)cn2c1C,1,True,,CCc1c(OC)nc2nc(C(=O)c3ccccc3)cn2c1C,CCc1c(OC)nc2nc(C(=O)c3ccccc3)cn2c1C,1,exact,1,1,B3DB_classification:1699,divaplon,CCc1c(OC)nc2nc(C(=O)c3ccccc3)cn2c1C,B3DB_classification:1699,divaplon,CCc1c(OC)nc2nc(C(=O)c3ccccc3)cn2c1C,,,
tdc_no_conflict_salt_removed,test,332,test:332,COC1C=COC2(C)Oc3c(C)c(O)c4c(O)c(c(C=NN5CCN(C)CC5)c(O)c4c3C2=O)NC(=O)C(C)=CC=CC(C)C(O)C(C)C(O)C(C)C(OC(C)=O)C1C,0,True,,COC1C=COC2(C)Oc3c(C)c(O)c4c(O)c(c(C=NN5CCN(C)CC5)c(O)c4c3C2=O)NC(=O)C(C)=CC=CC(C)C(O)C(C)C(O)C(C)C(OC(C)=O)C1C,COC1C=COC2(C)Oc3c(C)c(O)c4c(O)c(c(C=NN5CCN(C)CC5)c(O)c4c3C2=O)NC(=O)C(C)=CC=CC(C)C(O)C(C)C(O)C(C)C(OC(C)=O)C1C,1,exact,0,0,B3DB_classification:1981,rifampin (rifampicin),COC1C=COC2(C)Oc3c(C)c(O)c4c(O)c(c(C=NN5CCN(C)CC5)c(O)c4c3C2=O)NC(=O)C(C)=CC=CC(C)C(O)C(C)C(O)C(C)C(OC(C)=O)C1C,B3DB_classification:1981,rifampin (rifampicin),COC1C=COC2(C)Oc3c(C)c(O)c4c(O)c(c(C=NN5CCN(C)CC5)c(O)c4c3C2=O)NC(=O)C(C)=CC=CC(C)C(O)C(C)C(O)C(C)C(OC(C)=O)C1C,,,
tdc_no_conflict_salt_removed,test,333,test:333,C[C@@H]1[C@H](O)[C@@H](C)/C=C\C=C/C=C\C=C/C=C\C=C/C=C\[C@H](O[C@@H]2O[C@H](C)[C@@H](O)[C@H](N)[C@@H]2O)C[C@@H]2O[C@](O)(C[C@@H](O)C[C@@H](O)[C@H](O)CC[C@@H](O)C[C@@H](O)CC(=O)O[C@H]1C)C[C@H](O)[C@H]2C(=O)O,0,True,,C[C@@H]1[C@H](O)[C@@H](C)/C=C\C=C/C=C\C=C/C=C\C=C/C=C\[C@H](O[C@@H]2O[C@H](C)[C@@H](O)[C@H](N)[C@@H]2O)C[C@@H]2O[C@](O)(C[C@@H](O)C[C@@H](O)[C@H](O)CC[C@@H](O)C[C@@H](O)CC(=O)O[C@H]1C)C[C@H](O)[C@H]2C(=O)O,C[C@@H]1[C@H](O)[C@@H](C)/C=C\C=C/C=C\C=C/C=C\C=C/C=C\[C@H](O[C@@H]2O[C@H](C)[C@@H](O)[C@H](N)[C@@H]2O)C[C@@H]2O[C@](O)(C[C@@H](O)C[C@@H](O)[C@H](O)CC[C@@H](O)C[C@@H](O)CC(=O)O[C@H]1C)C[C@H](O)[C@H]2C(=O)O,1,exact,0,0,B3DB_classification:2117,amphotericinb,C[C@@H]1OC(=O)C[C@H](O)C[C@H](O)CC[C@@H](O)[C@H](O)C[C@H](O)C[C@]2(O)C[C@H](O)[C@@H](C(=O)O)[C@H](C[C@@H](O[C@@H]3O[C@H](C)[C@@H](O)[C@H](N)[C@@H]3O)/C=C\C=C/C=C\C=C/C=C\C=C/C=C\[C@H](C)[C@@H](O)[C@H]1C)O2,B3DB_classification:2117,amphotericinb,C[C@@H]1OC(=O)C[C@H](O)C[C@H](O)CC[C@@H](O)[C@H](O)C[C@H](O)C[C@]2(O)C[C@H](O)[C@@H](C(=O)O)[C@H](C[C@@H](O[C@@H]3O[C@H](C)[C@@H](O)[C@H](N)[C@@H]3O)/C=C\C=C/C=C\C=C/C=C\C=C/C=C\[C@H](C)[C@@H](O)[C@H]1C)O2,,,
tdc_no_conflict_salt_removed,test,334,test:334,C[C@H](O)[C@H]1C(=O)N2C(C(=O)O)=C(SCCN=CN)C[C@H]12,0,True,,C[C@H](O)[C@H]1C(=O)N2C(C(=O)O)=C(SCCN=CN)C[C@H]12,C[C@H](O)[C@H]1C(=O)N2C(C(=O)O)=C(SCCN=CN)C[C@H]12,1,exact,0,0,B3DB_classification:2124,imipenem-1-wasser,C[C@H](O)[C@H]1C(=O)N2C(C(=O)O)=C(SCCN=CN)C[C@H]12,B3DB_classification:2124,imipenem-1-wasser,C[C@H](O)[C@H]1C(=O)N2C(C(=O)O)=C(SCCN=CN)C[C@H]12,,,
tdc_no_conflict_salt_removed,test,335,test:335,CN(C)CCCN1c2ccccc2C=Cc2sccc21,1,True,,CN(C)CCCN1c2ccccc2C=Cc2sccc21,CN(C)CCCN1c2ccccc2C=Cc2sccc21,1,exact,1,1,B3DB_classification:1750,tienopramine,CN(C)CCCN1c2ccccc2C=Cc2sccc21,B3DB_classification:1750,tienopramine,CN(C)CCCN1c2ccccc2C=Cc2sccc21,,,
tdc_no_conflict_salt_removed,test,336,test:336,CC1=CC(=C2C=CC(=O)C=C2)NN=C1NCCN1CCOCC1,1,True,,CC1=CC(=C2C=CC(=O)C=C2)NN=C1NCCN1CCOCC1,CC1=CC(=C2C=CC(=O)C=C2)NN=C1NCCN1CCOCC1,1,unmatched,,,,,,,,,,,
tdc_no_conflict_salt_removed,test,337,test:337,Fc1ccc2[nH]c3c(c2c1)CN(CCCc1cccnc1)CC3,1,True,,Fc1ccc2[nH]c3c(c2c1)CN(CCCc1cccnc1)CC3,Fc1ccc2[nH]c3c(c2c1)CN(CCCc1cccnc1)CC3,1,exact,1,1,B3DB_classification:2267,gevotroline,Fc1ccc2[nH]c3c(c2c1)CN(CCCc1cccnc1)CC3,B3DB_classification:2267,gevotroline,Fc1ccc2[nH]c3c(c2c1)CN(CCCc1cccnc1)CC3,,,
tdc_no_conflict_salt_removed,test,338,test:338,CN1CC[C@]23c4c5ccc(OC(=O)c6cccnc6)c4O[C@H]2[C@@H](OC(=O)c2cccnc2)C=C[C@H]3[C@H]1C5,1,True,,CN1CC[C@]23c4c5ccc(OC(=O)c6cccnc6)c4O[C@H]2[C@@H](OC(=O)c2cccnc2)C=C[C@H]3[C@H]1C5,CN1CC[C@]23c4c5ccc(OC(=O)c6cccnc6)c4O[C@H]2[C@@H](OC(=O)c2cccnc2)C=C[C@H]3[C@H]1C5,1,exact,1,1,B3DB_classification:1876,nicomorphine,CN1CC[C@]23c4c5ccc(OC(=O)c6cccnc6)c4O[C@H]2[C@@H](OC(=O)c2cccnc2)C=C[C@H]3[C@H]1C5,B3DB_classification:1876,nicomorphine,CN1CC[C@]23c4c5ccc(OC(=O)c6cccnc6)c4O[C@H]2[C@@H](OC(=O)c2cccnc2)C=C[C@H]3[C@H]1C5,,,
tdc_no_conflict_salt_removed,test,339,test:339,C[C@]12C=CC(=O)C=C1C(Cl)=C[C@@H]1[C@@H]2[C@@H](O)C[C@@]2(C)[C@H]1CC[C@]2(O)C(=O)CO,1,True,,C[C@]12C=CC(=O)C=C1C(Cl)=C[C@@H]1[C@@H]2[C@@H](O)C[C@@]2(C)[C@H]1CC[C@]2(O)C(=O)CO,C[C@]12C=CC(=O)C=C1C(Cl)=C[C@@H]1[C@@H]2[C@@H](O)C[C@@]2(C)[C@H]1CC[C@]2(O)C(=O)CO,1,exact,1,1,B3DB_classification:2145,cloprednol,C[C@]12C[C@H](O)[C@H]3[C@@H](C=C(Cl)C4=CC(=O)C=C[C@@]43C)[C@@H]1CC[C@]2(O)C(=O)CO,B3DB_classification:2145,cloprednol,C[C@]12C[C@H](O)[C@H]3[C@@H](C=C(Cl)C4=CC(=O)C=C[C@@]43C)[C@@H]1CC[C@]2(O)C(=O)CO,,,
tdc_no_conflict_salt_removed,test,340,test:340,C=CCC1(C(C)C#CCC)C(=O)NC(=O)N(C)C1=O,1,True,,C=CCC1(C(C)C#CCC)C(=O)NC(=O)N(C)C1=O,C=CCC1(C(C)C#CCC)C(=O)NC(=O)N(C)C1=O,1,exact,1,1,B3DB_classification:471,151-83-7,C=CCC1(C(C)C#CCC)C(=O)NC(=O)N(C)C1=O,B3DB_classification:471,151-83-7,C=CCC1(C(C)C#CCC)C(=O)NC(=O)N(C)C1=O,,,
tdc_no_conflict_salt_removed,test,341,test:341,C=CCC1(C(C)CCC)C(=O)NC(=O)NC1=O,1,True,,C=CCC1(C(C)CCC)C(=O)NC(=O)NC1=O,C=CCC1(C(C)CCC)C(=O)NC(=O)NC1=O,1,exact,1,1,B3DB_classification:665,secobarbital,C=CCC1(C(C)CCC)C(=O)NC(=O)NC1=O,B3DB_classification:665,secobarbital,C=CCC1(C(C)CCC)C(=O)NC(=O)NC1=O,,,
tdc_no_conflict_salt_removed,test,342,test:342,CCC1(CCC(C)C)C(=O)NC(=O)NC1=O,1,True,,CCC1(CCC(C)C)C(=O)NC(=O)NC1=O,CCC1(CCC(C)C)C(=O)NC(=O)NC1=O,1,exact,1,1,B3DB_classification:579,amobarbital,CCC1(CCC(C)C)C(=O)NC(=O)NC1=O,B3DB_classification:579,amobarbital,CCC1(CCC(C)C)C(=O)NC(=O)NC1=O,,,
tdc_no_conflict_salt_removed,test,343,test:343,CCC1(CC)C(=O)NC(=O)N(C)C1=O,1,True,,CCC1(CC)C(=O)NC(=O)N(C)C1=O,CCC1(CC)C(=O)NC(=O)N(C)C1=O,1,exact,1,1,B3DB_classification:1471,metharbital,CCC1(CC)C(=O)NC(=O)N(C)C1=O,B3DB_classification:1471,metharbital,CCC1(CC)C(=O)NC(=O)N(C)C1=O,,,
tdc_no_conflict_salt_removed,test,344,test:344,CCCC(CC)C1(CC)C(=O)NC(=O)NC1=O,1,True,,CCCC(CC)C1(CC)C(=O)NC(=O)NC1=O,CCCC(CC)C1(CC)C(=O)NC(=O)NC1=O,1,exact,1,1,B3DB_classification:1500,tetrabarbital,CCCC(CC)C1(CC)C(=O)NC(=O)NC1=O,B3DB_classification:1500,tetrabarbital,CCCC(CC)C1(CC)C(=O)NC(=O)NC1=O,,,
tdc_no_conflict_salt_removed,test,345,test:345,C=CCC1(C(C)CC)C(=O)NC(=O)NC1=O,1,True,,C=CCC1(C(C)CC)C(=O)NC(=O)NC1=O,C=CCC1(C(C)CC)C(=O)NC(=O)NC1=O,1,exact,1,1,B3DB_classification:1108,talbutal,C=CCC1(C(C)CC)C(=O)NC(=O)NC1=O,B3DB_classification:1108,talbutal,C=CCC1(C(C)CC)C(=O)NC(=O)NC1=O,,,
tdc_no_conflict_salt_removed,test,346,test:346,CC/C=C(\C)C1(CC)C(=O)NC(=O)NC1=O,1,True,,CC/C=C(\C)C1(CC)C(=O)NC(=O)NC1=O,CC/C=C(\C)C1(CC)C(=O)NC(=O)NC1=O,1,exact,1,1,B3DB_classification:1323,vinbarbital,CC/C=C(\C)C1(CC)C(=O)NC(=O)NC1=O,B3DB_classification:1323,vinbarbital,CC/C=C(\C)C1(CC)C(=O)NC(=O)NC1=O,,,
tdc_no_conflict_salt_removed,test,347,test:347,C=CC1(C(C)CCC)C(=O)NC(=O)NC1=O,1,True,,C=CC1(C(C)CCC)C(=O)NC(=O)NC1=O,C=CC1(C(C)CCC)C(=O)NC(=O)NC1=O,1,exact,1,1,B3DB_classification:1100,vinylbital,C=CC1(C(C)CCC)C(=O)NC(=O)NC1=O,B3DB_classification:1100,vinylbital,C=CC1(C(C)CCC)C(=O)NC(=O)NC1=O,,,
tdc_no_conflict_salt_removed,test,348,test:348,C=CCC1(CC(C)C)C(=O)NC(=O)NC1=O,1,True,,C=CCC1(CC(C)C)C(=O)NC(=O)NC1=O,C=CCC1(CC(C)C)C(=O)NC(=O)NC1=O,1,exact,1,1,B3DB_classification:1113,butalbital,C=CCC1(CC(C)C)C(=O)NC(=O)NC1=O,B3DB_classification:1113,butalbital,C=CCC1(CC(C)C)C(=O)NC(=O)NC1=O,,,
tdc_no_conflict_salt_removed,test,349,test:349,C=CCC1(CC(=C)Br)C(=O)NC(=O)NC1=O,1,True,,C=CCC1(CC(=C)Br)C(=O)NC(=O)NC1=O,C=CCC1(CC(=C)Br)C(=O)NC(=O)NC1=O,1,exact,1,1,B3DB_classification:1111,brallobarbital,C=CCC1(CC(=C)Br)C(=O)NC(=O)NC1=O,B3DB_classification:1111,brallobarbital,C=CCC1(CC(=C)Br)C(=O)NC(=O)NC1=O,,,
tdc_no_conflict_salt_removed,test,350,test:350,CCC1(CC)C(=O)NC(=O)NC1=O,1,True,,CCC1(CC)C(=O)NC(=O)NC1=O,CCC1(CC)C(=O)NC(=O)NC1=O,1,exact,1,1,B3DB_classification:448,barbital,CCC1(CC)C(=O)NC(=O)NC1=O,B3DB_classification:448,barbital,CCC1(CC)C(=O)NC(=O)NC1=O,,,
tdc_no_conflict_salt_removed,test,351,test:351,CCC(C)C1(CC)C(=O)NC(=O)NC1=O,1,True,,CCC(C)C1(CC)C(=O)NC(=O)NC1=O,CCC(C)C1(CC)C(=O)NC(=O)NC1=O,1,exact,1,1,B3DB_classification:1458,butobarbitone,CCC(C)C1(CC)C(=O)NC(=O)NC1=O,B3DB_classification:1458,butobarbitone,CCC(C)C1(CC)C(=O)NC(=O)NC1=O,,,
tdc_no_conflict_salt_removed,test,352,test:352,C=CCC1(CC(C)O)C(=O)NC(=O)NC1=O,1,True,,C=CCC1(CC(C)O)C(=O)NC(=O)NC1=O,C=CCC1(CC(C)O)C(=O)NC(=O)NC1=O,1,exact,1,1,B3DB_classification:1114,proxibarbal,C=CCC1(CC(C)O)C(=O)NC(=O)NC1=O,B3DB_classification:1114,proxibarbal,C=CCC1(CC(C)O)C(=O)NC(=O)NC1=O,,,
tdc_no_conflict_salt_removed,test,353,test:353,C=CCC1(CC(C)(C)C)C(=O)NC(=O)NC1=O,1,True,,C=CCC1(CC(C)(C)C)C(=O)NC(=O)NC1=O,C=CCC1(CC(C)(C)C)C(=O)NC(=O)NC1=O,1,exact,1,1,B3DB_classification:1112,nealbarbital,C=CCC1(CC(C)(C)C)C(=O)NC(=O)NC1=O,B3DB_classification:1112,nealbarbital,C=CCC1(CC(C)(C)C)C(=O)NC(=O)NC1=O,,,
tdc_no_conflict_salt_removed,test,354,test:354,CCCCC1(CCOC(N)=O)C(=O)NC(=O)NC1=O,1,True,,CCCCC1(CCOC(N)=O)C(=O)NC(=O)NC1=O,CCCCC1(CCOC(N)=O)C(=O)NC(=O)NC1=O,1,exact,1,1,B3DB_classification:1515,carbubarb,CCCCC1(CCOC(N)=O)C(=O)NC(=O)NC1=O,B3DB_classification:1515,carbubarb,CCCCC1(CCOC(N)=O)C(=O)NC(=O)NC1=O,,,
tdc_no_conflict_salt_removed,test,355,test:355,CCCC(C)C1(CC)C(=O)NC(=O)NC1=O,1,True,,CCCC(C)C1(CC)C(=O)NC(=O)NC1=O,CCCC(C)C1(CC)C(=O)NC(=O)NC1=O,1,exact,1,1,B3DB_classification:609,pentobarbital,CCCC(C)C1(CC)C(=O)NC(=O)NC1=O,B3DB_classification:609,pentobarbital,CCCC(C)C1(CC)C(=O)NC(=O)NC1=O,,,
tdc_no_conflict_salt_removed,test,356,test:356,C=CCC1(C(C)C)C(=O)NC(=O)NC1=O,1,True,,C=CCC1(C(C)C)C(=O)NC(=O)NC1=O,C=CCC1(C(C)C)C(=O)NC(=O)NC1=O,1,exact,1,1,B3DB_classification:1107,aprobarbital,C=CCC1(C(C)C)C(=O)NC(=O)NC1=O,B3DB_classification:1107,aprobarbital,C=CCC1(C(C)C)C(=O)NC(=O)NC1=O,,,
tdc_no_conflict_salt_removed,test,357,test:357,C=CCC1(CC=C)C(=O)NC(=O)NC1=O,1,True,,C=CCC1(CC=C)C(=O)NC(=O)NC1=O,C=CCC1(CC=C)C(=O)NC(=O)NC1=O,1,exact,1,1,B3DB_classification:388,allobarbital,C=CCC1(CC=C)C(=O)NC(=O)NC1=O,B3DB_classification:388,allobarbital,C=CCC1(CC=C)C(=O)NC(=O)NC1=O,,,
tdc_no_conflict_salt_removed,test,358,test:358,c1cc2c(c(N3CCNCC3)c1)OCCO2,1,True,,c1cc2c(c(N3CCNCC3)c1)OCCO2,c1cc2c(c(N3CCNCC3)c1)OCCO2,1,exact,1,1,B3DB_classification:2564,eltoprazine,c1cc2c(c(N3CCNCC3)c1)OCCO2,B3DB_classification:2564,eltoprazine,c1cc2c(c(N3CCNCC3)c1)OCCO2,,,
tdc_no_conflict_salt_removed,test,359,test:359,Nc1ccc(S(=O)(=O)N2CC3CCC(CC3)C2)cc1,1,True,,Nc1ccc(S(=O)(=O)N2CC3CCC(CC3)C2)cc1,Nc1ccc(S(=O)(=O)N2CC3CCC(CC3)C2)cc1,1,exact,1,1,B3DB_classification:2351,azabon,Nc1ccc(S(=O)(=O)N2CC3CCC(CC3)C2)cc1,B3DB_classification:2351,azabon,Nc1ccc(S(=O)(=O)N2CC3CCC(CC3)C2)cc1,,,
tdc_no_conflict_salt_removed,test,360,test:360,NC(=O)C1CCCCO1,1,True,,NC(=O)C1CCCCO1,NC(=O)C1CCCCO1,1,exact,1,1,B3DB_classification:2283,oxanamide,NC(=O)C1CCCCO1,B3DB_classification:2283,oxanamide,NC(=O)C1CCCCO1,,,
tdc_no_conflict_salt_removed,test,361,test:361,CN(N=O)C(=O)N[C@@H]1[C@@H](O)[C@H](O)[C@@H](CO)O[C@@H]1O,0,True,,CN(N=O)C(=O)N[C@@H]1[C@@H](O)[C@H](O)[C@@H](CO)O[C@@H]1O,CN(N=O)C(=O)N[C@@H]1[C@@H](O)[C@H](O)[C@@H](CO)O[C@@H]1O,1,exact,0,0,B3DB_classification:1796,streptozocin,CN(N=O)C(=O)N[C@H]1[C@@H](O)O[C@H](CO)[C@@H](O)[C@@H]1O,B3DB_classification:1796,streptozocin,CN(N=O)C(=O)N[C@H]1[C@@H](O)O[C@H](CO)[C@@H](O)[C@@H]1O,,,
tdc_no_conflict_salt_removed,test,362,test:362,Nc1ccn([C@H]2CC[C@@H](CO)O2)c(=O)n1,1,True,,Nc1ccn([C@H]2CC[C@@H](CO)O2)c(=O)n1,Nc1ccn([C@H]2CC[C@@H](CO)O2)c(=O)n1,1,exact,0,0,B3DB_classification:102,"2',3'-dideoxycytidine (zalcitabine)",Nc1ccn([C@H]2CC[C@@H](CO)O2)c(=O)n1,B3DB_classification:102,"2',3'-dideoxycytidine (zalcitabine)",Nc1ccn([C@H]2CC[C@@H](CO)O2)c(=O)n1,,,b3db_exact_label_mismatch|b3db_salt_removed_label_mismatch
tdc_no_conflict_salt_removed,test,363,test:363,Nc1ccn([C@@H]2O[C@H](CO)[C@@H](O)[C@@H]2O)c(=O)n1,1,True,,Nc1ccn([C@@H]2O[C@H](CO)[C@@H](O)[C@@H]2O)c(=O)n1,Nc1ccn([C@@H]2O[C@H](CO)[C@@H](O)[C@@H]2O)c(=O)n1,1,unmatched,,,,,,,,,,,
tdc_no_conflict_salt_removed,test,364,test:364,CC(=O)OCC1=C(C(=O)O)N2C(=O)[C@@H](NC(=O)CSc3ccncc3)[C@H]2SC1,0,True,,CC(=O)OCC1=C(C(=O)O)N2C(=O)[C@@H](NC(=O)CSc3ccncc3)[C@H]2SC1,CC(=O)OCC1=C(C(=O)O)N2C(=O)[C@@H](NC(=O)CSc3ccncc3)[C@H]2SC1,1,exact,0,0,B3DB_classification:1187,cephapirin (cefapirin),CC(=O)OCC1=C(C(=O)O)N2C(=O)[C@@H](NC(=O)CSc3ccncc3)[C@H]2SC1,B3DB_classification:1187,cephapirin (cefapirin),CC(=O)OCC1=C(C(=O)O)N2C(=O)[C@@H](NC(=O)CSc3ccncc3)[C@H]2SC1,,,
tdc_no_conflict_salt_removed,test,365,test:365,CCC(=O)N(c1ccccc1)C1(C(=O)OC)CCN(CCc2ccccc2)CC1,1,True,,CCC(=O)N(c1ccccc1)C1(C(=O)OC)CCN(CCc2ccccc2)CC1,CCC(=O)N(c1ccccc1)C1(C(=O)OC)CCN(CCc2ccccc2)CC1,1,exact,1,1,B3DB_classification:1420,carfentanil,CCC(=O)N(c1ccccc1)C1(C(=O)OC)CCN(CCc2ccccc2)CC1,B3DB_classification:1420,carfentanil,CCC(=O)N(c1ccccc1)C1(C(=O)OC)CCN(CCc2ccccc2)CC1,,,
tdc_no_conflict_salt_removed,test,366,test:366,CCC(=O)N(c1ccccc1)C1CCN(CCc2ccccc2)CC1,1,True,,CCC(=O)N(c1ccccc1)C1CCN(CCc2ccccc2)CC1,CCC(=O)N(c1ccccc1)C1CCN(CCc2ccccc2)CC1,1,exact,1,1,B3DB_classification:859,fentanyl,CCC(=O)N(c1ccccc1)C1CCN(CCc2ccccc2)CC1,B3DB_classification:859,fentanyl,CCC(=O)N(c1ccccc1)C1CCN(CCc2ccccc2)CC1,,,
tdc_no_conflict_salt_removed,test,367,test:367,COCC(=O)N(c1ccccc1F)C1CCN(CCc2ccccc2)CC1,1,True,,COCC(=O)N(c1ccccc1F)C1CCN(CCc2ccccc2)CC1,COCC(=O)N(c1ccccc1F)C1CCN(CCc2ccccc2)CC1,1,exact,1,1,B3DB_classification:1984,ocfentanil,COCC(=O)N(c1ccccc1F)C1CCN(CCc2ccccc2)CC1,B3DB_classification:1984,ocfentanil,COCC(=O)N(c1ccccc1F)C1CCN(CCc2ccccc2)CC1,,,
tdc_no_conflict_salt_removed,test,368,test:368,CCC(=O)N(c1ccccc1)[C@]1(C(=O)OC)CCN(CCc2ccccc2)C[C@@H]1C,1,True,,CCC(=O)N(c1ccccc1)[C@]1(C(=O)OC)CCN(CCc2ccccc2)C[C@@H]1C,CCC(=O)N(c1ccccc1)[C@]1(C(=O)OC)CCN(CCc2ccccc2)C[C@@H]1C,1,exact,1,1,B3DB_classification:1422,lofentanil,CCC(=O)N(c1ccccc1)[C@]1(C(=O)OC)CCN(CCc2ccccc2)C[C@@H]1C,B3DB_classification:1422,lofentanil,CCC(=O)N(c1ccccc1)[C@]1(C(=O)OC)CCN(CCc2ccccc2)C[C@@H]1C,,,
tdc_no_conflict_salt_removed,test,369,test:369,CN(C)c1cc(-c2nc(N)n[nH]2)ccn1,0,True,,CN(C)c1cc(-c2nc(N)n[nH]2)ccn1,CN(C)c1cc(-c2nc(N)n[nH]2)ccn1,1,unmatched,,,,,,,,,,,
tdc_no_conflict_salt_removed,test,370,test:370,C[C@H](O)C1C(=O)N2C(C(=O)O)=C(S[C@@H]3CN[C@H](C(=O)N(C)C)C3)[C@H](C)C12,0,True,,C[C@H](O)C1C(=O)N2C(C(=O)O)=C(S[C@@H]3CN[C@H](C(=O)N(C)C)C3)[C@H](C)C12,C[C@H](O)C1C(=O)N2C(C(=O)O)=C(S[C@@H]3CN[C@H](C(=O)N(C)C)C3)[C@H](C)C12,1,exact,0,0,B3DB_classification:2123,meropenem,C[C@H](O)C1C(=O)N2C(C(=O)O)=C(S[C@@H]3CN[C@H](C(=O)N(C)C)C3)[C@H](C)C12,B3DB_classification:2123,meropenem,C[C@H](O)C1C(=O)N2C(C(=O)O)=C(S[C@@H]3CN[C@H](C(=O)N(C)C)C3)[C@H](C)C12,,,
tdc_no_conflict_salt_removed,test,371,test:371,CNCC[C@@H](O)[C@@H]1C[C@H](SC2=C(C(=O)O)N3C(=O)[C@H]([C@@H](C)O)[C@H]3[C@H]2C)CN1,0,True,,CNCC[C@@H](O)[C@@H]1C[C@H](SC2=C(C(=O)O)N3C(=O)[C@H]([C@@H](C)O)[C@H]3[C@H]2C)CN1,CNCC[C@@H](O)[C@@H]1C[C@H](SC2=C(C(=O)O)N3C(=O)[C@H]([C@@H](C)O)[C@H]3[C@H]2C)CN1,1,exact,0,0,B3DB_classification:1928,lenapenem,CNCC[C@@H](O)[C@@H]1C[C@H](SC2=C(C(=O)O)N3C(=O)[C@H]([C@@H](C)O)[C@H]3[C@H]2C)CN1,B3DB_classification:1928,lenapenem,CNCC[C@@H](O)[C@@H]1C[C@H](SC2=C(C(=O)O)N3C(=O)[C@H]([C@@H](C)O)[C@H]3[C@H]2C)CN1,,,
tdc_no_conflict_salt_removed,test,372,test:372,CC12NC(Cc3ccccc31)c1ccccc12,1,True,,CC12NC(Cc3ccccc31)c1ccccc12,CC12NC(Cc3ccccc31)c1ccccc12,1,exact,1,1,B3DB_classification:1018,77086-21-6,CC12NC(Cc3ccccc31)c1ccccc12,B3DB_classification:1018,77086-21-6,CC12NC(Cc3ccccc31)c1ccccc12,,,
tdc_no_conflict_salt_removed,test,373,test:373,Cc1c(O)cccc1C(=O)N[C@@H](CSc1ccccc1)[C@H](O)CN1C[C@H]2CCCC[C@H]2C[C@H]1C(=O)NC(C)(C)C,0,True,,Cc1c(O)cccc1C(=O)N[C@@H](CSc1ccccc1)[C@H](O)CN1C[C@H]2CCCC[C@H]2C[C@H]1C(=O)NC(C)(C)C,Cc1c(O)cccc1C(=O)N[C@@H](CSc1ccccc1)[C@H](O)CN1C[C@H]2CCCC[C@H]2C[C@H]1C(=O)NC(C)(C)C,1,exact,0,0,B3DB_classification:2167,nelfinavir,Cc1c(O)cccc1C(=O)N[C@@H](CSc1ccccc1)[C@H](O)CN1C[C@H]2CCCC[C@H]2C[C@H]1C(=O)NC(C)(C)C,B3DB_classification:2167,nelfinavir,Cc1c(O)cccc1C(=O)N[C@@H](CSc1ccccc1)[C@H](O)CN1C[C@H]2CCCC[C@H]2C[C@H]1C(=O)NC(C)(C)C,,,
tdc_no_conflict_salt_removed,test,374,test:374,CN1C(=O)CCS(=O)(=O)C1c1ccc(Cl)cc1,1,True,,CN1C(=O)CCS(=O)(=O)C1c1ccc(Cl)cc1,CN1C(=O)CCS(=O)(=O)C1c1ccc(Cl)cc1,1,exact,1,1,B3DB_classification:1806,chlormezanone,CN1C(=O)CCS(=O)(=O)C1c1ccc(Cl)cc1,B3DB_classification:1806,chlormezanone,CN1C(=O)CCS(=O)(=O)C1c1ccc(Cl)cc1,,,
tdc_no_conflict_salt_removed,test,375,test:375,CN1C(=O)CCS(=O)(=O)C1c1ccc(Cl)c(Cl)c1,1,True,,CN1C(=O)CCS(=O)(=O)C1c1ccc(Cl)c(Cl)c1,CN1C(=O)CCS(=O)(=O)C1c1ccc(Cl)c(Cl)c1,1,exact,1,1,B3DB_classification:1805,dichlormezanone,CN1C(=O)CCS(=O)(=O)C1c1ccc(Cl)c(Cl)c1,B3DB_classification:1805,dichlormezanone,CN1C(=O)CCS(=O)(=O)C1c1ccc(Cl)c(Cl)c1,,,
tdc_no_conflict_salt_removed,test,376,test:376,CNCCCC1(C)CN(c2ccccc2)c2ccccc21,1,True,,CNCCCC1(C)CN(c2ccccc2)c2ccccc21,CNCCCC1(C)CN(c2ccccc2)c2ccccc21,1,exact,1,1,B3DB_classification:1919,daledalin,CNCCCC1(C)CN(c2ccccc2)c2ccccc21,B3DB_classification:1919,daledalin,CNCCCC1(C)CN(c2ccccc2)c2ccccc21,,,
tdc_no_conflict_salt_removed,test,377,test:377,O=C(CC1c2ccccc2C(=O)N1c1ccc2ccc(Cl)nc2n1)N1CCC2(CC1)OCCO2,1,True,,O=C(CC1c2ccccc2C(=O)N1c1ccc2ccc(Cl)nc2n1)N1CCC2(CC1)OCCO2,O=C(CC1c2ccccc2C(=O)N1c1ccc2ccc(Cl)nc2n1)N1CCC2(CC1)OCCO2,1,exact,1,1,B3DB_classification:2361,pazinaclone,O=C(CC1c2ccccc2C(=O)N1c1ccc2ccc(Cl)nc2n1)N1CCC2(CC1)OCCO2,B3DB_classification:2361,pazinaclone,O=C(CC1c2ccccc2C(=O)N1c1ccc2ccc(Cl)nc2n1)N1CCC2(CC1)OCCO2,,,
tdc_no_conflict_salt_removed,test,378,test:378,CN(CCCN1c2ccccc2CCc2ccccc21)CC(=O)c1ccc(Cl)cc1,1,True,,CN(CCCN1c2ccccc2CCc2ccccc21)CC(=O)c1ccc(Cl)cc1,CN(CCCN1c2ccccc2CCc2ccccc21)CC(=O)c1ccc(Cl)cc1,1,exact,1,1,B3DB_classification:1793,lofepramine,CN(CCCN1c2ccccc2CCc2ccccc21)CC(=O)c1ccc(Cl)cc1,B3DB_classification:1793,lofepramine,CN(CCCN1c2ccccc2CCc2ccccc21)CC(=O)c1ccc(Cl)cc1,,,
tdc_no_conflict_salt_removed,test,379,test:379,CC(Oc1ccccc1)C(=O)NC1C(=O)N2C1SC(C)(C)C2C(=O)O,0,True,,CC(Oc1ccccc1)C(=O)NC1C(=O)N2C1SC(C)(C)C2C(=O)O,CC(Oc1ccccc1)C(=O)NC1C(=O)N2C1SC(C)(C)C2C(=O)O,1,exact,0,0,B3DB_classification:1320,"3,3-dimethyl-7-oxo-6-[(2-phenoxypropanoyl)amino]-4-thia-1-azabicyclo[3.2.0]heptane-2-carboxylic acid",CC(Oc1ccccc1)C(=O)NC1C(=O)N2C1SC(C)(C)C2C(=O)O,B3DB_classification:1320,"3,3-dimethyl-7-oxo-6-[(2-phenoxypropanoyl)amino]-4-thia-1-azabicyclo[3.2.0]heptane-2-carboxylic acid",CC(Oc1ccccc1)C(=O)NC1C(=O)N2C1SC(C)(C)C2C(=O)O,,,
tdc_no_conflict_salt_removed,test,380,test:380,CC1(C)S[C@@H]2[C@H](NC(=O)COc3ccccc3)C(=O)N2[C@H]1C(=O)[O-],0,True,,CC1(C)S[C@@H]2[C@H](NC(=O)COc3ccccc3)C(=O)N2[C@H]1C(=O)[O-],CC1(C)S[C@@H]2[C@H](NC(=O)COc3ccccc3)C(=O)N2[C@H]1C(=O)[O-],1,unmatched,,,,,,,,,,,
tdc_no_conflict_salt_removed,test,381,test:381,CC(C)(Oc1ccccc1)C(=O)N[C@@H]1C(=O)N2[C@@H]1SC(C)(C)[C@@H]2C(=O)O,0,True,,CC(C)(Oc1ccccc1)C(=O)N[C@@H]1C(=O)N2[C@@H]1SC(C)(C)[C@@H]2C(=O)O,CC(C)(Oc1ccccc1)C(=O)N[C@@H]1C(=O)N2[C@@H]1SC(C)(C)[C@@H]2C(=O)O,1,exact,0,0,B3DB_classification:1242,isopropicillin,CC(C)(Oc1ccccc1)C(=O)N[C@@H]1C(=O)N2[C@@H](C(=O)O)C(C)(C)S[C@H]12,B3DB_classification:1242,isopropicillin,CC(C)(Oc1ccccc1)C(=O)N[C@@H]1C(=O)N2[C@@H](C(=O)O)C(C)(C)S[C@H]12,,,
tdc_no_conflict_salt_removed,test,382,test:382,CCC(Oc1ccccc1)C(=O)NC1C(=O)N2C1SC(C)(C)C2C(=O)O,0,True,,CCC(Oc1ccccc1)C(=O)NC1C(=O)N2C1SC(C)(C)C2C(=O)O,CCC(Oc1ccccc1)C(=O)NC1C(=O)N2C1SC(C)(C)C2C(=O)O,1,exact,0,0,B3DB_classification:1466,mls006011441,CCC(Oc1ccccc1)C(=O)NC1C(=O)N2C1SC(C)(C)C2C(=O)O,B3DB_classification:1466,mls006011441,CCC(Oc1ccccc1)C(=O)NC1C(=O)N2C1SC(C)(C)C2C(=O)O,,,
tdc_no_conflict_salt_removed,test,383,test:383,Nc1cc(OCC2CC2)c(C(=O)NC2CN3CCC2CC3)cc1Cl,1,True,,Nc1cc(OCC2CC2)c(C(=O)NC2CN3CCC2CC3)cc1Cl,Nc1cc(OCC2CC2)c(C(=O)NC2CN3CCC2CC3)cc1Cl,1,exact,1,1,B3DB_classification:2349,pancopride,Nc1cc(OCC2CC2)c(C(=O)NC2CN3CCC2CC3)cc1Cl,B3DB_classification:2349,pancopride,Nc1cc(OCC2CC2)c(C(=O)NC2CN3CCC2CC3)cc1Cl,,,
tdc_no_conflict_salt_removed,test,384,test:384,CC(C)C[C@H]1C(=O)N2CCC[C@H]2[C@]2(O)O[C@](NC(=O)[C@@H]3C=C4c5cccc6[nH]c(Br)c(c56)C[C@H]4N(C)C3)(C(C)C)C(=O)N12,0,True,,CC(C)C[C@H]1C(=O)N2CCC[C@H]2[C@]2(O)O[C@](NC(=O)[C@@H]3C=C4c5cccc6[nH]c(Br)c(c56)C[C@H]4N(C)C3)(C(C)C)C(=O)N12,CC(C)C[C@H]1C(=O)N2CCC[C@H]2[C@]2(O)O[C@](NC(=O)[C@@H]3C=C4c5cccc6[nH]c(Br)c(c56)C[C@H]4N(C)C3)(C(C)C)C(=O)N12,1,exact,0,0,B3DB_classification:118,bromocriptine,CC(C)C[C@H]1C(=O)N2CCC[C@H]2[C@]2(O)O[C@](NC(=O)[C@@H]3C=C4c5cccc6[nH]c(Br)c(c56)C[C@H]4N(C)C3)(C(C)C)C(=O)N12,B3DB_classification:118,bromocriptine,CC(C)C[C@H]1C(=O)N2CCC[C@H]2[C@]2(O)O[C@](NC(=O)[C@@H]3C=C4c5cccc6[nH]c(Br)c(c56)C[C@H]4N(C)C3)(C(C)C)C(=O)N12,,,
tdc_no_conflict_salt_removed,test,385,test:385,CCc1c(C)[n+]([NH-])c(-c2ccc(OC)c(OC)c2)c2cc(OC)c(OC)cc12,1,True,,CCc1c(C)[n+]([NH-])c(-c2ccc(OC)c(OC)c2)c2cc(OC)c(OC)cc12,CCc1c(C)[n+]([NH-])c(-c2ccc(OC)c(OC)c2)c2cc(OC)c(OC)cc12,1,exact,1,1,B3DB_classification:1692,tofisoline,CCc1c(C)[n+]([NH-])c(-c2ccc(OC)c(OC)c2)c2cc(OC)c(OC)cc12,B3DB_classification:1692,tofisoline,CCc1c(C)[n+]([NH-])c(-c2ccc(OC)c(OC)c2)c2cc(OC)c(OC)cc12,,,
tdc_no_conflict_salt_removed,test,386,test:386,CC(=O)S[C@@H]1CC2=CC(=O)CC[C@]2(C)[C@H]2CC[C@@]3(C)[C@@H](CC[C@@]34CCC(=O)O4)[C@H]12,0,True,,CC(=O)S[C@@H]1CC2=CC(=O)CC[C@]2(C)[C@H]2CC[C@@]3(C)[C@@H](CC[C@@]34CCC(=O)O4)[C@H]12,CC(=O)S[C@@H]1CC2=CC(=O)CC[C@]2(C)[C@H]2CC[C@@]3(C)[C@@H](CC[C@@]34CCC(=O)O4)[C@H]12,1,unmatched,,,,,,,,,,,
tdc_no_conflict_salt_removed,test,387,test:387,CO/N=C/C1=CCCN(C)C1,1,True,,CO/N=C/C1=CCCN(C)C1,CO/N=C/C1=CCCN(C)C1,1,unmatched,,,,,,,,,,,
tdc_no_conflict_salt_removed,test,388,test:388,COC(=O)C1=CCCN(C)C1,1,True,,COC(=O)C1=CCCN(C)C1,COC(=O)C1=CCCN(C)C1,1,exact,1,1,B3DB_classification:1961,arecoline,COC(=O)C1=CCCN(C)C1,B3DB_classification:1961,arecoline,COC(=O)C1=CCCN(C)C1,,,
tdc_no_conflict_salt_removed,test,389,test:389,OC1(c2ccc(Cl)c(C(F)(F)F)c2)CCN(CCCC(c2ccc(F)cc2)c2ccc(F)cc2)CC1,1,True,,OC1(c2ccc(Cl)c(C(F)(F)F)c2)CCN(CCCC(c2ccc(F)cc2)c2ccc(F)cc2)CC1,OC1(c2ccc(Cl)c(C(F)(F)F)c2)CCN(CCCC(c2ccc(F)cc2)c2ccc(F)cc2)CC1,1,exact,1,1,B3DB_classification:2524,penfluridol,OC1(c2ccc(Cl)c(C(F)(F)F)c2)CCN(CCCC(c2ccc(F)cc2)c2ccc(F)cc2)CC1,B3DB_classification:2524,penfluridol,OC1(c2ccc(Cl)c(C(F)(F)F)c2)CCN(CCCC(c2ccc(F)cc2)c2ccc(F)cc2)CC1,,,
tdc_no_conflict_salt_removed,test,390,test:390,FC(F)(F)c1ccc(N2CCNCC2)nc1Cl,1,True,,FC(F)(F)c1ccc(N2CCNCC2)nc1Cl,FC(F)(F)c1ccc(N2CCNCC2)nc1Cl,1,exact,1,1,B3DB_classification:1057,chebi: 568657,FC(F)(F)c1ccc(N2CCNCC2)nc1Cl,B3DB_classification:1057,chebi: 568657,FC(F)(F)c1ccc(N2CCNCC2)nc1Cl,,,
tdc_no_conflict_salt_removed,test,391,test:391,Nc1ccc(N=Nc2ccccc2)c(N)n1,0,True,,Nc1ccc(N=Nc2ccccc2)c(N)n1,Nc1ccc(N=Nc2ccccc2)c(N)n1,1,unmatched,,,,,,,,,,,
