smiles,label,prediction,score
CC(C)(C)OC(=O)CCCc1ccc(N(CCCl)CCCl)cc1,1,1,0.8183605662465925
Cc1cc(Br)cc(C(N)=O)c1O,1,1,0.8392527188110449
CC(=O)Nc1ccc(OC(C)(C)C)cc1,1,1,0.8501439466152898
O=C(O)CNC(=O)c1ccccc1O,1,1,0.566988005916331
CSCC[C@H](NC(C)=O)C(=O)Oc1ccc(NC(C)=O)cc1,1,1,0.8297853395253477
Cc1ccccc1,1,1,0.8245969870109043
C[C@H](N)Cc1ccccc1,1,1,0.9688855135566556
CCCCC/C(=N/OCCN)c1ccc(C)c(N)c1,1,1,0.7459886083368726
C#CC(OC(N)=O)c1ccccc1,1,1,0.9041742409157583
NS(=O)(=O)c1ccc(C(=O)O)cc1,1,1,0.5861828593557251
C[C@H](N)C(=O)c1ccccc1,1,1,0.9328643396651473
CC(=O)c1ccc(C(O)C(CO)NC(=O)C(Cl)Cl)cc1,1,1,0.7836111762492921
CS(=O)(=O)c1ccc([C@@H](O)[C@@H](CO)NC(=O)C(Cl)Cl)cc1,1,1,0.6349329255191146
Cc1cccc(C)c1OCC(C)N,1,1,0.9057469678246095
Cc1cccc(C)c1,1,1,0.8739655547660758
CCc1ccccc1,1,1,0.8512248871307818
CCCC(=O)Nc1ccc(OCC(O)CNC(C)C)c(C(C)=O)c1,1,1,0.6114279322314373
COC(=O)c1ccc(C(=O)OC)cc1,1,1,0.8239711398082129
Cc1ccccc1C,1,1,0.858559633131913
Cc1ccc(C)cc1,1,1,0.8492451353678783
Cc1ccccc1OCC(COC(O)C(Cl)(Cl)Cl)OC(O)C(Cl)(Cl)Cl,1,1,0.7475764278373055
C#CCN(C)CCCOc1ccc(Cl)cc1Cl,1,1,0.7405900059374746
CC(C)(C)NCC(O)c1ccc(O)c(CO)c1,0,0,0.06756543898376631
CCN(CC)C(=O)CNC(=O)c1cc(OC)c(OC)c(OC)c1,1,1,0.860751560424281
CCN(CC)C(=O)Nc1ccc(OCC(O)CNC(C)(C)C)c(C(C)=O)c1,1,1,0.6834359387959229
CC(=O)Nc1ccc(O)cc1,1,1,0.7731137234747456
CCCCCCCCCCOc1c(OC)cc(C(N)=O)cc1OC,1,1,0.8255077022195207
CC(C)C(CCCCCC(=O)O)NCc1ccc(F)cc1,1,1,0.7662852004377646
CCN(CC)CCNC(=O)c1cc(Cl)cc(Cl)c1OC,1,1,0.9452460984867986
C=CCC(N)Cc1ccccc1,1,1,0.9604766314777065
CC(Cc1ccccc1)N(C)C,1,1,0.9448076905046975
C[C@@](Cc1ccc(O)c(O)c1)(NN)C(=O)O,0,0,0.1623431489511754
Cc1cc(N(C)C)ccc1C[C@H](C)N,1,1,0.9172495524194919
O=C(O)CCCc1ccc(N(CCCl)CCCl)cc1,0,0,0.24262389694476622
CCC(O)(COC(N)=O)c1ccccc1,1,1,0.8960789765625954
NNCCc1ccccc1,1,1,0.7990580364769367
NC(=O)OCCCc1ccccc1,1,1,0.9215938400917989
NCC(O)c1ccc(O)c(O)c1,0,0,0.12322121451362517
O=C(NC(CO)C(O)c1ccc([N+](=O)[O-])cc1)C(Cl)Cl,0,0,0.19013641688715732
CCN(CC)CC(=O)Nc1c(C)cccc1C,1,1,0.981362089699248
CCCNC(=O)NS(=O)(=O)c1ccc(Cl)cc1,0,0,0.2604698769162098
CCC(CC)(CNC(=O)CCCO)c1cccc(OC)c1,1,1,0.8278419372142054
CN(C)CCOC(=O)COc1ccc(Cl)cc1,1,1,0.8361049831016666
CCOC(=O)C(C)(C)Oc1ccc(Cl)cc1,0,1,0.5355659663812675
CC(C)(Oc1ccc(Cl)cc1)C(=O)O,0,0,0.20086994912424508
CN(C)C(=O)CCNc1ccc(Br)cc1,1,1,0.952728012540702
COc1cc(CCN)cc(OC)c1OC,1,1,0.7541732875124447
CCN(CC)CCNC(=O)c1cc(Br)c(N)cc1OC,1,1,0.8630977943001839
CCN(CC)CCOC(=O)c1ccc(N)cc1,1,1,0.9326572999984735
CN[C@@H](C)Cc1ccccc1,1,1,0.9388945952362547
COc1ccccc1OCC(O)COC(N)=O,1,1,0.7987785746768314
CCOC(=O)NNC(C)c1ccccc1,1,1,0.9033624377996519
Nc1ccc(C(=O)O)c(O)c1,0,0,0.23408668746220085
NC(=O)OCC(COC(N)=O)c1ccccc1,1,1,0.7648384254634211
CN(C)C(C)(CO)Cc1ccc(Cl)c(Cl)c1,1,1,0.9345807664790119
NC(=O)OCC(O)COc1ccc(Cl)cc1,1,1,0.8443654664822076
CC(C)c1cccc(C(C)C)c1O,1,1,0.8070759882185173
CC(C)(O)CC(C)(O)c1ccc(Cl)cc1,1,1,0.8248811809813182
CC(C)(C)NCC(O)c1ccccc1F,1,1,0.6937256053030038
CS(=O)(=O)c1ccc([C@@H](O)[C@@H](CF)NC(=O)C(Cl)Cl)cc1,1,1,0.8585375599534892
CCNC(=O)/C=C/c1cccc(Br)c1,1,1,0.9169618659436335
COc1cc(/C=C/C(N)=O)cc(OC)c1OC,1,1,0.8861707353920469
CCOC(=O)N(CCN(C)C)c1cccc(C(F)(F)F)c1,1,1,0.9514144170626606
CNCC(O)c1ccc(O)c(O)c1,0,0,0.038809819380748414
NCCc1ccc(O)c(O)c1,0,0,0.12843309003280817
CCN(CC)CCNC(=O)COc1ccc(Cl)cc1,1,1,0.8503313305929701
CCS(=O)(=O)c1ccc(F)cc1,1,1,0.8451983157852109
COCCCC/C(=N\OCCN)c1ccc(Cl)cc1,1,1,0.7636288141049821
CN[C@@H](C)[C@H](O)c1ccccc1,0,0,0.4122753876498113
CNC[C@H](O)c1ccc(O)c(O)c1,0,0,0.038809819380748414
NC(CO)C(=O)NNCc1ccc(O)c(O)c1O,0,0,0.1827393074818261
CC(C)(C)NCC(O)c1ccc(O)c(NC(N)=O)c1,0,0,0.19144097972478097
COCCCC/C(=N\OCCN)c1ccc(C(F)(F)F)cc1,1,1,0.8643564264183895
C=C(CC)C(=O)c1ccc(OCC(=O)O)c(Cl)c1Cl,0,0,0.14426339815343744
NC(N)=N/N=C/c1c(Cl)cccc1Cl,0,0,0.3501107206198363
CC(C)Cc1ccc(C(C)C(=O)O)cc1,0,0,0.2553523682570273
O=C(CCCl)NCCc1ccccc1,1,1,0.9318730613994736
CC(C)NNC(=O)COc1ccc(Cl)cc1,1,1,0.8832834376853524
C[C@H](N)[C@H](O)c1cccc(O)c1,0,0,0.04537232139499459
CC(C)NCC(O)c1ccc(O)c(O)c1,0,0,0.04101034912882273
COCCc1ccc(OCC(O)CNC(C)C)cc1,1,1,0.5995678274596239
CNCC(O)c1ccc(OC(=O)C(C)(C)C)c(OC(=O)C(C)(C)C)c1,0,0,0.3597716289809123
NC(Cc1ccc(N(CCCl)CCCl)cc1)C(=O)O,0,0,0.13946019951909971
CCNCC(O)c1cccc(O)c1,0,0,0.12127768251814991
N=C(N)NCCCOc1ccccc1,1,1,0.5877607649766566
CC(NN)c1ccccc1,1,1,0.7461094946789234
C[C@](N)(Cc1ccc(O)c(O)c1)C(=O)O,0,0,0.07903757901185626
CCN(CC)CCNC(=O)COc1ccc(OC)cc1,1,1,0.8234901997713243
CC(=O)Nc1c(I)c(NC(C)=O)c(I)c(C(=O)[O-])c1I,0,0,0.1653950367965405
CC(C)NCC(O)c1ccc(NS(C)(=O)=O)cc1,1,0,0.442914096612275
CC(Cc1ccccc1)NO,0,1,0.5156159705530129
CNC(C)C(O)c1ccc(O)cc1,0,0,0.10114549474523431
CC(=O)Nc1cccc(O)c1,1,1,0.7826416178358597
CC(C)(O)C(C)(O)c1cccc(Cl)c1,1,1,0.83495968499027
NCC(O)c1cccc(O)c1,0,0,0.07550168744461336
CNC(C)C(=O)c1ccc(OC)cc1,0,0,0.4569326460650753
CC(C(=O)c1ccccc1)N(C)C,1,1,0.9616081311138135
CCOc1ccc(NC(C)=O)cc1,0,1,0.5228694162556717
NC/C(=C/F)CCc1ccc(F)cc1,1,1,0.8761888663108967
CNCC(O)c1cccc(OC(=O)C(C)(C)C)c1,0,0,0.25522677390783133
CCCN(CCC)S(=O)(=O)c1ccc(C(=O)O)cc1,0,0,0.20421912819140406
CCC(=O)Nc1ccc(O)cc1,1,1,0.8234478033684199
O=C(O)c1ccccc1O,0,0,0.34380845374484226
CC(C)(O)C(C)(O)c1ccc(Cl)cc1,1,1,0.8297272977088092
CC(Cc1ccccc1)NN,1,1,0.8300238628540533
CC(C)NCC(O)COc1ccc(CC(N)=O)cc1,0,0,0.21772218451161024
c1ccccc1,1,1,0.6957129771010513
C#CCN(C)Cc1ccccc1,1,1,0.8954021492403502
NC(=O)NC(=O)Cc1ccccc1,1,1,0.8775944036324786
CCCCNC(=O)NS(=O)(=O)c1ccc(C)cc1,0,0,0.29704185373645464
CCC(C(=O)NC(N)=O)c1ccccc1,1,1,0.9744024265995077
CC(COc1ccccc1)NN,1,1,0.7157282181388723
CC(N)C(=O)OC(C)(C)Cc1ccc(Cl)cc1,1,1,0.9615570224455489
CC(N)Cc1ccccc1,1,1,0.9688855135566556
CNNCc1ccc(C(=O)NC(C)C)cc1,1,1,0.9063730732647555
CCN(CC)CCNC(=O)c1cc(S(C)(=O)=O)ccc1OC,1,1,0.7544211137184358
CCN(CC)CC(=O)Oc1ccc(NC(C)=O)cc1,1,1,0.9041782997032057
O=C(Nc1ccc(O)cc1)C(Cl)(Cl)Cl,1,1,0.8079430268992818
CCOC(=O)c1ccc(N)cc1,1,1,0.865029251080778
CCN(C)C(=O)Oc1cccc([C@H](C)N(C)C)c1,1,1,0.9472204904049338
CC(NC(C)(C)C)C(=O)c1cccc(Cl)c1,1,1,0.9691914501202465
O=C(NCc1ccccc1)OCCO,1,1,0.8630367253334217
O=C(CCCl)NCc1ccccc1,1,1,0.9261917881003522
[N-]=[N+]=NCC(=O)N[C@H](CO)[C@H](O)c1ccc([N+](=O)[O-])cc1,1,0,0.3787838982115975
NC(=O)c1ccccc1O,1,1,0.6959783365608169
C#CCN(C)[C@H](C)Cc1ccccc1,1,1,0.9368209439121737
OCc1ccccc1,1,1,0.6957557192216801
O=C(c1ccco1)N(c1cnccn1)C1CCN(CCc2ccccc2)CC1,1,1,0.9504526983254116
Nc1nnc(-c2cccc(Cl)c2Cl)c(N)n1,1,1,0.715950065545893
CCC(C)n1ncn(-c2ccc(N3CCN(c4ccc(OC[C@H]5CO[C@](Cn6cncn6)(c6ccc(Cl)cc6Cl)O5)cc4)CC3)cc2)c1=O,0,0,0.27670510778903623
CN(C)CCn1nnnc1SCC1=C(C(=O)O)N2C(=O)[C@@H](NC(=O)Cc3csc(N)n3)[C@H]2SC1,0,0,0.07295749290578277
C[C@]12CC[C@@H]3c4ccc(O)cc4CC[C@H]3[C@@H]1CC[C@@H]2O,0,0,0.321306377071149
C#C[C@]1(O)CC[C@H]2[C@@H]3CCc4cc(OC)ccc4[C@H]3CC[C@@]21C,0,0,0.24989625530167242
C#C[C@]1(O)CC[C@H]2[C@@H]3CCc4cc(O)ccc4[C@H]3CC[C@@]21C,0,0,0.1531086212905351
CN1c2ccccc2C(NCCCCCCC(=O)O)c2ccc(Cl)cc2S1(=O)=O,1,1,0.6209042712285495
C#CCC1(OC(N)=O)CCCCC1,1,1,0.9566390977414919
C1CCCCC1,1,1,0.8212021222343324
CCC(OC(N)=O)C1CCCCC1,1,1,0.9659707886998639
O=NN(CCCl)C(=O)NC1CCCCC1,1,1,0.9531805348694526
NNCC1CCCCC1,1,1,0.7968682539577066
CC(C)C(O)C1CCCCC1,1,1,0.8962893537279101
NCC1(CC(=O)O)CCCCC1,1,1,0.7574399280434598
C#CC1(OC(N)=O)CCCCC1,1,1,0.9515896033333064
CN(C)CCOC(=O)CCC1CCCCC1,1,1,0.9138530011452304
O=C1CC[C@H]2[C@H]3Cc4cccc(O)c4[C@@]2(CCN3CC2CC2)C1,1,1,0.942389366099678
COc1cc2c(c(CN[C@@H]3CCCN[C@H]3c3ccccc3)c1)OCC2,1,1,0.9628327384837418
O=C1CCC(c2ccccc2)(C2CCN(C/C=C/c3ccccc3)CC2)C(=O)N1,1,1,0.9704159677153935
CCN1C(=O)NC(c2ccccc2)C1=O,1,1,0.9893118124318966
CCC1(c2ccccc2)C(=O)NC(=O)N1C,1,1,0.9996711122620744
CCC1(c2ccccc2)NC(=O)N(C)C1=O,1,1,0.9979892158245164
CC1(C)SC2C(N(C(=N)c3ccncc3)[C@H](C(=O)NC(=O)CN)c3ccccc3)C(=O)N2C1C(=O)O,0,0,0.1712120550795696
O=C(c1ccccn1)c1cnn2c(-c3ccncc3)ccnc12,1,1,0.7884836417694762
COc1ccc2c(c1OC)C(=O)O[C@@H]2[C@H]1c2c(cc3c(c2OC)OCO3)CCN1C,1,1,0.8294417707698549
c1cnc(N2CCN(Cc3ccc4c(c3)OCO4)CC2)nc1,1,1,0.9757868031194161
CC1=C(C(=O)O)N2C(=O)[C@@H](NC(=O)Cc3ccc(C4=NCCCN4)cc3)[C@H]2SC1,0,0,0.044080302251982874
CCCNCC(O)COc1ccccc1C(=O)CCc1ccccc1,0,0,0.3772991215491783
CC(=O)OCC(=O)OCC/C(SC(=O)c1ccco1)=C(/C)N(C=O)Cc1cnc(C)nc1N,1,1,0.7524701910653365
NC(=O)N1c2ccccc2C=Cc2ccccc21,1,1,0.9513766588738294
CN(C)CCCN1c2ccccc2C=Cc2ccccc21,1,1,0.9862766502414319
COc1ccc(CN(CCN(C)C)c2ccccn2)cc1,0,0,0.4696066963817787
CN(CCc1cc2cccc3c2n1-c1ccccc1CC3)Cc1ccccc1,1,1,0.8670918196415609
CN1CCC2=C(CC1)c1ccccc1N(C)c1ccccc12,1,1,0.9305872139258194
C=CC1CNCCC1CCCc1ccnc2ccc(OC)cc12,1,1,0.9300136410309975
C=C[C@@H]1CNCC[C@H]1CCCc1ccnc2ccc(OC)cc12,1,1,0.9300136410309975
CC(COc1ccccc1)N(CCCl)Cc1ccccc1,0,0,0.49733031220822405
CCOC(=O)N1CCC(=O)N(c2ccccc2)c2cc(Cl)ccc21,1,1,0.9837312218394216
O=C1CCNc2ccc(Cl)cc2N1c1ccccc1,1,1,0.99258206243503
CCNC(=O)N1CCN(CCCC(c2ccc(F)cc2)c2ccc(F)cc2)CC1,1,1,0.9238773865591493
CCC1(c2ccccc2)NCC(=O)NC1=O,1,1,0.9578041300568527
Cc1noc(NS(=O)(=O)c2ccc(N)cc2)c1C,1,1,0.6667773485761883
S=C(NC1CCCCC1)N1CCC(c2cnc[nH]2)CC1,1,1,0.8351609285559206
CCCCN1C(=O)C2C(=O)N(CCCCN3CCN(c4ccccc4OC)CC3)C(=O)C(C1=O)C2(C)C,1,1,0.7038770882346926
CCCC(C)(O)C1CC23C=CC1(OC)C1Oc4c(O)ccc5c4C12CCN(C)C3C5,1,1,0.9676095185670213
C=CCN1CCC23c4c5ccc(O)c4OC2C2(OC)C=CC3(CC2[C@](C)(O)CCC)C1C5,1,1,0.9155943930623545
CCC[C@@](C)(O)[C@H]1CC23C=CC1(OC)[C@H]1Oc4c(OC(C)=O)ccc5c4C12CCN(C)C3C5,1,1,0.965263802553727
OC1(c2cccc(Cl)c2)C2=NCCCN2c2ccccc21,1,1,0.9887413482549635
CN[C@H](CC(C)C)C(=O)NC1C(=O)N[C@@H](CC(N)=O)C(=O)N[C@H]2C(=O)N[C@H]3C(=O)N[C@H](C(=O)N[C@@H](C(=O)O)c4cc(O)cc(O)c4-c4cc3ccc4O)[C@H](O)c3ccc(c(Cl)c3)Oc3cc2cc(c3O[C@@H]2O[C@H](CO)[C@@H](O)[C@H](O)[C@H]2O[C@H]2C[C@](C)(N)[C@H](O)[C@H](C)O2)Oc2ccc(cc2Cl)[C@H]1O,0,0,0.1812695204678785
CC(C)(C)OC(=O)c1ncn2c1[C@@H]1CCCN1C(=O)c1c(Br)cccc1-2,1,1,0.8984726997046236
COc1cc([C@@H]2c3cc4c(cc3[C@@H](O[C@@H]3O[C@@H]5CO[C@@H](C)O[C@H]5[C@H](O)[C@H]3O)C3COC(=O)[C@@H]32)OCO4)cc(OC)c1O,0,0,0.13220972801760403
CNCCCC12CCC(c3ccccc31)c1ccccc12,1,1,0.9718233766492466
CNC[C@H](O)CC12CCC(c3ccccc31)c1ccccc12,1,1,0.923998683126895
CNCC12CCC(c3ccccc31)c1ccccc12,1,1,0.982104002393875
CC1(C)S[C@@H]2[C@H](N3C(=O)[C@@H](c4ccccc4)NC3(C)C)C(=O)N2[C@H]1C(=O)O,0,0,0.08918287558032642
COCOC(=O)C1N2C(=O)C(N3C(=O)C(c4ccc(O)cc4)NC3(C)C)C2SC1(C)C,0,0,0.02339553686211742
COCOC(=O)[C@@H]1N2C(=O)[C@@H](N3C(=O)C(c4ccccc4)NC3(C)C)[C@H]2SC1(C)C,0,0,0.2691010887119202
CC1(C)O[C@@H]2[C@@H](CO[C@@]3(COS(N)(=O)=O)OC(C)(C)O[C@@H]23)O1,1,0,0.44240720752241636
O=C(Nc1ccccc1)OCC1(COC(=O)Nc2ccccc2)CCCC1,1,1,0.8376309035229126
CN(C)CCC1(c2ccccc2)C=Cc2ccccc21,1,1,0.9657706144915262
O=C(CCCN1CCN(C(=O)OC2CCCCC2)CC1)c1ccc(F)cc1,1,1,0.9350495700494186
CNC1CCc2ncsc2C1,1,1,0.9618357804466302
CNC1C(O)C(OC2C(NC(=O)C(O)CN)CC(N)C(OC3OC(CN)C(O)C(O)C3O)C2O)OCC1(C)O,0,0,0.0024994693210950453
NCC[C@H](O)C(=O)N[C@@H]1C[C@H](N)[C@@H](O[C@H]2O[C@H](CN)[C@@H](O)[C@H](O)[C@H]2O)[C@H](O)[C@H]1O[C@H]1O[C@H](CO)[C@@H](O)[C@H](N)[C@H]1O,1,1,0.5548965944907691
NCC1OC(OC2C(N)CC(N)C(OC3OC(CO)C(O)C(N)C3O)C2O)C(O)C(O)C1O,0,0,0.047826576914089064
NCC1OC(OC2C(N)CC(NC(CO)CO)C(OC3OC(CO)C(O)C(N)C3O)C2O)C(N)C(O)C1O,0,0,0.13062443465499055
NCC[C@H](O)C(=O)N[C@@H]1C[C@H](N)[C@@H](O[C@H]2O[C@H](CN)CC[C@H]2N)[C@H](O)[C@H]1O[C@H]1O[C@H](CO)[C@@H](O)[C@H](N)[C@H]1O,0,0,0.005062814571885219
NCC1OC(OC2C(N)CC(N)C(OC3OC(CO)C(O)C(N)C3O)C2O)C(N)C(O)C1O,0,0,0.01764717967178776
CNC(C)C1CCC(N)C(OC2C(N)CC(N)C(OC3OCC(C)(O)C(NC)C3O)C2O)O1,0,0,0.001127688910015205
NC[C@H]1O[C@H](O[C@H]2[C@H](O)[C@@H](O[C@H]3O[C@H](CO)[C@@H](O)[C@H](N)[C@H]3O)[C@H](N)C[C@@H]2N)[C@H](N)C[C@@H]1O,0,0,0.009194648821197254
NCCC(O)CNC1CC(N)C(OC2OC(CN)C(O)C(O)C2O)C(O)C1OC1OC(CO)C(O)C(N)C1O,0,0,0.014533894145201816
NCC1CCC(N)C(OC2C(N)CC(N)C(OC3OC(CO)C(O)C(N)C3O)C2O)O1,0,0,0.0016018700464654357
CC(=O)NCCn1c(C)cc(C=O)c1C,1,1,0.9451057280386054
O=c1c(O[C@@H]2O[C@H](CO)[C@@H](O)[C@H](O)[C@H]2O)c(-c2ccc(O)c(O)c2)oc2cc(O)cc(O)c12,0,0,0.07929226137670072
O=C1C(O)=C(O)OC1C(O)CO,1,1,0.6544969344779034
CN1CCN2c3cc(F)ccc3C(c3cccs3)=NCC2C1,1,1,0.9971650668953808
OCCN1CCN(CCCN2c3ccccc3Sc3ccc(Cl)cc32)CC1,1,1,0.9716257830456027
CCC(=O)c1ccc2c(c1)N(CCCN1CCN(CCO)CC1)c1ccccc1S2,1,1,0.9572386523082989
CN1CCN(CCCN2c3ccccc3Sc3ccc(Cl)cc32)CC1,1,1,0.9995403209068471
CC(=O)OCCN1CCN(CCCN2c3ccccc3Sc3ccc(Cl)cc32)CC1,1,1,0.9743339687126251
CN1CCN(CCCN2c3ccccc3Sc3ccc(S(=O)(=O)N(C)C)cc32)CC1,1,1,0.9131985548542377
CCCC(=O)c1ccc2c(c1)N(CCCN1CCN(C)CC1)c1ccccc1S2,1,1,0.9948239179265408
CN1CCN(CCCN2c3ccccc3Sc3ccc(C(F)(F)F)cc32)CC1,1,1,0.9972041435950391
OCCN1CCN(CCCN2c3ccccc3Sc3ccc(C(F)(F)F)cc32)CC1,1,1,0.9588889504979926
CCCCCCC(=O)OCCN1CCN(CCCN2c3ccccc3Sc3ccc(C(F)(F)F)cc32)CC1,1,1,0.7925926542219573
CCSc1ccc2c(c1)N(CCCN1CCN(C)CC1)c1ccccc1S2,1,1,0.9939909027107828
CC(=O)c1ccc2c(c1)N(CCCN1CCN(CCO)CC1)c1ccccc1S2,1,1,0.970950443453228
CC(CN1CCN(CCOCCO)CC1)CN1c2ccccc2Sc2ccccc21,1,1,0.892638628890159
CN(C)CCC(c1ccccc1)c1ccccn1,0,1,0.6525750804716701
CN(C)CCOC(C)(c1ccccc1)c1ccccn1,1,1,0.900466544501397
c1ccc(-c2cc(CCC3CCNCC3)c3ccccc3n2)cc1,1,1,0.902460224685319
COc1ccccc1N1CCN(CCc2oc(=O)[nH]c2-c2ccc(F)cc2)CC1,1,1,0.9342990630812779
CC1CC(OC(=O)C2CCC(=O)N2)CC(C)(C)C1,1,1,0.9308562104024993
Cc1ccc(Cl)c(Nc2ccccc2C(=O)O)c1Cl,0,0,0.21567848659514818
Cc1cccc(Nc2ccccc2C(=O)O)c1C,0,0,0.15021228569002157
CO[C@@]1(NC(=O)C(C(=O)O)c2ccsc2)C(=O)N2[C@@H](C(=O)O)C(C)(C)S[C@@H]21,0,0,0.1408227909011035
CC1(C)S[C@@H]2[C@H](NC(=O)[C@H](C(=O)[O-])c3ccsc3)C(=O)N2[C@H]1C(=O)[O-],1,0,0.3832879285514316
Nc1c2c(nc3ccccc13)CCCC2O,1,1,0.865277507631622
Nc1c2c(nc3ccccc13)CCCC2,1,1,0.9473285703195615
CN[C@@H]1[C@@H](O[C@H]2O[C@H](CO)[C@@H](N)[C@H](O)[C@H]2O)O[C@H]2C[C@@H](N)[C@H](O[C@H]3[C@H](O)[C@@H](O)[C@H](N)C[C@@H]3N)O[C@@H]2[C@@H]1O,0,0,0.01859097633717273
O=C(/C=C/c1ccc2c(c1)OCO2)N1CCCCC1,1,1,0.9604021175288366
Clc1ccc(C(OCCN2CCOCC2)c2ccccc2)cc1,1,1,0.9410932570873487
CN1CCN(C2=Nc3cscc3/C(=C/C#N)c3cscc32)CC1,1,1,0.9615738123822852
C/C(=C/CCN1CCC2(CC1)C(=O)NCN2c1ccccc1)c1ccc(F)cc1,1,1,0.9738723579678168
CCCCNCC1COc2cccc(OCC)c2O1,1,1,0.9667247995798556
CC(C)CCNCC1COc2ccccc2O1,1,1,0.9935153008512283
CCCCNCC1COc2ccccc2O1,1,1,0.9908137965283632
CC(C)n1c(=O)c2c(-c3noc(C4CC4)n3)ncn2c2ccccc21,1,1,0.8953739194082492
CC(C)[N+](C)(CCOC(=O)C1c2ccccc2Oc2ccccc21)C(C)C,0,0,0.15862366297601296
CC[N+](C)(CC)CCOC(=O)C1c2ccccc2Oc2ccccc21,0,0,0.18706606446633742
C[C@@H](CN1CC(=O)NC(=O)C1)N1CC(=O)NC(=O)C1,0,0,0.3613054735090994
CN(C)CC#CC=C1c2ccccc2C=Cc2ccccc21,1,1,0.662259908498891
CN(C)CCC=C1c2ccccc2C=Cc2ccccc21,1,1,0.9467336103899723
C[N+](C)([O-])CC/C=C1/c2ccccc2C=Cc2c(Cl)cccc21,1,1,0.8047632522636505
CN1[C@@H]2CC[C@H]1CC(NC(=O)N1CC(C)(C)c3ccccc31)C2,1,1,0.9810667636820004
C/C(=C1/CCOC(=O)S1)N(C=O)Cc1cnc(C)nc1N,1,1,0.9001219243464381
CN1CCC(=C2c3ccccc3Oc3ccc(Cl)cc32)CC1,1,1,0.9946477510845277
CN1CCN(CCC(=O)N2c3ccccc3Sc3ccc(C(F)(F)F)cc32)CC1,1,1,0.9977180481950698
O=C(CCN1CCN(CCO)CC1)N1c2ccccc2Sc2ccc(C(F)(F)F)cc21,1,1,0.955219375399555
CN1CCC(C)(CN2c3ccccc3Sc3ccccc32)C1,1,1,0.9963559761602133
Nn1cnc2cc3ccccc3cc2c1=O,1,1,0.6517143584908627
CN(C)N/N=C1/N=CN=C1C(N)=O,1,1,0.7581812548871344
CCCC(=O)O[C@]1(C(C)=O)CCC[C@H]2[C@@H]3CCC4=CC(=O)C=C[C@]4(C)[C@H]3[C@@H](O)C[C@@]21C,1,1,0.9614472035487038
CC(=O)OCC/C(SC(C)=O)=C(/C)N(C=O)Cc1cnc(C)nc1N,1,1,0.7894819935108686
CCOC(=O)OCC/C(SC(=O)OCC)=C(\C)N(C=O)Cc1cnc(C)nc1N,1,1,0.7958055690391432
O=C1CN=C(c2ccccc2)c2cc(Cl)ccc2N1CC1CC1,1,1,0.9921637616585562
O=C1CN=C(c2ccccc2F)c2cc(Cl)ccc2N1CC1CC1,1,1,0.9904351119982002
CC1(C)S[C@@H]2[C@H](NC(=O)C(Oc3ccccc3)c3ccccc3)C(=O)N2[C@H]1C(=O)O,0,0,0.1719086975846504
O=C1CCC(N2C(=O)C3C4CCC(C4)C3C2=O)C(=O)N1,1,1,0.8601838945437682
OC1CCN(c2ccc(-c3ccc(Cl)cc3Cl)nn2)CC1,1,1,0.9876907957709424
OC1CCN(c2ccc(-c3ccccc3Cl)nn2)CC1,1,1,0.9837155896684824
CNc1nc(Cl)c(SC)c(N2CCN(C)CC2)n1,1,1,0.994888849415286
CSc1c(Cl)nc(NC(C)C)nc1N1CCN(C)CC1,1,1,0.9895375051426614
Cn1c(=O)c2[nH]cnc2n(C)c1=O,0,1,0.5988931987033819
CCCCn1c(=O)c2c(ncn2CC(C)=O)n(CCCC)c1=O,1,1,0.9395733081366191
Cn1c(=O)c2c(ncn2C)n(C)c1=O,1,1,0.8544333461323671
Cn1cnc2c1c(=O)[nH]c(=O)n2C,1,1,0.7807382462417197
CC(O)Cn1cnc2c1c(=O)n(C)c(=O)n2C,1,1,0.8566556101067814
Cn1c(=O)[nH]c2ncn(C)c2c1=O,1,1,0.7632173567340093
CN(C)CCn1cnc2c1c(=O)n(C)c(=O)n2C,1,1,0.8792374383368479
CCN(CC)CCn1cnc2c1c(=O)n(C)c(=O)n2C,1,1,0.9165365881034997
OC(Cn1ccnc1)c1ccc(CCc2ccccc2)cc1,1,1,0.9031940761303932
CC#C[C@]1(O)CC[C@H]2[C@@H]3CCC4=CC(=O)CCC4=C3[C@@H](c3ccc(N(C)C)cc3)C[C@@]21C,0,0,0.2853764530024254
CN(C(=O)Cc1ccc(Cl)c(Cl)c1)[C@@H](CN1CCCC1)c1ccccc1,1,1,0.9944142351633114
CN(C(=O)Cc1ccccc1N)[C@@H](CN1CC[C@@H](O)C1)c1ccccc1,0,0,0.4438907952962608
O=C(CN1CCCC1=O)NNC(=O)CN1CCCC1=O,1,1,0.7234733134749094
O=C(CCCN1CCC(n2c(=S)[nH]c3ccccc32)CC1)c1ccc(F)cc1,1,1,0.9810380882618737
CN(C)[C@@H]1C(=O)/C(=C(\N)O)C(=O)[C@@]2(O)C(=O)C3=C(O)c4c(O)ccc([N+](=O)[O-])c4C[C@H]3C[C@@H]12,0,0,0.013216809443001276
CN(C)[C@@H]1C(=O)/C(=C(\N)O)C(=O)[C@@]2(O)C(=O)C3=C(O)c4c(ccc(N)c4O)C[C@H]3C[C@@H]12,0,0,0.03830143818330635
C[C@H]1c2cccc(O)c2C(O)=C2C(=O)[C@]3(O)C(=O)/C(=C(/N)O)C(=O)[C@@H](N(C)C)[C@@H]3[C@@H](O)[C@@H]21,0,0,0.00019979624179307224
CN(C)[C@@H]1C(=O)/C(=C(/N)O)C(=O)[C@@]2(O)C(=O)C3=C(O)c4c(O)ccc(Cl)c4[C@@](C)(O)[C@H]3C[C@@H]12,0,0,0.005005984076748233
CN(C)[C@@H]1C(=O)/C(=C(\N)O)C(=O)[C@@]2(O)C(=O)C3=C(O)c4c(O)cccc4[C@@](C)(O)[C@H]3C[C@@H]12,0,0,0.004748200131495837
CN(C)[C@@H]1C(=O)/C(=C(\N)O)C(=O)[C@@]2(O)C(=O)C3=C(O)c4c(O)ccc(Cl)c4[C@@H](O)[C@H]3C[C@@H]12,0,0,0.0
CN(C)[C@@H]1C(=O)/C(=C(\N)O)C(=O)[C@@]2(O)C(=O)C3=C(O)c4c(O)ccc(Cl)c4[C@@](C)(O)[C@H]3C[C@@H]12,0,0,0.005005984076748233
CN(C)[C@@H]1C(=O)/C(=C(/O)NCO)C(=O)[C@@]2(O)C(=O)C3=C(O)c4c(O)ccc(Cl)c4[C@@](C)(O)[C@H]3C[C@@H]12,0,0,0.011040862302779723
CN(C)[C@@H]1C(=O)/C(=C(\N)O)C(=O)[C@@]2(O)C(=O)C3=C(O)c4c(O)cccc4[C@@H](O)[C@H]3C[C@@H]12,0,0,0.002592521062836705
CN(C)[C@@H]1C(=O)/C(=C(\N)O)C(=O)[C@@]2(O)C(=O)C3=C(O)c4c(O)cccc4[C@@](C)(O)[C@H]3[C@H](O)[C@@H]12,0,0,0.0030004774400266454
CN(C)CCN1CCN(c2cccc(Cl)c2)C1=O,1,1,0.9840696353688356
CCn1c2c(c3ccccc31)CCSC2(C)CCN(C)C,1,1,0.9780116847241532
OC1OC(COCCOC(O)C(Cl)(Cl)Cl)C(OC2OC(COCCOCCOC(O)C(Cl)(Cl)Cl)CC(OC(O)C(Cl)(Cl)Cl)C2O)C(OCCOCCOC(O)C(Cl)(Cl)Cl)C1O,1,1,0.7178783069696381
CN(C)[C@@H]1C(=O)/C(=C(/O)NCN2CCCC2)C(=O)[C@@]2(O)C(=O)C3=C(O)c4c(O)cccc4[C@@](C)(O)[C@H]3C[C@@H]12,1,0,0.15241340572996903
CC1(C)O[C@@H]2C[C@H]3[C@@H]4CCC5=CC(=O)CC[C@]5(C)[C@@]4(F)[C@@H](O)C[C@]3(C)[C@]2(C(=O)CCl)O1,1,1,0.9535575718565674
CC(=O)C12OC(C)(C)OC1CC1C3CCC4=CC(=O)CCC4(C)C3CCC12C,1,1,0.784304972300324
CC1(C)O[C@@H]2C[C@H]3[C@@H]4C[C@H](F)C5=CC(=O)CC[C@]5(C)[C@H]4[C@@H](O)C[C@]3(C)[C@]2(C(=O)CO)O1,1,1,0.961797601812059
CCC[C@@H]1O[C@@H]2C[C@H]3[C@@H]4C[C@H](F)C5=CC(=O)CC[C@]5(C)[C@@]4(F)[C@@H](O)C[C@]3(C)[C@]2(C(=O)CO)O1,1,1,0.9470704666813728
CN1C2CCC1CC(OC(=O)C(O)c1ccccc1)C2,0,0,0.3465109776269687
CN1C2CCC1CC(OC(=O)[C@H](CO)c1ccccc1)C2,1,1,0.7370993061421158
CN1C2CCC1CC(OC(=O)C(C)(CO)c1ccccc1)C2,1,1,0.8015610198096668
CN(C/C=C/c1ccccc1)CCOC(c1ccccc1)c1ccccc1,1,1,0.6616022047143051
Cc1ncc(CSSCc2cnc(C)c(O)c2CO)c(CO)c1O,1,1,0.5993652608426102
CC1COc2c(N3CCN(C)CC3)c(F)cc3c(=O)c(C(=O)O)cn1c23,1,1,0.5267168680522748
C[C@H]1COc2c(N3CCN(C)CC3)c(F)cc3c(=O)c(C(=O)O)cn1c23,1,1,0.5267168680522748
CN(C)CC(CN1c2ccccc2Sc2ccccc21)N(C)C,1,1,0.9686604025684928
CN(C)CCCN1c2ccccc2Sc2ccc(Cl)cc21,1,1,0.9938851397623619
CC(CN1c2ccccc2Sc2ccccc21)N(C)C,1,1,0.9993841472554803
CN(C)CCCN1c2ccccc2Sc2ccccc21,1,1,0.9979810261396124
COc1ccc2c(c1)N(CCCN(C)C)c1ccccc1S2,1,1,0.9696194497932227
COc1ccc2c(c1)N(C[C@H](C)CN(C)C)c1ccccc1S2,1,1,0.973748628835165
CNCCCN1c2ccccc2Sc2ccc(Cl)cc21,1,1,0.9874642358662236
CNCCCN1c2ccccc2Sc2ccccc21,1,1,0.9839594736958412
NCCCN1c2ccccc2Sc2ccc(Cl)cc21,1,1,0.9947738261862993
CCC(=O)c1ccc2c(c1)N(CC(C)N(C)C)c1ccccc1S2,1,1,1.0
CC(=O)c1ccc2c(c1)N(CCCN(C)C)c1ccccc1S2,1,1,0.998144631117604
CCN(CC)C(C)CN1c2ccccc2Sc2ccccc21,1,1,0.9920679169513626
CCN(CC)CCC(=O)N1c2ccccc2Sc2ccc(C(F)(F)F)cc21,1,1,0.9900734006230942
CC(CN(C)C)CN1c2ccccc2Sc2ccc(C#N)cc21,1,1,0.9983771120261252
CC(CN(C)C)CN1c2ccccc2Sc2ccc(C(F)(F)F)cc21,1,1,0.9909131069673568
CSc1ccc2c(c1)N(CC(C)CN(C)C)c1ccccc1S2,1,1,0.9993841472554803
CN(C)CC(=O)N1c2ccccc2Sc2ccccc21,1,1,0.9973772204688279
CCc1ccc2c(c1)N(CC(C)CN(C)C)c1ccccc1S2,1,1,0.9993841472554803
CN(C)CCCN1c2ccccc2Sc2ccc(C(F)(F)F)cc21,1,1,0.9921372033528989
CCN(CC)CCN1c2ccccc2Sc2ccccc21,1,1,0.9976344460230545
CC(=O)c1ccc2c(c1)N(CC(C)N(C)C)c1ccccc1S2,1,1,1.0
CC(CN(C)C)CN1c2ccccc2Sc2ccccc21,1,1,0.9979810261396124
CC(C)N=c1cc2n(-c3ccc(Cl)cc3)c3ccccc3nc-2cc1Nc1ccc(Cl)cc1,0,0,0.3030210052692743
Fc1cccc(Br)c1NC1=NCCN1,1,1,0.9088579215552669
Clc1cccc(Cl)c1NC1=NCCN1,1,1,0.8457508875940803
CN1CCC2=C(C1)c1ccccc1Cc1ccccc12,1,1,0.9960904027805277
CO/N=C(\C(=O)N[C@@H]1C(=O)N2C(C(=O)O)=C(CSC(=O)c3ccco3)CS[C@H]12)c1csc(N)n1,0,0,0.060493980751522305
CC(C)CCOC(CN1CCCC1)c1ccccc1,1,1,0.9434473793320793
CCCC(Cc1ccccc1)N1CCCC1,1,1,0.9830167215791736
CCCCCC1CNC(C(=O)NC(C(C)Cl)C2OC(SC)C(O)C(O)C2O)C1,0,0,0.03938543598364464
CCCC1CC(C(=O)NC(C(C)O)C2OC(SC)C(O)C(O)C2O)N(C)C1,0,0,0.034766697358201745
CCC[C@@H]1C[C@@H](C(=O)NC(C(C)Cl)[C@H]2O[C@H](SC)[C@H](O)[C@@H](O)[C@H]2O)N(C)C1,0,0,0.1321931201605188
CCC[C@@H]1C[C@@H](C(=O)NC(C(C)Cl)[C@H]2O[C@H](SC)[C@H](OP(=O)(O)O)[C@@H](O)[C@H]2O)N(C)C1,0,0,0.0907850342385942
CN1CCN(/C=C2\N=C3CN=C(c4ccccc4Cl)c4cc([N+](=O)[O-])ccc4N3C2=O)CC1,1,1,0.7561515166793431
CC1(C)S[C@@H]2[C@H](NC(=O)[C@H](N)c3ccc(O)cc3)C(=O)N2[C@H]1C(=O)O,0,0,0.0034090071881852525
CC1(C)S[C@@H]2[C@H](NC(=O)[C@H](N)c3ccccc3)C(=O)N2[C@H]1C(=O)O,0,0,0.002557413289381805
CC(=O)OCOC(=O)C1N2C(=O)C(NC(=O)Cc3ccccc3)C2SC1(C)C,0,0,0.2387909387721859
CC1(C)SC2C(NC(=O)Cc3ccccc3)C(=O)N2C1C(=O)O,0,0,0.0057426582221804575
CC1(C)S[C@@H]2[C@H](NC(=O)C(c3ccccc3)S(=O)(=O)O)C(=O)N2[C@H]1C(=O)O,0,0,0.012133759880621032
CC1(C)S[C@@H]2[C@H](NC(=O)[C@H](NS(=O)(=O)[O-])c3ccccc3)C(=O)N2[C@H]1C(=O)[O-],0,0,0.20581496469610006
C=NC(C(=O)NC1C(=O)N2C1SC(C)(C)C2C(=O)O)c1ccccc1,0,0,0.04695952716593548
CNC(=O)C[C@@H](N)C(=O)N[C@@H](C(=O)N[C@@H]1C(=O)N2[C@@H]1SC(C)(C)[C@@H]2C(=O)O)c1ccc(O)cc1,0,0,0.05735268195891196
CC(C)(C)C(=O)OCOC(=O)[C@@H]1N2C(=O)[C@@H](NC(=O)[C@H](N)c3ccccc3)[C@H]2SC1(C)C,0,0,0.05856763362874618
COC(C(=O)N[C@@H]1C(=O)N2[C@@H]1SC(C)(C)[C@@H]2C(=O)O)c1ccc(Cl)c(Cl)c1,0,0,0.03412277686989415
CC1(C)S[C@@H]2[C@H](NC(=O)Cc3ccccc3)C(=O)N2[C@H]1C(=O)O,0,0,0.005372637257819871
CC1(C)S[C@@H]2[C@H](NC(=O)C(C(=O)O)c3ccccc3)C(=O)N2[C@H]1C(=O)O,0,0,0.013462958216476952
CCC1(c2ccccc2)C(=O)NC(=O)N(C(=O)c2ccccc2)C1=O,1,1,0.7565862289058692
CC[C@H]1OC(=O)[C@H](C)[C@@H](O[C@H]2C[C@@](C)(OC)[C@@H](O)[C@H](C)O2)[C@H](C)[C@@H](O[C@@H]2O[C@H](C)C[C@H](N(C)C)[C@H]2O)[C@](C)(O)C[C@@H](C)[C@@H]2N[C@@H](COCCOC)O[C@H]([C@H]2C)[C@]1(C)O,0,0,0.013434420989645368
O=C1C(=O)c2ccccc2C(O)=C1C1CCC(c2ccc(Cl)cc2)CC1,0,0,0.4742987181736208
COc1ccccc1N1CCN(CCCC(O)c2ccc(F)cc2)CC1,1,1,0.9292091452980833
CN(C)c1cc(-c2n[nH]c(N)n2)ccn1,0,0,0.4054107307132396
CN[C@@H]1[C@H](O[C@H]2[C@H](O[C@H]3[C@H](O)[C@@H](O)[C@H](N=C(N)N)[C@@H](O)[C@@H]3N=C(N)N)O[C@@H](C)[C@]2(O)C=O)O[C@@H](CO)[C@H](O)[C@H]1O,0,0,0.010603375147341191
CN[C@@H]1[C@H](O[C@H]2[C@H](O[C@@H]3[C@@H](O)[C@H](O)[C@@H](N=C(N)N)[C@H](O)[C@H]3N=C(N)N)O[C@@H](C)[C@]2(O)CO)O[C@@H](CO)[C@H](O)[C@H]1O,0,0,0.05930539444151155
CNC(=O)O[C@H]1OC(=O)[C@@]2(C)[C@@H]1[C@H]1C=C[C@@H]2C1,1,1,0.9625147737003595
C[C@]12Cc3cn[nH]c3C[C@@H]1CC[C@@H]1[C@@H]2CC[C@@]2(C)[C@H]1CC[C@]2(C)O,0,0,0.280487035978797
Cc1c[nH+][o+]c(C([NH])CC(C)C(C)(C)N(C(C)(C)C)C(C)(N)N)c1[O-],1,0,0.4859728446324842
O=C1Nc2ccc(Cl)cc2[C@@](C#CC2CC2)(C(F)(F)F)O1,0,0,0.4062329411020674
COc1ccc([C@H](O)CN2CCN(c3cccccc3=O)CC2)cc1OC,1,1,0.8286651754240097
CC(=O)Nc1ccc(OC(=O)[C@@H]2CCC(=O)N2)cc1,1,1,0.8829383620339629
C[N+]1([O-])C2CCC1CC(OC(=O)C(CO)c1ccccc1)C2,1,0,0.40482594896040797
CC(C)[N+]1(C)C2CCC1CC(OC(=O)C(CO)c1ccccc1)C2,0,0,0.2101355669518702
O=C1N(c2ccccc2)c2ccccc2C1(Cc1ccncc1)Cc1ccncc1,1,1,0.7284658278830259
COc1ccc(C#N)cc1C(=O)NCCN1CCC(C(=O)c2ccc(F)cc2)CC1,1,1,0.8545394203566855
CC(CN1CCOCC1)C(C(=O)N1CCCC1)(c1ccccc1)c1ccccc1,1,1,0.9593402518701707
CCN(CCO)CCn1c(Cc2ccccc2)nc2c1c(=O)n(C)c(=O)n2C,1,1,0.8249999894188775
CN(C)CCON=C1c2ccccc2CCc2ccccc21,1,1,0.9965360851954587
Cc1ccc(S(=O)(=O)NC(=O)NN2CCCCCC2)cc1,0,0,0.36701274308484844
Oc1ccc2c(c1)[C@@]13CCCC[C@@]1(O)[C@@H](C2)N(CC1CC1)CC3,1,1,0.9066426137461554
Cc1nc2ccccc2c(=O)n1-c1ccccc1Cl,1,1,0.975782288247468
CCc1ccccc1-n1c(C)nc2ccccc2c1=O,1,1,0.9753796576085803
Cc1ccccc1-n1c(C)nc2ccccc2c1=O,1,1,0.978263614930277
O=C(c1ccc(F)cc1)C1CCN(CCCn2c(=O)[nH]c3ccccc32)CC1,1,1,0.9911583367406426
O=C(c1ccc(F)cc1)C1CCN(CCCn2c(=O)[nH]c3cc(Cl)ccc32)CC1,1,1,0.9667202470978221
Nc1ccc(-c2nc3ccc(O)cc3s2)cc1I,1,1,0.7259469637136285
OC(CCN1CCCC1)(c1ccccc1)C1CCCCC1,1,1,0.9109846699437638
CN(C)CCCn1c2c(c3ccccc31)CCCCCC2,1,1,0.9832347095893463
C=C(C)[C@@H]1CCC(C)=CC1c1c(O)cc(CCCCC)cc1O,1,1,0.7820352918478884
OCc1ccccc1O[C@@H]1O[C@H](CO)[C@@H](O)[C@H](O)[C@H]1O,1,0,0.356759353604972
CN(C)CC/C=C1/c2ccccc2COc2ccccc21,1,1,0.9950814621084844
CN(C)CCC=C1c2ccccc2COc2ccccc21,1,1,0.9950814621084844
COc1ccccc1OCC1CNC(=O)O1,1,1,0.9795978043215426
Cc1cc(C)cc(OCC2CNC(=O)O2)c1,1,1,0.9621514898445744
C1=Cc2cccc(OCC3CNCCO3)c2C1,1,1,0.9838424825413574
O=C(Cc1ccc(Cl)c(Cl)c1)N1CCc2ccccc2[C@H]1CN1CCCC1,1,1,0.9965217431437293
CN(C)CCCn1c(=O)n(-c2ccccc2)c2cc(Cl)ccc21,1,1,0.9408202640640346
O=C1C=CC=C/C1=C1/NN=CO1,1,1,0.9279272135199359
CN1CC2c3ccccc3Oc3ccc(Cl)cc3C2C1,1,1,0.978227846303396
Clc1ccc2c(c1)C1CNCC1c1ccccc1O2,1,1,0.9677164400777243
CN1C[C@@H]2c3cc(Cl)ccc3Oc3ccccc3[C@@H]2C1,1,1,0.9787027300659996
Clc1ccc2c(c1)[C@H]1CNC[C@H]1c1ccccc1O2,1,1,0.9681913238403278
CC/C=C(\C(=O)N[C@@H]1C(=O)N2C(C(=O)O)=C(COC(N)=O)CS[C@H]12)c1csc(N)n1,0,0,0.043312616718909826
Nc1nc(/C(=C/CC(=O)O)C(=O)N[C@@H]2C(=O)N3C(C(=O)O)=CCS[C@H]23)cs1,0,0,0.003856507415050505
CC(=O)C1=C(O)[C@@]2(O)C(=O)c3c(c(C)c4ccc(C)c(O)c4c3O)C[C@H]2[C@@H](N)C1=O,0,0,0.019857386975625488
CCN1CCN(C(=O)N[C@@H](C(=O)N[C@@H]2C(=O)N3C(C(=O)O)=C(CSc4nnnn4C)CS[C@H]23)c2ccc(O)cc2)C(=O)C1=O,1,0,0.3791402199710291
COc1cc2oc(=O)c(C)c(C)c2cc1OCCCN1CCN(c2ccccc2OC)CC1,1,1,0.8137812784269545
COc1cccc2c1C(=O)c1c(O)c3c(c(O)c1C2=O)C[C@@](O)(/C(C)=N/NC(=O)c1ccccc1)C[C@@H]3O[C@H]1C[C@H](N)[C@H](O)[C@H](C)O1,0,0,0.005881807234847964
COc1cc(Cc2cnc(N)nc2N)cc(OC)c1OC,1,1,0.7459771939451231
COc1cccc2c1C(=O)c1c(O)c3c(c(O)c1C2=O)CC(O)(C(=O)CO)CC3O,0,0,0.1199890261841012
O=C(OC1CN2CCC1CC2)c1ccccc1,1,1,0.9166863019750121
CC(=O)O[C@H]1C(=O)[C@@]2(C)C([C@H](OC(=O)c3ccccc3)[C@]3(O)C[C@H](OC(=O)[C@H](O)[C@@H](NC(=O)c4ccccc4)c4ccccc4)C(C)=C1C3(C)C)[C@]1(OC(C)=O)CO[C@@H]1C[C@@H]2O,0,0,0.2696750940751802
O=C(CCCN1CC2CCC(CC2)C1)c1ccc(F)cc1,1,1,0.9898544264245619
O=[N+]([O-])C1=CC=NC1NCCSCc1ccccn1,1,1,0.9193201910208667
O=[N+]([O-])C1=CC=NC1NCCSCc1ncccc1Br,1,1,0.9395291649822198
O=C(NC(=O)c1ccccc1)NC1CCN(Cc2ccc3ccccc3c2)CC1,1,1,0.9263977847715033
CC(CNC(=O)c1ccccc1)C(=O)OCC(=O)[C@@]12OC(C)(C)O[C@@H]1C[C@H]1[C@@H]3CCC4=CC(=O)C=C[C@]4(C)[C@@]3(F)[C@@H](O)C[C@@]12C,1,1,0.8528120590841881
Fc1ccccc1C1=NCCN(CC(F)(F)F)c2ccc(Cl)cc21,1,1,0.9915525083937513
CN1CCN=C(c2ccccc2)c2cc(Cl)ccc21,1,1,0.9971870726231999
CN1c2ccccc2C(c2ccccc2Cl)=NCC1(Cl)CO,1,1,0.9699879778902981
COCC1CN=C(c2ccccc2Cl)c2cc(Br)ccc2N1C,1,1,0.9561712772688448
COc1cccc2c1C(=O)c1c(O)c3c(c(O)c1C2=O)C[C@@](O)(C(=O)CO)C[C@@H]3O[C@H]1C[C@H](N)[C@H](O[C@H]2CCCCO2)[C@H](C)O1,0,0,0.0017839075943418092
CC(C)CCC(=O)CC1c2ccccc2C(=O)N1c1ccc2ccc(Cl)nc2n1,1,1,0.9570371736697894
c1ccc2c(c1)cc1n2CCCNC1,1,1,0.9649232552479219
CO/N=C(\C(=O)N[C@@H]1C(=O)N2C(C(=O)O)=C(COC(C)=O)CS(=O)[C@H]12)c1csc(N)n1,0,0,0.11534207868836616
O=C1CCC(C(=O)NC2CC2c2ccccc2)N1,1,1,0.9664399726099705
Cc1cn([C@H]2C=C[C@@H](CO)O2)c(=O)[nH]c1=O,1,1,0.839190776021769
CO/N=C(\C(=O)N[C@@H]1C(=O)N2C(C(=O)O)=C(CSc3nc(=O)c(=O)[nH]n3C)CS[C@H]12)c1csc(N)n1,1,0,0.1628666690114119
NC(=O)NCCN1CCN(c2cccc(C(F)(F)F)c2)CC1,1,1,0.8956620066705936
CC(=O)NCCCN1CCN(c2cc(Cl)ccc2Cl)CC1,1,1,0.9889863284601137
O=C1[C@@H]2[C@@H]3C=C[C@@H]([C@H]4C=C[C@H]43)[C@@H]2C(=O)N1CCCCN1CCN(c2ncccn2)CC1,1,1,0.8167362862754582
CC(C)Oc1ccccc1N1CCN(Cc2cccc(C(=O)N3CCCCC3)c2)CC1,1,1,0.8819639181216994
CN(C)CC(Oc1ccccc1)Oc1ccccc1,1,1,0.8745247261619344
CCNC1C2CCC(C2)C1c1ccccc1,1,1,0.9632111399949338
CN(CCN(C)CN/C(O)=C1\C(=O)[C@@H](N(C)C)[C@@H]2C[C@H]3C(=C(O)c4c(O)cccc4[C@@]3(C)O)C(=O)[C@]2(O)C1=O)CN/C(O)=C1\C(=O)[C@@H](N(C)C)[C@@H]2C[C@H]3C(=C(O)c4c(O)cccc4[C@@]3(C)O)C(=O)[C@]2(O)C1=O,0,0,0.1688453053211313
CC(Cc1ccccc1)N(C)Cc1ccco1,1,1,0.8879101327303808
CN(C)CCOC1(Cc2ccccc2)CC2CCC1(C)C2(C)C,1,1,0.9050510110174583
CN1C(=O)OC(C)(C)C1=O,1,1,0.9189921922863742
CC1(C)OC(=O)NC1=O,1,1,0.8450326492720567
CCC1(C)OC(=O)N(C)C1=O,1,1,0.9563423890036585
C=CCN1C(=O)OC(C)C1=O,1,1,0.9672578755458352
CN(C(=O)Cc1ccc(Cl)c(Cl)c1)[C@H]1CC[C@@]2(CCCO2)C[C@@H]1N1CCCC1,1,1,0.983800823209705
CCOC(=O)C1=C(C)NC(C)=C(C(=O)OC)C1c1cccc([N+](=O)[O-])c1,0,0,0.07953926282866487
CCOC(=O)C1=C(C)NC(C)=C(C(=O)OC)C1c1cccc(Cl)c1Cl,0,0,0.3981068308388202
COC(=O)C1=C(C)NC(C)=C(C(=O)OC)C1c1ccccc1[N+](=O)[O-],0,0,0.08277745607485945
CC[C@H](NC(=O)c1c(OCCNC(=O)[C@@H]2CCCN2)c(-c2ccccc2)nc2ccccc12)c1ccccc1,0,0,0.23201190502810395
Cc1ccccc1-n1c(/C=C/c2ccccn2)nc2ccccc2c1=O,1,1,0.8523596624005296
C[C@@H](O)[C@H]1C(=O)N2C(C(=O)O)=C([C@H]3CCCO3)S[C@H]12,0,0,0.060402082447468336
OCCN1CCN(CCCN2c3cc(C(F)(F)F)ccc3Sc3sccc32)CC1,1,1,0.9366812642176776
CC12CC(=O)[C@H]3C(CC[C@H]4C[C@H](O)CCC43C)[C@@H]1CCC2C(=O)CO,1,1,0.7530759877340663
CC(=O)[C@H]1CC[C@H]2[C@@H]3CC[C@H]4C[C@H](O)CC[C@]4(C)[C@H]3C(=O)C[C@]12C,1,1,0.748317210375695
CC(CC1c2ccccc2CCc2ccccc21)CN(C)C,1,1,0.9805858695499136
CN(C)C(=O)COC1c2ccccc2CCc2ccccc21,1,1,0.9570259421357216
NC(=O)C1c2ccccc2CCc2ccccc21,1,1,0.985913876706244
O=C(O)CCCCCC[NH2+]C1c2ccccc2CCc2ccccc21,1,1,0.8231567121407974
CC1COC2(c3ccccc3Cl)c3cc(Cl)ccc3NC(=O)CN12,1,1,0.9634607500939257
O=C1CN2CCOC2(c2ccccc2Cl)c2cc(Cl)ccc2N1,1,1,0.973242053759745
O=C1CN2CCOC2(c2ccccc2F)c2cc(Br)ccc2N1,1,1,0.9824744616383511
O=C1CN2CCOC2(c2ccccc2F)c2cc(Cl)ccc2N1CCO,1,1,0.9439182843593247
C[C@@H]1CN2CC(=O)Nc3ccc(Cl)cc3[C@]2(c2ccccc2)O1,1,1,0.9724315879014169
CC1CN(C)CC2Cc3c(ccc4ccccc34)OC12O,1,1,0.9509171931984223
NC(=O)CN1C(=O)C(c2ccccc2)c2ccccc21,1,1,0.9723343712546211
CC(=O)N1CCN(c2ccc(OC[C@H]3CO[C@](Cn4ccnc4)(c4ccc(Cl)cc4Cl)O3)cc2)CC1,0,0,0.41040470211064267
O=C1C[C@H]2SC(C3(O)CN4C(=O)C[C@H]4S3)CN12,1,1,0.794730031218642
CCCCCN[C@@]12C=CC(=O)[C@@H]3Oc4c(O)ccc5c4[C@@]31CCN(C)[C@@H]2C5,1,1,0.9552513885681744
c1ccc(C2CN=C3NCCN32)cc1,1,1,0.9567120861742957
O=c1n(CCCN2CCN(c3cccc(Cl)c3)CC2)nc2ccccn12,1,1,0.988816837317726
CCC1(C2=CCCCC2)C(=O)NC(=O)NC1=O,1,1,0.9566615407143647
CN1C(=O)NC(=O)C(C)(C2=CCCCC2)C1=O,1,1,0.975786694825906
CN(C)[C@@H](CCOc1cccc2ccccc12)c1ccccc1,1,1,0.8490521028393442
CO[C@H]1/C=C/O[C@@]2(C)Oc3c(C)c(O)c4c(c3C2=O)C2=NC3(CCN(CC(C)C)CC3)NC2=C(NC(=O)/C(C)=C\C=C\[C@H](C)[C@H](O)[C@@H](C)[C@@H](O)[C@@H](C)[C@H](OC(C)=O)[C@@H]1C)C4=O,0,0,0.06440688748834045
OC1(c2ccc(Cl)cc2)c2ccccc2C2=NCCN21,1,1,0.9451092895611621
CCC12CCN(CC3CCC3)C(Cc3ccc(O)cc31)C2(C)C,1,1,0.9784374754701426
CN1CCN(C2=Cc3cc(Cl)ccc3/C(=C\C#N)c3ccccc32)CC1,1,1,0.9929267677947952
CC(CCN1CCN(c2ccc(F)cc2)CC1)NC(=O)c1cccnc1,1,1,0.9873024186434924
OCCN1CCN([C@@H]2C[C@@H](c3ccc(F)cc3)c3ccc(C(F)(F)F)cc32)CC1,1,1,0.9645107855763192
O=C1CCC(N2C(=O)c3ccccc3C2=O)C(=O)N1,1,1,0.8610512428253247
CN1C[C@H](C(=O)N[C@]2(C)O[C@@]3(O)[C@@H]4CCCN4C(=O)[C@H](Cc4ccccc4)N3C2=O)C[C@@H]2c3cccc4[nH]cc(c34)C[C@H]21,0,0,0.12595990832887177
CC(=O)[C@@]1(O)[C@@H](C)C[C@H]2[C@@H]3CCC4=CC(=O)C=C[C@]4(C)[C@@]3(F)[C@@H](O)C[C@@]21C,1,1,0.9707487212836835
C[C@@H]1C[C@H]2[C@@H]3C[C@H](F)C4=CC(=O)C=C[C@]4(C)[C@H]3[C@@H](O)C[C@]2(C)[C@@]1(O)C(=O)CO,1,1,0.6966153060900687
CCC(=O)OCC(=O)[C@@]1(OC(=O)CC)[C@@H](C)C[C@H]2[C@@H]3CCC4=CC(=O)C=C[C@]4(C)[C@@]3(Cl)[C@@H](O)C[C@@]21C,1,1,0.9696165633117054
C[C@@H]1C[C@H]2[C@H]3[C@H]([C@@H](O)C[C@]2(C)[C@@]1(O)C(=O)CO)[C@@]1(C)C=CC(=O)C=C1C[C@H]3Cl,1,1,0.7372022874992187
CC12C=CC(=O)C=C1CCC1C3CCC(O)(C(=O)CO)C3(C)CC(O)C12F,1,1,0.8149201761201481
CC(=O)OCC(=O)[C@@]1(O)CC[C@H]2[C@@H]3CCC4=CC(=O)C=C[C@]4(C)[C@@]3(F)[C@@H](O)C[C@@]21C,1,1,0.9944361962682996
CC(=O)OCC(=O)[C@@]1(O)[C@H](C)C[C@H]2[C@@H]3C[C@H](F)C4=CC(=O)C=C[C@]4(C)[C@H]3[C@@H](O)C[C@@]21C,1,1,0.988279967094085
C[C@@H]1C[C@H]2[C@@H]3CCC4=CC(=O)C=C[C@]4(C)[C@@]3(F)[C@@H](O)C[C@]2(C)[C@@]1(C)C(=O)CO,1,1,0.9862330842654725
C[C@@H]1C[C@H]2[C@@H]3C[C@H](F)C4=CC(=O)C=C[C@]4(C)[C@@]3(F)[C@@H](O)C[C@]2(C)[C@@]1(O)C(=O)CO,1,1,0.8074514853375256
CC(=O)C1CCC2C3CC(C)C4=CC(=O)C=CC4(C)C3C(O)CC12C,1,1,0.9171716240125463
CC(=O)OCC(=O)[C@@]1(OC(=O)C(C)C)[C@@H](C)C[C@H]2[C@@H]3CCC4=CC(=O)C=C[C@]4(C)[C@@]3(F)[C@@H](O)C[C@@]21C,1,1,0.9734731522736075
CC(=O)OCC(=O)[C@@]1(O)[C@@H](C)C[C@H]2[C@@H]3CCC4=CC(=O)C=C[C@]4(C)[C@@]3(F)[C@@H](O)C[C@@]21C,1,1,0.9889416761045298
CCC(=O)OCC(=O)[C@@]1(OC(=O)CC)[C@@H](C)C[C@H]2[C@@H]3CCC4=CC(=O)C=C[C@]4(C)[C@@]3(F)[C@@H](O)C[C@@]21C,1,1,0.9778308932763011
C[C@@H]1C[C@H]2C3C[C@H](F)C4=CC(=O)C=CC4(C)[C@@]3(F)[C@@H](O)CC2(C)[C@@]1(O)C(=O)COC(=O)C(C)(C)C,1,1,0.9754775166985745
C[C@]12C=CC(=O)C=C1[C@@H](F)C[C@H]1[C@@H]3C[C@@H](O)[C@](O)(C(=O)CO)[C@@]3(C)C[C@H](O)[C@@]12F,1,1,0.5631388196868571
CCCCOC(=O)C(=O)[C@H]1[C@H](C)C[C@H]2[C@@H]3C[C@H](F)C4=CC(=O)C=C[C@]4(C)[C@H]3[C@@H](O)C[C@@]21C,1,1,0.9681804198046174
C[C@@H]1C[C@H]2[C@@H]3C[C@H](F)C4=CC(=O)C=C[C@]4(C)[C@H]3[C@@H](O)C[C@]2(C)[C@H]1C(=O)CO,1,1,0.9575936506825125
CC(=O)[C@@]1(O)CC[C@H]2[C@@H]3C[C@H](C)C4=CC(=O)C=C[C@]4(C)[C@@]3(F)[C@@H](O)C[C@@]21C,1,1,0.9707487212836835
CC(=O)O[C@@H](C)C(=O)[C@@]1(O)CC[C@H]2[C@@H]3CCC4=CC(=O)C=C[C@]4(C)[C@@]3(F)[C@@H](O)C[C@@]21C,1,1,0.9968799940038329
C[C@]12C=CC(=O)C=C1[C@@H](F)C[C@@H]1[C@@H]2[C@@H](O)C[C@@]2(C)[C@H]1CC[C@]2(O)C(=O)CO,1,1,0.7935583811388439
CCCCC(=O)O[C@]1(C(=O)CO)CCC2C3CC(F)C4=CC(=O)C=CC4(C)C3C(O)CC21C,1,1,0.9887030982381942
CC(=O)OCC(=O)[C@@]1(O)CC[C@H]2[C@@H]3CCC4=CC(=O)C=C[C@]4(C)[C@H]3[C@@H](O)C[C@@]21C,1,1,0.9393720630937643
C[C@]12C=CC(=O)C=C1CC[C@H]1[C@@H]3C[C@@H](O)[C@](O)(C(=O)CO)[C@@]3(C)C[C@H](O)[C@@]12F,0,0,0.42502959515804306
C[C@]12C=CC(=O)C=C1CC[C@@H]1[C@@H]2[C@@H](O)C[C@@]2(C)[C@H]1CC[C@]2(O)C(=O)COC(=O)CCC(=O)[O-],1,1,0.6496233828396839
CCCCC(=O)OC1(C(=O)CO)CCC2C3CCC4=CC(=O)C=CC4(C)C3C(O)CC21C,1,1,0.9864312941972365
CCOC(=O)OC1(C(=O)OCCl)CCC2C3CCC4=CC(=O)C=CC4(C)C3C(O)CC21C,1,1,0.9715149093477607
C[C@@H]1CC2[C@@H]3C[C@H](F)C4=CC(=O)C(Cl)=C[C@]4(C)[C@@]3(F)[C@@H](O)C[C@]2(C)[C@@]1(O)C(=O)CO,1,1,0.8878047830405815
C[C@@H]1CC2C3CCC4=CC(=O)C=CC4(C)[C@@]3(Cl)C(Cl)CC2(C)[C@@]1(O)C(=O)CO,1,1,0.9924238891377685
CCC(=O)OCC(=O)[C@@]1(OC(=O)CC)[C@H](C)C[C@H]2[C@H]3[C@H]([C@@H](O)C[C@@]21C)[C@@]1(C)C=CC(=O)C=C1C[C@H]3Cl,1,1,0.9520963295660502
CSC(=O)C1(OC(C)=O)[C@@H](C)C[C@H]2[C@@H]3CCC4=CC(=O)C=C[C@]4(C)C3(F)[C@@H](O)C[C@@]21C,1,1,1.0
CCCC(=O)O[C@]1(C(=O)COC(C)=O)[C@H](C)C[C@H]2[C@@H]3CCC4=CC(=O)C=C[C@]4(C)[C@@]3(Cl)[C@@H](O)C[C@@]21C,1,1,0.9628366567739434
C[C@@H]1CC2C3C[C@H](F)C4=CC(=O)C=CC4(C)[C@@]3(Cl)C(O)CC2(C)C1C(=O)CO,1,1,0.9777141050801194
CC(=O)OCC(=O)[C@H]1[C@H](C)C[C@H]2[C@@H]3C[C@H](F)C4=CC(=O)C=C[C@]4(C)C3(Cl)[C@@H](O)C[C@@]21C,1,1,0.9890006145817916
C[C@@H]1CC2C3C[C@H](F)C4=CC(=O)C=CC4(C)[C@@]3(Cl)C(O)CC2(C)C1C(=O)COC(=O)C(C)(C)C,1,1,0.9509655617907942
CCOC(=O)O[C@]1(C(=O)COC(=O)CC)CC[C@H]2[C@@H]3CCC4=CC(=O)C=C[C@]4(C)[C@H]3[C@@H](O)C[C@@]21C,1,1,0.7945077450981793
CCN(CC)CC(=O)OCC(=O)C1(O)CCC2C3CCC4=CC(=O)C=CC4(C)C3C(O)CC21C,1,1,0.9273084068009056
CCCCCCCCCCCCCCCCCC(=O)OCC(=O)OCC(=O)[C@@]1(O)CC[C@H]2[C@@H]3CCC4=CC(=O)C=C[C@]4(C)[C@H]3[C@@H](O)C[C@@]21C,1,1,0.7504813703479458
CC(C)(C)CC(=O)OCC(=O)[C@@]1(O)CC[C@H]2[C@@H]3CCC4=CC(=O)C=C[C@]4(C)[C@H]3[C@@H](O)C[C@@]21C,1,1,0.9610352762130548
CCC(=O)O[C@]1(C(=O)COC(C)=O)CC[C@H]2[C@@H]3C[C@H](C)C4=CC(=O)C=C[C@]4(C)[C@H]3[C@@H](O)C[C@@]21C,1,1,0.9741446496833218
CCS[C@]1(SC)CC[C@H]2[C@@H]3CCC4=CC(=O)C=C[C@]4(C)[C@@]3(F)[C@@H](O)C[C@@]21C,1,1,0.9632271312978912
CCC(=O)O[C@]1(C(=O)SC)[C@H](C)CC2C3C[C@H](F)C4=CC(=O)C=CC4(C)[C@@]3(F)[C@@H](O)C[C@@]21C,1,1,0.9983943950824761
CCC(=O)O[C@]1(C(=O)COC)[C@@H](C)C[C@H]2[C@@H]3CCC4=CC(=O)C=C[C@]4(C)[C@@]3(F)[C@@H](O)C[C@@]21C,1,1,0.983282055778352
CCC(=O)O[C@]1(C(=O)SCCl)[C@H](C)C[C@H]2C3C[C@H](F)C4=CC(=O)C=C[C@]4(C)[C@@]3(F)[C@@H](O)C[C@@]21C,1,1,0.9916093386887626
CCCCOC(=O)C(=O)C1C(C)CC2C3CC(F)C4=CC(=O)C=CC4(C)C3C(O)CC21C,1,1,0.9681804198046174
CCCCCC(=O)OCC(=O)C1C(C)CC2C3CC(F)C4=CC(=O)C=CC4(C)C3C(O)CC21C,1,1,0.974326323778653
CC1CC2C3CC(F)(F)C4=CC(=O)C=C[C@]4(C)C3(F)C(O)CC2(C)C1(O)C(=O)CO,1,1,0.8866622974688958
CC(=O)O[C@]1(C(C)=O)CC[C@H]2[C@@H]3C[C@H](C)C4=CC(=O)C=C[C@]4(C)[C@@]3(F)[C@@H](O)C[C@@]21C,1,1,1.0
CC1CC2C3CCC4=CC(=O)C=CC4(C)[C@@]3(F)C(O)CC2(C)[C@@]1(O)C(=O)CCl,1,1,0.9980723319351017
CCC(=O)O[C@]1(C(=O)CCl)[C@@H](C)C[C@H]2[C@@H]3CCC4=CC(=O)C=C[C@]4(C)[C@@]3(F)[C@@H](O)C[C@@]21C,1,1,0.9987148489695551
CSC(=O)C1(O)C(C)CC2C3CCC4=CC(=O)C=CC4(C)C3(F)C(O)CC21C,1,1,0.9976698600605968
CC(=O)OCC(=O)C1(O)C(C)CC2C3CC(F)(F)C4=CC(=O)C=CC4(C)C3(F)C(O)CC21C,1,1,0.9885965101771604
CC(=O)OCC(=O)[C@@]1(O)[C@H](OC(C)=O)C[C@H]2[C@@H]3CCC4=CC(=O)C=C[C@]4(C)[C@@]3(F)[C@@H](O)C[C@@]21C,1,1,0.8123699859458223
CC1CC2C3CC(F)C4=CC(=O)C=CC4(C)C3(F)C(O)CC2(C)C1(O)C(=O)SCF,1,1,0.966376345231146
CCC(=O)O[C@]1(C(=O)SCF)[C@H](C)C[C@H]2[C@@H]3C[C@H](F)C4=CC(=O)C=C[C@]4(C)[C@@]3(F)[C@@H](O)C[C@@]21C,1,1,0.9902665536807121
C[C@@H]1C[C@H]2[C@@H]3CCC4=CC(=O)C=C[C@]4(C)[C@@]3(Cl)[C@@H](O)C[C@]2(C)[C@@]1(O)C(=O)CCl,1,1,0.9861002933382914
CC1CC2C3CC(F)C4=CC(=O)C=CC4(C)C3(F)C(O)CC2(C)C1(O)C(=O)CCl,1,1,0.9915542575951513
CC(=O)OCC(=O)[C@@]1(O)CC[C@H]2[C@@H]3C[C@H](C)C4=CC(=O)C=C[C@]4(C)[C@H]3[C@@H](O)C[C@@]21C,1,1,0.9858968185927444
C[C@H]1C[C@@H]2[C@H]([C@@H](O)C[C@@]3(C)[C@H]2CC[C@]3(O)C(=O)COC(=O)CCC(=O)O)[C@@]2(C)C=CC(=O)C=C12,1,1,0.6956544077548485
CCC(=O)[C@@]1(C)[C@H](C)C[C@H]2[C@@H]3CCC4=CC(=O)C=C[C@]4(C)[C@H]3[C@@H](O)C[C@@]21C,1,1,0.9202359290927177
CC(=O)C1(O)CCC2C3CCC4=CC(=O)C=CC4(C)C3C(O)CC21C,1,1,0.8757066753006196
CC(=O)[C@@]1(O)[C@H](O)C[C@H]2[C@@H]3CCC4=CC(=O)C=C[C@]4(C)[C@@]3(F)[C@@H](O)C[C@@]21C,1,1,0.6316882615714541
C[C@@H]1C[C@H]2[C@@H]3CCC4=CC(=O)C=C[C@]4(C)[C@@]3(F)[C@@H](O)C[C@]2(C)[C@H]1C(=O)CO,1,1,0.9700343804771626
C[C@H]1C[C@H]2[C@@H]3CCC4=CC(=O)C=C[C@]4(C)[C@@]3(Cl)[C@@H](O)C[C@]2(C)[C@@]1(O)C(=O)CO,1,1,0.7322223174832468
CC12C=CC(=O)C=C1CCC1C3CC[C@](O)(C(=O)CO)C3(C)CC(Cl)[C@@]12Cl,1,1,0.988483695513674
CC(=O)OCC(=O)[C@@]1(O)CCC2C3CCC4=CC(=O)C=CC4(C)[C@@]3(Cl)C(Cl)CC21C,1,1,0.9913336933758897
C[C@]12C=CC(=O)C=C1CC[C@@H]1[C@@H]2[C@@H](O)C[C@@]2(C)[C@H]1CC[C@]2(O)C(=O)CO,0,0,0.35553515172120853
C[C@@H]1C[C@H]2[C@@H]3C[C@H](F)C4=CC(=O)C=C[C@]4(C)C3(Cl)[C@@H](F)C[C@]2(C)[C@H]1C(=O)CO,1,1,0.9378182111551021
C[C@]12C=C(Br)C(=O)C=C1[C@H](F)C[C@H]1[C@@H]3CCC(O)(C(=O)CO)[C@@]3(C)C[C@H](O)C12F,1,1,0.9440006971706325
CC(=O)OCC(=O)[C@@]1(OC(C)=O)[C@@H](C)C[C@H]2[C@@H]3C[C@H](F)C4=CC(=O)C=C[C@]4(C)[C@@]3(F)[C@@H](O)C[C@@]21C,1,1,0.9730119698455245
C[C@@H]1CC2C3C[C@H](F)C4=CC(=O)C=CC4(C)[C@@]3(F)C(O)CC2(C)C1C(=O)CO,1,1,0.976006640122188
C[C@@H]1C[C@H]2[C@@H]3C[C@H](F)C4=CC(=O)C=C[C@]4(C)[C@@]3(F)[C@@H](O)C[C@]2(C)[C@H]1C(=O)COC(=O)C(C)(C)C,1,1,0.9644769033227564
CCCC(=O)O[C@]1(C(=O)COC(C)=O)CC[C@H]2[C@@H]3C[C@H](F)C4=CC(=O)C=C[C@]4(C)[C@@]3(F)[C@@H](O)C[C@@]21C,1,1,0.9758983245832625
CCCCC(=O)O[C@]1(C(=O)CO)[C@@H](C)C[C@H]2[C@@H]3CCC4=CC(=O)C=C[C@]4(C)[C@@]3(F)[C@@H](O)C[C@@]21C,1,1,0.9982178923446281
C[C@H]1C[C@H]2[C@@H]3CCC4=CC(=O)C=C[C@]4(C)[C@@]3(F)[C@@H](O)C[C@]2(C)[C@@]1(O)C(=O)CO,0,1,0.6032737217991723
C[C@H]1C[C@H]2[C@@H]3CCC4=CC(=O)C=C[C@]4(C)[C@@]3(F)[C@@H](O)C[C@]2(C)[C@@]1(OC(=O)c1ccccc1)C(=O)CO,1,1,0.8920318479344251
O=C(Cc1ccc(Cl)c(Cl)c1)N1CCn2ccnc2[C@H]1CN1CC[C@@H](O)C1,0,1,0.5312330471387336
O=C(Cc1ccc(Cl)c(Cl)c1)N1CCn2ccnc2[C@H]1CN1CCCC1,1,1,0.9502871772117204
COc1cccc(OC)c1C(=O)N[C@@H]1C(=O)N2[C@@H]1SC(C)(C)[C@@H]2C(=O)O,0,0,0.07454464702502123
C=C1C[C@H](C)[C@H]2[C@H]3Cc4ccc(O)cc4[C@@]2(CCN3CC2CCC2)C1,1,1,0.8220746355399315
O=C1CCN=C2CC(c3ccccc3)CN12,1,1,0.997708418387229
CCOC(=O)Nc1ccc(NCc2ccc(F)cc2)cc1N,1,1,0.8515216546357862
CCN(CC)CCOC1(c2ccc(Cl)cc2)CCCCC1,1,1,0.9482163812199448
COc1cccc([C@@]2(O)CCCC[C@@H]2CN(C)C)c1,1,1,0.927658046761102
CCNC1(c2ccccc2)CCCCC1,1,1,0.9695310627272457
CC[C@H]1CN2CCc3cc(OC)c(OC)cc3[C@@H]2C[C@@H]1C[C@H]1NCCc2cc(OC)c(OC)cc21,0,0,0.33367351347458124
COc1ccc(Cl)cc1C(=O)NCCc1ccc(S(=O)(=O)NC(=O)NC2CCCCC2)cc1,1,0,0.41344291441597314
NS(=O)(=O)c1ccc(N2C(=O)CC(c3ccccc3)C2=O)c(Cl)c1,1,1,0.7854986851475134
O=C(Cc1ccc(Cl)c(Cl)c1)N1CCn2ncnc2[C@H]1CN1CCCC1,1,1,0.9441600082014058
CON=C(C#N)C1CN2CCC1CC2,1,1,0.8158154798346051
COC(=O)[C@H]1[C@H]2C[C@@H]3c4[nH]c5cc(OC)ccc5c4CCN3C[C@H]2C[C@@H](OC(=O)c2cc(OC)c(OC)c(OC)c2)[C@@H]1OC,1,1,0.7229935743230611
COC(=O)[C@H]1[C@H]2C[C@@H]3c4[nH]c5ccccc5c4CCN3C[C@H]2C[C@@H](OC(=O)c2cc(OC)c(OC)c(OC)c2)[C@@H]1OC,1,1,0.743087688025032
COC(=O)[C@H]1[C@H]2C[C@@H]3c4[nH]c5ccc(Cl)cc5c4CCN3C[C@H]2C[C@@H](OC(=O)c2cc(OC)c(OC)c(OC)c2)[C@@H]1OC,1,1,0.6758114184090276
CCn1cc(C(=O)O)c(=O)c2ccc(C)nc21,0,0,0.20545512765445303
CN[C@@H]1[C@@H](O)[C@@H](O[C@@H]2[C@@H](O)[C@H](O[C@H]3OC(CN)=CC[C@H]3N)[C@@H](N)C[C@H]2N)OC[C@]1(C)O,0,0,0.00481404988295604
CCN[C@@H]1C[C@H](N)[C@@H](O[C@H]2OC(CN)=CC[C@H]2N)[C@H](O)[C@H]1O[C@H]1OC[C@](C)(O)[C@H](NC)[C@H]1O,0,0,0.010389787533636601
CCc1nc(N)nc(N)c1-c1ccc(Cl)cc1,1,1,0.8653956687736365
CC(=O)[C@]1(O)Cc2c(O)c3c(c(O)c2[C@@H](O[C@H]2C[C@H](N)[C@H](O)[C@H](C)O2)C1)C(=O)c1ccccc1C3=O,0,0,0.0
COc1cccc2c1C(=O)c1c(O)c3c(c(O)c1C2=O)C[C@@](O)(C(=O)CO)C[C@@H]3O[C@H]1C[C@H](NC(=O)[C@@H](N)CC(C)C)[C@H](O)[C@H](C)O1,0,0,0.0012873937343058095
COc1cccc2c1C(=O)c1c(O)c3c(c(O)c1C2=O)C[C@](O)(C(=O)CO)C[C@H]3OC1CC(N)CC(C)O1,0,0,0.002741265233482086
COc1cccc2c1C(=O)c1c(O)c3c(c(O)c1C2=O)C[C@@](O)(C(=O)CO)C[C@@H]3O[C@H]1C[C@H](N)[C@H](O)[C@H](C)O1,0,0,0.002741265233482086
CC(=O)[C@]1(N)Cc2c(O)c3c(c(O)c2[C@@H](O[C@H]2C[C@H](O)[C@H](O)CO2)C1)C(=O)c1ccccc1C3=O,0,0,0.0027594825051455454
CC1OC(OC2CC(O)(C(=O)CO)Cc3c(O)c4c(c(O)c32)C(=O)c2ccccc2C4=O)CC(N)C1O,0,0,0.0
COc1cccc2c1C(=O)c1c(O)c3c(c(O)c1C2=O)C[C@@](O)(C(C)=O)C[C@@H]3O[C@H]1C[C@H](N)[C@H](O)[C@H](C)O1,0,0,0.0012873937343058095
CCOC(OCC)C(=O)OCC(=O)C1(O)Cc2c(O)c3c(c(O)c2C(OC2CC(N)C(O)C(C)O2)C1)C(=O)c1c(OC)cccc1C3=O,0,0,0.0012873937343058095
CC(=O)[C@]1(O)Cc2c(O)c3c(c(O)c2C(OC2CC(N)C(O)C(C)O2)C1)C(=O)c1c(O)cccc1C3=O,0,0,0.0
O=C1NCN(c2ccccc2)C12CCN(CCCOc1ccc(F)cc1)CC2,1,1,0.9350941460191374
Clc1ccc([C@@H]2[C@H]3CC[C@@H](C3)C23CCC(N2CCOCC2)=N3)cc1,1,1,0.7615793729214968
COc1ccc2c(c1)C(O)(CCCN(C)C)c1ccccc1S2,1,1,0.9286326790478076
O=C(Cn1ccnc1)c1ccc2ccccc2c1,1,1,0.9566688167218892
CC1=Nc2ccccc2CC(c2ccccc2)N1C,1,1,0.9852410251025117
Cc1nnc(SCC2=C(C(=O)O)N3C(=O)[C@@H](NC(=O)[C@H](O)c4ccccc4)[C@H]3SC2)s1,0,0,0.021081185706983002
Cc1nnc(SCC2=C(C(=O)O)N3C(=O)[C@@H](NC(=O)C(N)c4ccc(O)cc4)[C@H]3SC2)s1,0,0,0.00631190955044124
Cc1nnc(SCC2=C(C(=O)OCc3oc(=O)oc3C)N3C(=O)C(NC(=O)C(OC(=O)C(C)N)c4ccccc4)C3SC2)s1,0,0,0.0397605782712062
COc1ccc(Cn2c(C)c(CCN)c3cc(O)ccc32)cc1,1,1,0.7980546900499639
NC(N)=NCCN1CCCCCCC1,0,0,0.3832495551595601
CC(C)(C)N1CCC(c2ccccc2)(c2ccccc2)CC1,1,1,0.8779448113820151
CC1(C)S[C@@H]2C(NC(=O)[C@H](NC(=O)c3c[nH]c4cccnc4c3=O)c3ccccc3)C(=O)N2[C@H]1C(=O)O,0,0,0.04460569469015024
CC(NCCn1cnc2c1c(=O)n(C)c(=O)n2C)C(O)c1ccccc1,1,1,0.6892821764414642
CC(Cc1ccccc1)NCCn1cnc2c1c(=O)n(C)c(=O)n2C,1,1,0.9172329465556518
Cn1c(=O)c2c(ncn2CCNCC(O)c2ccc(O)c(O)c2)n(C)c1=O,0,0,0.14252663779427588
CC1(C)S[C@@H]2[C@H](NC(=O)[C@H](N)C3=CCC=CC3)C(=O)N2[C@H]1C(=O)O,0,0,0.045006091998075884
CC(Cc1ccccc1)NC(C#N)c1ccccc1,1,1,0.8836532760342258
CC(Cc1ccccc1)N(C)Cc1ccccc1,1,1,0.9381300102983597
CCN(CC)C(C)=NN=Cc1c2c(O)c3c(O)c(C)c4c(c3c1O)C(=O)C(C)(OC=CC(OC)C(C)C(OC(C)=O)C(C)C(O)C(C)C(O)C(C)C=CC=C(C)C(=O)N2)O4,0,0,0.009890509955521069
CCN(CC)C(=O)COc1cc2c(O)c3c(O)c(C)c4c(c13)C(=O)[C@@](C)(O/C=C/[C@H](OC)[C@@H](C)[C@@H](OC(C)=O)[C@H](C)[C@H](O)[C@H](C)[C@@H](O)[C@@H](C)/C=C/C=C(/C)C(=O)N2)O4,0,0,0.02329589827481056
CO[C@H]1/C=C/O[C@@]2(C)Oc3c(C)c(O)c4c(O)c(cc(O)c4c3C2=O)NC(=O)/C(C)=C\C=C\[C@H](C)[C@H](O)[C@@H](C)[C@@H](O)[C@@H](C)[C@H](OC(C)=O)[C@@H]1C,0,0,0.006303111680620869
Nc1cccc(-n2ccccc2=O)c1,1,1,0.8614994017201755
c1cc(CN2CCCCC2)cc(OCCCNc2nccs2)c1,1,1,0.7796780722509452
CN(C)[C@@H]1C(=O)/C(=C(/O)NCN2CCCC(C(=O)O)C2)C(=O)[C@@]2(O)C(=O)C3=C(O)c4c(O)cccc4[C@@](C)(O)[C@H]3C[C@@H]12,0,0,0.1167285412270826
CC1(C)S[C@@H]2[C@H](NC(=O)[C@@H](N=Cc3ccco3)c3ccc(O)cc3)C(=O)N2[C@H]1C(=O)O,0,0,0.021842915525040692
CN1CCN(c2cc3c(nn2)Oc2ccccc2N3C)CC1,1,1,0.9733279372910171
Cc1cc(N/C(O)=C2\C(=O)c3ccccc3S(=O)(=O)N2C)no1,0,0,0.019050330520501625
CN(C)C/C=C(/c1ccc(Br)cc1)c1cccnc1,1,1,0.946129943862707
CNC/C=C(/c1ccc(Br)cc1)c1cccnc1,1,1,0.9698842400305184
CC(C)[C@H](NC(=O)[C@H](Cc1ccccc1)NC(=O)CNC(=O)[C@@H](C)NC(=O)[C@@H](N)Cc1ccc(O)cc1)C(N)=O,0,0,0.0570620837380014
CCCCc1nc(Cl)c(CO)n1Cc1ccc(-c2ccccc2-c2nn[nH]n2)cc1,0,0,0.3467782969898585
CN1CCC(=C2c3ccccc3CCc3sccc32)CC1,1,1,0.9966291950686953
CC[C@H]1OC(=O)[C@H](C)[C@@H](OC2CC(C)(OC)C(O)C(C)O2)C(C)[C@@H](OC2OC(C)CC(N(C)C)C2O)[C@](C)(O)C[C@@H](C)C(=O)[C@H](C)[C@@H](O)[C@H]1C,0,0,0.003357052666866569
CC[C@H]1OC(=O)[C@H](C)[C@@H](O[C@H]2C[C@@](C)(OC)[C@@H](O)[C@H](C)O2)[C@H](C)[C@@H](O[C@@H]2O[C@H](C)C[C@H](N(C)C)[C@H]2O)[C@](C)(OC)C[C@@H](C)C(=O)[C@H](C)[C@@H](O)[C@]1(C)O,0,0,0.002332081702871215
CC[C@H]1OC(=O)[C@H](C)[C@@H](O[C@H]2C[C@@](C)(OC)[C@@H](O)[C@H](C)O2)[C@H](C)[C@@H](O[C@@H]2O[C@H](C)C[C@H](N(C)C)[C@H]2O)[C@](C)(O)C[C@@H](C)C(=O)[C@H](C)[C@@H](O)[C@]1(C)O,0,0,0.003219428685653802
CC[C@H]1OC(=O)[C@H](C)[C@@H](O[C@H]2C[C@@](C)(OC)[C@@H](O)[C@H](C)O2)[C@H](C)[C@@H](O[C@@H]2O[C@H](C)C[C@H](N(C)C)[C@H]2O)[C@](C)(O)C[C@](C)(F)C(=O)[C@H](C)[C@@H](O)[C@]1(C)O,0,0,0.022549273590960362
O=C1CCC2CCC(=O)N12,1,1,0.9448625056120886
CCOC(=O)C1N=C(c2ccccc2F)c2cc(Cl)ccc2NC1=O,1,1,0.9401594675569699
CCS(=O)(=O)CCN1C(=O)CN=C(c2ccccc2F)c2cc(Cl)ccc21,1,1,0.9377700894751716
CN(C)C(=O)OC1N=C(c2ccccc2)c2cc(Cl)ccc2N(C)C1=O,1,1,0.8900496141968869
CN1C(=O)CN=C(c2ccccc2F)c2cc(Cl)ccc21,1,1,0.9463717721237487
O=C1Nc2ccc(Cl)cc2C(c2ccccc2Cl)=NC1O,1,1,0.9566563634908944
C#CCN1C(=O)CN=C(c2ccccc2)c2cc(Cl)ccc21,1,1,0.9880203619591963
O=C1CN=C(c2ccccc2Cl)c2cc([N+](=O)[O-])ccc2N1,1,1,0.9743535225509723
CN1C(=O)C(O)N=C(c2ccccc2Cl)c2cc(Cl)ccc21,1,1,0.9626510092014696
O=C1CN=C(c2ccccc2)c2cc(Cl)ccc2N1CC(F)(F)F,1,1,0.975773623622268
C[C@@H]1N=C(c2ccccc2Cl)c2cc([N+](=O)[O-])ccc2NC1=O,1,1,0.9735123615333268
N#CCCN1C(=O)C(O)N=C(c2ccccc2F)c2cc(Cl)ccc21,1,1,0.9916301886250344
CC(C)(C)C(=O)OC1N=C(c2ccccc2)c2cc(Cl)ccc2NC1=O,1,1,0.8718487199821606
CN1C(=O)CN=C(c2ccccc2)c2cc(Cl)ccc21,1,1,1.0
O=C1CN=C(c2ccccc2)c2cc([N+](=O)[O-])ccc2N1,1,1,0.9614868171201907
O=C1CN=C(c2ccccc2)c2cc(Cl)ccc2N1,1,1,0.9932342929639764
CN1C(=O)CN=C(c2ccccc2F)c2cc([N+](=O)[O-])ccc21,1,1,0.9772825337803329
O=C1CN=C(c2ccccc2F)c2cc(Cl)ccc2N1CC(O)CO,1,1,0.9358676914941947
CN1C(=O)C(O)N=C(c2ccccc2)c2cc(Cl)ccc21,1,1,0.9940746816485857
CN1C(=O)C(O)N=C(c2ccccc2F)c2cc(Cl)ccc21,1,1,0.9968089471798106
COCN1C(=O)CN=C(c2ccccc2)c2cc([N+](=O)[O-])ccc21,1,1,0.8903012889229802
CP(C)(=O)CN1C(=O)CN=C(c2ccccc2)c2cc(Cl)ccc21,1,1,0.9833544335703079
O=C1CN=C(c2ccccc2Cl)c2cc(Cl)ccc2N1,1,1,0.9916076992630972
O=C1Nc2ccc(Cl)cc2C(c2ccccc2)=NC1O,1,1,0.975299634530258
CCN(CC)CCN1C(=O)CN=C(c2ccccc2F)c2cc(Cl)ccc21,1,1,0.9944146516431484
CN1C(=O)CN=C(c2ccccc2)c2cc([N+](=O)[O-])ccc21,1,1,0.9971841942748441
O=C1C(O)N=C(c2ccccc2F)c2cc(Cl)ccc2N1CCO,1,1,0.9497946301508811
OCCOCCOCCN1CCN(C(c2ccccc2)c2ccc(Cl)cc2)CC1,1,1,0.730250446830537
CN1CCN(C(c2ccccc2)c2ccc(Cl)cc2)CC1,1,1,0.986180487168787
O=C(O)COCCN1CCN(C(c2ccccc2)c2ccc(Cl)cc2)CC1,0,0,0.2548556815149202
OCCOCCN1CCN(C(c2ccccc2)c2ccc(Cl)cc2)CC1,1,1,0.9131214330136552
CO[C@H]1/C=C/O[C@@]2(C)Oc3c(C)c(O)c4c(O)c(c5c(nc6cc(C)ccn65)c4c3C2=O)NC(=O)/C(C)=C\C=C\[C@H](C)[C@H](O)[C@@H](C)[C@@H](O)[C@@H](C)[C@H](OC(C)=O)[C@@H]1C,0,0,0.02878463116407635
O=C1[C@@H]2[C@H]3CC[C@H](C3)[C@@H]2C(=O)N1CCCCN1CCN(c2ncccn2)CC1,1,1,0.9492356589315939
CN1Cc2c(C(=O)OC(C)(C)C)ncn2-c2ccsc2C1=O,1,1,0.9381765509941051
CCN1CCN(c2cc(-c3ccc(F)cc3)c3c(n2)CCCCCC3)CC1,1,1,0.9830792154580024
C=C1c2c(Cl)ccc(O)c2C(O)=C2C(=O)C3(O)C(=O)/C(=C(/N)O)C(=O)C(N(C)C)C3C(O)C12,0,0,0.0002843791225298581
C=C1c2cccc(O)c2C(O)=C2C(=O)[C@]3(O)C(=O)/C(=C(/N)O)C(=O)[C@@H](N(C)C)[C@@H]3[C@@H](O)[C@H]12,0,0,0.0029841753643229303
CC1CN(CCCn2c3ccccc3c3ccccc32)CC(C)N1,1,1,0.9882786630463082
CN=C1CN(O)C(c2ccccc2)=c2cc(Cl)ccc2=N1,1,1,0.8648855960616666
CC(C)C(=O)OCC(=O)[C@@]12O[C@H](C3CCCCC3)O[C@@H]1C[C@H]1[C@@H]3CCC4=CC(=O)C=C[C@]4(C)[C@H]3[C@@H](O)C[C@@]12C,1,1,0.8813975397126754
CC1CCCC1,1,1,0.8483328747379838
CNC1CCN2c3ccccc3CCc3cccc1c32,1,1,1.0
CC[C@H](NC(=O)c1c(OCCNC(=O)Cc2ccccn2)c(-c2ccccc2)nc2ccccc12)c1ccccc1,0,0,0.20311477172866182
COCC1CN(c2ccc(OCc3cccc(C#N)c3)cc2)C(=O)O1,1,1,0.9326972339668431
CNC[C@@H]1CN(c2ccc(OCc3cccc(Cl)c3)cc2)C(=O)O1,1,1,0.9272754698811245
O=c1[nH]c2ccccc2c(=O)n1CCCN1CCN(c2cccc(Cl)c2)CC1,1,1,0.9955084074913094
CC[C@H](C)C(=O)O[C@H]1C[C@H](O)C=C2C=C[C@H](C)[C@H](CC[C@@H](O)C[C@@H](O)CC(=O)O)[C@H]21,0,0,0.08234875334722981
COc1ccc2c(c1)C(N1CCN(C)CC1)=Cc1ccccc1O2,1,1,0.9708993453766052
OC(CCCN1CCc2c(c3cc(F)ccc3n2-c2ccc(F)cc2)C1)c1ccc(F)cc1,1,1,0.8500054445856966
CC(C)CC(OC(=O)c1ccco1)C(=O)N[C@@H]1C(=O)N2[C@@H]1SC(C)(C)[C@@H]2C(=O)O,0,0,0.020650757837678585
Cc1ncc([N+](=O)[O-])n1CC(O)CCl,1,1,0.8431664923109418
Cc1ncc([N+](=O)[O-])n1CCO,1,1,0.8347943556574161
CCS(=O)(=O)CCn1c([N+](=O)[O-])cnc1C,1,1,0.831535876502975
CN=C(NC#N)NCCSCc1nc[nH]c1C,0,0,0.3794453293666006
COc1ccc2c(c1)c1c3n2CCN(C)C3=NCC1,1,1,0.9733066625252422
CCOc1cc(N)c([N+](=O)[O-])cc1C(=O)NC1CCN(CC2CC=CCC2)CC1,1,1,0.5100304689137779
Oc1ccc2[nH]cc(CCCCN3CC=C(c4ccccc4)CC3)c2c1,1,1,0.9139236960332751
COc1ccccc1N1CCN(CC(O)COc2cc(OC)c(OC)c(OC)c2)CC1,1,1,0.6098918211775988
CC(C)N1CCC(N(C(=O)Cc2ccccc2)c2ccc(Cl)cc2)CC1,1,1,0.9724660364731996
CC1(c2ccccc2)CC(=O)N(CN2CCOCC2)C1=O,1,1,0.9387445684602476
COc1ccc(Cl)c2c1CCCC2N(C)C,1,1,0.9540168888374168
CC(C)(C)NCC(O)COc1cccc2c1C[C@H](O)[C@H](O)C2,1,1,0.5119424734033318
CC(C)C(=O)OCc1cccc(OC(=O)[C@@H]2N3C(=O)[C@@H](NC(=O)Cc4ccccc4)[C@H]3SC2(C)C)c1,0,0,0.16085977929200418
Fc1ccc(C(CCCN2CCN(CCNc3ccccc3)CC2)c2ccc(F)cc2)cc1,1,1,0.6966375099714918
NNc1nncc2ccccc12,0,0,0.3542802686121046
CCN1CCN(C(=O)N[C@@H](C(=O)N[C@@H]2C(=O)N3[C@@H]2SC(C)(C)[C@@H]3C(=O)O)c2ccccc2)C(=O)C1=O,1,0,0.4026782008138352
COc1cc(N)c(Cl)cc1C(=O)NC1CCN(Cc2ccccc2)CC1,1,1,0.9277490007005511
CN1CCC(=C2c3ccccc3C(O)c3ccccc32)CC1,1,1,0.9829745428034851
CN(C)CCN1C(=O)c2ccccc2N(C)c2ccccc21,1,1,0.9629778020094824
CC/C(=C(/CC)c1ccc(O)cc1)c1ccc(O)cc1,0,0,0.40416441665410735
CCc1nn(CCCN2CCN(c3cccc(Cl)c3)CC2)c(=O)n1CC,1,1,0.9672121235564848
CN1CCN(C(=O)OC2c3nccnc3C(=O)N2c2ccc(Cl)cn2)CC1,1,1,0.8624972075314283
O=C(CCCN1CCN(c2ccccn2)CC1)c1ccc(F)cc1,1,1,0.9716681073480281
C[C@]1(Cn2ccnn2)[C@H](C(=O)O)N2C(=O)C[C@H]2S1(=O)=O,0,0,0.06900040359988142
CC1=C2C(c3cccc(Cl)c3)=NCCN=C2N(C)N1,1,1,0.9492959906170649
CCCCC1C(=O)N(c2ccccc2)N(c2ccccc2)C1=O,0,1,0.5385218023619758
NS(=O)(=O)c1ccc(N2CCCCS2(=O)=O)cc1,1,1,0.7284137262495995
CC(=O)OC1/C=C/C(C)=C/CC(O)/C=C/C(C)=C/C(NC(=O)C(C)=O)C2(C)C(=O)OC(C1)C(C)C2=O,0,0,0.09555635422125011
O=C1CC[C@@]2(O)[C@H]3Cc4ccc(O)c5c4[C@@]2(CCN3CC2CC2)[C@H]1O5,1,1,0.9220017581109464
CC[C@H]1CC(=O)[C@@H]2Oc3c(OC)ccc4c3[C@@]23CCN(CC2CC2)C(C4)[C@H]13,1,1,0.7460785994967395
C#CC1(OCC(O)CN2CCN(c3ccc(F)cc3)CC2)CCCCC1,1,1,0.867334077998374
CO[C@H]1[C@@H](O)[C@H](N)[C@@H](O[C@H]2O[C@H](C(C)N)CC[C@H]2N)[C@H](O)[C@@H]1N(C)C(=O)CN,0,0,0.01176224752158007
NC[C@H]1O[C@H](O[C@H]2[C@H](O)[C@@H](O)[C@H](N)C[C@@H]2N)[C@H](N)[C@@H](O)[C@@H]1O,0,0,0.05275350460629353
O=C1N(C(O)C(Cl)(Cl)Cl)CNC1(c1ccccc1)c1ccccc1,1,1,0.9172706055082049
O=C1NCNC1(c1ccccc1)c1ccccc1,1,1,0.9763837619486122
Nc1[nH]c(=O)ncc1F,1,1,0.7304372165661381
C[C@H]1c2ccccc2[C@@H](CCCN(C)C)c2cc(C(F)(F)F)ccc21,1,1,0.958717303788445
O=C(c1cccnc1)N1CCOCC1,1,1,0.9488228169362714
CCO[C@H]1CCN(C(=O)c2cc(-c3ccccc3)c(=O)n3c2-c2cc(Cl)ccc2CC3)C1,1,1,0.8608227835952149
COc1cccc(CC(=O)N2CCN(C(C)=O)C[C@@H]2CN2CC[C@@H](O)C2)c1,0,0,0.11169530069279675
CC(=O)N1CCN(C(=O)Cc2ccc([N+](=O)[O-])cc2)[C@@H](CN2CC[C@H](O)C2)C1,0,0,0.08710195749437476
COc1ccc(CC(=O)N2CCN(C(C)=O)C[C@@H]2CN2CC[C@@H](O)C2)cc1,0,0,0.1103536444745016
CC(=O)N1CCN(C(=O)Cc2ccc(Cl)c(Cl)c2)[C@@H](CN2CCCC2)C1,1,1,0.8933358423951371
COC(=O)N1CCN(C(=O)Cc2ccc(Cl)c(Cl)c2)[C@@H](CN2CCCC2)C1,1,1,0.9141546617574745
CN1CCN(C(=O)Cc2ccc(Cl)c(Cl)c2)[C@@H](CN2CCCC2)C1,1,1,0.9767923769293286
O=C(Cc1ccc(Cl)c(Cl)c1)N1CCN(CCO)C[C@@H]1CN1CC[C@@H](O)C1,0,0,0.11339246981978356
CC(=O)N1CCN(C(=O)Cc2cccc([N+](=O)[O-])c2)[C@@H](CN2CC[C@H](O)C2)C1,0,0,0.10176734936432291
CC(=O)N1CCN(C(=O)Cc2ccccc2)[C@@H](CN2CC[C@@H](O)C2)C1,0,0,0.10063939735277064
CC(=O)N1CCN(C(=O)Cc2ccc([S@@](C)=O)cc2)[C@@H](CN2CC[C@H](O)C2)C1,0,0,0.07083238279076262
CC(=O)N1CCN(C(=O)Cc2ccc(S(C)(=O)=O)cc2)[C@@H](CN2CC[C@H](O)C2)C1,0,0,0.1027646960314134
CCOC(=O)N1CCN(C(=O)Cc2ccc(Cl)c(Cl)c2)[C@@H](CN2CCCC2)C1,1,1,0.9229553459627057
CCCOC(=O)N1CCN(C(=O)Cc2ccc(Cl)c(Cl)c2)[C@@H](CN2CCCC2)C1,1,1,0.8703504147065451
CC(=O)N1CCN(C(=O)Cc2ccc(Cl)c(Cl)c2)[C@@H](CN2CC[C@@H](O)C2)C1,0,0,0.22440710414600332
CC(=O)N1CCN(C(=O)Cc2ccc(C(F)(F)F)cc2)[C@@H](CN2CC[C@@H](O)C2)C1,0,0,0.2149883795982095
CSc1ccc(CC(=O)N2CCN(C(C)=O)C[C@@H]2CN2CC[C@@H](O)C2)cc1,0,0,0.12509557613173808
CC(=O)N1CCN(C(=O)Cc2cc(F)cc(F)c2)[C@@H](CN2CC[C@@H](O)C2)C1,0,0,0.09468129333374227
OC(C1=NCCN1)(c1ccc(Cl)cc1)c1ccccn1,1,1,0.8130577551204773
C[N+]1(C)CCCC(OC(=O)C(O)(c2ccccc2)c2ccccc2)C1,0,0,0.18745317531492967
CC(=O)NNC(=O)CC(O)(c1ccccc1)c1ccccc1,1,1,0.7994594349826376
CCC(=O)C(CC(C)N(C)C)(c1ccccc1)c1ccccc1,1,1,0.9376976706500565
CCCCSc1ccc(C(SCCN(C)C)c2ccccc2)cc1,1,1,0.7229783611645034
CCC(O)C(CC(C)N(C)C)(c1ccccc1)c1ccccc1,1,1,0.9293320708670457
CNCCCCOc1ccccc1Cc1ccccc1,1,1,0.9016318033985451
CN(C)CCOC(c1ccccc1)c1ccc(Br)cc1,1,1,0.9491451545545491
CN(C)CCOC(c1ccccc1)c1ccccc1C(C)(C)C,1,1,0.8894582007115943
CCC(OC(C)=O)C(CC(C)N(C)C)(c1ccccc1)c1ccccc1,1,1,0.9174994923472451
CN(C)CCOC(C)(c1ccccc1)c1ccc(Cl)cc1,1,1,0.8873329885196416
CCC(=O)C(c1ccccc1)(c1ccccc1)C(C)CN(C)C,1,1,0.9390391956148642
CN(C)CCOC(c1ccccc1)c1ccccc1,1,1,0.8955633804091413
Cc1ccccc1C(OCCN(C)C)c1ccccc1,1,1,0.9460099018016291
CNCCOC(c1ccccc1)c1ccccc1C,1,1,0.9618115718491677
CC[C@@H](O)C(C[C@@H](C)N(C)C)(c1ccccc1)c1ccccc1,1,1,0.93404583863022
CN(C)CC(O)C(c1ccccc1)c1ccc(Cl)cc1,1,1,0.9459736724252131
CC(CN(C)C)OC(C)(c1ccccc1)c1ccc(Cl)cc1,0,1,0.6697298044126195
CCN(CC)CCOC(=O)C(O)(c1ccccc1)c1ccccc1,1,1,0.7950385688647059
NC(=O)CS(=O)C(c1ccccc1)c1ccccc1,1,1,0.9496584540071776
CCCCCC(N)C(O)(c1ccccc1)c1ccccc1,1,1,0.8739164375506118
CCC(=O)C(CCN(C)C)(c1ccccc1)c1ccccc1,1,1,0.9472766619951569
O=C(O)CCCCC1SCC2NC(=O)NC21,1,1,0.6178305327673427
CC1(C)S[C@@H]2[C@H](NC(=O)c3nc4ccccc4nc3C(=O)O)C(=O)N2[C@H]1C(=O)O,0,0,0.03213540053212547
COc1cc([C@@H]2c3cc4c(cc3[C@@H](OC3OC5COC(c6cccs6)OC5C(O)C3O)[C@H]3COC(=O)[C@H]23)OCO4)cc(OC)c1O,1,0,0.34026687771291814
CC1C2Cc3ccc(O)cc3C1(C)CCN2C,1,1,0.9592766691767509
CC(C)=CCN1CC[C@@]2(C)c3cc(O)ccc3C[C@@H]1[C@H]2C,1,1,0.9841324434109489
CCCCCC(=O)CC[C@]1(C)[C@@H]2Cc3ccc(O)cc3[C@@]1(C)CCN2C,1,1,0.9512392344295422
CO[C@@H]1[C@@H](OC(N)=O)[C@@H](O)[C@H](Oc2ccc3c(=O)c(NC(=O)c4ccc(O)c(CC=C(C)C)c4)c(O)oc3c2C)OC1(C)C,0,0,0.04281209587519526
CN(C)CCCN1c2ccccc2CCc2ccccc21,1,1,0.989299190412827
C[N+](C)([O-])CCCN1c2ccccc2CCc2ccccc21,1,1,0.8033673978816342
NCCCN1c2ccccc2CCc2ccccc21,1,1,0.9856678037474853
CC(CN(C)C)CN1c2ccccc2CCc2ccccc21,1,1,0.9925190769373918
CNC1Cc2ccccc2N(C)c2ccccc21,1,1,0.9951763366541627
CNCCCN1c2ccccc2CCc2ccccc21,1,1,0.997431359834974
CN(C)CCCN1c2ccccc2CCc2ccc(C#N)cc21,1,1,0.9955437461491066
CN(C)CCCN1c2ccccc2CCc2ccc(Cl)cc21,1,1,0.9993841472554803
CC(=O)Oc1ccc2c3c1O[C@H]1[C@@H](OC(C)=O)C=C[C@H]4[C@@H](C2)N(C)CC[C@@]341,1,1,0.9420730567752035
COc1ccc2c3c1O[C@H]1[C@@H](O)C=C[C@H]4[C@@H](C2)N(C)CC[C@@]341,1,1,0.9503820161879077
C=CCN1CCC23c4c5ccc(OC(C)=O)c4OC2C(OC(C)=O)C=CC3C1C5,1,1,0.947884852422796
COc1ccc2c3c1OC1C(O)C=CC4C(C2)NCCC341,1,1,0.927208026729907
C=CCN1CC[C@]23c4c5ccc(O)c4O[C@H]2[C@@H](O)C=C[C@H]3[C@H]1C5,1,1,0.9362982793241055
CN1CC[C@]23c4c5ccc(O)c4O[C@H]2C(O)C=C[C@H]3[C@H]1C5,1,1,0.9400591983099088
Oc1ccc2c3c1OC1C(O)C=CC4C(C2)NCCC341,1,1,0.8745711915754782
CCn1nnn(CCN2CC[C@H](N(C(=O)COC)c3ccccc3F)[C@H](C)C2)c1=O,1,1,0.7738659505231853
CCC(=O)N(c1ccccc1)C1(COC)CCN(CCn2nnn(CC)c2=O)CC1,1,1,0.8212217375690787
Cc1ccc(CC2=CNC(NCCSCc3ccc(CN(C)C)o3)=NC2)cn1,0,0,0.31065433164926765
O=C(NCCN1CCN(c2ncccn2)CC1)C12CC3CC(CC(C3)C1)C2,1,1,0.6508890740392534
COC1C(O)CC(=O)OC(C)C/C=C/C=C/C(OC2CCC(N(C)C)C(C)O2)C(C)CC(CC=O)C1OC1OC(C)C(OC2CC(C)(O)C(O)C(C)O2)C(N(C)C)C1O,0,0,0.01091813042216777
CCOC1c2ccccc2C(=O)N(C)c2ccccc21,1,1,0.9661625334576286
CN1[C@@H]2CC(OC(=O)[C@H](CO)c3ccccc3)C[C@H]1[C@@H]1O[C@@H]12,0,0,0.33773634846429645
N[C@@H](C(=O)N[C@@H]1C(=O)N2C(C(=O)O)=C(Cl)CS[C@H]12)c1ccccc1,0,0,0.009537315391542069
CC1=C(C(=O)O)N2C(=O)[C@@H](NC(=O)[C@H](N)c3ccc(O)cc3)[C@H]2SC1,0,0,0.0004141248240262788
CC1=C(C(=O)O)N2C(=O)[C@@H](NC(=O)[C@H](N)c3ccccc3)[C@H]2SC1,0,0,0.004940513102361231
CC(=O)OCC1=C(C(=O)O)N2C(=O)[C@@H](NC(=O)Cc3ccccc3)[C@H]2SC1,0,0,0.012488846803210446
CC1=C(C(=O)O)N2C(=O)[C@@H](NC(=O)[C@H](N)c3cccc(NS(C)(=O)=O)c3)[C@H]2SC1,0,0,0.0
CC1=C(C(=O)O)N2C(=O)[C@@H](NC(=O)[C@H](N)c3ccc(O)c(Cl)c3)[C@H]2SC1,0,0,0.0001556506432335292
CC(=O)OCC1=C(C(=O)O)N2C(=O)[C@@H](NC(=O)[C@H](N)c3ccccc3)[C@H]2SC1,0,0,0.009356800586133793
C/C=C/C1=C(C(=O)O)N2C(=O)[C@@H](NC(=O)[C@H](N)c3ccc(O)cc3)[C@H]2SC1,0,0,0.007540563233973013
CN1CCN(c2cc3c(cc2F)c(=O)c(C(=O)O)cn3-c2ccc(F)cc2)CC1,0,0,0.324752449805756
CC(CN1C(=O)c2cccnc2Nc2ccccc21)N(C)C,1,1,0.9787614676397685
COc1ccc2c(c1)/C(=C/CCN(C)C)c1ccccc1O2,1,1,0.9451816173003361
Cc1nc(C)c2c(n1)N(Cc1ccc(-c3ccccc3-c3nn[nH]n3)cc1)C(=O)CC2,1,1,0.7276918007149713
CN1C[C@@H]2Cc3ccc(Cl)cc3[C@@H](c3ccccc3)[C@@H]2C1,1,1,0.9850939413163506
NS(=O)(=O)c1cc2c(cc1Cl)NCNS2(=O)=O,0,0,0.0679816613779311
NS(=O)(=O)c1cc2c(cc1C(F)(F)F)NCNS2(=O)=O,0,0,0.08576178765269224
NS(=O)(=O)c1cc2c(cc1Cl)NC(C(Cl)Cl)NS2(=O)=O,0,0,0.06765205613424287
CN1C(CCl)Nc2cc(Cl)c(S(N)(=O)=O)cc2S1(=O)=O,0,0,0.04929281854345427
CN1C(CSCC(F)(F)F)Nc2cc(Cl)c(S(N)(=O)=O)cc2S1(=O)=O,0,0,0.08181478212097008
CN(C)CC[C@]1(c2ccccc2)CCc2ccccc2C1=O,1,1,0.9785134474355023
NC(=O)CN1CC(O)CC1=O,1,1,0.787190162638607
NC(=O)CN1CCCC1=O,1,1,0.948958928037065
CC(C)N(CCNC(=O)CN1CCCC1=O)C(C)C,1,1,0.88335712538389
CCC(C(N)=O)N1CCCC1=O,1,1,0.9649817790127448
CC1(C)S[C@@H]2[C@H](NC(=O)[C@H](NC(=O)c3ccc(-c4ccc(S(=O)(=O)N(CCO)CCO)cc4)[nH]c3=O)c3ccc(O)cc3)C(=O)N2[C@H]1C(=O)[O-],0,0,0.09476492770397936
CN1CC(CSc2ccccn2)C=C2c3cccc4[nH]cc(c34)CC21,1,1,0.9683529946285406
O=c1[nH]c(=O)n([C@H]2C[C@H](O)[C@@H](CO)O2)cc1F,0,0,0.3049897841763401
Cc1cn([C@H]2C[C@H](N=[N+]=[N-])[C@@H](CO)O2)c(=O)[nH]c1=O,0,0,0.2247661343458593
Cc1cn([C@H]2C[C@H](F)[C@@H](CO)O2)c(=O)[nH]c1=O,1,1,0.8191939723559767
O=c1ccn(C2OC(CO)C(O)C2O)c(=O)[nH]1,1,0,0.42363514612540853
CSc1ccc2c(c1)N(CCC1CCCNC1)c1ccccc1S2,1,1,0.98813512773334
CN(C)C(=O)Oc1ccc[n+](C)c1,1,1,0.8342012339459964
FC(F)(F)c1cccc(N2CCN(CCc3nnc4n3C[C@H]3CCC[C@@H]43)CC2)c1,1,1,0.6411540895819932
O=C1Cc2cc(CCN3CCN(c4nsc5ccccc45)CC3)c(Cl)cc2N1,1,1,0.994073738823774
COC(=O)c1cncn1C(C)c1ccccc1,1,1,0.978339406974701
CCOC(=O)c1cncn1C(C)c1ccccc1,1,1,0.9831069193633423
CCCOC(=O)c1cncn1C(C)c1ccccc1,1,1,0.9792362926231496
Cc1nccn1C(C)c1ccccc1,1,1,0.958519458052796
CCOC(=O)c1cncn1C(C)c1ccc(F)cc1,1,1,0.9568226093208048
O=C(CCCN1CC=C(n2c(=O)[nH]c3ccccc32)CC1)c1ccc(F)cc1,1,1,0.9937143719287772
Cc1oc(=O)oc1COC(=O)[C@@H]1N2C(=O)[C@@H](NC(=O)[C@H](N)c3ccccc3)[C@H]2SC1(C)C,0,0,0.07432438064247603
CC12CC3CC(C)(C1)CC(N)(C3)C2,1,1,0.8649359033183477
NC12CC3CC(CC(C3)C1)C2,1,1,0.8783862421046678
NNC(=O)CP(=O)(c1ccccc1)c1ccccc1,1,1,0.6475535940311006
CCC(C)(O)C1CC23C=CC1(OC)C1Oc4c(OC)ccc5c4C12CCN(CC1CC1)C3C5,1,1,0.865241922854008
COC12C=CC3(CC1C(C)(C)O)[C@@H]1Cc4ccc(O)c5c4[C@]3(CCN1CC1CC1)[C@@H]2O5,1,1,0.9578768465921155
COC1=C(C(=O)O)N2C(=O)C(NC(=O)C(N)C3C=CCC=C3)C2SC1,0,0,0.0428298799261534
Clc1ccc2c(c1)/C(=C/C1CN3CCC1CC3)c1ccccc1S2,1,1,0.8562060507402007
CC(C)CC1NC(=O)C(CCCN)NC(=O)C(C(C)C)NC(=O)C2CCCN2C(=O)C(Cc2ccccc2)NC(=O)C(CC(C)C)NC(=O)C(CCCN)NC(=O)C(C(C)C)NC(=O)C2CCCN2C(=O)C(Cc2ccccc2)NC1=O,0,0,0.18304894681436537
FC(F)(F)c1ccc2c(c1)N(CCCN1CCN(CCC3OCCCO3)CC1)c1ccccc1S2,1,1,0.880406104410591
Clc1ccc(N2CCN(C/C=C/c3ccccc3)CC2)nn1,1,1,0.9809883029679076
CCCCCCOc1nsnc1C1=CCCN(C)C1,1,1,0.9914363566908213
CCCCCCSc1nsnc1C1=CCCN(C)C1,1,1,0.9933312313189784
CN1CC(=O)N=C1NC(=O)Nc1cccc(Cl)c1,1,1,0.9302254941017339
CNCCC(Oc1ccc(C(F)(F)F)cc1)c1ccccc1,1,1,0.9229028412345031
CNCC[C@@H](Oc1ccccc1C)c1ccccc1,1,1,0.9391541120053911
CNCCC(Oc1ccccc1OC)c1ccccc1,1,1,0.915686810893076
NCCC(Oc1ccc(C(F)(F)F)cc1)c1ccccc1,1,1,0.9402246913395517
O=C1CCCN1CCCCN1CCN(c2cc(C(F)(F)F)ccn2)CC1,1,1,0.977116059867909
O=C1CCCN1CCCCN1CCN(c2cc(C(F)(F)F)cc(Cl)n2)CC1,1,1,0.9220119226591567
O=C1N=C(NC2CC2)OC1c1ccccc1,1,1,0.9267217885021073
O=C1CC2(CCCC2)CC(=O)N1CCNCC1COc2ccccc2O1,1,1,0.9267835909593558
COc1ccc(S(N)(=O)=O)cc1C(=O)NCC1CCCN1Cc1ccc(F)cc1,1,1,0.603123048922533
CC[C@H]1OC(=O)[C@H](C)[C@@H](O[C@H]2C[C@@](C)(OC)[C@@H](O)[C@H](C)O2)C(C)[C@@H](O[C@@H]2O[C@H](C)C[C@H](N(C)C)[C@H]2O)[C@](C)(O)C[C@@H](C)CN(C)[C@H](C)[C@@H](O)[C@]1(C)O,0,0,0.002409860165876816
O=C1c2ccccc2S(=O)(=O)N1CCCCN1CCN(c2ncccn2)CC1,1,1,0.8243301064499291
CCC1NC(=O)C(NC(=O)c2ncccc2O)C(C)OC(=O)C(c2ccccc2)NC(=O)C2CC(=O)CCN2C(=O)C(Cc2ccc(N(C)C)cc2)N(C)C(=O)C2CCCN2C1=O,0,0,0.017470168340418823
CC1NC(=O)C(NC(=O)c2ncccc2O)C(C)OC(=O)C(c2ccccc2)NC(=O)C2CC(=O)CCN2C(=O)C(Cc2ccc(N(C)C)cc2)N(C)C(=O)C2CCCN2C1=O,0,0,0.01779418008928677
CN1CCc2cc(Cl)c(O)cc2[C@@H](c2cc(Br)cc3c2OCC3)C1,1,1,0.982380520404435
CN1CCc2cc(Cl)c(O)cc2[C@@H](c2cccc3c2OCC3)C1,1,1,0.9931579602220273
COC(=O)[C@@]1(O)CC[C@H]2C3CCC(=O)C4C(=O)C=CC4(C)[C@H]3C(O)CC21C,1,1,0.7387342191497551
CCC(C)C(N)C1=NC(C(=O)N[C@@H](CC(C)C)C(=O)N[C@H](CCC(=O)O)C(=O)N[C@H](C(=O)NCCCC[C@@H]2NC(=O)[C@H](CC(N)=O)NC(=O)[C@@H](CC(=O)O)NC(=O)[C@H](Cc3cnc[nH]3)NC(=O)[C@@H](Cc3ccccc3)NC(=O)[C@H]([C@@H](C)CC)NC(=O)[C@@H](CCCN)NC2=O)[C@@H](C)CC)CS1,0,0,0.11300728589997724
CC(=O)OCC(=O)[C@@]12N=C(C)O[C@@H]1C[C@H]1[C@@H]3CCC4=CC(=O)C=C[C@]4(C)[C@H]3[C@@H](O)C[C@@]12C,1,1,0.9455325191998868
CC(=O)OCC(=O)C12N=C(C)OC1CC1C3CCC4=CC(=O)C=CC4(C)[C@@]3(F)C(O)CC12C,1,1,0.965825002172022
O=C1NC(=O)C(c2ccccc2)(c2ccccc2)N1,1,1,0.9113045758220099
O=C1NC(c2ccccc2)(c2ccccc2)C(=O)N1COP(=O)(O)O,1,1,0.5855554738693989
Cc1cccc(C)c1NC(=O)CN1CCCC1=O,1,1,0.997091406857721
CCC(=O)OCC(=O)[C@@]12OC(C)(C)O[C@@H]1CC1C3C[C@H](F)C4=CC(=O)C=CC4(C)[C@@]3(F)C(O)CC12C,1,1,0.9935541491116868
CCCC1O[C@@H]2C[C@H]3[C@@H]4CCC5=CC(=O)C=C[C@]5(C)[C@H]4[C@@H](O)C[C@]3(C)[C@]2(C(=O)CO)O1,1,1,0.9690838355737819
CC1(C)O[C@@H]2CC3C4C[C@H](F)C5=CC(=O)C=CC5(C)[C@@]4(Cl)C(Cl)CC3(C)[C@]2(C(=O)CO)O1,1,1,0.9571590779477489
CCC1(CC)O[C@@H]2C[C@H]3C4CCC5=CC(=O)C=CC5(C)[C@@]4(F)[C@@H](O)CC3(C)[C@]2(C(=O)CO)O1,1,1,0.9981125449517253
COC(OC)C(=O)[C@@]12OC(C)(C)O[C@@H]1CC1C3C[C@H](F)C4=CC(=O)C=CC4(C)[C@@]3(F)C(O)CC12C,1,1,0.9564090690088126
CC1(C)O[C@@H]2C[C@H]3C4CCC5=CC(=O)C=CC5(C)[C@H]4C(O)CC3(C)[C@]2(C(=O)CO)O1,1,1,0.9776717649888725
CC(=O)OCC(=O)[C@@]12OC(C)(C)O[C@@H]1C[C@H]1[C@@H]3C[C@H](F)C4=CC(=O)C=C[C@]4(C)[C@@]3(F)[C@@H](O)C[C@@]12C,1,1,0.9935505232390721
CC1(C)O[C@@H]2CC3C4C[C@H](F)C5=CC(=O)C=CC5(C)[C@@]4(Cl)[C@@H](Cl)CC3(C)[C@]2(C(=O)CF)O1,1,1,0.928780519412436
C=CC1O[C@@H]2CC3C4CCC5=CC(=O)C=CC5(C)C4(F)C(O)CC3(C)[C@]2(C(=O)CO)O1,1,1,0.9915910984191606
CC1(C)O[C@@H]2C[C@H]3[C@@H]4CCC5=CC(=O)C=C[C@]5(C)[C@@]4(F)[C@@H](O)C[C@]3(C)[C@]2(C(=O)CO)O1,1,1,0.9894308413289262
CC(C)(C)CC(=O)OCC(=O)[C@@]12OC(C)(C)O[C@@H]1C[C@H]1[C@@H]3CCC4=CC(=O)C=C[C@]4(C)[C@@]3(F)[C@@H](O)C[C@@]12C,1,1,0.932110831583171
CCC[C@@H]1O[C@@H]2C[C@H]3[C@@H]4C[C@H](F)C5=CC(=O)C=C[C@]5(C)C4(F)[C@@H](O)C[C@]3(C)[C@]2(C(=O)O[C@H](C)OC(=O)OCC)O1,1,1,0.8759949351617157
CC1(C)O[C@@H]2C[C@H]3C4C[C@H](F)C5=CC(=O)C=CC5(C)[C@@]4(Cl)[C@@H](Cl)CC3(C)[C@]2(C(=O)CCl)O1,1,1,0.9197315576202308
CC(=O)OCC(=O)[C@@]12OC(C)(C)O[C@@H]1CC1C3C[C@H](F)C4=CC(=O)C=CC4(C)[C@H]3C(O)CC12C,1,1,0.9993942284760314
CC1(C)O[C@@H]2C[C@H]3[C@@H]4C[C@H](F)C5=CC(=O)C=C[C@]5(C)[C@@]4(F)[C@@H](O)C[C@]3(C)[C@]2(C(=O)CO)O1,1,1,0.9888408550810204
C=CCONC1=Nc2ccc(Cl)cc2C(c2ccccc2Cl)=NC1,1,1,0.9585029569284198
O=C1NC(=O)[C@@]2(CCN(C(=O)Cc3ccc(Cl)c(Cl)c3)[C@@H](CN3CCCC3)C2)N1,0,0,0.40881995486443445
C[C@H](CCC(=O)O)[C@H]1CC[C@H]2[C@@H]3C(=O)C[C@@H]4CC(=O)CC[C@]4(C)[C@H]3CC(=O)[C@]12C,0,0,0.2748840229466817
CNCCCC1c2ccccc2C=Cc2ccccc21,1,1,0.9795400824905238
NC(=O)C1c2ccccc2C=Cc2ccccc21,1,1,0.9760926805740477
CCCC1(C)COB(c2ccc(C)cc2)OC1,1,1,0.988958138462883
CO/N=C(\C(=O)N[C@@H]1C(=O)N2C(C(=O)O)=C(CSc3cnns3)CS[C@H]12)c1csc(N)n1,0,0,0.021137197908108606
CC1(C)O[C@@H]2CC3[C@@H]4C[C@H](F)C5=CC(=O)C=CC5(C)[C@H]4[C@@H](O)C[C@]3(C)[C@]2(C(=O)CO)O1,1,1,0.9938250015009991
Cc1nccnc1N1CCCCC1,1,1,0.9820958093529293
COC(=O)C1=C(C)NC(C)=C(C(=O)OCCN(C)Cc2ccccc2)C1c1cccc([N+](=O)[O-])c1,0,0,0.08614983225544018
CCN(CC)C/C=C1/c2ccccc2Nc2cc(Cl)ccc21,1,1,0.9961219796579176
CN1c2ccccc2C(c2ccccc2F)=NCC1CNC(=O)c1ccsc1,1,1,0.9864423325982722
FC(F)(F)c1ccc2c(c1)N(CCCN1CCN(C3CC3)CC1)c1ccccc1S2,1,1,0.9746602939265953
CCC(C(=O)OCCN1CCOC(c2ccccc2)C1C)c1ccccc1,1,1,0.8810257274505866
C[N+]12CCC(CC1)C(OC(=O)C(O)(c1ccccc1)c1ccccc1)C2,0,0,0.14637465686203072
O=c1[nH]c2cc(Cl)ccc2o1,1,1,0.7007478219649289
OC(CCN1CCCCC1)(c1ccccc1)C1CC2C=CC1C2,1,1,0.8694901209292116
CCn1cc(C(=O)O)c(=O)c2ccc(Cc3ccccc3)nc21,1,1,0.5831813200846865
OCC1(CO)COC(C(Cl)(Cl)Cl)OC1,1,1,0.8172288320690781
CCC1C(=O)NC(=O)C1(C)c1ccccc1,1,1,0.991701408739013
O=C1CC(c2cccc(Br)c2)C(=O)N1,1,1,0.9776913506482496
CN1C(=O)CC(C)(c2ccccc2)C1=O,1,1,0.9966578295988643
CN1C(=O)CC(c2ccccc2)C1=O,1,1,0.9984186963869661
COc1cc2c(c(OC)c1OC)-c1ccc(OC)c(=O)cc1C(NC(C)=O)CC2,1,0,0.431069586516374
COc1cc2c(c(OC)c1OC)-c1ccc(OC)c(=O)cc1[C@@H](NC(C)=O)CC2,0,0,0.428769382758167
CO/N=C(\C(=O)N[C@@H]1C(=O)N2C(C(=O)O)=C(Cn3nnc(C)n3)CS[C@H]12)c1csc(N)n1,0,0,0.027278173785248053
O=c1[nH]oc2c1CCNC2,1,1,0.8729360504327386
COc1ccc(CCN2CCN(c3cccc(Cl)c3)CC2)cc1OC,1,1,0.9762446917522518
CN(C)CC1COC2(O1)c1ccccc1COc1ccccc12,1,1,0.9400534857664394
OCCN1CCN(CCCN2c3ccccc3Sc3cc(Cl)cnc32)CC1,1,1,0.9461577729815462
NC(N)=NCC1COC2(CCCCC2)O1,0,0,0.35798109247447174
Nc1nc(N)c2nc(-c3ccccc3)c(N)nc2n1,0,1,0.5436751124351342
c1ccc2cc(COC3CCNCC3)ccc2c1,1,1,0.9556792626599504
COc1ccc(CCN2CCC(Nc3nc4ccccc4n3Cc3ccc(F)cc3)CC2)cc1,0,0,0.39257621352327143
CCC(=O)N(c1ccccc1F)C1(c2ccccc2)CCN(CCn2nnn(CC)c2=O)CC1,1,1,0.8463927933637703
CN1CCN2c3ccccc3Cn3cccc3C2C1,1,1,0.9955105458310469
Cc1csc(N=C(N)N)n1,1,1,0.6537051621909531
NCCc1nccs1,1,1,0.6973560773303552
NC(N)=Nc1nc(CSCCC(N)=NS(N)(=O)=O)cs1,1,1,0.6819336305664409
Cc1ncsc1CCCl,1,1,0.778838141303916
CN=C(NC#N)NCCSCc1csc(N=C(N)N)n1,1,1,0.6158312622520409
CCC1(C2=CCCCCC2)C(=O)NC(=O)NC1=O,1,1,0.9548324785380273
c1ccc(C2CCN(CC3CCCc4c3ccc3c4OCO3)C2)cc1,1,1,0.8046217920394212
CC(=O)OCC(=O)[C@@]1(O)[C@H](C)C[C@H]2[C@@H]3C=C(C)C4=Cc5c(cnn5-c5ccccc5)C[C@]4(C)[C@H]3[C@@H](O)C[C@@]21C,1,1,0.8759556108253022
CCC1(CC)C(=O)NC=C(C)C1=O,1,1,0.9755539437079471
CCC1(CC)C(=O)C=CNC1=O,1,1,0.9720757002376533
O=c1ccc2ccccc2o1,0,0,0.4992922943004172
Cc1cc(=O)oc2cc(O)ccc12,0,0,0.367537907464366
C/C(=C(\CCOC(=O)c1ccccc1)SC(=O)c1ccccc1)N(C=O)Cc1cnc(C)nc1N,1,1,0.7864297399471063
O=c1[nH]c2cc(Cl)c(Cl)c([N+](=O)[O-])c2[nH]c1=O,1,1,0.6786720798434162
O=C(OCCN1CCCCC1)C(O)(c1ccccc1)c1ccccc1,1,1,0.902091217767437
CCN(CC)c1nc2c(s1)c1c(O)c3c(O)c(C)c4c(c32)C(=O)[C@@](C)(O/C=C/[C@H](OC)[C@@H](C)[C@@H](OC(C)=O)[C@H](C)[C@H](O)[C@H](C)[C@@H](O)[C@@H](C)/C=C/C=C(/C)C(=O)N1)O4,0,0,0.014100978955062743
NCC1CC(=O)N(Cc2ccccc2)C1,1,1,0.920635712239719
C[C@]12C=CC(=O)C=C1CC[C@H]1[C@@H]3C[C@H]4Cc5ccccc5C[C@@]4(C(=O)CO)[C@@]3(C)C[C@H](O)[C@@]12F,1,1,0.9025584988555638
O=C(Cc1ccc(Cl)c(Cl)c1)N1CCc2occc2[C@H]1CN1CCCC1,1,1,0.9681512591162124
O=C(Cc1ccc(Cl)c(Cl)c1)N1CCc2occc2[C@H]1CN1CC[C@@H](O)C1,1,1,0.6485545675099226
CN(C)CCCn1cc(-c2ccccc2)c(-c2ccccc2)n1,1,1,0.9192302523958037
Nc1ccc(S(=O)(=O)Nc2ncccn2)cc1,1,1,0.7232496539134103
COC[C@H]1CN(c2ccc(OCC[C@@H](O)C(F)(F)F)cc2)C(=O)O1,1,1,0.9277509806238026
Cc1cccc(N2CC(CO)OC2=O)c1,1,1,0.9778896429360023
CC(Cc1ccccc1)(NC(=O)CN)c1ccccc1,1,1,0.9597261948787922
CCC(=O)O[C@](Cc1ccccc1)(c1ccccc1)[C@H](C)CN(C)C,1,1,0.9198396759599219
CC(=O)OCC1=C(C(=O)O)N2C(=O)[C@@H](NC(=O)c3c(-c4ccccc4Cl)noc3C)[C@H]2SC1,0,0,0.01234022849923566
CCC1(C)CC(=O)NC(=O)C1,1,1,0.9861669790485668
Fc1ccc2[nH]c3c(c2c1)CN(CCc1ccncc1)CC3,1,1,0.9887222965448559
Nc1ccc(S(=O)(=O)c2ccc(N)cc2)cc1,0,0,0.42935331714983394
Cc1ccc(-c2nc3ccc(C)cn3c2CC(=O)N(C)C)cc1,1,1,0.9613968049868749
CCCC(=O)N(C)Cc1c(-c2ccc(Cl)cc2)nc2ccccn12,1,1,0.954751312018388
CCCN(CCC)C(=O)Cc1c(-c2ccc(Cl)cc2)nc2ccc(Cl)cn12,1,1,0.9038822535166873
CC(C)(C)NC(=O)[C@@H]1C[C@@H]2CCCC[C@@H]2CN1C[C@@H](O)[C@H](Cc1ccccc1)NC(=O)[C@H](CC(N)=O)NC(=O)c1ccc2ccccc2n1,0,0,0.30693000717389385
CC(C)(C)NC(=O)C1CC2CCCCC2CN1CC(O)C(Cc1ccccc1)NC(=O)C(CC(N)=O)NC(=O)c1ccc2ccccc2n1,1,0,0.3096444510010923
Cc1cccc(/C=N/N2CCN(C(c3ccccc3)c3ccccc3)CC2)n1,1,1,0.9144978899638493
CCCCCCCNC(=O)Oc1ccc2c(c1)[C@]1(C)CCN(C)[C@@H]1N2C,1,1,0.9765331079159424
CNC(=O)Oc1ccc2c(c1)[C@]1(C)CCN(C)[C@@H]1N2C,1,1,0.9694040344514689
CCC1(c2ccccc2)C(=O)NCNC1=O,1,1,0.8701918177464235
CC[C@@]1(O)C[C@H](O[C@H]2C[C@H](N(C)C)[C@H](O[C@H]3C[C@@H]4O[C@H]5CC(=O)[C@H](C)O[C@H]5O[C@@H]4[C@H](C)O3)[C@H](C)O2)c2c(O)c3c(c(O)c2[C@H]1O[C@H]1C[C@H](N(C)C)[C@H](O)[C@H](C)O1)C(=O)c1cccc(O)c1C3=O,0,0,0.07604651209026982
OCCN1CCN(CCCN2c3ccccc3C=Cc3ccccc32)CC1,1,1,0.9211520278019856
O=C(C1CCCCC1)N1CC(=O)N2CCc3ccccc3C2C1,1,1,0.995912199501082
Cc1nnc(SCC2=C(C(=O)O)N3C(=O)[C@@H](NC(=O)Cn4cc(Cl)c(=O)c(Cl)c4)[C@H]3SC2)s1,0,0,0.021770179113738727
O=S(=O)(c1ccc2cc[nH]c2c1)N1CCCC1CCN1CCC(Oc2cccc(Cl)c2)CC1,1,1,0.7976458811244684
COc1cc(C(=O)N2CCOCC2)cc(OC)c1OC,1,1,0.8375307336251819
CN1/C(=C(/O)Nc2ccccn2)C(=O)c2ccccc2S1(=O)=O,0,0,0.21003450597318007
CN1CCN(c2c(F)cc3c(=O)c(C(=O)O)cn4c3c2SCC4)CC1,0,0,0.14214850616271374
CNCCCN1Cc2ccccc2Cc2ccccc21,1,1,0.994662650427587
Nc1nc(=S)c2[nH]cnc2[nH]1,0,0,0.3510841150423481
CCCCOc1ccc(C(=O)CCN2CCCCC2)cc1,0,1,0.5609980571043717
CC[C@]1(O)C[C@H]2CN(CCc3c([nH]c4ccccc34)[C@@](C(=O)OC)(c3cc4c(cc3OC)N(C=O)[C@H]3[C@@](O)(C(=O)OC)[C@H](OC(C)=O)[C@]5(CC)C=CCN6CC[C@]43[C@@H]65)C2)C1,1,1,0.7543085891274396
CC[C@]1(O)C[C@H]2CN(CCc3c([nH]c4ccccc34)[C@@](C(=O)OC)(c3cc4c(cc3OC)N(C)[C@H]3[C@@](O)(C(=O)OC)[C@H](OC(C)=O)[C@]5(CC)C=CCN6CC[C@]43[C@@H]65)C2)C1,1,1,0.6913649791616935
CC[C@]1(O)C[C@H]2CN(CCc3c([nH]c4ccccc34)[C@@](C(=O)OC)(c3cc4c(cc3OC)N(C)[C@H]3[C@@](O)(C(N)=O)[C@H](O)[C@]5(CC)C=CCN6CC[C@]43[C@@H]65)C2)C1,0,0,0.3654661690699378
COc1cc2c3c(c1O)C1(C=CC(=O)C=C1)CC3N(C)CC2,1,1,0.9485173720424686
OC(Cn1cncn1)(Cn1cncn1)c1ccc(F)cc1F,1,1,0.7538708644571246
CO/N=C(\C(=O)NC1C(=O)N(OCC(=O)O)[C@H]1C)c1csc(N)n1,0,0,0.046712074060190345
C[C@H]1[C@H](NC(=O)/C(=N\OC(C)(C)C(=O)O)c2csc([NH3+])n2)C(=O)N1S(=O)(=O)[O-],0,0,0.20640698132069513
CC1(C)[C@H](NC(=O)/C(=N\OCC(=O)O)c2csc(N)n2)C(=O)N1OS(=O)(=O)O,0,0,0.0404389268999083
CO/N=C(\C(=O)N[C@@H]1C(=O)N(OCC(=O)OCC(=O)OC(C)(C)C)[C@H]1C)c1csc(N)n1,0,0,0.016839362816278448
NC(=O)OCC1[C@H](NC(=O)/C(=N\OCC(=O)O)c2csc(N)n2)C(=O)N1S(=O)(=O)O,0,0,0.2364814105135551
Cc1c2oc3c(C)ccc(C(=O)NC4C(=O)NC(C(C)C)C(=O)N5CCCC5C(=O)N(C)CC(=O)N(C)C(C(C)C)C(=O)OC4C)c3nc-2c(C(=O)NC2C(=O)NC(C(C)C)C(=O)N3CCCC3C(=O)N(C)CC(=O)N(C)C(C(C)C)C(=O)OC2C)c(N)c1=O,0,0,0.10275418106048556
CC=CCC(C)C(O)C1C(=O)NC(CC)C(=O)N(C)CC(=O)N(C)C(CC(C)C)C(=O)NC(C(C)C)C(=O)N(C)C(CC(C)C)C(=O)NC(C)C(=O)NC(C)C(=O)N(C)C(CC(C)C)C(=O)N(C)C(CC(C)C)C(=O)N(C)C(C(C)C)C(=O)N1C,0,0,0.0845463817808005
Oc1ccc2c(c1)[C@@]13CCCC[C@@]1(O)[C@@H](C2)N(CC1CCC1)CC3,1,1,0.9167357816454191
CN1C(CC(=O)c2ccccc2)CCCC1CC(O)c1ccccc1,1,1,0.8978510668079227
CC1(C)CC(=O)N(CCCCN2CCN(c3ncccn3)CC2)C(=O)C1,1,1,0.9543160508148165
CN(C(=O)Cc1ccc(Cl)c(Cl)c1)C1CCCC[C@H]1N1CCCC1,1,1,1.0
CO[C@@H]1[C@@H](O[C@@H]2O[C@H](C)[C@@H](O[C@H]3C[C@@](C)(O)[C@@H](OC(=O)CC(C)C)[C@H](C)O3)[C@H](N(C)C)[C@H]2O)[C@@H](CC=O)C[C@@H](C)[C@@H](O)/C=C/C=C/C[C@@H](C)OC(=O)C[C@H]1OC(C)=O,0,0,0.006709387288139694
CCC(=O)OC1CC(=O)OC(C)C/C=C/C=C\C(O)C(C)CC(CC=O)C(O[C@@H]2O[C@H](C)[C@@H](O[C@H]3C[C@@](C)(O)[C@H](OC(=O)CC)[C@@H](C)O3)[C@H](N(C)C)[C@H]2O)C1OC,0,0,0.008286065288450311
Nc1nc(=O)c2c([nH]1)NCC(CNc1ccc(C(=O)N[C@@H](CCC(=O)[O-])C(=O)[O-])cc1)N2C=O,1,0,0.36239514297881315
COc1ccccc1N1CCN(CCCC(=O)c2ccc(F)cc2)CC1,1,1,0.9705039528145829
CC(Cc1ccc(O)cc1)NCC(O)c1cc(O)cc(O)c1,0,0,0.13159729159083167
CC[C@H](NC(=O)c1c(Cn2ccnc2)c(-c2ccccc2)nc2ccccc12)c1ccccc1,0,0,0.2769959364054846
O=C(O)CN1C(=O)c2cccc3cccc(c23)C1=O,1,1,0.6070475988669471
CNCCSC1=Cc2cc(F)ccc2Oc2ccccc21,1,1,0.9778071970632961
Cc1cccc(C)c1NC(=O)c1ccc(N)cc1,1,1,0.9457102567197905
CCN(CC)c1ccc(NC(=O)c2ccccc2N)c(C)c1,1,1,0.9379926942497111
CCCC[C@@H]1CC(=O)[C@]2(O)O[C@@H]3[C@@H](NC)[C@@H](O)[C@@H](NC)[C@H](O)[C@H]3O[C@@H]2O1,0,0,0.023117659711285325
Clc1ccccc1C(c1ccccc1)(c1ccccc1)n1ccnc1,0,0,0.4702336555258217
CCN[C@H](Cc1ccccc1)[C@H]1CCCO1,1,1,0.9847167862073661
OCCN1CCN(CC/C=C2/c3ccccc3Sc3ccc(Cl)cc32)CC1,1,1,0.9743517895644805
CNC(=O)CCN1CCN(CCC=C2c3ccccc3Sc3ccc(Cl)cc32)CC1,1,1,0.9830656764094436
OCCN1CCN(CC/C=C2/c3ccccc3Sc3ccc(C(F)(F)F)cc32)CC1,1,1,0.9724807891166867
CN1CCN(CC/C=C2\c3ccccc3Sc3ccc(S(=O)(=O)N(C)C)cc32)CC1,1,1,0.9740026557987069
O=C(COc1ccc(Cl)cc1)OCCNC12CC3CC(CC(C3)C1)C2,1,1,0.7684580411344314
CC(=O)O[C@H]1C[C@@]2(C)[C@@H](C[C@@H](O)[C@H]3[C@@]4(C)CC[C@@H](O)[C@@H](C)[C@@H]4CC[C@@]32C)/C1=C(\CCC=C(C)C)C(=O)O,0,0,0.35688511887662294
CN1CCc2cccc3c2[C@H]1Cc1ccc(O)c(O)c1-3,1,1,0.8539569333959848
CN1CCN2c3ccccc3Cc3ccccc3C2C1,1,1,0.9973943486541281
COc1ccc2c(c1)N(CCC1CCCCN1C)c1ccccc1S2,1,1,0.9900771535142623
CSc1ccc2c(c1)N(CCC1CCCCN1C)c1ccccc1S2,1,1,0.9951708955428137
CN1CCCCC1CCN1c2ccccc2Sc2ccc(S(C)=O)cc21,1,1,0.9840937562024641
CN1CCCCC1CCN1c2ccccc2Sc2ccc(S(C)(=O)=O)cc21,1,1,0.9980167686880682
COc1cc2c(cc1OC)C(=O)C(CC1CCN(Cc3ccccc3)CC1)C2,1,1,0.9660736424093196
OC[C@@H](O)[C@H]1OC2O[C@H](C(Cl)(Cl)Cl)O[C@@H]2[C@H]1O,1,1,0.7897445024992051
c1csc(Cc2ccccc2OCC2CNCCO2)c1,1,1,0.9702114198015321
Cn1nnnc1SCC1=C(C(=O)O)N2C(=O)[C@@H](NC(=O)CS/C=C\C#N)[C@H]2SC1,0,0,0.03616291023469896
CO[C@@]1(NC(=O)CSCC#N)C(=O)N2C(C(=O)O)=C(CSc3nnnn3C)CS[C@@H]21,0,0,0.027669059621378028
CO[C@@]1(NC(=O)CSC[C@@H](N)C(=O)O)C(=O)N2C(C(=O)O)=C(CSc3nnnn3C)CS[C@@H]21,0,0,0.019033713636925475
Cn1nnnc1SCC1=C(C(=O)[O-])N2C(=O)[C@@H](NC(=O)CSC(F)(F)F)[C@H]2SC1,0,0,0.09328198946372777
CC1OC(C)OC(C)O1,1,1,0.8224504416292784
OCCN1C=CN(CCCN2c3ccccc3C=Cc3ccccc32)C=CC1,1,1,0.8464737710540223
CC1(C)SC2C(NC(=O)CSc3ccccc3)C(=O)N2C1C(=O)O,0,0,0.006804657024947896
CNCCC=C1c2ccccc2C(C)(C)c2ccccc21,1,1,0.9811594016031626
CN(C)CCC=C1c2ccccc2C(C)(C)c2ccccc21,1,1,0.9528147988533651
CCC(=O)O[C@]1(c2ccccc2)CCN(C)C[C@@H]1CC,1,1,0.9933777688747183
CCOC(=O)C1(c2ccccc2)CCN(C)CC1,1,1,0.9916869775006246
CCC[C@]1(c2cccc(O)c2)CCN(C)C[C@@H]1C,1,1,0.9651213007893447
CCCCCCN1CCC(C(=O)N(C)CC)(c2ccccc2)CC1,1,1,0.9578688730357673
CCOC(=O)C1(c2cccc(O)c2)CCN(C)CC1,1,1,0.9117749162968047
CCC(=O)C1(c2cccc(O)c2)CCN(C)CC1,1,1,0.9534725983383087
CCC(=O)OC1(c2ccccc2)CCN(C)CC1C,1,1,0.9929028851121149
Fc1ccc([C@@H]2CCNC[C@H]2COc2ccc3c(c2)OCO3)cc1,1,1,0.9428705949533197
NC(=O)CCCN/C(=C1\C=C(F)C=CC1=O)c1ccc(Cl)cc1,1,1,0.9406037793035478
CCCCN/C(=C1/C=C(Cl)C=CC1=O)c1ccccc1Cl,1,1,0.9699691434537495
Clc1ccccc1C1=NCc2nnc(C3CCCCC3)n2-c2sc(Br)cc21,1,1,0.8988328109948851
NCCn1ncc2cc(Cl)c(Cl)cc21,1,1,0.9175847547410086
Cc1ccc(Cc2cnc(NCCSCc3ccc(C(C)(C)N)o3)[nH]c2=O)cn1,0,0,0.2595038401498636
CN1CCCc2cccc(OCC3CNCCO3)c21,1,1,0.981517771480902
CCC1(c2ccccc2)OCC(C2CCCCN2)O1,1,1,0.9638005430853878
CN1CCN(C2Cc3ccccc3Sc3ccc(Cl)cc32)CC1,1,1,0.9984167878661957
CSc1ccc2c(c1)C(N1CCN(C)CC1)Cc1ccccc1S2,1,1,0.998144631117604
CC12CCC(CC1=O)C2(C)C,1,1,0.9499461730583515
CC1(C)CCN(C(=O)Cc2ccc(Cl)c(Cl)c2)[C@@H](CN2CCCC2)C1,1,1,0.9935251831372893
O=C(Cc1ccc(Cl)c(Cl)c1)N1CCCC[C@H]1CN1CCCC1,1,1,0.9952331133555606
O=C(Cc1ccc(C(F)(F)F)cc1)N1CCCC[C@H]1CN1CCCC1,1,1,0.9794252252458064
COC1=CC=C2[C@H]3Cc4ccc(OC)c5c4[C@@]2(CCN3C)[C@H]1O5,1,1,0.9154671804738428
CC1[C@H]2C(=O)c3ccc(O)cc3[C@]1(C)CCN2CC1CC1,1,1,0.9735640797640823
CCc1nn(CCCN2CCN(c3cccc(Cl)c3)CC2)c(=O)n1CCOc1ccccc1,1,1,0.7327444677129762
NCCc1cn2ccccc2n1,0,0,0.4859300116620328
N[C@@H](C(=O)NC1C(=O)N2C(C(=O)O)=C(Cl)CCC12)c1ccccc1,0,0,0.008269205901781724
O=c1[nH]c2cc(Cl)ccc2n1C1CCN(CC2COc3ccccc3O2)CC1,1,1,0.9603117512207057
CC(=O)OCC(=O)[C@@]12OC3(CCCC3)O[C@@H]1C[C@H]1[C@@H]3CCC4=CC(=O)C=C[C@]4(C)[C@@]3(F)[C@@H](O)C[C@@]12C,1,1,0.9902422192082778
O=C1NCCNC1c1cccs1,1,1,0.9151971825595979
Cc1cc(NC(=O)c2c(C)cccc2C)no1,1,1,0.976182196703803
O=C1CNC(c2ccccc2)=c2c3c(sc2=N1)CCCC3,1,1,0.9904444179070517
O=C1CN2C(=O)CCC2N1,1,1,0.8579677804657851
CC(=O)Nc1cccc(-c2csc(N=C(N)N)n2)c1,0,0,0.3828728138687821
NC(N)=Nc1nc(-c2ccccc2)cs1,1,1,0.73098138579277
NCCc1nc(-c2ccccc2)cs1,0,1,0.5576361083442937
NC(N)=Nc1nc(-c2cccc(N)c2)cs1,1,1,0.6235835330953544
CNC(=NC#N)Nc1cccc(-c2csc(N=C(N)N)n2)c1,0,0,0.2830107752116636
CC(CN(C)C)CN1c2ccccc2S(=O)(=O)c2ccccc21,1,1,0.9762343808755821
CN(C(=O)CNC(=O)[C@@H](N)CCCCN)c1ccc(Cl)cc1C(=O)c1ccccc1,1,0,0.46474621395385085
CC(CC#N)N(C)CC(=O)N(C)c1ccc(Cl)cc1C(=O)c1ccccc1F,1,1,0.9414703029969774
CN(C(=O)CN(CCO)CCO)c1ccc(Cl)cc1C(=O)c1ccccc1Cl,1,1,0.7841643231379279
CN(C(=O)CNC(=O)CN)c1ccc(Cl)cc1C(=O)c1ccccc1Cl,1,1,0.8629506409164714
CC(C(=O)O)c1cccc(C(=O)c2ccccc2)c1,1,0,0.4538527953277498
Cc1ccc(C(=O)c2cc(O)c(O)c([N+](=O)[O-])c2)cc1,0,0,0.16170916818737693
C=C(C)CNCC(=O)N(C)c1ccc(Cl)cc1C(=O)c1ccccc1,1,1,0.8802982148276491
O=C1Nc2ccc(Cl)nc2C(c2ccccc2Cl)=NC1O,1,1,0.9693597311252344
CN1/C(=C(\O)Nc2ccccn2)C(=O)c2sccc2S1(=O)=O,0,0,0.19063278706532646
CC(C)COCC(CN(Cc1ccccc1)c1ccccc1)N1CCCC1,0,1,0.5427795501257686
CN(C)CC/C=C1/c2ccccc2CSc2ccccc21,1,1,0.9976129708717614
c1ccc(Cn2cc(CCc3ccncc3)c3ccccc32)cc1,1,1,0.7511686511096175
C=CCSCC(=O)NC1C(=O)N2C1SC(C)(C)C2C(=O)[O-],0,0,0.07095046934553485
CC1(C)S[C@@H]2[C@H](NC(=O)CCC[C@@H](N)C(=O)O)C(=O)N2[C@H]1C(=O)O,0,0,0.0006446311176040906
OC(c1ccccc1)(c1ccccc1)C1CC1c1ccncc1,1,1,0.8447536440038305
COC(=O)C1C2CC3c4[nH]c5cc(OC)ccc5c4CCN3CC2CC(OC)C1OC,1,1,0.6979278809061061
COC(=O)[C@@H]1[C@H]2C[C@H]3c4[nH]c5ccccc5c4CCN3C[C@@H]2CC[C@@H]1O,0,0,0.49990114245689277
CC[C@H](C)C(=O)O[C@H]1CCC=C2C=C[C@H](C)[C@H](CC[C@@H]3C[C@@H](O)CC(=O)O3)[C@H]21,1,1,0.9135754346226191
CCC(C)(C)C(=O)O[C@H]1C[C@@H](C)C=C2C=C[C@H](C)[C@H](CC[C@@H]3C[C@@H](O)CC(=O)O3)[C@H]21,1,1,0.934530061939659
O=C1NC(=O)C2(CCc3ccccc3C2)N1,1,1,0.9758259100857788
CC(C)C1NC(=O)[C@@H](C(C)C)OC(=O)[C@H](C(C)C)NC(=O)[C@H](C)OC(=O)[C@@H](C(C)C)NC(=O)[C@@H](C(C)C)OC(=O)[C@H](C(C)C)NC(=O)[C@H](C)OC(=O)[C@@H](C(C)C)NC(=O)[C@@H](C(C)C)OC(=O)[C@H](C(C)C)NC(=O)[C@H](C)OC1=O,0,0,0.17468844677992956
N#Cc1ccc2c(c1)C1=C(CCN(CC3CCCC3)CC1)c1ccccc1O2,1,1,0.9407856707311032
CC12C[C@H](O)[C@@]3(F)C(CCC4=CC(=O)C=CC43C)[C@@H]1C[C@H]1O[C@@](C)(c3ccccc3)O[C@]12C(=O)CO,1,1,0.9938841044250516
Fc1ccc(-c2ccc(CN3CCN(c4cccc5ccoc45)CC3)[nH]2)cc1,1,1,0.942102003731513
OCc1cccnc1,0,0,0.43849767913863164
CC(C)(C)NCC(O)c1ccc(O)c(CO)n1,0,0,0.07899699410830666
CNCCc1ccccn1,1,1,0.8517668017727926
CN(C)CCc1ccccn1,1,1,0.8903659056953981
CCc1cc(C(N)=S)ccn1,1,1,0.8732001311936365
NNC(=O)c1ccncc1,0,0,0.44225629295635244
NC(=O)c1cccnc1,1,1,0.8096311500231677
CCN(CC)C(=O)c1cccnc1,1,1,0.9333681325801131
CCNC(=NC#N)NCCSCc1ncccc1Br,0,0,0.3846072046688633
CC(C)NNC(=O)c1ccncc1,1,1,0.9065490451429505
CCNCc1c(CSC)cnc(C)c1O,1,1,0.8500776273676734
O=C(O)c1cc(=O)c2ccccc2o1,1,1,0.5595825040632334
CN1CCN(C2=Nc3ccccc3Cc3ccccc32)CC1,1,1,1.0
CN1CCN(C2=Nc3cc(F)ccc3Cc3ccccc32)CC1,1,1,1.0
O=C1CN=C(c2ccccn2)c2cc(Br)ccc2N1,1,1,0.9916985806569882
CO[C@H]1/C=C/O[C@@]2(C)Oc3c(C)c(O)c4c(c3C2=O)C(=O)/C(=C/NN2CCN(C3CCCC3)CC2)C(=C4O)NC(=O)/C(C)=C\C=C\[C@H](C)[C@H](O)[C@@H](C)[C@@H](O)[C@@H](C)[C@H](OC(C)=O)[C@@H]1C,0,0,0.09892633784834062
O=c1[nH]c2ccccc2c(=O)n1CCN1C[C@H]2C[C@H](c3ccc(F)cc3)[C@H]2C1,1,1,0.9789913304347337
CC1C2Cc3ccc(O)cc3C1(C)CCN2CCc1ccccc1,1,1,0.9961005230407137
O=C(Cc1ccc(Cl)c(Cl)c1)N1CCc2sccc2[C@H]1CN1CCCC1,1,1,0.9909897071895688
COC(=O)[C@@H]1C2CCC(C[C@@H]1OC(=O)c1ccccc1)N2C,1,1,0.8630345574233338
Cc1nc2n(c(=O)c1CCN1CCC(C(=O)c3ccc(F)cc3)CC1)CCS2,1,1,0.993719605630805
COc1cc(N)c(Cl)cc1C(=O)NC1CCN(CCCOc2ccc(F)cc2)CC1OC,1,1,0.6801409779400793
CC(=O)OCC1=C(C(=O)[O-])N2C(=O)[C@H](NC(=O)CC#N)[C@@H]2SC1,0,0,0.1581315101636352
CC(=O)OCC1=C(C(=O)O)N2C(=O)[C@@H](NC(=O)CCC[C@@H](N)C(=O)O)[C@H]2SC1,0,0,0.010256159506878446
CN(C)CCCN1c2ccccc2Sc2cccnc21,1,1,0.9602047494748773
NC1CONC1=O,1,1,0.7761039329422076
COc1cc2c(cc1OC)C(c1cccc(Cl)c1)=NN=C(C)C2,1,1,0.9706243257102557
CCC1C(C)=NN=C(c2ccc(OC)c(OC)c2)c2cc(OC)c(OC)cc21,1,1,0.762005882742416
COc1cc2c(cc1OC)C(c1ccc(N)cc1)=NN=C(C)C2,1,1,0.9562832193589675
CC(C)(C)C(O)/C=C/c1ccc2c(c1)OCO2,1,1,0.9228976922071118
O=C1NC2CCCCN2C12CCN(CCCN1c3ccccc3CCc3ccc(Cl)cc31)CC2,1,1,0.7175256556571524
CN1C[C@H](CN2CC(=O)NC(=O)C2)C=C2c3cccc4[nH]cc(c34)C[C@H]21,1,1,0.89659376486546
CCC(=O)N(c1ccc(Cl)c(Cl)c1)[C@@H]1CCC[C@H]1N(C)C,1,1,0.9784253205148451
CN1CCN(C(=O)OC2C3=C(SCCS3)C(=O)N2c2ccc3ccc(Cl)nc3n2)CC1,1,1,0.8756946311720405
CCC(=O)N1CCN(C(=O)OC2C3=C(SCCS3)C(=O)N2c2ccc3ccc(Cl)nc3n2)CC1,1,1,0.8165273085142881
CN(C)CCCn1c(=O)c2ccccc2c2ccccc21,1,1,0.9437139109171626
CC(=O)OCC(=O)[C@@]1(OC(=O)c2ccco2)[C@H](C)C[C@H]2[C@@H]3CCC4=CC(=O)C=C[C@]4(C)[C@@]3(F)[C@@H](O)C[C@@]21C,1,1,0.8611222157963606
O=C(NCCCOc1cccc(CN2CCCCC2)c1)c1ccccc1,1,1,0.7944852634784216
Cc1[nH]ccc2c1[nH]c1cc(=O)ccc12,1,1,0.7596942533185492
CCC(=O)O[C@H]1[C@H](C)O[C@@H](O[C@@H]2C(C)C(=O)O[C@H](C)[C@H](C)[C@H](OC(=O)CC)[C@@H](C)C(=O)[C@]3(CO3)CC(C)[C@H](O[C@@H]3O[C@H](C)C[C@H](N(C)C)[C@H]3O)[C@H]2C)C[C@@H]1OC,0,0,0.04259913770933227
CO[C@H]1C[C@H](O[C@H]2[C@H](C)[C@@H](O[C@@H]3O[C@H](C)C[C@H](N(C)C)[C@H]3OC(C)=O)[C@@H](C)C[C@@]3(CO3)C(=O)[C@H](C)[C@@H](OC(C)=O)[C@@H](C)[C@@H](C)OC(=O)[C@@H]2C)O[C@@H](C)[C@@H]1OC(C)=O,0,0,0.46191844586040126
COC1CC(O[C@H]2[C@H](C)[C@@H](OC3OC(C)CC(N(C)C)C3O)[C@@H](C)C[C@]3(CO3)C(=O)[C@H](C)[C@@H](O)[C@@H](C)[C@@H](C)OC(=O)[C@@H]2C)OC(C)C1O,0,0,0.003490999202355587
CCC1(CC)C(=O)NCC(C)C1=O,1,1,0.9810738255060757
COc1cc(C(=O)N2CCCCCCC2)cc(OC)c1OC,1,1,0.9575204141422228
CN1CCCN(C(c2ccccc2)c2ccc(Cl)cc2)CC1,1,1,0.986180487168787
CC12CCCCCC(Cc3ccc(O)cc31)C2N,1,1,0.9201884211499024
CCC1(C)CC(=O)NC1=O,1,1,0.9564608566532895
CCC1(CC)C(=O)NC(=O)N(c2ccccc2)C1=O,1,1,0.9147636962600804
O=C(NCCN1CCOCC1)c1ccc(Cl)cc1,1,1,0.9849691451884443
CN1CCN(C2=c3ccccc3=Nc3ccc(Cl)cc3N2)CC1,1,1,0.9883396262492674
CCN(C(C)=O)c1cccc(-c2ccnc3c(C#N)cnn23)c1,1,1,0.9487476175382765
COc1ccc2c3c1O[C@H]1C[C@@H](O)C=C[C@@]31CCN(C)C2,1,1,0.926316178768685
CCC12CCN(CC3CC3)C(Cc3ccc(O)cc31)C2(C)C,1,1,0.9782776273227554
CC1C2Cc3ccc(O)cc3C1(C)CCN2CC1CC1,1,1,0.9908636769274429
CC[C@]12CCN(CC3(O)CC3)[C@H](Cc3ccc(O)cc31)C2(C)C,1,1,0.9000185490922658
COC(=O)C(c1ccccc1)C1CCCCN1,1,1,0.9750235448271609
CC(=O)OC(c1ccccc1)C1CCCCN1,1,1,0.9726337614226115
CC1(C)S[C@@H]2[C@H](NC(=O)[C@H](N)c3ccccc3)C(=O)N2[C@H]1C(=O)OC1OC(=O)c2ccccc21,0,0,0.08080022142454077
CN(Cc1cnc2nc(N)nc(N)c2n1)c1ccc(C(=O)N[C@@H](CCC(=O)O)C(=O)O)cc1,0,0,0.12568341969737792
COc1ccc(Cc2nccc3cc(OC)c(OC)cc23)cc1OC,0,0,0.3621402848525005
C[C@H]1CCCC[C@@]1(c1cccs1)N1CCCCC1,1,1,0.9767602674294037
CN(C)Cc1ccc(-c2cccc(NC3N=CC=C3[N+](=O)[O-])c2)o1,1,1,0.8957517165280171
CO[C@@]1(NC(=O)C2SC(=C(C(N)=O)C(=O)O)S2)C(=O)N2C(C(=O)O)=C(CSc3nnnn3C)CS[C@@H]21,0,0,0.09909618297899364
O=c1[nH]c2cc(Cl)ccc2n1C1CCN(CCCC(c2ccc(F)cc2)c2ccc(F)cc2)CC1,1,1,0.6951109349542135
O=c1[nH]c2ccccc2n1C1CCN(CCCC(c2ccc(F)cc2)c2ccc(F)cc2)CC1,1,1,0.8233807682181378
Cc1ccc(S(=O)(=O)CCN2C(=O)CN=C(c3ccccc3Cl)c3cc(Cl)ccc32)cc1,1,1,0.8476783574361396
OCCN1CCN(CCCC2c3ccc(F)cc3Sc3ccc(C(F)(F)F)cc32)CC1,1,1,0.9634749605413065
OCCCN1CCN(CCCC2c3ccccc3Sc3ccc(Cl)cc32)CC1,1,1,0.9925204115295964
COc1cc(C(=O)OCCN2CCN(CCCN3c4ccccc4Sc4ccc(Cl)cc43)CC2)cc(OC)c1OC,1,1,0.7014574433020127
CC(C)(Oc1ccc(Cl)cc1)C(=O)N[C@@H](C(=O)N[C@@H]1C(=O)N2[C@@H]1SC(C)(C)[C@@H]2C(=O)O)c1ccccc1,0,0,0.02749832274894681
Cc1nccc2c1[nH]c1ccccc12,1,1,0.8460145446150059
Clc1ccc2c(c1)C(c1ccccc1)=NCc1nncn1-2,1,1,0.9869992902772086
Cc1nnc2n1-c1ccc(Cl)cc1C(c1ccccc1Cl)=NC2,1,1,0.9907214741408386
Cc1nnc2n1-c1ccc(Cl)cc1C(c1ccccc1)=NC2,1,1,0.9952688105517714
CN(C)Cc1nnc2n1-c1ccc(Cl)cc1C(c1ccccc1)=NC2,1,1,0.9693776293209224
CC(Cc1ccccc1)n1cc([N-]C(=O)Nc2ccccc2)[o+]n1,1,1,0.9291694411942824
CO[C@@]1(NC(=O)CSC(F)(F)F)C(=O)N2C(C(=O)O)=C(CSc3nnnn3CCO)CO[C@@H]21,0,0,0.07487320803059466
CC1(C)O[C@@H]2C[C@H]3C4CCC5CC(=O)CCC5(C)[C@@]4(F)[C@@H](O)CC3(C)[C@]2(C(=O)CO)O1,1,1,0.9222760298981362
O=C([O-])c1ccccc1Oc1ccccc1,1,1,0.5415962229036976
CN1CCC(=C2c3ccccc3Sc3ccccc32)CC1,1,1,0.9997811476822334
OC(c1ccccc1)(c1ccccc1)C1CCCCN1,1,1,0.9166635615601845
CCCCCC(C)C(C)c1cc(OC(=O)CCCN2CCCCCC2)c2c(c1)OC(C)(C)C1=C2CC(C)CC1,1,1,0.6282802041154029
NS(=O)(=O)c1cc2c(cc1Cl)NC=NS2(=O)=O,0,0,0.2026011470979745
COC1=CC(=O)OC1C(O)c1ccccc1Cl,1,1,0.9026140098780289
O=C1NC(=O)C2(c3ccc(Cl)cc3)CC12,1,1,0.9816360571864248
CCOC(=O)[C@H](CCc1ccccc1)N[C@@H](C)C(=O)N1CCC[C@H]1C(=O)O,0,0,0.10126761402421469
c1ccc(CC2NCCc3c2[nH]c2ccccc32)cc1,1,1,0.9546841430200567
Cn1cc(CCN2CCN(c3ccccc3Cl)CC2)cn1,1,1,0.998144631117604
Cc1cnc(N/C(O)=C2/C(=O)c3ccccc3S(=O)(=O)N2C)s1,0,0,0.10588566594813287
C=C[C@H]1CN2CC[C@@H]1C[C@H]2[C@H](O)c1ccnc2ccc(OC)cc12,0,1,0.5396566310855124
C=C[C@H]1CN2CC[C@H]1C[C@@H]2[C@@H](O)c1ccnc2ccc(OC)cc12,1,1,0.5396566310855124
C[C@H]1O[C@@H](O[C@H]2[C@@H](O)C[C@H](O[C@H]3[C@@H](O)C[C@H](O[C@H]4CC[C@@]5(C)[C@H](CC[C@@H]6[C@@H]5CC[C@]5(C)[C@H](C7=CC(=O)OC7)CC[C@]65O)C4)O[C@@H]3C)O[C@@H]2C)C[C@H](O)[C@@H]1O,0,0,0.30501394353056704
C[C@H]1O[C@@H](O[C@H]2[C@@H](O)C[C@H](O[C@H]3[C@@H](O)C[C@H](O[C@H]4CC[C@@]5(C)[C@H](CC[C@@H]6[C@@H]5C[C@@H](O)[C@]5(C)[C@@H](C7=CC(=O)OC7)CC[C@]65O)C4)O[C@@H]3C)O[C@@H]2C)C[C@H](O)[C@@H]1O,0,0,0.3009974382639445
CO[C@@]12[C@H](COC(N)=O)C3=C(C(=O)C(C)=C(N)C3=O)N1C[C@@H]1N[C@@H]12,0,0,0.10480290679077083
COc1cc2c(cc1OC)C1CC(=O)C(CC(C)C)CN1CC2,1,1,0.9467835365626341
O=C(NCCc1ccc(O)c(O)c1)C12CC3CC(CC(C3)C1)C2,1,1,0.7546596040624601
CN1[C@@H]2CCC[C@H]1CC(NC(=O)c1nn(C)c3ccccc13)C2,1,1,0.9574520638928615
Cc1[nH]nc2c1N(c1ccccc1)C(=O)CC(=O)N2C,1,1,0.8553306666428719
CCCCCc1cc(O)c2c(c1)OC(C)(C)[C@@H]1CCC(C)=C[C@@H]21,1,1,0.8640219887808239
Cc1ccsc1C(=CCCN1CCC[C@@H](C(=O)O)C1)c1sccc1C,1,1,0.7892815042594884
COc1ccc(C2CNC(=O)C2)cc1OC1CCCC1,1,1,0.96255543790035
CCN(CC)C(=O)[C@H]1[C@H](C(=O)N(CC)CC)[C@H]2C=C[C@@H]1C2,1,1,0.903759652393694
CC1(C)S[C@@H]2[C@H](NC(=O)[C@H](NC(=O)N3CCN(S(C)(=O)=O)C3=O)c3ccccc3)C(=O)N2[C@H]1C(=O)O,0,0,0.15988266302951634
COc1cc(/C=C/C(=O)N2CCCCCCC2)cc(OC)c1OC,1,1,0.9180726101001033
CC1(C)S[C@@H]2[C@H](NC(=O)[C@H](NC(=O)Nc3cnc(Nc4ccc(S(N)(=O)=O)cc4)[nH]c3=O)c3ccc(O)cc3)C(=O)N2[C@H]1C(=O)O,0,0,0.17740918854970278
CC(C)CC(N(C)C)C1(c2ccc(Cl)cc2)CCC1,1,1,0.9822352834277932
CC(=O)CC(c1ccccc1)c1c(O)oc2ccccc2c1=O,0,0,0.3452788832653664
O=c1cc[nH]nc1,1,1,0.6381926781168761
O=[N+]([O-])c1cc[nH]c1NCCSCc1ccccn1,1,1,0.8666404512196254
Cc1cc(C(C)(C)SC(C)(C)CNc2[nH]ccc2[N+](=O)[O-])nc(C)c1C,1,1,0.8835744095963947
Cn1c(=O)c2c(ncn2CCN2CCC(c3c[nH]c4ccccc34)CC2)n(C)c1=O,1,1,0.9299762727838359
CN[C@H]1CC[C@@H](c2ccc(Cl)c(Cl)c2)c2ccccc21,1,1,0.9922991055511055
CNC1CCC(c2ccccc2)c2ccccc21,1,1,0.9753040223502475
O=C(CCCN1CCC(n2c(=O)[nH]c3ccccc32)CC1)c1ccc(F)cc1,1,1,0.9960088547291598
Cc1cccc(O[C@H]2CCNC[C@H]2O)c1C,1,1,0.7689283026475852
COc1ccc2c3c1OC1C(OC(=O)c4cccnc4)CCC4C(C2)N(C)CCC341,1,1,0.9522536038608425
NC(=O)N1c2ccccc2C2OC2c2ccccc21,1,1,0.9772059315205844
S=C1NCCC(COc2ccccc2)O1,1,1,0.9302097886857683
CN1C(=O)CC2(CCN(CCCC(=O)c3ccc(F)cc3)CC2)C1=O,1,1,0.9369419347742669
NC(=O)c1cn(Cc2c(F)cccc2F)nn1,1,1,0.86849076158174
c1ccc([C@@H]2CN3CCSC3=N2)cc1,1,1,0.9921076174927821
Cc1ncc2n1-c1ccc(Cl)cc1C(c1ccccc1F)=NC2,1,1,0.9730501897175037
Cc1ncc2n1-c1ccc(Cl)cc1C(c1ccccc1Cl)=NC2,1,1,0.9626167304228086
Cc1ncc2n1-c1ccc(Cl)cc1C(c1ccccc1F)=NC2O,1,1,0.9680426296561647
OCc1ncc2n1-c1ccc(Cl)cc1C(c1ccccc1F)=NC2,1,1,0.9429957247845502
Cn1c(=O)c2nc[nH]c2n(C)c1=O,1,1,0.6966280135369057
O=C(O)CCc1nc(-c2ccccc2)c(-c2ccccc2)o1,0,0,0.25739400841166094
CC(C)(C)NC(=O)[C@@H]1CN(Cc2cccnc2)CCN1C[C@@H](O)C[C@@H](Cc1ccccc1)C(=O)N[C@H]1c2ccccc2C[C@H]1O,1,0,0.31226182745864767
CCOC(=O)c1ncn2c1CN(C)C(=O)c1cc(F)ccc1-2,1,1,0.8900863410792055
NC(=O)CN1C(=O)COc2ccccc21,1,1,0.9197326775657167
Cc1csc2ccc3[nH]c4c(c3c12)CN(C)CC4,1,1,0.9903836211556609
CCN1CCc2[nH]c3cc(F)c4scc(C)c4c3c2C1,1,1,0.9869486130020045
OCCC1CCN(CC/C=C2\c3ccc(F)cc3Sc3ccc(C(F)(F)F)cc32)CC1,1,1,0.8580500119900658
CO[C@H](C(=O)[C@@H](O)[C@@H](C)O)[C@@H]1Cc2cc3cc(O[C@H]4C[C@@H](O[C@H]5C[C@@H](O)[C@H](O)[C@@H](C)O5)[C@H](O)[C@@H](C)O4)c(C)c(O)c3c(O)c2C(=O)[C@H]1O[C@H]1C[C@@H](O[C@H]2C[C@@H](O[C@H]3C[C@](C)(O)[C@H](O)[C@@H](C)O3)[C@H](O)[C@@H](C)O2)[C@H](O)[C@@H](C)O1,1,1,0.5924912974038847
CCc1c(C)[nH]c2c1C(=O)C(CN1CCOCC1)CC2,1,1,0.9919534115790863
O=C1CSC2(CCN(CCCN3c4ccccc4Sc4ccc(Cl)cc43)CC2)N1,1,1,0.9761299086490642
NS(=O)(=O)c1cc(C2(O)NC(=O)c3ccccc32)ccc1Cl,0,0,0.07277223087590996
CCCC(C)C1(CCSC)C(=O)NC(=S)NC1=O,1,1,0.7616609159096887
CCCC(C)C1(CC)C(=O)NC(=S)NC1=O,0,1,0.598099626972122
C=CCC1(C(C)CCC)C(=O)NC(=S)NC1=O,1,1,0.7143505191463544
CCCC(CC)C1(CC)C(=O)NC(=S)NC1=O,1,1,0.7698302493658727
COc1ccc(N2C[C@H](CN3CCC(O)(c4ccc5c(c4)OCO5)CC3)OC2=O)cc1,1,1,0.853979955488557
NC(N)=NC(=O)c1nc(Cl)c(N)nc1N,1,1,0.7575287688121923
CN(C)c1cnccn1,1,1,0.8709933881716262
NC(=O)c1cnccn1,1,1,0.7949246100748908
CCOC(=O)C1(c2ccccc2)CCC=CC1N(C)C,1,1,0.9818522229386026
COc1ccc2c(c1OC)[C@]13CCN(C)[C@H](C2)[C@]1(O)CC[C@@H](O)C3,1,1,0.8766785781663582
CN1CC[C@@]23CCCC[C@@H]2[C@@H]1Cc1ccc(O)cc13,1,1,0.9906199863851421
CN1CC[C@]23CCCC[C@H]2[C@H]1Cc1ccc(O)cc13,1,1,0.9906199863851421
Cc1ccc2c(c1)[C@]13CCCC[C@@H]1[C@H](C2)N(C)CC3,1,1,0.9941099985631918
C=CCN1CC[C@]23CCCC[C@H]2[C@H]1Cc1ccc(O)cc13,1,1,0.9927588574397546
Oc1ccc2c(c1)C13CCCCC1C(C2)NCC3,1,1,0.952563758591458
COc1ccc2c(c1)[C@]13CCCC[C@@H]1[C@H](C2)N(C)CC3,1,1,0.9623428423125675
Cc1cc(C)c(=O)[nH]n1,1,1,0.8375870094036685
c1ccc(-c2nc(N3CCNCC3)cc3ccccc23)cc1,1,1,0.9686617020791666
CCN(CC)C(=O)N1CCN(CCCc2nc3c(c(=O)n(C)c(=O)n3C)n2C)CC1,1,1,0.8210544173460531
CCn1cc(C(=O)O)c(=O)c2cc(F)c(N3CCNCC3)nc21,0,0,0.13316045456916797
CC1(C)S[C@@H]2[C@H](NC(=O)C(C(=O)Oc3ccccc3)c3ccccc3)C(=O)N2[C@H]1C(=O)O,0,0,0.019959139784012227
CCNC1(c2cccs2)CCCCC1=O,1,1,0.9884762226371449
CS(=O)(=O)c1ccc2c(c1)N(CCCN1CCC(C(N)=O)CC1)c1ccccc1S2,1,1,0.9289632158491691
N#Cc1ccc2c(c1)N(CCCN1CCC(O)CC1)c1ccccc1S2,1,1,0.9762348176410361
COc1ccc2c(c1)N(CC(C)CN1CCC(O)CC1)c1ccccc1S2,1,1,0.9758788978301399
CC(=O)c1ccc2c(c1)N(CCCN1CCC(CCO)CC1)c1ccccc1S2,1,1,0.9355504067153988
CCCCCCCCCCCCCCCC(=O)OCCC1CCN(CCCN2c3ccccc3Sc3ccc(S(=O)(=O)N(C)C)cc32)CC1,1,1,0.7236483300787684
OCCOC1CCN(CCCN2c3ccccc3Sc3ccc(C(F)(F)F)cc32)CC1,1,1,0.8615981268900318
CN(C)S(=O)(=O)c1ccc2c(c1)N(CCCN1CCC(CCO)CC1)c1ccccc1S2,1,1,0.9149266221642837
Nc1nc(NC2CC2)c2ncn([C@H]3C=C[C@@H](CO)C3)c2n1,1,1,0.6806352333889707
C/C=C\C1O[C@]2(C(=O)COC(=O)c3ccncc3)CC[C@@]3(O1)[C@@H]1CCC4=CC(=O)CC[C@]4(C)[C@H]1[C@@H](O)C[C@]23C,1,1,0.8354504036105322
CCNC1=Nc2ccc(Cl)cc2C(C)(c2ccccc2)O1,1,1,0.9766045210142074
O=C(CCCN1CCN2CCCC2C1)c1ccc(F)cc1,1,1,0.9862861449395536
Cc1cc(C(=O)NNCc2ccccc2)no1,1,1,0.9329542412091658
O=C(O)C1CCN1C12CC3CC(CC(C3)C1)C2,1,1,0.866209798998047
CCCCc1oc2ccccc2c1C(=O)c1cc(I)c(OCCN(CC)CC)c(I)c1,0,0,0.35532852881512644
COc1ccc2nc(S(=O)Cc3ncc(C)c(OC)c3C)[nH]c2c1,0,0,0.3216819442505174
CCc1cc2c(s1)N(C)C(=O)CN=C2c1ccccc1Cl,1,1,0.9977999906834114
C=CCN1C(=O)C(CC(C)C)NC1=S,1,1,0.9793293564335207
CN1Cc2c(-c3noc(C(C)(C)O)n3)ncn2-c2cccc(Cl)c2C1=O,0,0,0.35246319628712086
CN1Cc2c(-c3noc(C(C)(CO)CO)n3)ncn2-c2cccc(Cl)c2C1=O,0,0,0.03700319983000358
CN1Cc2c(-c3noc([C@](C)(O)CO)n3)ncn2-c2cccc(Cl)c2C1=O,0,0,0.03125302103118831
CN1Cc2c(-c3noc(C(C)(O)CO)n3)ncn2-c2cccc(Cl)c2C1=O,0,0,0.03125302103118831
CC(C)c1nc(-c2ncn3c2CN(C)C(=O)c2c(Cl)cccc2-3)no1,1,1,0.8697868186173945
CCc1c(OC)nc2nc(-c3noc(C)n3)cn2c1C,1,1,0.8282405279513995
C[C@@H](O)[C@H]1C(=O)N2C(C(=O)O)=C(SC3CCS(=O)C3)S[C@H]12,0,0,0.044185971277192745
CC(C)[C@@H](CN1CCCC1)N(C)C(=O)Cc1ccc(Cl)c(Cl)c1,1,1,0.9909129375289981
CN1C(=S)CN=C(c2ccccc2)c2cc(Cl)ccc21,1,1,0.9814103172191004
Fc1ccccc1C1=NCC(=S)N(CC(F)(F)F)c2ccc(Cl)cc21,1,1,0.9680749325714113
CNCCCC1(C)C(=O)N(c2ccccc2)c2ccccc21,1,1,0.9722371010124204
Oc1ccc2c(c1)C13CCN(CC4CC4)C(C2)C1CCOC3,1,1,0.9547810521833653
COc1ccc(C[C@H](N)C(=O)NC2[C@@H](O)[C@H](n3cnc4c(N(C)C)ncnc43)O[C@@H]2CO)cc1,0,0,0.05932013763450862
CN1[C@@H]2CC[C@H]1CC(NC(=O)c1cn(C3CCCCC3)c3ccccc3c1=O)C2,1,1,0.8886235257770945
CC(C)c1nc(CN(C)C(=O)N[C@H](C(=O)N[C@@H](Cc2ccccc2)C[C@H](O)[C@H](Cc2ccccc2)NC(=O)OCc2cncs2)C(C)C)cs1,0,0,0.22372105025362457
COc1ccc(CCN(C)CCCC(C#N)(c2ccc(OC)c(OC)c2)C(C)C)cc1OC,0,0,0.2943892347684741
COc1cc(Br)c2oc(C3CCNCC3)cc2c1,1,1,0.9516705727317462
CCOC(=O)C[C@@H](O)C[C@@H](O)/C=C/C1=C(c2ccc(F)cc2)c2ccccc2OC12CCCC2,1,1,0.8473952010367978
CC1=C[C@@H]2[C@H]([C@@H](O)C[C@@]3(C)[C@H]2C[C@@H](C)[C@]3(O)C(=O)COC(=O)c2cccc(S(=O)(=O)O)c2)[C@@]2(C)Cc3cnn(-c4ccccc4)c3C=C12,1,1,0.7200495255536022
FC(F)(F)c1cccc(C2=CCN(CCc3ccc4ccccc4c3)CC2)c1,1,1,0.9441425985343065
Cc1cccc(Cl)c1NC(=O)/C=C1\SCC(=O)N1C,1,1,0.997568680354561
NC1=NC(=O)C(c2ccccc2)O1,1,1,0.9160356300404381
CCNC1=NC(=O)C(c2ccccc2)O1,1,1,0.9259988735469556
CN(C)C1=NC(=O)C(c2ccccc2)O1,1,1,0.9281550348083951
COc1ccc(OCC2CN(C)CCC2c2ccccc2)cc1,1,1,0.9503626856439792
NCc1ccccc1CC(=O)N[C@@H]1C(=O)N2C(C(=O)O)=C(CSc3nnnn3CC(=O)O)CS[C@H]12,0,0,0.04026032567073397
O=C(O)C1=C(CSc2nnnn2CS(=O)(=O)O)CS[C@@H]2[C@H](NC(=O)C(O)c3ccccc3)C(=O)N12,0,0,0.02657929965995442
Cn1nnnc1SCC1=C(C(=O)O)N2C(=O)[C@@H](NC(=O)[C@H](O)c3ccccc3)[C@H]2SC1,1,0,0.10134277132002815
CCN1CC(CCN2CCOCC2)C(c2ccccc2)(c2ccccc2)C1=O,1,1,0.9735278713837785
Nc1ncc2ncn(COCCO)c2n1,1,1,0.7644896991246197
CC(=O)OCC(CCn1cnc2cnc(N)nc21)COC(C)=O,1,1,0.7100538580230936
CC(C)OCC(COC(C)C)OCn1cnc2cnc(N)nc21,1,1,0.7508470297790527
CC(c1noc2ccc(Cl)cc12)n1ccnc1,1,1,0.9239183534041796
CN(C)C1CCc2[nH]c3ccccc3c2C1,1,1,0.9841911979085366
CN(C)C1CCc2[nH]c3c(F)cc(F)cc3c2C1,1,1,0.965720413999814
C/C=C/C=C/C1OC(O)(C(CC)C(=O)NC/C=C/C=C(\C)C(OC)C(C)C2OC(/C=C/C=C/C=C(\C)C(=O)c3c(O)n(C)ccc3=O)C(O)C2O)C(O)C(OC2OC(C)C(OC3OC(C)C(OC)C(O)C3OC)C(OC)C2O)C1(C)C,0,0,0.12948188723849413
S=P(N1CC1)(N1CC1)N1CC1,1,1,0.8784817072923812
Cc1nc2c(C)cccn2c(=O)c1CCN1CCC(c2noc3cc(F)ccc23)CC1,1,1,0.9685233832506954
CNCCC(Oc1cccc2ccccc12)c1cccs1,1,1,0.9291862966759104
C#CCN[C@@H]1CCc2ccccc21,1,1,0.9481828790668407
CC(CCc1ccccc1)NC(C)C(O)c1ccc(O)cc1,0,0,0.30944212300490337
CC(CCc1ccccc1)NCC(O)c1ccc(O)c(C(N)=O)c1,0,0,0.14087253804287087
CN1CCCC(CN2c3ccccc3Sc3ccccc32)C1,1,1,0.9997811476822334
O=C1NCCN1C1CCN(CCC2COc3ccccc3O2)CC1,1,1,0.8767484459612942
O=C1OCCC1C1(O)CCN(CCCN2c3ccccc3Sc3ccc(Cl)cc32)CC1,1,1,0.9155999066338343
CN(C)CCCN1c2ccccc2C(c2ccccc2)=Nc2cccnc21,1,1,0.9037035385237224
O=C1NCCN1CCN1CCC(c2cn(-c3ccc(F)cc3)c3ccc(Cl)cc23)CC1,1,1,0.9425387681653474
O=C1CCc2ccc(OCCCCN3CCN(c4cccc(Cl)c4Cl)CC3)cc2N1,1,1,0.9259046151478166
CC(=O)OCC1=CO[C@@H](OC(=O)CC(C)C)[C@H]2C1=C[C@H](OC(=O)CC(C)(C)OC(C)=O)[C@]21CO1,1,1,0.5395214745063294
CC(=O)OCC1=CO[C@@H](OC(=O)CC(C)C)[C@H]2C1=C[C@H](OC(=O)CC(C)C)[C@]21CO1,1,1,0.7933858423862026
Cc1cccc(C)c1NC1=NCCCS1,1,1,0.9907809954600362
Cc1ccccc1N1CCN(CCCOc2ccccn2)CC1,1,1,0.9629156526351363
COCCCC(=O)OC(C)OC(=O)C1=C(COC(N)=O)CS[C@@H]2[C@H](NC(=O)/C(=N\OC)c3ccco3)C(=O)N12,0,0,0.07569216977127713
CO/N=C(\C(=O)N[C@@H]1C(=O)N2C(C(=O)O)=C(COC(C)=O)CS[C@H]12)c1ccco1,0,0,0.03283709631389709
CO/N=C(\C(=O)N[C@@H]1C(=O)N2C(C(=O)O)=C(COC(N)=O)CS[C@H]12)c1ccco1,1,0,0.0982800140458842
CO/N=C(\C(=O)N[C@@H]1C(=O)N2C(C(=O)OC(C)OC(C)=O)=C(COC(N)=O)CS[C@H]12)c1ccco1,0,0,0.07581201543139754
CC(C)Nc1cccnc1N1CCN(C(=O)c2cc3cc(NS(C)(=O)=O)ccc3[nH]2)CC1,0,0,0.23041916145930139
NC1=NC(C(F)(F)F)(C(F)(F)F)NC1(C(F)(F)F)C(F)(F)F,1,1,0.7711049844451143
COCc1c(C(C)C)nc(C(C)C)c(/C=C/[C@@H](O)C[C@@H](O)CC(=O)O)c1-c1ccc(F)cc1,1,1,0.5516674084864502
Cc1cccc(Cc2cnc[nH]2)c1C,1,1,0.8444839738973056
CCn1nc(C)c2c1C(c1ccccc1)=NCC(=O)N2,1,1,0.9866731823386339
CC[C@@]1(O)C(=O)OCc2c1cc1n(c2=O)Cc2cc3c(CN(C)C)c(O)ccc3nc2-1,1,0,0.4620043008840407
CN(C)CC/C=C1/c2ccccc2Sc2ccc(Cl)cc21,1,1,0.9940761349530782
CN(C)CCC=C1c2ccccc2Sc2ccccc21,1,1,0.9956475641956487
COc1ccc2c3c1OC1C(OC(C)=O)=CCC4C(C2)N(C)CCC314,1,1,0.9705835317631543
CC1=CCC2C3Cc4ccc(O)c5c4C2(CCN3C)C1O5,1,1,0.9788220184943381
CC1=C(C(=O)O)N2C(=O)[C@@H](NC(=O)[C@H](N)C3=CCC=CC3)[C@H]2SC1,0,0,0.04929504893335979
O=C1CCC2(CCC(=O)c3ccccc32)C(=O)N1,1,1,0.9801501656441625
Clc1cccc(Cl)c1NC1=NCCO1,1,1,0.954426955178333
CCCCCCCCCCCCCC(=O)O[C@H]1C=C[C@H]2[C@H]3Cc4ccc(OCc5ccccc5)c5c4[C@@]2(CCN3C)[C@H]1O5,1,1,0.7680268166142612
CCn1cc(C(=O)O)c(=O)c2cc(F)c(N3CCNC(C)C3)c(F)c21,0,0,0.13159704722256568
CCn1cc(C(=O)O)c(=O)c2cc(F)c(N3CCN(C)CC3)cc21,0,0,0.13256465552963467
CN1CCN(c2c(F)cc3c(=O)c(C(=O)O)cn(CCF)c3c2F)CC1,0,0,0.18320159790954504
CCn1cc(C(=O)O)c(=O)c2cc(F)c(N3CCNCC3)cc21,0,0,0.05917940554319587
COC1CCCC2C1=C(C(=O)[O-])N1C(=O)C(C(C)O)C21,0,0,0.16152927270135808
C=C1C[C@H]2[C@@H]3CCC4=CC(=O)C=C[C@]4(C)[C@@]3(F)C(O)C[C@]2(C)[C@@]1(O)C(=O)CO,1,1,0.7909538195175335
C=C1CC2C3CCC4=CC(=O)C=CC4(C)C3C(O)CC2(C)C1(O)C(=O)CO,1,1,0.6578820339579861
CO/N=C(\C(=O)N[C@@H]1C(=O)N2C(C(=O)O)=C(/C=C/Sc3n[nH]c(=O)c(=O)n3CC=O)CS[C@H]12)c1csc(N)n1,0,0,0.13064614106409964
OCCCOc1cccc(CN2CCCCC2)c1,1,1,0.9115140565266505
CC(=O)NCCCOc1cccc(CN2CCCCC2)c1,1,1,0.8702200787218931
NC1CCCC1c1ccccc1,1,1,0.9582725453121299
C[N+]1(C)CCC(OC(=O)C(O)(c2ccccc2)C2CCCC2)C1,0,0,0.1922215570019611
CNCCC=C1c2ccccc2C2CC2c2ccccc21,1,1,0.963299919676451
CCCN(c1ccncc1)n1ccc2ccccc21,1,1,0.9581555366271048
Cc1oc(C(C)(C)N(C(C)(C)N)C(C)(C)N)c(C)c1C,1,1,0.7381100433645901
CN/C(=C\[N+](=O)[O-])NCCSCc1ccc(CN(C)C)o1,0,0,0.3128282270489513
CCCN(CCC)C1Cc2cccc3cc(O)cc(c23)C1,1,1,0.9652067941629917
Cc1c(C)c2ccc(OCc3nnc(C(C)C)s3)cc2oc1=O,1,1,0.8142580223089203
C1=C(CC2=NCNC2)CCc2ccccc21,1,1,0.9894163080022261
OC(CCN1CCCCC1)(c1ccccc1)C1CCCCC1,1,1,0.882938667699447
C[C@H]1C[C@H]2[C@@H]3CCC4=CC(=O)C=C[C@]4(C)[C@H]3C(=O)C[C@]2(C)[C@@]1(O)C(=O)CO,1,1,0.7438769062891947
C[C@]12C=CC(=O)C=C1CC[C@@H]1[C@@H]2C(=O)C[C@@]2(C)[C@H]1CC[C@]2(O)C(=O)CO,0,0,0.36656837272296694
CC(=O)OCC(=O)[C@@]1(O)CC[C@H]2[C@@H]3C[C@H](Cl)C4=CC(=O)C=C[C@]4(C)[C@H]3C(=O)C[C@@]21C,1,1,0.7885298879429912
C[C@H]1C[C@H]2[C@@H]3CCC4=CC(=O)C=C[C@]4(C)[C@@]3(F)C(=O)C[C@]2(C)[C@@]1(O)C(=O)CCl,1,1,0.9087217718535113
CCCC(=O)O[C@]1(C(=O)CCl)[C@@H](C)C[C@H]2[C@@H]3CCC4=CC(=O)C=C[C@]4(C)[C@@]3(F)C(=O)C[C@@]21C,1,1,0.8862636118923385
CN1CCN(c2ncc(-c3cc(Cl)cc(Cl)c3Cl)c(N)n2)CC1,1,1,0.9627840276175921
O=C1CN(C(=O)CN2CC(c3ccc(Cl)cc3)CC2=O)CCN1,1,1,0.836278515623008
O=C(NCCN1CCC(n2c(=O)[nH]c3cc(Cl)ccc32)CC1)c1ccc(F)cc1,1,1,0.9490411198462232
CO/N=C(\C(=O)N[C@H]1C(=O)N2C(C(=O)[O-])=C(COC(C)=O)CS[C@@H]12)c1csc(N)n1,1,0,0.17139390061849855
CO/N=C(\C(=O)N[C@@H]1C(=O)N2C(C(=O)O)=CCS[C@H]12)c1csc(N)n1,0,0,0.03571199714931732
COCC1=C(C(=O)O)N2C(=O)[C@@H](NC(=O)/C(=N\O)c3csc(N)n3)[C@H]2SC1,0,0,0.01588441424115465
C=CC1=C(C(=O)O)N2C(=O)[C@@H](NC(=O)/C(=N\O)c3csc(N)n3)[C@H]2SC1,0,0,0.014585039208628154
CO/N=C(\C(=O)N[C@@H]1C(=O)N2C(C(=O)O)=C(C)CS[C@H]12)c1csc(N)n1,0,0,0.008398965431970367
C=CC1=C(C(=O)O)N2C(=O)[C@@H](NC(=O)/C(=N\OCC(=O)O)c3csc(N)n3)[C@H]2SC1,0,0,0.025048544294564636
COCC1=C(C(=O)[O-])N2C(=O)[C@@H](NC(=O)/C(=N\OC)c3csc(N)n3)[C@H]2SC1,0,0,0.053964806483451054
Cc1cc(-c2ccccc2)nnc1NCCN1CCOCC1,1,1,0.960851616334467
N#Cc1cc(-c2ccccc2)nnc1NCCN1CCOCC1,1,1,0.9155693486412569
CC(C)N[C@H]1C2CCC(CC2)[C@]1(O)c1ccc(Cl)c(Cl)c1,1,1,0.9632097689798568
Cc1cnn(-c2c(Cl)cccc2Cl)c1C(=O)N[C@@H]1C(=O)N2[C@@H]1SC(C)(C)[C@@H]2C(=O)O,0,0,0.06159781256275848
CCCC(=O)O[C@]1(C(=O)COC(C)=O)CC[C@H]2[C@@H]3C[C@H](C)C4=CC(=O)CC[C@]4(C)[C@H]3[C@@H](O)C[C@@]21C,1,1,0.9645604458529006
C[C@]12CCC(=O)C=C1CC[C@@H]1[C@@H]2[C@@H](O)C[C@@]2(C)[C@H]1CC[C@]2(O)C(=O)CO,0,0,0.4005204444533525
C[C@]12CC[C@H]3[C@@H](CCC4=CC(=O)CC[C@@]43C)[C@@H]1CC[C@@H]2O,0,0,0.35463273114293226
C[C@]12C[C@H](O)[C@H]3[C@@H](CCC4=CC(=O)CC[C@@]43C)[C@@H]1CC[C@@H]2C(=O)CO,0,1,0.572470399984521
C[C@]12CCC(=O)C=C1CC[C@@H]1[C@@H]2[C@@H](O)C[C@]2(C=O)[C@@H](C(=O)CO)CC[C@@H]12,0,0,0.3534300712007167
CC(=O)[C@@]1(O)[C@H](O)C[C@H]2[C@@H]3CCC4=CC(=O)CC[C@]4(C)[C@H]3CC[C@@]21C,1,1,0.8393901121813805
CC(=O)OCC(=O)[C@@]1(O)CC[C@H]2[C@@H]3CCC4=CC(=O)CC[C@]4(C)[C@H]3[C@@H](O)C[C@@]21C,1,1,0.9561796026422943
CCCC(=O)O[C@]1(C(=O)COC(=O)CC)CC[C@H]2[C@@H]3CCC4=CC(=O)CC[C@]4(C)[C@H]3[C@@H](O)C[C@@]21C,1,1,0.9693687252759
CCCC(=O)O[C@]1(C(=O)CO)CC[C@H]2[C@@H]3CCC4=CC(=O)CC[C@]4(C)[C@H]3[C@@H](O)C[C@@]21C,1,1,0.9769067014494207
CC(=O)[C@H]1CC[C@H]2[C@@H]3C[C@H](C)C4=CC(=O)CC[C@]4(C)[C@H]3[C@@H](O)C[C@]12C,1,1,0.8067419628934668
C[C@]12CCC(=O)C=C1CC[C@@H]1[C@@H]2[C@@H](O)C[C@@]2(C)[C@H]1CC[C@]2(O)C(=O)CS,1,1,0.8769081110867606
CC(C)(C)C(=O)SCC(=O)[C@@]1(O)CC[C@H]2[C@@H]3CCC4=CC(=O)CC[C@]4(C)[C@H]3[C@@H](O)C[C@@]21C,1,1,0.9460993217532903
C[C@]12CC[C@H]3[C@@H](CCC4=CC(=O)CC[C@@H]43)[C@@H]1CC[C@@H]2O,0,0,0.2176741201532751
C#C[C@]1(O)CC[C@H]2[C@@H]3CCC4=CC(=O)CC[C@@H]4[C@H]3CC[C@@]21C,0,0,0.20195037703768243
C[C@]12CCC(=O)C=C1CC[C@H]1[C@@H]3CC[C@](O)(C(=O)CO)[C@@]3(C)C[C@H](O)[C@@]12F,1,1,0.8493754158554225
CC(=O)OCC(=O)[C@@]1(O)CC[C@H]2[C@@H]3CCC4=CC(=O)CC[C@]4(C)[C@@]3(F)[C@@H](O)C[C@@]21C,1,1,0.9893854401497236
CC12CCC(=O)C=C1CCC1C2CCC2(C)C1CCC2(O)C(=O)CO,1,1,0.8174530173605952
CCC(=O)C1(O)CCC2C3CCC4=CC(=O)CCC4(C)C3C(O)CC21C,1,1,0.8631078566069031
C[C@]12CCC(=O)C=C1CC[C@@H]1[C@@H]2CC[C@@]2(C)[C@H]1CC[C@]2(C)O,0,0,0.3238684094509192
CC(=O)[C@H]1CC[C@H]2[C@@H]3CCC4=CC(=O)CC[C@]4(C)[C@H]3CC[C@]12C,0,0,0.33699499890179646
CCN(CC)CC(=O)OCC(=O)[C@@]1(O)CC[C@H]2[C@@H]3CCC4=CC(=O)CC[C@]4(C)[C@H]3[C@@H](O)C[C@@]21C,1,1,0.8943086737813783
CCC(=O)O[C@]1(C(=O)COC(C)=O)CC[C@H]2[C@@H]3CCC4=CC(=O)CC[C@]4(C)[C@H]3[C@@H](O)C[C@@]21C,1,1,0.9715989596060572
C[C@]12CCC(=O)C=C1CC[C@@H]1[C@@H]2[C@@H](O)C[C@@]2(C)[C@H]1CC[C@]2(O)C(=O)COC(=O)CCC(=O)O,1,1,0.6617552002847661
CCCCC(=O)O[C@]1(C(=O)CO)CCC2C3CCC4=CC(=O)CCC4(C)C3C(O)CC21C,1,1,0.9731679314421122
Cc1cc(=O)n(-c2ccccc2)n1C,1,1,0.9591936816543393
Cc1c(N(C)C)c(=O)n(-c2ccccc2)n1C,1,1,0.9382529922536759
ON1CC(=NCC2CC2)N=c2ccc(Cl)cc2=C1c1ccccc1,1,1,0.9118457245897577
CN1Cc2c(N)cccc2C(c2ccccc2)C1,1,1,0.9821815524543142
COc1ccc2c(c1)CN(C)CC2c1ccc(Cl)c(Cl)c1,1,1,0.9814436206214342
