source,split,row_id,drug,Y,original_smiles,b3db_group,b3db_row_nos
strict_b3db_confirmed_clean,train,existing:train:0,CC(C)(C)OC(=O)CCCc1ccc(N(CCCl)CCCl)cc1,1,CC(C)(C)OC(=O)CCCc1ccc(N(CCCl)CCCl)cc1,,
strict_b3db_confirmed_clean,train,existing:train:1,Cc1cc(Br)cc(C(N)=O)c1O,1,Cc1cc(Br)cc(C(N)=O)c1O,,
strict_b3db_confirmed_clean,train,existing:train:2,CC(=O)Nc1ccc(OC(C)(C)C)cc1,1,CC(=O)Nc1ccc(OC(C)(C)C)cc1,,
strict_b3db_confirmed_clean,train,existing:train:3,O=C(O)CNC(=O)c1ccccc1O,1,O=C(O)CNC(=O)c1ccccc1O,,
strict_b3db_confirmed_clean,train,existing:train:4,CSCC[C@H](NC(C)=O)C(=O)Oc1ccc(NC(C)=O)cc1,1,CSCC[C@H](NC(C)=O)C(=O)Oc1ccc(NC(C)=O)cc1,,
strict_b3db_confirmed_clean,train,existing:train:5,Cc1ccccc1,1,Cc1ccccc1,,
strict_b3db_confirmed_clean,train,existing:train:6,C[C@H](N)Cc1ccccc1,1,C[C@H](N)Cc1ccccc1,,
strict_b3db_confirmed_clean,train,existing:train:7,CCCCC/C(=N/OCCN)c1ccc(C)c(N)c1,1,CCCCC/C(=N/OCCN)c1ccc(C)c(N)c1,,
strict_b3db_confirmed_clean,train,existing:train:8,C#CC(OC(N)=O)c1ccccc1,1,C#CC(OC(N)=O)c1ccccc1,,
strict_b3db_confirmed_clean,train,existing:train:9,NS(=O)(=O)c1ccc(C(=O)O)cc1,1,NS(=O)(=O)c1ccc(C(=O)O)cc1,,
strict_b3db_confirmed_clean,train,existing:train:10,C[C@H](N)C(=O)c1ccccc1,1,C[C@H](N)C(=O)c1ccccc1,,
strict_b3db_confirmed_clean,train,existing:train:11,CC(=O)c1ccc(C(O)C(CO)NC(=O)C(Cl)Cl)cc1,1,CC(=O)c1ccc(C(O)C(CO)NC(=O)C(Cl)Cl)cc1,,
strict_b3db_confirmed_clean,train,existing:train:12,CS(=O)(=O)c1ccc([C@@H](O)[C@@H](CO)NC(=O)C(Cl)Cl)cc1,1,CS(=O)(=O)c1ccc([C@@H](O)[C@@H](CO)NC(=O)C(Cl)Cl)cc1,,
strict_b3db_confirmed_clean,train,existing:train:13,Cc1cccc(C)c1,1,Cc1cccc(C)c1,,
strict_b3db_confirmed_clean,train,existing:train:14,CCc1ccccc1,1,CCc1ccccc1,,
strict_b3db_confirmed_clean,train,existing:train:15,CCCC(=O)Nc1ccc(OCC(O)CNC(C)C)c(C(C)=O)c1,1,CCCC(=O)Nc1ccc(OCC(O)CNC(C)C)c(C(C)=O)c1,,
strict_b3db_confirmed_clean,train,existing:train:16,COC(=O)c1ccc(C(=O)OC)cc1,1,COC(=O)c1ccc(C(=O)OC)cc1,,
strict_b3db_confirmed_clean,train,existing:train:17,Cc1ccccc1C,1,Cc1ccccc1C,,
strict_b3db_confirmed_clean,train,existing:train:18,Cc1ccc(C)cc1,1,Cc1ccc(C)cc1,,
strict_b3db_confirmed_clean,train,existing:train:19,Cc1ccccc1OCC(COC(O)C(Cl)(Cl)Cl)OC(O)C(Cl)(Cl)Cl,1,Cc1ccccc1OCC(COC(O)C(Cl)(Cl)Cl)OC(O)C(Cl)(Cl)Cl,,
strict_b3db_confirmed_clean,train,existing:train:20,C#CCN(C)CCCOc1ccc(Cl)cc1Cl,1,C#CCN(C)CCCOc1ccc(Cl)cc1Cl,,
strict_b3db_confirmed_clean,train,existing:train:21,CC(C)(C)NCC(O)c1ccc(O)c(CO)c1,0,CC(C)(C)NCC(O)c1ccc(O)c(CO)c1,,
strict_b3db_confirmed_clean,train,existing:train:22,CCN(CC)C(=O)CNC(=O)c1cc(OC)c(OC)c(OC)c1,1,CCN(CC)C(=O)CNC(=O)c1cc(OC)c(OC)c(OC)c1,,
strict_b3db_confirmed_clean,train,existing:train:23,CC(=O)Nc1ccc(O)cc1,1,CC(=O)Nc1ccc(O)cc1,,
strict_b3db_confirmed_clean,train,existing:train:24,CCCCCCCCCCOc1c(OC)cc(C(N)=O)cc1OC,1,CCCCCCCCCCOc1c(OC)cc(C(N)=O)cc1OC,,
strict_b3db_confirmed_clean,train,existing:train:25,CC(C)C(CCCCCC(=O)O)NCc1ccc(F)cc1,1,CC(C)C(CCCCCC(=O)O)NCc1ccc(F)cc1,,
strict_b3db_confirmed_clean,train,existing:train:26,CCN(CC)CCNC(=O)c1cc(Cl)cc(Cl)c1OC,1,CCN(CC)CCNC(=O)c1cc(Cl)cc(Cl)c1OC,,
strict_b3db_confirmed_clean,train,existing:train:27,C=CCC(N)Cc1ccccc1,1,C=CCC(N)Cc1ccccc1,,
strict_b3db_confirmed_clean,train,existing:train:28,CC(Cc1ccccc1)N(C)C,1,CC(Cc1ccccc1)N(C)C,,
strict_b3db_confirmed_clean,train,existing:train:29,C[C@@](Cc1ccc(O)c(O)c1)(NN)C(=O)O,0,C[C@@](Cc1ccc(O)c(O)c1)(NN)C(=O)O,,
strict_b3db_confirmed_clean,train,existing:train:30,Cc1cc(N(C)C)ccc1C[C@H](C)N,1,Cc1cc(N(C)C)ccc1C[C@H](C)N,,
strict_b3db_confirmed_clean,train,existing:train:31,O=C(O)CCCc1ccc(N(CCCl)CCCl)cc1,0,O=C(O)CCCc1ccc(N(CCCl)CCCl)cc1,,
strict_b3db_confirmed_clean,train,existing:train:32,CCC(O)(COC(N)=O)c1ccccc1,1,CCC(O)(COC(N)=O)c1ccccc1,,
strict_b3db_confirmed_clean,train,existing:train:33,NNCCc1ccccc1,1,NNCCc1ccccc1,,
strict_b3db_confirmed_clean,train,existing:train:34,NC(=O)OCCCc1ccccc1,1,NC(=O)OCCCc1ccccc1,,
strict_b3db_confirmed_clean,train,existing:train:35,NCC(O)c1ccc(O)c(O)c1,0,NCC(O)c1ccc(O)c(O)c1,,
strict_b3db_confirmed_clean,train,existing:train:36,CCN(CC)CC(=O)Nc1c(C)cccc1C,1,CCN(CC)CC(=O)Nc1c(C)cccc1C,,
strict_b3db_confirmed_clean,train,existing:train:37,CCC(CC)(CNC(=O)CCCO)c1cccc(OC)c1,1,CCC(CC)(CNC(=O)CCCO)c1cccc(OC)c1,,
strict_b3db_confirmed_clean,train,existing:train:38,CN(C)CCOC(=O)COc1ccc(Cl)cc1,1,CN(C)CCOC(=O)COc1ccc(Cl)cc1,,
strict_b3db_confirmed_clean,train,existing:train:39,CC(C)(Oc1ccc(Cl)cc1)C(=O)O,0,CC(C)(Oc1ccc(Cl)cc1)C(=O)O,,
strict_b3db_confirmed_clean,train,existing:train:40,CN(C)C(=O)CCNc1ccc(Br)cc1,1,CN(C)C(=O)CCNc1ccc(Br)cc1,,
strict_b3db_confirmed_clean,train,existing:train:41,COc1cc(CCN)cc(OC)c1OC,1,COc1cc(CCN)cc(OC)c1OC,,
strict_b3db_confirmed_clean,train,existing:train:42,CCN(CC)CCNC(=O)c1cc(Br)c(N)cc1OC,1,CCN(CC)CCNC(=O)c1cc(Br)c(N)cc1OC,,
strict_b3db_confirmed_clean,train,existing:train:43,CCN(CC)CCOC(=O)c1ccc(N)cc1,1,CCN(CC)CCOC(=O)c1ccc(N)cc1,,
strict_b3db_confirmed_clean,train,existing:train:44,CN[C@@H](C)Cc1ccccc1,1,CN[C@@H](C)Cc1ccccc1,,
strict_b3db_confirmed_clean,train,existing:train:45,COc1ccccc1OCC(O)COC(N)=O,1,COc1ccccc1OCC(O)COC(N)=O,,
strict_b3db_confirmed_clean,train,existing:train:46,CCOC(=O)NNC(C)c1ccccc1,1,CCOC(=O)NNC(C)c1ccccc1,,
strict_b3db_confirmed_clean,train,existing:train:47,Nc1ccc(C(=O)O)c(O)c1,0,Nc1ccc(C(=O)O)c(O)c1,,
strict_b3db_confirmed_clean,train,existing:train:48,NC(=O)OCC(COC(N)=O)c1ccccc1,1,NC(=O)OCC(COC(N)=O)c1ccccc1,,
strict_b3db_confirmed_clean,train,existing:train:49,CN(C)C(C)(CO)Cc1ccc(Cl)c(Cl)c1,1,CN(C)C(C)(CO)Cc1ccc(Cl)c(Cl)c1,,
strict_b3db_confirmed_clean,train,existing:train:50,NC(=O)OCC(O)COc1ccc(Cl)cc1,1,NC(=O)OCC(O)COc1ccc(Cl)cc1,,
strict_b3db_confirmed_clean,train,existing:train:51,CC(C)c1cccc(C(C)C)c1O,1,CC(C)c1cccc(C(C)C)c1O,,
strict_b3db_confirmed_clean,train,existing:train:52,CC(C)(O)CC(C)(O)c1ccc(Cl)cc1,1,CC(C)(O)CC(C)(O)c1ccc(Cl)cc1,,
strict_b3db_confirmed_clean,train,existing:train:53,CC(C)(C)NCC(O)c1ccccc1F,1,CC(C)(C)NCC(O)c1ccccc1F,,
strict_b3db_confirmed_clean,train,existing:train:54,CS(=O)(=O)c1ccc([C@@H](O)[C@@H](CF)NC(=O)C(Cl)Cl)cc1,1,CS(=O)(=O)c1ccc([C@@H](O)[C@@H](CF)NC(=O)C(Cl)Cl)cc1,,
strict_b3db_confirmed_clean,train,existing:train:55,CCNC(=O)/C=C/c1cccc(Br)c1,1,CCNC(=O)/C=C/c1cccc(Br)c1,,
strict_b3db_confirmed_clean,train,existing:train:56,COc1cc(/C=C/C(N)=O)cc(OC)c1OC,1,COc1cc(/C=C/C(N)=O)cc(OC)c1OC,,
strict_b3db_confirmed_clean,train,existing:train:57,CCOC(=O)N(CCN(C)C)c1cccc(C(F)(F)F)c1,1,CCOC(=O)N(CCN(C)C)c1cccc(C(F)(F)F)c1,,
strict_b3db_confirmed_clean,train,existing:train:58,CNCC(O)c1ccc(O)c(O)c1,0,CNCC(O)c1ccc(O)c(O)c1,,
strict_b3db_confirmed_clean,train,existing:train:59,NCCc1ccc(O)c(O)c1,0,NCCc1ccc(O)c(O)c1,,
strict_b3db_confirmed_clean,train,existing:train:60,CCN(CC)CCNC(=O)COc1ccc(Cl)cc1,1,CCN(CC)CCNC(=O)COc1ccc(Cl)cc1,,
strict_b3db_confirmed_clean,train,existing:train:61,CCS(=O)(=O)c1ccc(F)cc1,1,CCS(=O)(=O)c1ccc(F)cc1,,
strict_b3db_confirmed_clean,train,existing:train:62,COCCCC/C(=N\OCCN)c1ccc(Cl)cc1,1,COCCCC/C(=N\OCCN)c1ccc(Cl)cc1,,
strict_b3db_confirmed_clean,train,existing:train:63,CN[C@@H](C)[C@H](O)c1ccccc1,0,CN[C@@H](C)[C@H](O)c1ccccc1,,
strict_b3db_confirmed_clean,train,existing:train:64,CNC[C@H](O)c1ccc(O)c(O)c1,0,CNC[C@H](O)c1ccc(O)c(O)c1,,
strict_b3db_confirmed_clean,train,existing:train:65,NC(CO)C(=O)NNCc1ccc(O)c(O)c1O,0,NC(CO)C(=O)NNCc1ccc(O)c(O)c1O,,
strict_b3db_confirmed_clean,train,existing:train:66,CC(C)(C)NCC(O)c1ccc(O)c(NC(N)=O)c1,0,CC(C)(C)NCC(O)c1ccc(O)c(NC(N)=O)c1,,
strict_b3db_confirmed_clean,train,existing:train:67,COCCCC/C(=N\OCCN)c1ccc(C(F)(F)F)cc1,1,COCCCC/C(=N\OCCN)c1ccc(C(F)(F)F)cc1,,
strict_b3db_confirmed_clean,train,existing:train:68,C=C(CC)C(=O)c1ccc(OCC(=O)O)c(Cl)c1Cl,0,C=C(CC)C(=O)c1ccc(OCC(=O)O)c(Cl)c1Cl,,
strict_b3db_confirmed_clean,train,existing:train:69,NC(N)=N/N=C/c1c(Cl)cccc1Cl,0,NC(N)=N/N=C/c1c(Cl)cccc1Cl,,
strict_b3db_confirmed_clean,train,existing:train:70,O=C(CCCl)NCCc1ccccc1,1,O=C(CCCl)NCCc1ccccc1,,
strict_b3db_confirmed_clean,train,existing:train:71,CC(C)NNC(=O)COc1ccc(Cl)cc1,1,CC(C)NNC(=O)COc1ccc(Cl)cc1,,
strict_b3db_confirmed_clean,train,existing:train:72,C[C@H](N)[C@H](O)c1cccc(O)c1,0,C[C@H](N)[C@H](O)c1cccc(O)c1,,
strict_b3db_confirmed_clean,train,existing:train:73,CC(C)NCC(O)c1ccc(O)c(O)c1,0,CC(C)NCC(O)c1ccc(O)c(O)c1,,
strict_b3db_confirmed_clean,train,existing:train:74,COCCc1ccc(OCC(O)CNC(C)C)cc1,1,COCCc1ccc(OCC(O)CNC(C)C)cc1,,
strict_b3db_confirmed_clean,train,existing:train:75,CCNCC(O)c1cccc(O)c1,0,CCNCC(O)c1cccc(O)c1,,
strict_b3db_confirmed_clean,train,existing:train:76,CC(NN)c1ccccc1,1,CC(NN)c1ccccc1,,
strict_b3db_confirmed_clean,train,existing:train:77,CCN(CC)CCNC(=O)COc1ccc(OC)cc1,1,CCN(CC)CCNC(=O)COc1ccc(OC)cc1,,
strict_b3db_confirmed_clean,train,existing:train:78,CC(C)NCC(O)c1ccc(NS(C)(=O)=O)cc1,1,CC(C)NCC(O)c1ccc(NS(C)(=O)=O)cc1,,
strict_b3db_confirmed_clean,train,existing:train:79,CC(Cc1ccccc1)NO,0,CC(Cc1ccccc1)NO,,
strict_b3db_confirmed_clean,train,existing:train:80,CNC(C)C(O)c1ccc(O)cc1,0,CNC(C)C(O)c1ccc(O)cc1,,
strict_b3db_confirmed_clean,train,existing:train:81,CC(=O)Nc1cccc(O)c1,1,CC(=O)Nc1cccc(O)c1,,
strict_b3db_confirmed_clean,train,existing:train:82,CC(C)(O)C(C)(O)c1cccc(Cl)c1,1,CC(C)(O)C(C)(O)c1cccc(Cl)c1,,
strict_b3db_confirmed_clean,train,existing:train:83,NCC(O)c1cccc(O)c1,0,NCC(O)c1cccc(O)c1,,
strict_b3db_confirmed_clean,train,existing:train:84,CNC(C)C(=O)c1ccc(OC)cc1,0,CNC(C)C(=O)c1ccc(OC)cc1,,
strict_b3db_confirmed_clean,train,existing:train:85,CC(C(=O)c1ccccc1)N(C)C,1,CC(C(=O)c1ccccc1)N(C)C,,
strict_b3db_confirmed_clean,train,existing:train:86,NC/C(=C/F)CCc1ccc(F)cc1,1,NC/C(=C/F)CCc1ccc(F)cc1,,
strict_b3db_confirmed_clean,train,existing:train:87,CNCC(O)c1cccc(OC(=O)C(C)(C)C)c1,0,CNCC(O)c1cccc(OC(=O)C(C)(C)C)c1,,
strict_b3db_confirmed_clean,train,existing:train:88,CCC(=O)Nc1ccc(O)cc1,1,CCC(=O)Nc1ccc(O)cc1,,
strict_b3db_confirmed_clean,train,existing:train:89,O=C(O)c1ccccc1O,0,O=C(O)c1ccccc1O,,
strict_b3db_confirmed_clean,train,existing:train:90,CC(C)(O)C(C)(O)c1ccc(Cl)cc1,1,CC(C)(O)C(C)(O)c1ccc(Cl)cc1,,
strict_b3db_confirmed_clean,train,existing:train:91,CC(Cc1ccccc1)NN,1,CC(Cc1ccccc1)NN,,
strict_b3db_confirmed_clean,train,existing:train:92,c1ccccc1,1,c1ccccc1,,
strict_b3db_confirmed_clean,train,existing:train:93,C#CCN(C)Cc1ccccc1,1,C#CCN(C)Cc1ccccc1,,
strict_b3db_confirmed_clean,train,existing:train:94,NC(=O)NC(=O)Cc1ccccc1,1,NC(=O)NC(=O)Cc1ccccc1,,
strict_b3db_confirmed_clean,train,existing:train:95,CCC(C(=O)NC(N)=O)c1ccccc1,1,CCC(C(=O)NC(N)=O)c1ccccc1,,
strict_b3db_confirmed_clean,train,existing:train:96,CC(COc1ccccc1)NN,1,CC(COc1ccccc1)NN,,
strict_b3db_confirmed_clean,train,existing:train:97,CC(N)C(=O)OC(C)(C)Cc1ccc(Cl)cc1,1,CC(N)C(=O)OC(C)(C)Cc1ccc(Cl)cc1,,
strict_b3db_confirmed_clean,train,existing:train:98,CC(N)Cc1ccccc1,1,CC(N)Cc1ccccc1,,
strict_b3db_confirmed_clean,train,existing:train:99,CCN(CC)CCNC(=O)c1cc(S(C)(=O)=O)ccc1OC,1,CCN(CC)CCNC(=O)c1cc(S(C)(=O)=O)ccc1OC,,
strict_b3db_confirmed_clean,train,existing:train:100,CCN(CC)CC(=O)Oc1ccc(NC(C)=O)cc1,1,CCN(CC)CC(=O)Oc1ccc(NC(C)=O)cc1,,
strict_b3db_confirmed_clean,train,existing:train:101,O=C(Nc1ccc(O)cc1)C(Cl)(Cl)Cl,1,O=C(Nc1ccc(O)cc1)C(Cl)(Cl)Cl,,
strict_b3db_confirmed_clean,train,existing:train:102,CCOC(=O)c1ccc(N)cc1,1,CCOC(=O)c1ccc(N)cc1,,
strict_b3db_confirmed_clean,train,existing:train:103,CCN(C)C(=O)Oc1cccc([C@H](C)N(C)C)c1,1,CCN(C)C(=O)Oc1cccc([C@H](C)N(C)C)c1,,
strict_b3db_confirmed_clean,train,existing:train:104,CC(NC(C)(C)C)C(=O)c1cccc(Cl)c1,1,CC(NC(C)(C)C)C(=O)c1cccc(Cl)c1,,
strict_b3db_confirmed_clean,train,existing:train:105,O=C(NCc1ccccc1)OCCO,1,O=C(NCc1ccccc1)OCCO,,
strict_b3db_confirmed_clean,train,existing:train:106,O=C(CCCl)NCc1ccccc1,1,O=C(CCCl)NCc1ccccc1,,
strict_b3db_confirmed_clean,train,existing:train:107,[N-]=[N+]=NCC(=O)N[C@H](CO)[C@H](O)c1ccc([N+](=O)[O-])cc1,1,[N-]=[N+]=NCC(=O)N[C@H](CO)[C@H](O)c1ccc([N+](=O)[O-])cc1,,
strict_b3db_confirmed_clean,train,existing:train:108,NC(=O)c1ccccc1O,1,NC(=O)c1ccccc1O,,
strict_b3db_confirmed_clean,train,existing:train:109,C#CCN(C)[C@H](C)Cc1ccccc1,1,C#CCN(C)[C@H](C)Cc1ccccc1,,
strict_b3db_confirmed_clean,train,existing:train:110,OCc1ccccc1,1,OCc1ccccc1,,
strict_b3db_confirmed_clean,train,existing:train:111,O=C(c1ccco1)N(c1cnccn1)C1CCN(CCc2ccccc2)CC1,1,O=C(c1ccco1)N(c1cnccn1)C1CCN(CCc2ccccc2)CC1,,
strict_b3db_confirmed_clean,train,existing:train:112,Nc1nnc(-c2cccc(Cl)c2Cl)c(N)n1,1,Nc1nnc(-c2cccc(Cl)c2Cl)c(N)n1,,
strict_b3db_confirmed_clean,train,existing:train:113,CN(C)CCn1nnnc1SCC1=C(C(=O)O)N2C(=O)[C@@H](NC(=O)Cc3csc(N)n3)[C@H]2SC1,0,CN(C)CCn1nnnc1SCC1=C(C(=O)O)N2C(=O)[C@@H](NC(=O)Cc3csc(N)n3)[C@H]2SC1,,
strict_b3db_confirmed_clean,train,existing:train:114,C#C[C@]1(O)CC[C@H]2[C@@H]3CCc4cc(OC)ccc4[C@H]3CC[C@@]21C,0,C#C[C@]1(O)CC[C@H]2[C@@H]3CCc4cc(OC)ccc4[C@H]3CC[C@@]21C,,
strict_b3db_confirmed_clean,train,existing:train:115,C#C[C@]1(O)CC[C@H]2[C@@H]3CCc4cc(O)ccc4[C@H]3CC[C@@]21C,0,C#C[C@]1(O)CC[C@H]2[C@@H]3CCc4cc(O)ccc4[C@H]3CC[C@@]21C,,
strict_b3db_confirmed_clean,train,existing:train:116,CN1c2ccccc2C(NCCCCCCC(=O)O)c2ccc(Cl)cc2S1(=O)=O,1,CN1c2ccccc2C(NCCCCCCC(=O)O)c2ccc(Cl)cc2S1(=O)=O,,
strict_b3db_confirmed_clean,train,existing:train:117,C#CCC1(OC(N)=O)CCCCC1,1,C#CCC1(OC(N)=O)CCCCC1,,
strict_b3db_confirmed_clean,train,existing:train:118,C1CCCCC1,1,C1CCCCC1,,
strict_b3db_confirmed_clean,train,existing:train:119,CCC(OC(N)=O)C1CCCCC1,1,CCC(OC(N)=O)C1CCCCC1,,
strict_b3db_confirmed_clean,train,existing:train:120,O=NN(CCCl)C(=O)NC1CCCCC1,1,O=NN(CCCl)C(=O)NC1CCCCC1,,
strict_b3db_confirmed_clean,train,existing:train:121,NNCC1CCCCC1,1,NNCC1CCCCC1,,
strict_b3db_confirmed_clean,train,existing:train:122,CC(C)C(O)C1CCCCC1,1,CC(C)C(O)C1CCCCC1,,
strict_b3db_confirmed_clean,train,existing:train:123,NCC1(CC(=O)O)CCCCC1,1,NCC1(CC(=O)O)CCCCC1,,
strict_b3db_confirmed_clean,train,existing:train:124,CN(C)CCOC(=O)CCC1CCCCC1,1,CN(C)CCOC(=O)CCC1CCCCC1,,
strict_b3db_confirmed_clean,train,existing:train:125,O=C1CC[C@H]2[C@H]3Cc4cccc(O)c4[C@@]2(CCN3CC2CC2)C1,1,O=C1CC[C@H]2[C@H]3Cc4cccc(O)c4[C@@]2(CCN3CC2CC2)C1,,
strict_b3db_confirmed_clean,train,existing:train:126,COc1cc2c(c(CN[C@@H]3CCCN[C@H]3c3ccccc3)c1)OCC2,1,COc1cc2c(c(CN[C@@H]3CCCN[C@H]3c3ccccc3)c1)OCC2,,
strict_b3db_confirmed_clean,train,existing:train:127,O=C1CCC(c2ccccc2)(C2CCN(C/C=C/c3ccccc3)CC2)C(=O)N1,1,O=C1CCC(c2ccccc2)(C2CCN(C/C=C/c3ccccc3)CC2)C(=O)N1,,
strict_b3db_confirmed_clean,train,existing:train:128,CCN1C(=O)NC(c2ccccc2)C1=O,1,CCN1C(=O)NC(c2ccccc2)C1=O,,
strict_b3db_confirmed_clean,train,existing:train:129,CCC1(c2ccccc2)C(=O)NC(=O)N1C,1,CCC1(c2ccccc2)C(=O)NC(=O)N1C,,
strict_b3db_confirmed_clean,train,existing:train:130,CCC1(c2ccccc2)NC(=O)N(C)C1=O,1,CCC1(c2ccccc2)NC(=O)N(C)C1=O,,
strict_b3db_confirmed_clean,train,existing:train:131,CC1(C)SC2C(N(C(=N)c3ccncc3)[C@H](C(=O)NC(=O)CN)c3ccccc3)C(=O)N2C1C(=O)O,0,CC1(C)SC2C(N(C(=N)c3ccncc3)[C@H](C(=O)NC(=O)CN)c3ccccc3)C(=O)N2C1C(=O)O,,
strict_b3db_confirmed_clean,train,existing:train:132,O=C(c1ccccn1)c1cnn2c(-c3ccncc3)ccnc12,1,O=C(c1ccccn1)c1cnn2c(-c3ccncc3)ccnc12,,
strict_b3db_confirmed_clean,train,existing:train:133,COc1ccc2c(c1OC)C(=O)O[C@@H]2[C@H]1c2c(cc3c(c2OC)OCO3)CCN1C,1,COc1ccc2c(c1OC)C(=O)O[C@@H]2[C@H]1c2c(cc3c(c2OC)OCO3)CCN1C,,
strict_b3db_confirmed_clean,train,existing:train:134,c1cnc(N2CCN(Cc3ccc4c(c3)OCO4)CC2)nc1,1,c1cnc(N2CCN(Cc3ccc4c(c3)OCO4)CC2)nc1,,
strict_b3db_confirmed_clean,train,existing:train:135,CC1=C(C(=O)O)N2C(=O)[C@@H](NC(=O)Cc3ccc(C4=NCCCN4)cc3)[C@H]2SC1,0,CC1=C(C(=O)O)N2C(=O)[C@@H](NC(=O)Cc3ccc(C4=NCCCN4)cc3)[C@H]2SC1,,
strict_b3db_confirmed_clean,train,existing:train:136,CCCNCC(O)COc1ccccc1C(=O)CCc1ccccc1,0,CCCNCC(O)COc1ccccc1C(=O)CCc1ccccc1,,
strict_b3db_confirmed_clean,train,existing:train:137,CC(=O)OCC(=O)OCC/C(SC(=O)c1ccco1)=C(/C)N(C=O)Cc1cnc(C)nc1N,1,CC(=O)OCC(=O)OCC/C(SC(=O)c1ccco1)=C(/C)N(C=O)Cc1cnc(C)nc1N,,
strict_b3db_confirmed_clean,train,existing:train:138,NC(=O)N1c2ccccc2C=Cc2ccccc21,1,NC(=O)N1c2ccccc2C=Cc2ccccc21,,
strict_b3db_confirmed_clean,train,existing:train:139,CN(C)CCCN1c2ccccc2C=Cc2ccccc21,1,CN(C)CCCN1c2ccccc2C=Cc2ccccc21,,
strict_b3db_confirmed_clean,train,existing:train:140,CN(CCc1cc2cccc3c2n1-c1ccccc1CC3)Cc1ccccc1,1,CN(CCc1cc2cccc3c2n1-c1ccccc1CC3)Cc1ccccc1,,
strict_b3db_confirmed_clean,train,existing:train:141,CN1CCC2=C(CC1)c1ccccc1N(C)c1ccccc12,1,CN1CCC2=C(CC1)c1ccccc1N(C)c1ccccc12,,
strict_b3db_confirmed_clean,train,existing:train:142,C=CC1CNCCC1CCCc1ccnc2ccc(OC)cc12,1,C=CC1CNCCC1CCCc1ccnc2ccc(OC)cc12,,
strict_b3db_confirmed_clean,train,existing:train:143,C=C[C@@H]1CNCC[C@H]1CCCc1ccnc2ccc(OC)cc12,1,C=C[C@@H]1CNCC[C@H]1CCCc1ccnc2ccc(OC)cc12,,
strict_b3db_confirmed_clean,train,existing:train:144,CC(COc1ccccc1)N(CCCl)Cc1ccccc1,0,CC(COc1ccccc1)N(CCCl)Cc1ccccc1,,
strict_b3db_confirmed_clean,train,existing:train:145,CCOC(=O)N1CCC(=O)N(c2ccccc2)c2cc(Cl)ccc21,1,CCOC(=O)N1CCC(=O)N(c2ccccc2)c2cc(Cl)ccc21,,
strict_b3db_confirmed_clean,train,existing:train:146,O=C1CCNc2ccc(Cl)cc2N1c1ccccc1,1,O=C1CCNc2ccc(Cl)cc2N1c1ccccc1,,
strict_b3db_confirmed_clean,train,existing:train:147,CCNC(=O)N1CCN(CCCC(c2ccc(F)cc2)c2ccc(F)cc2)CC1,1,CCNC(=O)N1CCN(CCCC(c2ccc(F)cc2)c2ccc(F)cc2)CC1,,
strict_b3db_confirmed_clean,train,existing:train:148,CCC1(c2ccccc2)NCC(=O)NC1=O,1,CCC1(c2ccccc2)NCC(=O)NC1=O,,
strict_b3db_confirmed_clean,train,existing:train:149,S=C(NC1CCCCC1)N1CCC(c2cnc[nH]2)CC1,1,S=C(NC1CCCCC1)N1CCC(c2cnc[nH]2)CC1,,
strict_b3db_confirmed_clean,train,existing:train:150,CCCCN1C(=O)C2C(=O)N(CCCCN3CCN(c4ccccc4OC)CC3)C(=O)C(C1=O)C2(C)C,1,CCCCN1C(=O)C2C(=O)N(CCCCN3CCN(c4ccccc4OC)CC3)C(=O)C(C1=O)C2(C)C,,
strict_b3db_confirmed_clean,train,existing:train:151,CCCC(C)(O)C1CC23C=CC1(OC)C1Oc4c(O)ccc5c4C12CCN(C)C3C5,1,CCCC(C)(O)C1CC23C=CC1(OC)C1Oc4c(O)ccc5c4C12CCN(C)C3C5,,
strict_b3db_confirmed_clean,train,existing:train:152,C=CCN1CCC23c4c5ccc(O)c4OC2C2(OC)C=CC3(CC2[C@](C)(O)CCC)C1C5,1,C=CCN1CCC23c4c5ccc(O)c4OC2C2(OC)C=CC3(CC2[C@](C)(O)CCC)C1C5,,
strict_b3db_confirmed_clean,train,existing:train:153,CCC[C@@](C)(O)[C@H]1CC23C=CC1(OC)[C@H]1Oc4c(OC(C)=O)ccc5c4C12CCN(C)C3C5,1,CCC[C@@](C)(O)[C@H]1CC23C=CC1(OC)[C@H]1Oc4c(OC(C)=O)ccc5c4C12CCN(C)C3C5,,
strict_b3db_confirmed_clean,train,existing:train:154,OC1(c2cccc(Cl)c2)C2=NCCCN2c2ccccc21,1,OC1(c2cccc(Cl)c2)C2=NCCCN2c2ccccc21,,
strict_b3db_confirmed_clean,train,existing:train:155,CN[C@H](CC(C)C)C(=O)NC1C(=O)N[C@@H](CC(N)=O)C(=O)N[C@H]2C(=O)N[C@H]3C(=O)N[C@H](C(=O)N[C@@H](C(=O)O)c4cc(O)cc(O)c4-c4cc3ccc4O)[C@H](O)c3ccc(c(Cl)c3)Oc3cc2cc(c3O[C@@H]2O[C@H](CO)[C@@H](O)[C@H](O)[C@H]2O[C@H]2C[C@](C)(N)[C@H](O)[C@H](C)O2)Oc2ccc(cc2Cl)[C@H]1O,0,CN[C@H](CC(C)C)C(=O)NC1C(=O)N[C@@H](CC(N)=O)C(=O)N[C@H]2C(=O)N[C@H]3C(=O)N[C@H](C(=O)N[C@@H](C(=O)O)c4cc(O)cc(O)c4-c4cc3ccc4O)[C@H](O)c3ccc(c(Cl)c3)Oc3cc2cc(c3O[C@@H]2O[C@H](CO)[C@@H](O)[C@H](O)[C@H]2O[C@H]2C[C@](C)(N)[C@H](O)[C@H](C)O2)Oc2ccc(cc2Cl)[C@H]1O,,
strict_b3db_confirmed_clean,train,existing:train:156,CC(C)(C)OC(=O)c1ncn2c1[C@@H]1CCCN1C(=O)c1c(Br)cccc1-2,1,CC(C)(C)OC(=O)c1ncn2c1[C@@H]1CCCN1C(=O)c1c(Br)cccc1-2,,
strict_b3db_confirmed_clean,train,existing:train:157,COc1cc([C@@H]2c3cc4c(cc3[C@@H](O[C@@H]3O[C@@H]5CO[C@@H](C)O[C@H]5[C@H](O)[C@H]3O)C3COC(=O)[C@@H]32)OCO4)cc(OC)c1O,0,COc1cc([C@@H]2c3cc4c(cc3[C@@H](O[C@@H]3O[C@@H]5CO[C@@H](C)O[C@H]5[C@H](O)[C@H]3O)C3COC(=O)[C@@H]32)OCO4)cc(OC)c1O,,
strict_b3db_confirmed_clean,train,existing:train:158,CNCCCC12CCC(c3ccccc31)c1ccccc12,1,CNCCCC12CCC(c3ccccc31)c1ccccc12,,
strict_b3db_confirmed_clean,train,existing:train:159,CNC[C@H](O)CC12CCC(c3ccccc31)c1ccccc12,1,CNC[C@H](O)CC12CCC(c3ccccc31)c1ccccc12,,
strict_b3db_confirmed_clean,train,existing:train:160,CNCC12CCC(c3ccccc31)c1ccccc12,1,CNCC12CCC(c3ccccc31)c1ccccc12,,
strict_b3db_confirmed_clean,train,existing:train:161,CC1(C)S[C@@H]2[C@H](N3C(=O)[C@@H](c4ccccc4)NC3(C)C)C(=O)N2[C@H]1C(=O)O,0,CC1(C)S[C@@H]2[C@H](N3C(=O)[C@@H](c4ccccc4)NC3(C)C)C(=O)N2[C@H]1C(=O)O,,
strict_b3db_confirmed_clean,train,existing:train:162,COCOC(=O)C1N2C(=O)C(N3C(=O)C(c4ccc(O)cc4)NC3(C)C)C2SC1(C)C,0,COCOC(=O)C1N2C(=O)C(N3C(=O)C(c4ccc(O)cc4)NC3(C)C)C2SC1(C)C,,
strict_b3db_confirmed_clean,train,existing:train:163,COCOC(=O)[C@@H]1N2C(=O)[C@@H](N3C(=O)C(c4ccccc4)NC3(C)C)[C@H]2SC1(C)C,0,COCOC(=O)[C@@H]1N2C(=O)[C@@H](N3C(=O)C(c4ccccc4)NC3(C)C)[C@H]2SC1(C)C,,
strict_b3db_confirmed_clean,train,existing:train:164,CC1(C)O[C@@H]2[C@@H](CO[C@@]3(COS(N)(=O)=O)OC(C)(C)O[C@@H]23)O1,1,CC1(C)O[C@@H]2[C@@H](CO[C@@]3(COS(N)(=O)=O)OC(C)(C)O[C@@H]23)O1,,
strict_b3db_confirmed_clean,train,existing:train:165,O=C(Nc1ccccc1)OCC1(COC(=O)Nc2ccccc2)CCCC1,1,O=C(Nc1ccccc1)OCC1(COC(=O)Nc2ccccc2)CCCC1,,
strict_b3db_confirmed_clean,train,existing:train:166,CN(C)CCC1(c2ccccc2)C=Cc2ccccc21,1,CN(C)CCC1(c2ccccc2)C=Cc2ccccc21,,
strict_b3db_confirmed_clean,train,existing:train:167,O=C(CCCN1CCN(C(=O)OC2CCCCC2)CC1)c1ccc(F)cc1,1,O=C(CCCN1CCN(C(=O)OC2CCCCC2)CC1)c1ccc(F)cc1,,
strict_b3db_confirmed_clean,train,existing:train:168,CNC1CCc2ncsc2C1,1,CNC1CCc2ncsc2C1,,
strict_b3db_confirmed_clean,train,existing:train:169,CNC1C(O)C(OC2C(NC(=O)C(O)CN)CC(N)C(OC3OC(CN)C(O)C(O)C3O)C2O)OCC1(C)O,0,CNC1C(O)C(OC2C(NC(=O)C(O)CN)CC(N)C(OC3OC(CN)C(O)C(O)C3O)C2O)OCC1(C)O,,
strict_b3db_confirmed_clean,train,existing:train:170,NCC1OC(OC2C(N)CC(N)C(OC3OC(CO)C(O)C(N)C3O)C2O)C(O)C(O)C1O,0,NCC1OC(OC2C(N)CC(N)C(OC3OC(CO)C(O)C(N)C3O)C2O)C(O)C(O)C1O,,
strict_b3db_confirmed_clean,train,existing:train:171,NCC1OC(OC2C(N)CC(NC(CO)CO)C(OC3OC(CO)C(O)C(N)C3O)C2O)C(N)C(O)C1O,0,NCC1OC(OC2C(N)CC(NC(CO)CO)C(OC3OC(CO)C(O)C(N)C3O)C2O)C(N)C(O)C1O,,
strict_b3db_confirmed_clean,train,existing:train:172,NCC[C@H](O)C(=O)N[C@@H]1C[C@H](N)[C@@H](O[C@H]2O[C@H](CN)CC[C@H]2N)[C@H](O)[C@H]1O[C@H]1O[C@H](CO)[C@@H](O)[C@H](N)[C@H]1O,0,NCC[C@H](O)C(=O)N[C@@H]1C[C@H](N)[C@@H](O[C@H]2O[C@H](CN)CC[C@H]2N)[C@H](O)[C@H]1O[C@H]1O[C@H](CO)[C@@H](O)[C@H](N)[C@H]1O,,
strict_b3db_confirmed_clean,train,existing:train:173,NCC1OC(OC2C(N)CC(N)C(OC3OC(CO)C(O)C(N)C3O)C2O)C(N)C(O)C1O,0,NCC1OC(OC2C(N)CC(N)C(OC3OC(CO)C(O)C(N)C3O)C2O)C(N)C(O)C1O,,
strict_b3db_confirmed_clean,train,existing:train:174,CNC(C)C1CCC(N)C(OC2C(N)CC(N)C(OC3OCC(C)(O)C(NC)C3O)C2O)O1,0,CNC(C)C1CCC(N)C(OC2C(N)CC(N)C(OC3OCC(C)(O)C(NC)C3O)C2O)O1,,
strict_b3db_confirmed_clean,train,existing:train:175,NC[C@H]1O[C@H](O[C@H]2[C@H](O)[C@@H](O[C@H]3O[C@H](CO)[C@@H](O)[C@H](N)[C@H]3O)[C@H](N)C[C@@H]2N)[C@H](N)C[C@@H]1O,0,NC[C@H]1O[C@H](O[C@H]2[C@H](O)[C@@H](O[C@H]3O[C@H](CO)[C@@H](O)[C@H](N)[C@H]3O)[C@H](N)C[C@@H]2N)[C@H](N)C[C@@H]1O,,
strict_b3db_confirmed_clean,train,existing:train:176,NCCC(O)CNC1CC(N)C(OC2OC(CN)C(O)C(O)C2O)C(O)C1OC1OC(CO)C(O)C(N)C1O,0,NCCC(O)CNC1CC(N)C(OC2OC(CN)C(O)C(O)C2O)C(O)C1OC1OC(CO)C(O)C(N)C1O,,
strict_b3db_confirmed_clean,train,existing:train:177,NCC1CCC(N)C(OC2C(N)CC(N)C(OC3OC(CO)C(O)C(N)C3O)C2O)O1,0,NCC1CCC(N)C(OC2C(N)CC(N)C(OC3OC(CO)C(O)C(N)C3O)C2O)O1,,
strict_b3db_confirmed_clean,train,existing:train:178,CC(=O)NCCn1c(C)cc(C=O)c1C,1,CC(=O)NCCn1c(C)cc(C=O)c1C,,
strict_b3db_confirmed_clean,train,existing:train:179,O=c1c(O[C@@H]2O[C@H](CO)[C@@H](O)[C@H](O)[C@H]2O)c(-c2ccc(O)c(O)c2)oc2cc(O)cc(O)c12,0,O=c1c(O[C@@H]2O[C@H](CO)[C@@H](O)[C@H](O)[C@H]2O)c(-c2ccc(O)c(O)c2)oc2cc(O)cc(O)c12,,
strict_b3db_confirmed_clean,train,existing:train:180,CN1CCN2c3cc(F)ccc3C(c3cccs3)=NCC2C1,1,CN1CCN2c3cc(F)ccc3C(c3cccs3)=NCC2C1,,
strict_b3db_confirmed_clean,train,existing:train:181,OCCN1CCN(CCCN2c3ccccc3Sc3ccc(Cl)cc32)CC1,1,OCCN1CCN(CCCN2c3ccccc3Sc3ccc(Cl)cc32)CC1,,
strict_b3db_confirmed_clean,train,existing:train:182,CCC(=O)c1ccc2c(c1)N(CCCN1CCN(CCO)CC1)c1ccccc1S2,1,CCC(=O)c1ccc2c(c1)N(CCCN1CCN(CCO)CC1)c1ccccc1S2,,
strict_b3db_confirmed_clean,train,existing:train:183,CN1CCN(CCCN2c3ccccc3Sc3ccc(Cl)cc32)CC1,1,CN1CCN(CCCN2c3ccccc3Sc3ccc(Cl)cc32)CC1,,
strict_b3db_confirmed_clean,train,existing:train:184,CC(=O)OCCN1CCN(CCCN2c3ccccc3Sc3ccc(Cl)cc32)CC1,1,CC(=O)OCCN1CCN(CCCN2c3ccccc3Sc3ccc(Cl)cc32)CC1,,
strict_b3db_confirmed_clean,train,existing:train:185,CN1CCN(CCCN2c3ccccc3Sc3ccc(S(=O)(=O)N(C)C)cc32)CC1,1,CN1CCN(CCCN2c3ccccc3Sc3ccc(S(=O)(=O)N(C)C)cc32)CC1,,
strict_b3db_confirmed_clean,train,existing:train:186,CCCC(=O)c1ccc2c(c1)N(CCCN1CCN(C)CC1)c1ccccc1S2,1,CCCC(=O)c1ccc2c(c1)N(CCCN1CCN(C)CC1)c1ccccc1S2,,
strict_b3db_confirmed_clean,train,existing:train:187,CN1CCN(CCCN2c3ccccc3Sc3ccc(C(F)(F)F)cc32)CC1,1,CN1CCN(CCCN2c3ccccc3Sc3ccc(C(F)(F)F)cc32)CC1,,
strict_b3db_confirmed_clean,train,existing:train:188,OCCN1CCN(CCCN2c3ccccc3Sc3ccc(C(F)(F)F)cc32)CC1,1,OCCN1CCN(CCCN2c3ccccc3Sc3ccc(C(F)(F)F)cc32)CC1,,
strict_b3db_confirmed_clean,train,existing:train:189,CCCCCCC(=O)OCCN1CCN(CCCN2c3ccccc3Sc3ccc(C(F)(F)F)cc32)CC1,1,CCCCCCC(=O)OCCN1CCN(CCCN2c3ccccc3Sc3ccc(C(F)(F)F)cc32)CC1,,
strict_b3db_confirmed_clean,train,existing:train:190,CCSc1ccc2c(c1)N(CCCN1CCN(C)CC1)c1ccccc1S2,1,CCSc1ccc2c(c1)N(CCCN1CCN(C)CC1)c1ccccc1S2,,
strict_b3db_confirmed_clean,train,existing:train:191,CC(=O)c1ccc2c(c1)N(CCCN1CCN(CCO)CC1)c1ccccc1S2,1,CC(=O)c1ccc2c(c1)N(CCCN1CCN(CCO)CC1)c1ccccc1S2,,
strict_b3db_confirmed_clean,train,existing:train:192,CC(CN1CCN(CCOCCO)CC1)CN1c2ccccc2Sc2ccccc21,1,CC(CN1CCN(CCOCCO)CC1)CN1c2ccccc2Sc2ccccc21,,
strict_b3db_confirmed_clean,train,existing:train:193,CN(C)CCOC(C)(c1ccccc1)c1ccccn1,1,CN(C)CCOC(C)(c1ccccc1)c1ccccn1,,
strict_b3db_confirmed_clean,train,existing:train:194,c1ccc(-c2cc(CCC3CCNCC3)c3ccccc3n2)cc1,1,c1ccc(-c2cc(CCC3CCNCC3)c3ccccc3n2)cc1,,
strict_b3db_confirmed_clean,train,existing:train:195,COc1ccccc1N1CCN(CCc2oc(=O)[nH]c2-c2ccc(F)cc2)CC1,1,COc1ccccc1N1CCN(CCc2oc(=O)[nH]c2-c2ccc(F)cc2)CC1,,
strict_b3db_confirmed_clean,train,existing:train:196,CC1CC(OC(=O)C2CCC(=O)N2)CC(C)(C)C1,1,CC1CC(OC(=O)C2CCC(=O)N2)CC(C)(C)C1,,
strict_b3db_confirmed_clean,train,existing:train:197,CO[C@@]1(NC(=O)C(C(=O)O)c2ccsc2)C(=O)N2[C@@H](C(=O)O)C(C)(C)S[C@@H]21,0,CO[C@@]1(NC(=O)C(C(=O)O)c2ccsc2)C(=O)N2[C@@H](C(=O)O)C(C)(C)S[C@@H]21,,
strict_b3db_confirmed_clean,train,existing:train:198,Nc1c2c(nc3ccccc13)CCCC2O,1,Nc1c2c(nc3ccccc13)CCCC2O,,
strict_b3db_confirmed_clean,train,existing:train:199,Nc1c2c(nc3ccccc13)CCCC2,1,Nc1c2c(nc3ccccc13)CCCC2,,
strict_b3db_confirmed_clean,train,existing:train:200,CN[C@@H]1[C@@H](O[C@H]2O[C@H](CO)[C@@H](N)[C@H](O)[C@H]2O)O[C@H]2C[C@@H](N)[C@H](O[C@H]3[C@H](O)[C@@H](O)[C@H](N)C[C@@H]3N)O[C@@H]2[C@@H]1O,0,CN[C@@H]1[C@@H](O[C@H]2O[C@H](CO)[C@@H](N)[C@H](O)[C@H]2O)O[C@H]2C[C@@H](N)[C@H](O[C@H]3[C@H](O)[C@@H](O)[C@H](N)C[C@@H]3N)O[C@@H]2[C@@H]1O,,
strict_b3db_confirmed_clean,train,existing:train:201,O=C(/C=C/c1ccc2c(c1)OCO2)N1CCCCC1,1,O=C(/C=C/c1ccc2c(c1)OCO2)N1CCCCC1,,
strict_b3db_confirmed_clean,train,existing:train:202,Clc1ccc(C(OCCN2CCOCC2)c2ccccc2)cc1,1,Clc1ccc(C(OCCN2CCOCC2)c2ccccc2)cc1,,
strict_b3db_confirmed_clean,train,existing:train:203,CN1CCN(C2=Nc3cscc3/C(=C/C#N)c3cscc32)CC1,1,CN1CCN(C2=Nc3cscc3/C(=C/C#N)c3cscc32)CC1,,
strict_b3db_confirmed_clean,train,existing:train:204,C/C(=C/CCN1CCC2(CC1)C(=O)NCN2c1ccccc1)c1ccc(F)cc1,1,C/C(=C/CCN1CCC2(CC1)C(=O)NCN2c1ccccc1)c1ccc(F)cc1,,
strict_b3db_confirmed_clean,train,existing:train:205,CCCCNCC1COc2cccc(OCC)c2O1,1,CCCCNCC1COc2cccc(OCC)c2O1,,
strict_b3db_confirmed_clean,train,existing:train:206,CC(C)CCNCC1COc2ccccc2O1,1,CC(C)CCNCC1COc2ccccc2O1,,
strict_b3db_confirmed_clean,train,existing:train:207,CCCCNCC1COc2ccccc2O1,1,CCCCNCC1COc2ccccc2O1,,
strict_b3db_confirmed_clean,train,existing:train:208,CC(C)n1c(=O)c2c(-c3noc(C4CC4)n3)ncn2c2ccccc21,1,CC(C)n1c(=O)c2c(-c3noc(C4CC4)n3)ncn2c2ccccc21,,
strict_b3db_confirmed_clean,train,existing:train:209,CC(C)[N+](C)(CCOC(=O)C1c2ccccc2Oc2ccccc21)C(C)C,0,CC(C)[N+](C)(CCOC(=O)C1c2ccccc2Oc2ccccc21)C(C)C,,
strict_b3db_confirmed_clean,train,existing:train:210,CC[N+](C)(CC)CCOC(=O)C1c2ccccc2Oc2ccccc21,0,CC[N+](C)(CC)CCOC(=O)C1c2ccccc2Oc2ccccc21,,
strict_b3db_confirmed_clean,train,existing:train:211,C[C@@H](CN1CC(=O)NC(=O)C1)N1CC(=O)NC(=O)C1,0,C[C@@H](CN1CC(=O)NC(=O)C1)N1CC(=O)NC(=O)C1,,
strict_b3db_confirmed_clean,train,existing:train:212,CN(C)CC#CC=C1c2ccccc2C=Cc2ccccc21,1,CN(C)CC#CC=C1c2ccccc2C=Cc2ccccc21,,
strict_b3db_confirmed_clean,train,existing:train:213,CN(C)CCC=C1c2ccccc2C=Cc2ccccc21,1,CN(C)CCC=C1c2ccccc2C=Cc2ccccc21,,
strict_b3db_confirmed_clean,train,existing:train:214,C[N+](C)([O-])CC/C=C1/c2ccccc2C=Cc2c(Cl)cccc21,1,C[N+](C)([O-])CC/C=C1/c2ccccc2C=Cc2c(Cl)cccc21,,
strict_b3db_confirmed_clean,train,existing:train:215,CN1[C@@H]2CC[C@H]1CC(NC(=O)N1CC(C)(C)c3ccccc31)C2,1,CN1[C@@H]2CC[C@H]1CC(NC(=O)N1CC(C)(C)c3ccccc31)C2,,
strict_b3db_confirmed_clean,train,existing:train:216,C/C(=C1/CCOC(=O)S1)N(C=O)Cc1cnc(C)nc1N,1,C/C(=C1/CCOC(=O)S1)N(C=O)Cc1cnc(C)nc1N,,
strict_b3db_confirmed_clean,train,existing:train:217,CN1CCC(=C2c3ccccc3Oc3ccc(Cl)cc32)CC1,1,CN1CCC(=C2c3ccccc3Oc3ccc(Cl)cc32)CC1,,
strict_b3db_confirmed_clean,train,existing:train:218,CN1CCN(CCC(=O)N2c3ccccc3Sc3ccc(C(F)(F)F)cc32)CC1,1,CN1CCN(CCC(=O)N2c3ccccc3Sc3ccc(C(F)(F)F)cc32)CC1,,
strict_b3db_confirmed_clean,train,existing:train:219,O=C(CCN1CCN(CCO)CC1)N1c2ccccc2Sc2ccc(C(F)(F)F)cc21,1,O=C(CCN1CCN(CCO)CC1)N1c2ccccc2Sc2ccc(C(F)(F)F)cc21,,
strict_b3db_confirmed_clean,train,existing:train:220,CN1CCC(C)(CN2c3ccccc3Sc3ccccc32)C1,1,CN1CCC(C)(CN2c3ccccc3Sc3ccccc32)C1,,
strict_b3db_confirmed_clean,train,existing:train:221,Nn1cnc2cc3ccccc3cc2c1=O,1,Nn1cnc2cc3ccccc3cc2c1=O,,
strict_b3db_confirmed_clean,train,existing:train:222,CCCC(=O)O[C@]1(C(C)=O)CCC[C@H]2[C@@H]3CCC4=CC(=O)C=C[C@]4(C)[C@H]3[C@@H](O)C[C@@]21C,1,CCCC(=O)O[C@]1(C(C)=O)CCC[C@H]2[C@@H]3CCC4=CC(=O)C=C[C@]4(C)[C@H]3[C@@H](O)C[C@@]21C,,
strict_b3db_confirmed_clean,train,existing:train:223,CC(=O)OCC/C(SC(C)=O)=C(/C)N(C=O)Cc1cnc(C)nc1N,1,CC(=O)OCC/C(SC(C)=O)=C(/C)N(C=O)Cc1cnc(C)nc1N,,
strict_b3db_confirmed_clean,train,existing:train:224,CCOC(=O)OCC/C(SC(=O)OCC)=C(\C)N(C=O)Cc1cnc(C)nc1N,1,CCOC(=O)OCC/C(SC(=O)OCC)=C(\C)N(C=O)Cc1cnc(C)nc1N,,
strict_b3db_confirmed_clean,train,existing:train:225,O=C1CN=C(c2ccccc2)c2cc(Cl)ccc2N1CC1CC1,1,O=C1CN=C(c2ccccc2)c2cc(Cl)ccc2N1CC1CC1,,
strict_b3db_confirmed_clean,train,existing:train:226,O=C1CN=C(c2ccccc2F)c2cc(Cl)ccc2N1CC1CC1,1,O=C1CN=C(c2ccccc2F)c2cc(Cl)ccc2N1CC1CC1,,
strict_b3db_confirmed_clean,train,existing:train:227,CC1(C)S[C@@H]2[C@H](NC(=O)C(Oc3ccccc3)c3ccccc3)C(=O)N2[C@H]1C(=O)O,0,CC1(C)S[C@@H]2[C@H](NC(=O)C(Oc3ccccc3)c3ccccc3)C(=O)N2[C@H]1C(=O)O,,
strict_b3db_confirmed_clean,train,existing:train:228,O=C1CCC(N2C(=O)C3C4CCC(C4)C3C2=O)C(=O)N1,1,O=C1CCC(N2C(=O)C3C4CCC(C4)C3C2=O)C(=O)N1,,
strict_b3db_confirmed_clean,train,existing:train:229,OC1CCN(c2ccc(-c3ccc(Cl)cc3Cl)nn2)CC1,1,OC1CCN(c2ccc(-c3ccc(Cl)cc3Cl)nn2)CC1,,
strict_b3db_confirmed_clean,train,existing:train:230,OC1CCN(c2ccc(-c3ccccc3Cl)nn2)CC1,1,OC1CCN(c2ccc(-c3ccccc3Cl)nn2)CC1,,
strict_b3db_confirmed_clean,train,existing:train:231,CNc1nc(Cl)c(SC)c(N2CCN(C)CC2)n1,1,CNc1nc(Cl)c(SC)c(N2CCN(C)CC2)n1,,
strict_b3db_confirmed_clean,train,existing:train:232,CSc1c(Cl)nc(NC(C)C)nc1N1CCN(C)CC1,1,CSc1c(Cl)nc(NC(C)C)nc1N1CCN(C)CC1,,
strict_b3db_confirmed_clean,train,existing:train:233,CCCCn1c(=O)c2c(ncn2CC(C)=O)n(CCCC)c1=O,1,CCCCn1c(=O)c2c(ncn2CC(C)=O)n(CCCC)c1=O,,
strict_b3db_confirmed_clean,train,existing:train:234,Cn1c(=O)c2c(ncn2C)n(C)c1=O,1,Cn1c(=O)c2c(ncn2C)n(C)c1=O,,
strict_b3db_confirmed_clean,train,existing:train:235,Cn1cnc2c1c(=O)[nH]c(=O)n2C,1,Cn1cnc2c1c(=O)[nH]c(=O)n2C,,
strict_b3db_confirmed_clean,train,existing:train:236,CC(O)Cn1cnc2c1c(=O)n(C)c(=O)n2C,1,CC(O)Cn1cnc2c1c(=O)n(C)c(=O)n2C,,
strict_b3db_confirmed_clean,train,existing:train:237,Cn1c(=O)[nH]c2ncn(C)c2c1=O,1,Cn1c(=O)[nH]c2ncn(C)c2c1=O,,
strict_b3db_confirmed_clean,train,existing:train:238,CN(C)CCn1cnc2c1c(=O)n(C)c(=O)n2C,1,CN(C)CCn1cnc2c1c(=O)n(C)c(=O)n2C,,
strict_b3db_confirmed_clean,train,existing:train:239,CCN(CC)CCn1cnc2c1c(=O)n(C)c(=O)n2C,1,CCN(CC)CCn1cnc2c1c(=O)n(C)c(=O)n2C,,
strict_b3db_confirmed_clean,train,existing:train:240,OC(Cn1ccnc1)c1ccc(CCc2ccccc2)cc1,1,OC(Cn1ccnc1)c1ccc(CCc2ccccc2)cc1,,
strict_b3db_confirmed_clean,train,existing:train:241,CC#C[C@]1(O)CC[C@H]2[C@@H]3CCC4=CC(=O)CCC4=C3[C@@H](c3ccc(N(C)C)cc3)C[C@@]21C,0,CC#C[C@]1(O)CC[C@H]2[C@@H]3CCC4=CC(=O)CCC4=C3[C@@H](c3ccc(N(C)C)cc3)C[C@@]21C,,
strict_b3db_confirmed_clean,train,existing:train:242,CN(C(=O)Cc1ccc(Cl)c(Cl)c1)[C@@H](CN1CCCC1)c1ccccc1,1,CN(C(=O)Cc1ccc(Cl)c(Cl)c1)[C@@H](CN1CCCC1)c1ccccc1,,
strict_b3db_confirmed_clean,train,existing:train:243,CN(C(=O)Cc1ccccc1N)[C@@H](CN1CC[C@@H](O)C1)c1ccccc1,0,CN(C(=O)Cc1ccccc1N)[C@@H](CN1CC[C@@H](O)C1)c1ccccc1,,
strict_b3db_confirmed_clean,train,existing:train:244,O=C(CN1CCCC1=O)NNC(=O)CN1CCCC1=O,1,O=C(CN1CCCC1=O)NNC(=O)CN1CCCC1=O,,
strict_b3db_confirmed_clean,train,existing:train:245,O=C(CCCN1CCC(n2c(=S)[nH]c3ccccc32)CC1)c1ccc(F)cc1,1,O=C(CCCN1CCC(n2c(=S)[nH]c3ccccc32)CC1)c1ccc(F)cc1,,
strict_b3db_confirmed_clean,train,existing:train:246,CN(C)CCN1CCN(c2cccc(Cl)c2)C1=O,1,CN(C)CCN1CCN(c2cccc(Cl)c2)C1=O,,
strict_b3db_confirmed_clean,train,existing:train:247,CCn1c2c(c3ccccc31)CCSC2(C)CCN(C)C,1,CCn1c2c(c3ccccc31)CCSC2(C)CCN(C)C,,
strict_b3db_confirmed_clean,train,existing:train:248,OC1OC(COCCOC(O)C(Cl)(Cl)Cl)C(OC2OC(COCCOCCOC(O)C(Cl)(Cl)Cl)CC(OC(O)C(Cl)(Cl)Cl)C2O)C(OCCOCCOC(O)C(Cl)(Cl)Cl)C1O,1,OC1OC(COCCOC(O)C(Cl)(Cl)Cl)C(OC2OC(COCCOCCOC(O)C(Cl)(Cl)Cl)CC(OC(O)C(Cl)(Cl)Cl)C2O)C(OCCOCCOC(O)C(Cl)(Cl)Cl)C1O,,
strict_b3db_confirmed_clean,train,existing:train:249,CC1(C)O[C@@H]2C[C@H]3[C@@H]4CCC5=CC(=O)CC[C@]5(C)[C@@]4(F)[C@@H](O)C[C@]3(C)[C@]2(C(=O)CCl)O1,1,CC1(C)O[C@@H]2C[C@H]3[C@@H]4CCC5=CC(=O)CC[C@]5(C)[C@@]4(F)[C@@H](O)C[C@]3(C)[C@]2(C(=O)CCl)O1,,
strict_b3db_confirmed_clean,train,existing:train:250,CC(=O)C12OC(C)(C)OC1CC1C3CCC4=CC(=O)CCC4(C)C3CCC12C,1,CC(=O)C12OC(C)(C)OC1CC1C3CCC4=CC(=O)CCC4(C)C3CCC12C,,
strict_b3db_confirmed_clean,train,existing:train:251,CC1(C)O[C@@H]2C[C@H]3[C@@H]4C[C@H](F)C5=CC(=O)CC[C@]5(C)[C@H]4[C@@H](O)C[C@]3(C)[C@]2(C(=O)CO)O1,1,CC1(C)O[C@@H]2C[C@H]3[C@@H]4C[C@H](F)C5=CC(=O)CC[C@]5(C)[C@H]4[C@@H](O)C[C@]3(C)[C@]2(C(=O)CO)O1,,
strict_b3db_confirmed_clean,train,existing:train:252,CCC[C@@H]1O[C@@H]2C[C@H]3[C@@H]4C[C@H](F)C5=CC(=O)CC[C@]5(C)[C@@]4(F)[C@@H](O)C[C@]3(C)[C@]2(C(=O)CO)O1,1,CCC[C@@H]1O[C@@H]2C[C@H]3[C@@H]4C[C@H](F)C5=CC(=O)CC[C@]5(C)[C@@]4(F)[C@@H](O)C[C@]3(C)[C@]2(C(=O)CO)O1,,
strict_b3db_confirmed_clean,train,existing:train:253,CN1C2CCC1CC(OC(=O)[C@H](CO)c1ccccc1)C2,1,CN1C2CCC1CC(OC(=O)[C@H](CO)c1ccccc1)C2,,
strict_b3db_confirmed_clean,train,existing:train:254,CN1C2CCC1CC(OC(=O)C(C)(CO)c1ccccc1)C2,1,CN1C2CCC1CC(OC(=O)C(C)(CO)c1ccccc1)C2,,
strict_b3db_confirmed_clean,train,existing:train:255,CN(C/C=C/c1ccccc1)CCOC(c1ccccc1)c1ccccc1,1,CN(C/C=C/c1ccccc1)CCOC(c1ccccc1)c1ccccc1,,
strict_b3db_confirmed_clean,train,existing:train:256,Cc1ncc(CSSCc2cnc(C)c(O)c2CO)c(CO)c1O,1,Cc1ncc(CSSCc2cnc(C)c(O)c2CO)c(CO)c1O,,
strict_b3db_confirmed_clean,train,existing:train:257,CC1COc2c(N3CCN(C)CC3)c(F)cc3c(=O)c(C(=O)O)cn1c23,1,CC1COc2c(N3CCN(C)CC3)c(F)cc3c(=O)c(C(=O)O)cn1c23,,
strict_b3db_confirmed_clean,train,existing:train:258,CN(C)CC(CN1c2ccccc2Sc2ccccc21)N(C)C,1,CN(C)CC(CN1c2ccccc2Sc2ccccc21)N(C)C,,
strict_b3db_confirmed_clean,train,existing:train:259,CN(C)CCCN1c2ccccc2Sc2ccc(Cl)cc21,1,CN(C)CCCN1c2ccccc2Sc2ccc(Cl)cc21,,
strict_b3db_confirmed_clean,train,existing:train:260,CC(CN1c2ccccc2Sc2ccccc21)N(C)C,1,CC(CN1c2ccccc2Sc2ccccc21)N(C)C,,
strict_b3db_confirmed_clean,train,existing:train:261,CN(C)CCCN1c2ccccc2Sc2ccccc21,1,CN(C)CCCN1c2ccccc2Sc2ccccc21,,
strict_b3db_confirmed_clean,train,existing:train:262,COc1ccc2c(c1)N(CCCN(C)C)c1ccccc1S2,1,COc1ccc2c(c1)N(CCCN(C)C)c1ccccc1S2,,
strict_b3db_confirmed_clean,train,existing:train:263,COc1ccc2c(c1)N(C[C@H](C)CN(C)C)c1ccccc1S2,1,COc1ccc2c(c1)N(C[C@H](C)CN(C)C)c1ccccc1S2,,
strict_b3db_confirmed_clean,train,existing:train:264,CNCCCN1c2ccccc2Sc2ccc(Cl)cc21,1,CNCCCN1c2ccccc2Sc2ccc(Cl)cc21,,
strict_b3db_confirmed_clean,train,existing:train:265,CNCCCN1c2ccccc2Sc2ccccc21,1,CNCCCN1c2ccccc2Sc2ccccc21,,
strict_b3db_confirmed_clean,train,existing:train:266,NCCCN1c2ccccc2Sc2ccc(Cl)cc21,1,NCCCN1c2ccccc2Sc2ccc(Cl)cc21,,
strict_b3db_confirmed_clean,train,existing:train:267,CCC(=O)c1ccc2c(c1)N(CC(C)N(C)C)c1ccccc1S2,1,CCC(=O)c1ccc2c(c1)N(CC(C)N(C)C)c1ccccc1S2,,
strict_b3db_confirmed_clean,train,existing:train:268,CC(=O)c1ccc2c(c1)N(CCCN(C)C)c1ccccc1S2,1,CC(=O)c1ccc2c(c1)N(CCCN(C)C)c1ccccc1S2,,
strict_b3db_confirmed_clean,train,existing:train:269,CCN(CC)C(C)CN1c2ccccc2Sc2ccccc21,1,CCN(CC)C(C)CN1c2ccccc2Sc2ccccc21,,
strict_b3db_confirmed_clean,train,existing:train:270,CCN(CC)CCC(=O)N1c2ccccc2Sc2ccc(C(F)(F)F)cc21,1,CCN(CC)CCC(=O)N1c2ccccc2Sc2ccc(C(F)(F)F)cc21,,
strict_b3db_confirmed_clean,train,existing:train:271,CC(CN(C)C)CN1c2ccccc2Sc2ccc(C#N)cc21,1,CC(CN(C)C)CN1c2ccccc2Sc2ccc(C#N)cc21,,
strict_b3db_confirmed_clean,train,existing:train:272,CC(CN(C)C)CN1c2ccccc2Sc2ccc(C(F)(F)F)cc21,1,CC(CN(C)C)CN1c2ccccc2Sc2ccc(C(F)(F)F)cc21,,
strict_b3db_confirmed_clean,train,existing:train:273,CSc1ccc2c(c1)N(CC(C)CN(C)C)c1ccccc1S2,1,CSc1ccc2c(c1)N(CC(C)CN(C)C)c1ccccc1S2,,
strict_b3db_confirmed_clean,train,existing:train:274,CN(C)CC(=O)N1c2ccccc2Sc2ccccc21,1,CN(C)CC(=O)N1c2ccccc2Sc2ccccc21,,
strict_b3db_confirmed_clean,train,existing:train:275,CCc1ccc2c(c1)N(CC(C)CN(C)C)c1ccccc1S2,1,CCc1ccc2c(c1)N(CC(C)CN(C)C)c1ccccc1S2,,
strict_b3db_confirmed_clean,train,existing:train:276,CN(C)CCCN1c2ccccc2Sc2ccc(C(F)(F)F)cc21,1,CN(C)CCCN1c2ccccc2Sc2ccc(C(F)(F)F)cc21,,
strict_b3db_confirmed_clean,train,existing:train:277,CCN(CC)CCN1c2ccccc2Sc2ccccc21,1,CCN(CC)CCN1c2ccccc2Sc2ccccc21,,
strict_b3db_confirmed_clean,train,existing:train:278,CC(=O)c1ccc2c(c1)N(CC(C)N(C)C)c1ccccc1S2,1,CC(=O)c1ccc2c(c1)N(CC(C)N(C)C)c1ccccc1S2,,
strict_b3db_confirmed_clean,train,existing:train:279,CC(CN(C)C)CN1c2ccccc2Sc2ccccc21,1,CC(CN(C)C)CN1c2ccccc2Sc2ccccc21,,
strict_b3db_confirmed_clean,train,existing:train:280,CC(C)N=c1cc2n(-c3ccc(Cl)cc3)c3ccccc3nc-2cc1Nc1ccc(Cl)cc1,0,CC(C)N=c1cc2n(-c3ccc(Cl)cc3)c3ccccc3nc-2cc1Nc1ccc(Cl)cc1,,
strict_b3db_confirmed_clean,train,existing:train:281,Fc1cccc(Br)c1NC1=NCCN1,1,Fc1cccc(Br)c1NC1=NCCN1,,
strict_b3db_confirmed_clean,train,existing:train:282,Clc1cccc(Cl)c1NC1=NCCN1,1,Clc1cccc(Cl)c1NC1=NCCN1,,
strict_b3db_confirmed_clean,train,existing:train:283,CN1CCC2=C(C1)c1ccccc1Cc1ccccc12,1,CN1CCC2=C(C1)c1ccccc1Cc1ccccc12,,
strict_b3db_confirmed_clean,train,existing:train:284,CC(C)CCOC(CN1CCCC1)c1ccccc1,1,CC(C)CCOC(CN1CCCC1)c1ccccc1,,
strict_b3db_confirmed_clean,train,existing:train:285,CCCC(Cc1ccccc1)N1CCCC1,1,CCCC(Cc1ccccc1)N1CCCC1,,
strict_b3db_confirmed_clean,train,existing:train:286,CCCCCC1CNC(C(=O)NC(C(C)Cl)C2OC(SC)C(O)C(O)C2O)C1,0,CCCCCC1CNC(C(=O)NC(C(C)Cl)C2OC(SC)C(O)C(O)C2O)C1,,
strict_b3db_confirmed_clean,train,existing:train:287,CCCC1CC(C(=O)NC(C(C)O)C2OC(SC)C(O)C(O)C2O)N(C)C1,0,CCCC1CC(C(=O)NC(C(C)O)C2OC(SC)C(O)C(O)C2O)N(C)C1,,
strict_b3db_confirmed_clean,train,existing:train:288,CCC[C@@H]1C[C@@H](C(=O)NC(C(C)Cl)[C@H]2O[C@H](SC)[C@H](O)[C@@H](O)[C@H]2O)N(C)C1,0,CCC[C@@H]1C[C@@H](C(=O)NC(C(C)Cl)[C@H]2O[C@H](SC)[C@H](O)[C@@H](O)[C@H]2O)N(C)C1,,
strict_b3db_confirmed_clean,train,existing:train:289,CCC[C@@H]1C[C@@H](C(=O)NC(C(C)Cl)[C@H]2O[C@H](SC)[C@H](OP(=O)(O)O)[C@@H](O)[C@H]2O)N(C)C1,0,CCC[C@@H]1C[C@@H](C(=O)NC(C(C)Cl)[C@H]2O[C@H](SC)[C@H](OP(=O)(O)O)[C@@H](O)[C@H]2O)N(C)C1,,
strict_b3db_confirmed_clean,train,existing:train:290,CN1CCN(/C=C2\N=C3CN=C(c4ccccc4Cl)c4cc([N+](=O)[O-])ccc4N3C2=O)CC1,1,CN1CCN(/C=C2\N=C3CN=C(c4ccccc4Cl)c4cc([N+](=O)[O-])ccc4N3C2=O)CC1,,
strict_b3db_confirmed_clean,train,existing:train:291,CC1(C)S[C@@H]2[C@H](NC(=O)[C@H](N)c3ccc(O)cc3)C(=O)N2[C@H]1C(=O)O,0,CC1(C)S[C@@H]2[C@H](NC(=O)[C@H](N)c3ccc(O)cc3)C(=O)N2[C@H]1C(=O)O,,
strict_b3db_confirmed_clean,train,existing:train:292,CC1(C)S[C@@H]2[C@H](NC(=O)[C@H](N)c3ccccc3)C(=O)N2[C@H]1C(=O)O,0,CC1(C)S[C@@H]2[C@H](NC(=O)[C@H](N)c3ccccc3)C(=O)N2[C@H]1C(=O)O,,
strict_b3db_confirmed_clean,train,existing:train:293,CC(=O)OCOC(=O)C1N2C(=O)C(NC(=O)Cc3ccccc3)C2SC1(C)C,0,CC(=O)OCOC(=O)C1N2C(=O)C(NC(=O)Cc3ccccc3)C2SC1(C)C,,
strict_b3db_confirmed_clean,train,existing:train:294,CC1(C)SC2C(NC(=O)Cc3ccccc3)C(=O)N2C1C(=O)O,0,CC1(C)SC2C(NC(=O)Cc3ccccc3)C(=O)N2C1C(=O)O,,
strict_b3db_confirmed_clean,train,existing:train:295,CC1(C)S[C@@H]2[C@H](NC(=O)C(c3ccccc3)S(=O)(=O)O)C(=O)N2[C@H]1C(=O)O,0,CC1(C)S[C@@H]2[C@H](NC(=O)C(c3ccccc3)S(=O)(=O)O)C(=O)N2[C@H]1C(=O)O,,
strict_b3db_confirmed_clean,train,existing:train:296,C=NC(C(=O)NC1C(=O)N2C1SC(C)(C)C2C(=O)O)c1ccccc1,0,C=NC(C(=O)NC1C(=O)N2C1SC(C)(C)C2C(=O)O)c1ccccc1,,
strict_b3db_confirmed_clean,train,existing:train:297,CNC(=O)C[C@@H](N)C(=O)N[C@@H](C(=O)N[C@@H]1C(=O)N2[C@@H]1SC(C)(C)[C@@H]2C(=O)O)c1ccc(O)cc1,0,CNC(=O)C[C@@H](N)C(=O)N[C@@H](C(=O)N[C@@H]1C(=O)N2[C@@H]1SC(C)(C)[C@@H]2C(=O)O)c1ccc(O)cc1,,
strict_b3db_confirmed_clean,train,existing:train:298,CC(C)(C)C(=O)OCOC(=O)[C@@H]1N2C(=O)[C@@H](NC(=O)[C@H](N)c3ccccc3)[C@H]2SC1(C)C,0,CC(C)(C)C(=O)OCOC(=O)[C@@H]1N2C(=O)[C@@H](NC(=O)[C@H](N)c3ccccc3)[C@H]2SC1(C)C,,
strict_b3db_confirmed_clean,train,existing:train:299,COC(C(=O)N[C@@H]1C(=O)N2[C@@H]1SC(C)(C)[C@@H]2C(=O)O)c1ccc(Cl)c(Cl)c1,0,COC(C(=O)N[C@@H]1C(=O)N2[C@@H]1SC(C)(C)[C@@H]2C(=O)O)c1ccc(Cl)c(Cl)c1,,
strict_b3db_confirmed_clean,train,existing:train:300,CC1(C)S[C@@H]2[C@H](NC(=O)Cc3ccccc3)C(=O)N2[C@H]1C(=O)O,0,CC1(C)S[C@@H]2[C@H](NC(=O)Cc3ccccc3)C(=O)N2[C@H]1C(=O)O,,
strict_b3db_confirmed_clean,train,existing:train:301,CCC1(c2ccccc2)C(=O)NC(=O)N(C(=O)c2ccccc2)C1=O,1,CCC1(c2ccccc2)C(=O)NC(=O)N(C(=O)c2ccccc2)C1=O,,
strict_b3db_confirmed_clean,train,existing:train:302,CC[C@H]1OC(=O)[C@H](C)[C@@H](O[C@H]2C[C@@](C)(OC)[C@@H](O)[C@H](C)O2)[C@H](C)[C@@H](O[C@@H]2O[C@H](C)C[C@H](N(C)C)[C@H]2O)[C@](C)(O)C[C@@H](C)[C@@H]2N[C@@H](COCCOC)O[C@H]([C@H]2C)[C@]1(C)O,0,CC[C@H]1OC(=O)[C@H](C)[C@@H](O[C@H]2C[C@@](C)(OC)[C@@H](O)[C@H](C)O2)[C@H](C)[C@@H](O[C@@H]2O[C@H](C)C[C@H](N(C)C)[C@H]2O)[C@](C)(O)C[C@@H](C)[C@@H]2N[C@@H](COCCOC)O[C@H]([C@H]2C)[C@]1(C)O,,
strict_b3db_confirmed_clean,train,existing:train:303,COc1ccccc1N1CCN(CCCC(O)c2ccc(F)cc2)CC1,1,COc1ccccc1N1CCN(CCCC(O)c2ccc(F)cc2)CC1,,
strict_b3db_confirmed_clean,train,existing:train:304,CN(C)c1cc(-c2n[nH]c(N)n2)ccn1,0,CN(C)c1cc(-c2n[nH]c(N)n2)ccn1,,
strict_b3db_confirmed_clean,train,existing:train:305,CN[C@@H]1[C@H](O[C@H]2[C@H](O[C@H]3[C@H](O)[C@@H](O)[C@H](N=C(N)N)[C@@H](O)[C@@H]3N=C(N)N)O[C@@H](C)[C@]2(O)C=O)O[C@@H](CO)[C@H](O)[C@H]1O,0,CN[C@@H]1[C@H](O[C@H]2[C@H](O[C@H]3[C@H](O)[C@@H](O)[C@H](N=C(N)N)[C@@H](O)[C@@H]3N=C(N)N)O[C@@H](C)[C@]2(O)C=O)O[C@@H](CO)[C@H](O)[C@H]1O,,
strict_b3db_confirmed_clean,train,existing:train:306,CN[C@@H]1[C@H](O[C@H]2[C@H](O[C@@H]3[C@@H](O)[C@H](O)[C@@H](N=C(N)N)[C@H](O)[C@H]3N=C(N)N)O[C@@H](C)[C@]2(O)CO)O[C@@H](CO)[C@H](O)[C@H]1O,0,CN[C@@H]1[C@H](O[C@H]2[C@H](O[C@@H]3[C@@H](O)[C@H](O)[C@@H](N=C(N)N)[C@H](O)[C@H]3N=C(N)N)O[C@@H](C)[C@]2(O)CO)O[C@@H](CO)[C@H](O)[C@H]1O,,
strict_b3db_confirmed_clean,train,existing:train:307,CNC(=O)O[C@H]1OC(=O)[C@@]2(C)[C@@H]1[C@H]1C=C[C@@H]2C1,1,CNC(=O)O[C@H]1OC(=O)[C@@]2(C)[C@@H]1[C@H]1C=C[C@@H]2C1,,
strict_b3db_confirmed_clean,train,existing:train:308,C[C@]12Cc3cn[nH]c3C[C@@H]1CC[C@@H]1[C@@H]2CC[C@@]2(C)[C@H]1CC[C@]2(C)O,0,C[C@]12Cc3cn[nH]c3C[C@@H]1CC[C@@H]1[C@@H]2CC[C@@]2(C)[C@H]1CC[C@]2(C)O,,
strict_b3db_confirmed_clean,train,existing:train:309,O=C1Nc2ccc(Cl)cc2[C@@](C#CC2CC2)(C(F)(F)F)O1,0,O=C1Nc2ccc(Cl)cc2[C@@](C#CC2CC2)(C(F)(F)F)O1,,
strict_b3db_confirmed_clean,train,existing:train:310,COc1ccc([C@H](O)CN2CCN(c3cccccc3=O)CC2)cc1OC,1,COc1ccc([C@H](O)CN2CCN(c3cccccc3=O)CC2)cc1OC,,
strict_b3db_confirmed_clean,train,existing:train:311,CC(=O)Nc1ccc(OC(=O)[C@@H]2CCC(=O)N2)cc1,1,CC(=O)Nc1ccc(OC(=O)[C@@H]2CCC(=O)N2)cc1,,
strict_b3db_confirmed_clean,train,existing:train:312,C[N+]1([O-])C2CCC1CC(OC(=O)C(CO)c1ccccc1)C2,1,C[N+]1([O-])C2CCC1CC(OC(=O)C(CO)c1ccccc1)C2,,
strict_b3db_confirmed_clean,train,existing:train:313,CC(C)[N+]1(C)C2CCC1CC(OC(=O)C(CO)c1ccccc1)C2,0,CC(C)[N+]1(C)C2CCC1CC(OC(=O)C(CO)c1ccccc1)C2,,
strict_b3db_confirmed_clean,train,existing:train:314,O=C1N(c2ccccc2)c2ccccc2C1(Cc1ccncc1)Cc1ccncc1,1,O=C1N(c2ccccc2)c2ccccc2C1(Cc1ccncc1)Cc1ccncc1,,
strict_b3db_confirmed_clean,train,existing:train:315,COc1ccc(C#N)cc1C(=O)NCCN1CCC(C(=O)c2ccc(F)cc2)CC1,1,COc1ccc(C#N)cc1C(=O)NCCN1CCC(C(=O)c2ccc(F)cc2)CC1,,
strict_b3db_confirmed_clean,train,existing:train:316,CC(CN1CCOCC1)C(C(=O)N1CCCC1)(c1ccccc1)c1ccccc1,1,CC(CN1CCOCC1)C(C(=O)N1CCCC1)(c1ccccc1)c1ccccc1,,
strict_b3db_confirmed_clean,train,existing:train:317,CN(C)CCON=C1c2ccccc2CCc2ccccc21,1,CN(C)CCON=C1c2ccccc2CCc2ccccc21,,
strict_b3db_confirmed_clean,train,existing:train:318,Cc1ccc(S(=O)(=O)NC(=O)NN2CCCCCC2)cc1,0,Cc1ccc(S(=O)(=O)NC(=O)NN2CCCCCC2)cc1,,
strict_b3db_confirmed_clean,train,existing:train:319,Oc1ccc2c(c1)[C@@]13CCCC[C@@]1(O)[C@@H](C2)N(CC1CC1)CC3,1,Oc1ccc2c(c1)[C@@]13CCCC[C@@]1(O)[C@@H](C2)N(CC1CC1)CC3,,
strict_b3db_confirmed_clean,train,existing:train:320,Cc1nc2ccccc2c(=O)n1-c1ccccc1Cl,1,Cc1nc2ccccc2c(=O)n1-c1ccccc1Cl,,
strict_b3db_confirmed_clean,train,existing:train:321,CCc1ccccc1-n1c(C)nc2ccccc2c1=O,1,CCc1ccccc1-n1c(C)nc2ccccc2c1=O,,
strict_b3db_confirmed_clean,train,existing:train:322,Cc1ccccc1-n1c(C)nc2ccccc2c1=O,1,Cc1ccccc1-n1c(C)nc2ccccc2c1=O,,
strict_b3db_confirmed_clean,train,existing:train:323,O=C(c1ccc(F)cc1)C1CCN(CCCn2c(=O)[nH]c3ccccc32)CC1,1,O=C(c1ccc(F)cc1)C1CCN(CCCn2c(=O)[nH]c3ccccc32)CC1,,
strict_b3db_confirmed_clean,train,existing:train:324,O=C(c1ccc(F)cc1)C1CCN(CCCn2c(=O)[nH]c3cc(Cl)ccc32)CC1,1,O=C(c1ccc(F)cc1)C1CCN(CCCn2c(=O)[nH]c3cc(Cl)ccc32)CC1,,
strict_b3db_confirmed_clean,train,existing:train:325,Nc1ccc(-c2nc3ccc(O)cc3s2)cc1I,1,Nc1ccc(-c2nc3ccc(O)cc3s2)cc1I,,
strict_b3db_confirmed_clean,train,existing:train:326,OC(CCN1CCCC1)(c1ccccc1)C1CCCCC1,1,OC(CCN1CCCC1)(c1ccccc1)C1CCCCC1,,
strict_b3db_confirmed_clean,train,existing:train:327,CN(C)CCCn1c2c(c3ccccc31)CCCCCC2,1,CN(C)CCCn1c2c(c3ccccc31)CCCCCC2,,
strict_b3db_confirmed_clean,train,existing:train:328,C=C(C)[C@@H]1CCC(C)=CC1c1c(O)cc(CCCCC)cc1O,1,C=C(C)[C@@H]1CCC(C)=CC1c1c(O)cc(CCCCC)cc1O,,
strict_b3db_confirmed_clean,train,existing:train:329,OCc1ccccc1O[C@@H]1O[C@H](CO)[C@@H](O)[C@H](O)[C@H]1O,1,OCc1ccccc1O[C@@H]1O[C@H](CO)[C@@H](O)[C@H](O)[C@H]1O,,
strict_b3db_confirmed_clean,train,existing:train:330,CN(C)CC/C=C1/c2ccccc2COc2ccccc21,1,CN(C)CC/C=C1/c2ccccc2COc2ccccc21,,
strict_b3db_confirmed_clean,train,existing:train:331,CN(C)CCC=C1c2ccccc2COc2ccccc21,1,CN(C)CCC=C1c2ccccc2COc2ccccc21,,
strict_b3db_confirmed_clean,train,existing:train:332,COc1ccccc1OCC1CNC(=O)O1,1,COc1ccccc1OCC1CNC(=O)O1,,
strict_b3db_confirmed_clean,train,existing:train:333,Cc1cc(C)cc(OCC2CNC(=O)O2)c1,1,Cc1cc(C)cc(OCC2CNC(=O)O2)c1,,
strict_b3db_confirmed_clean,train,existing:train:334,C1=Cc2cccc(OCC3CNCCO3)c2C1,1,C1=Cc2cccc(OCC3CNCCO3)c2C1,,
strict_b3db_confirmed_clean,train,existing:train:335,O=C(Cc1ccc(Cl)c(Cl)c1)N1CCc2ccccc2[C@H]1CN1CCCC1,1,O=C(Cc1ccc(Cl)c(Cl)c1)N1CCc2ccccc2[C@H]1CN1CCCC1,,
strict_b3db_confirmed_clean,train,existing:train:336,CN(C)CCCn1c(=O)n(-c2ccccc2)c2cc(Cl)ccc21,1,CN(C)CCCn1c(=O)n(-c2ccccc2)c2cc(Cl)ccc21,,
strict_b3db_confirmed_clean,train,existing:train:337,CN1CC2c3ccccc3Oc3ccc(Cl)cc3C2C1,1,CN1CC2c3ccccc3Oc3ccc(Cl)cc3C2C1,,
strict_b3db_confirmed_clean,train,existing:train:338,Clc1ccc2c(c1)C1CNCC1c1ccccc1O2,1,Clc1ccc2c(c1)C1CNCC1c1ccccc1O2,,
strict_b3db_confirmed_clean,train,existing:train:339,CN1C[C@@H]2c3cc(Cl)ccc3Oc3ccccc3[C@@H]2C1,1,CN1C[C@@H]2c3cc(Cl)ccc3Oc3ccccc3[C@@H]2C1,,
strict_b3db_confirmed_clean,train,existing:train:340,Clc1ccc2c(c1)[C@H]1CNC[C@H]1c1ccccc1O2,1,Clc1ccc2c(c1)[C@H]1CNC[C@H]1c1ccccc1O2,,
strict_b3db_confirmed_clean,train,existing:train:341,CC/C=C(\C(=O)N[C@@H]1C(=O)N2C(C(=O)O)=C(COC(N)=O)CS[C@H]12)c1csc(N)n1,0,CC/C=C(\C(=O)N[C@@H]1C(=O)N2C(C(=O)O)=C(COC(N)=O)CS[C@H]12)c1csc(N)n1,,
strict_b3db_confirmed_clean,train,existing:train:342,Nc1nc(/C(=C/CC(=O)O)C(=O)N[C@@H]2C(=O)N3C(C(=O)O)=CCS[C@H]23)cs1,0,Nc1nc(/C(=C/CC(=O)O)C(=O)N[C@@H]2C(=O)N3C(C(=O)O)=CCS[C@H]23)cs1,,
strict_b3db_confirmed_clean,train,existing:train:343,CC(=O)C1=C(O)[C@@]2(O)C(=O)c3c(c(C)c4ccc(C)c(O)c4c3O)C[C@H]2[C@@H](N)C1=O,0,CC(=O)C1=C(O)[C@@]2(O)C(=O)c3c(c(C)c4ccc(C)c(O)c4c3O)C[C@H]2[C@@H](N)C1=O,,
strict_b3db_confirmed_clean,train,existing:train:344,COc1cc2oc(=O)c(C)c(C)c2cc1OCCCN1CCN(c2ccccc2OC)CC1,1,COc1cc2oc(=O)c(C)c(C)c2cc1OCCCN1CCN(c2ccccc2OC)CC1,,
strict_b3db_confirmed_clean,train,existing:train:345,COc1cccc2c1C(=O)c1c(O)c3c(c(O)c1C2=O)C[C@@](O)(/C(C)=N/NC(=O)c1ccccc1)C[C@@H]3O[C@H]1C[C@H](N)[C@H](O)[C@H](C)O1,0,COc1cccc2c1C(=O)c1c(O)c3c(c(O)c1C2=O)C[C@@](O)(/C(C)=N/NC(=O)c1ccccc1)C[C@@H]3O[C@H]1C[C@H](N)[C@H](O)[C@H](C)O1,,
strict_b3db_confirmed_clean,train,existing:train:346,COc1cccc2c1C(=O)c1c(O)c3c(c(O)c1C2=O)CC(O)(C(=O)CO)CC3O,0,COc1cccc2c1C(=O)c1c(O)c3c(c(O)c1C2=O)CC(O)(C(=O)CO)CC3O,,
strict_b3db_confirmed_clean,train,existing:train:347,O=C(OC1CN2CCC1CC2)c1ccccc1,1,O=C(OC1CN2CCC1CC2)c1ccccc1,,
strict_b3db_confirmed_clean,train,existing:train:348,CC(=O)O[C@H]1C(=O)[C@@]2(C)C([C@H](OC(=O)c3ccccc3)[C@]3(O)C[C@H](OC(=O)[C@H](O)[C@@H](NC(=O)c4ccccc4)c4ccccc4)C(C)=C1C3(C)C)[C@]1(OC(C)=O)CO[C@@H]1C[C@@H]2O,0,CC(=O)O[C@H]1C(=O)[C@@]2(C)C([C@H](OC(=O)c3ccccc3)[C@]3(O)C[C@H](OC(=O)[C@H](O)[C@@H](NC(=O)c4ccccc4)c4ccccc4)C(C)=C1C3(C)C)[C@]1(OC(C)=O)CO[C@@H]1C[C@@H]2O,,
strict_b3db_confirmed_clean,train,existing:train:349,O=C(CCCN1CC2CCC(CC2)C1)c1ccc(F)cc1,1,O=C(CCCN1CC2CCC(CC2)C1)c1ccc(F)cc1,,
strict_b3db_confirmed_clean,train,existing:train:350,O=[N+]([O-])C1=CC=NC1NCCSCc1ccccn1,1,O=[N+]([O-])C1=CC=NC1NCCSCc1ccccn1,,
strict_b3db_confirmed_clean,train,existing:train:351,O=[N+]([O-])C1=CC=NC1NCCSCc1ncccc1Br,1,O=[N+]([O-])C1=CC=NC1NCCSCc1ncccc1Br,,
strict_b3db_confirmed_clean,train,existing:train:352,O=C(NC(=O)c1ccccc1)NC1CCN(Cc2ccc3ccccc3c2)CC1,1,O=C(NC(=O)c1ccccc1)NC1CCN(Cc2ccc3ccccc3c2)CC1,,
strict_b3db_confirmed_clean,train,existing:train:353,CC(CNC(=O)c1ccccc1)C(=O)OCC(=O)[C@@]12OC(C)(C)O[C@@H]1C[C@H]1[C@@H]3CCC4=CC(=O)C=C[C@]4(C)[C@@]3(F)[C@@H](O)C[C@@]12C,1,CC(CNC(=O)c1ccccc1)C(=O)OCC(=O)[C@@]12OC(C)(C)O[C@@H]1C[C@H]1[C@@H]3CCC4=CC(=O)C=C[C@]4(C)[C@@]3(F)[C@@H](O)C[C@@]12C,,
strict_b3db_confirmed_clean,train,existing:train:354,Fc1ccccc1C1=NCCN(CC(F)(F)F)c2ccc(Cl)cc21,1,Fc1ccccc1C1=NCCN(CC(F)(F)F)c2ccc(Cl)cc21,,
strict_b3db_confirmed_clean,train,existing:train:355,CN1CCN=C(c2ccccc2)c2cc(Cl)ccc21,1,CN1CCN=C(c2ccccc2)c2cc(Cl)ccc21,,
strict_b3db_confirmed_clean,train,existing:train:356,CN1c2ccccc2C(c2ccccc2Cl)=NCC1(Cl)CO,1,CN1c2ccccc2C(c2ccccc2Cl)=NCC1(Cl)CO,,
strict_b3db_confirmed_clean,train,existing:train:357,COCC1CN=C(c2ccccc2Cl)c2cc(Br)ccc2N1C,1,COCC1CN=C(c2ccccc2Cl)c2cc(Br)ccc2N1C,,
strict_b3db_confirmed_clean,train,existing:train:358,COc1cccc2c1C(=O)c1c(O)c3c(c(O)c1C2=O)C[C@@](O)(C(=O)CO)C[C@@H]3O[C@H]1C[C@H](N)[C@H](O[C@H]2CCCCO2)[C@H](C)O1,0,COc1cccc2c1C(=O)c1c(O)c3c(c(O)c1C2=O)C[C@@](O)(C(=O)CO)C[C@@H]3O[C@H]1C[C@H](N)[C@H](O[C@H]2CCCCO2)[C@H](C)O1,,
strict_b3db_confirmed_clean,train,existing:train:359,CC(C)CCC(=O)CC1c2ccccc2C(=O)N1c1ccc2ccc(Cl)nc2n1,1,CC(C)CCC(=O)CC1c2ccccc2C(=O)N1c1ccc2ccc(Cl)nc2n1,,
strict_b3db_confirmed_clean,train,existing:train:360,c1ccc2c(c1)cc1n2CCCNC1,1,c1ccc2c(c1)cc1n2CCCNC1,,
strict_b3db_confirmed_clean,train,existing:train:361,O=C1CCC(C(=O)NC2CC2c2ccccc2)N1,1,O=C1CCC(C(=O)NC2CC2c2ccccc2)N1,,
strict_b3db_confirmed_clean,train,existing:train:362,Cc1cn([C@H]2C=C[C@@H](CO)O2)c(=O)[nH]c1=O,1,Cc1cn([C@H]2C=C[C@@H](CO)O2)c(=O)[nH]c1=O,,
strict_b3db_confirmed_clean,train,existing:train:363,NC(=O)NCCN1CCN(c2cccc(C(F)(F)F)c2)CC1,1,NC(=O)NCCN1CCN(c2cccc(C(F)(F)F)c2)CC1,,
strict_b3db_confirmed_clean,train,existing:train:364,CC(=O)NCCCN1CCN(c2cc(Cl)ccc2Cl)CC1,1,CC(=O)NCCCN1CCN(c2cc(Cl)ccc2Cl)CC1,,
strict_b3db_confirmed_clean,train,existing:train:365,O=C1[C@@H]2[C@@H]3C=C[C@@H]([C@H]4C=C[C@H]43)[C@@H]2C(=O)N1CCCCN1CCN(c2ncccn2)CC1,1,O=C1[C@@H]2[C@@H]3C=C[C@@H]([C@H]4C=C[C@H]43)[C@@H]2C(=O)N1CCCCN1CCN(c2ncccn2)CC1,,
strict_b3db_confirmed_clean,train,existing:train:366,CC(C)Oc1ccccc1N1CCN(Cc2cccc(C(=O)N3CCCCC3)c2)CC1,1,CC(C)Oc1ccccc1N1CCN(Cc2cccc(C(=O)N3CCCCC3)c2)CC1,,
strict_b3db_confirmed_clean,train,existing:train:367,CN(C)CC(Oc1ccccc1)Oc1ccccc1,1,CN(C)CC(Oc1ccccc1)Oc1ccccc1,,
strict_b3db_confirmed_clean,train,existing:train:368,CC(Cc1ccccc1)N(C)Cc1ccco1,1,CC(Cc1ccccc1)N(C)Cc1ccco1,,
strict_b3db_confirmed_clean,train,existing:train:369,CN(C)CCOC1(Cc2ccccc2)CC2CCC1(C)C2(C)C,1,CN(C)CCOC1(Cc2ccccc2)CC2CCC1(C)C2(C)C,,
strict_b3db_confirmed_clean,train,existing:train:370,CN1C(=O)OC(C)(C)C1=O,1,CN1C(=O)OC(C)(C)C1=O,,
strict_b3db_confirmed_clean,train,existing:train:371,CC1(C)OC(=O)NC1=O,1,CC1(C)OC(=O)NC1=O,,
strict_b3db_confirmed_clean,train,existing:train:372,CCC1(C)OC(=O)N(C)C1=O,1,CCC1(C)OC(=O)N(C)C1=O,,
strict_b3db_confirmed_clean,train,existing:train:373,C=CCN1C(=O)OC(C)C1=O,1,C=CCN1C(=O)OC(C)C1=O,,
strict_b3db_confirmed_clean,train,existing:train:374,CN(C(=O)Cc1ccc(Cl)c(Cl)c1)[C@H]1CC[C@@]2(CCCO2)C[C@@H]1N1CCCC1,1,CN(C(=O)Cc1ccc(Cl)c(Cl)c1)[C@H]1CC[C@@]2(CCCO2)C[C@@H]1N1CCCC1,,
strict_b3db_confirmed_clean,train,existing:train:375,CCOC(=O)C1=C(C)NC(C)=C(C(=O)OC)C1c1cccc(Cl)c1Cl,0,CCOC(=O)C1=C(C)NC(C)=C(C(=O)OC)C1c1cccc(Cl)c1Cl,,
strict_b3db_confirmed_clean,train,existing:train:376,CC[C@H](NC(=O)c1c(OCCNC(=O)[C@@H]2CCCN2)c(-c2ccccc2)nc2ccccc12)c1ccccc1,0,CC[C@H](NC(=O)c1c(OCCNC(=O)[C@@H]2CCCN2)c(-c2ccccc2)nc2ccccc12)c1ccccc1,,
strict_b3db_confirmed_clean,train,existing:train:377,Cc1ccccc1-n1c(/C=C/c2ccccn2)nc2ccccc2c1=O,1,Cc1ccccc1-n1c(/C=C/c2ccccn2)nc2ccccc2c1=O,,
strict_b3db_confirmed_clean,train,existing:train:378,C[C@@H](O)[C@H]1C(=O)N2C(C(=O)O)=C([C@H]3CCCO3)S[C@H]12,0,C[C@@H](O)[C@H]1C(=O)N2C(C(=O)O)=C([C@H]3CCCO3)S[C@H]12,,
strict_b3db_confirmed_clean,train,existing:train:379,OCCN1CCN(CCCN2c3cc(C(F)(F)F)ccc3Sc3sccc32)CC1,1,OCCN1CCN(CCCN2c3cc(C(F)(F)F)ccc3Sc3sccc32)CC1,,
strict_b3db_confirmed_clean,train,existing:train:380,CC12CC(=O)[C@H]3C(CC[C@H]4C[C@H](O)CCC43C)[C@@H]1CCC2C(=O)CO,1,CC12CC(=O)[C@H]3C(CC[C@H]4C[C@H](O)CCC43C)[C@@H]1CCC2C(=O)CO,,
strict_b3db_confirmed_clean,train,existing:train:381,CC(=O)[C@H]1CC[C@H]2[C@@H]3CC[C@H]4C[C@H](O)CC[C@]4(C)[C@H]3C(=O)C[C@]12C,1,CC(=O)[C@H]1CC[C@H]2[C@@H]3CC[C@H]4C[C@H](O)CC[C@]4(C)[C@H]3C(=O)C[C@]12C,,
strict_b3db_confirmed_clean,train,existing:train:382,CC(CC1c2ccccc2CCc2ccccc21)CN(C)C,1,CC(CC1c2ccccc2CCc2ccccc21)CN(C)C,,
strict_b3db_confirmed_clean,train,existing:train:383,CN(C)C(=O)COC1c2ccccc2CCc2ccccc21,1,CN(C)C(=O)COC1c2ccccc2CCc2ccccc21,,
strict_b3db_confirmed_clean,train,existing:train:384,NC(=O)C1c2ccccc2CCc2ccccc21,1,NC(=O)C1c2ccccc2CCc2ccccc21,,
strict_b3db_confirmed_clean,train,existing:train:385,CC1COC2(c3ccccc3Cl)c3cc(Cl)ccc3NC(=O)CN12,1,CC1COC2(c3ccccc3Cl)c3cc(Cl)ccc3NC(=O)CN12,,
strict_b3db_confirmed_clean,train,existing:train:386,O=C1CN2CCOC2(c2ccccc2Cl)c2cc(Cl)ccc2N1,1,O=C1CN2CCOC2(c2ccccc2Cl)c2cc(Cl)ccc2N1,,
strict_b3db_confirmed_clean,train,existing:train:387,O=C1CN2CCOC2(c2ccccc2F)c2cc(Br)ccc2N1,1,O=C1CN2CCOC2(c2ccccc2F)c2cc(Br)ccc2N1,,
strict_b3db_confirmed_clean,train,existing:train:388,O=C1CN2CCOC2(c2ccccc2F)c2cc(Cl)ccc2N1CCO,1,O=C1CN2CCOC2(c2ccccc2F)c2cc(Cl)ccc2N1CCO,,
strict_b3db_confirmed_clean,train,existing:train:389,C[C@@H]1CN2CC(=O)Nc3ccc(Cl)cc3[C@]2(c2ccccc2)O1,1,C[C@@H]1CN2CC(=O)Nc3ccc(Cl)cc3[C@]2(c2ccccc2)O1,,
strict_b3db_confirmed_clean,train,existing:train:390,CC1CN(C)CC2Cc3c(ccc4ccccc34)OC12O,1,CC1CN(C)CC2Cc3c(ccc4ccccc34)OC12O,,
strict_b3db_confirmed_clean,train,existing:train:391,NC(=O)CN1C(=O)C(c2ccccc2)c2ccccc21,1,NC(=O)CN1C(=O)C(c2ccccc2)c2ccccc21,,
strict_b3db_confirmed_clean,train,existing:train:392,O=C1C[C@H]2SC(C3(O)CN4C(=O)C[C@H]4S3)CN12,1,O=C1C[C@H]2SC(C3(O)CN4C(=O)C[C@H]4S3)CN12,,
strict_b3db_confirmed_clean,train,existing:train:393,CCCCCN[C@@]12C=CC(=O)[C@@H]3Oc4c(O)ccc5c4[C@@]31CCN(C)[C@@H]2C5,1,CCCCCN[C@@]12C=CC(=O)[C@@H]3Oc4c(O)ccc5c4[C@@]31CCN(C)[C@@H]2C5,,
strict_b3db_confirmed_clean,train,existing:train:394,c1ccc(C2CN=C3NCCN32)cc1,1,c1ccc(C2CN=C3NCCN32)cc1,,
strict_b3db_confirmed_clean,train,existing:train:395,O=c1n(CCCN2CCN(c3cccc(Cl)c3)CC2)nc2ccccn12,1,O=c1n(CCCN2CCN(c3cccc(Cl)c3)CC2)nc2ccccn12,,
strict_b3db_confirmed_clean,train,existing:train:396,CCC1(C2=CCCCC2)C(=O)NC(=O)NC1=O,1,CCC1(C2=CCCCC2)C(=O)NC(=O)NC1=O,,
strict_b3db_confirmed_clean,train,existing:train:397,CN1C(=O)NC(=O)C(C)(C2=CCCCC2)C1=O,1,CN1C(=O)NC(=O)C(C)(C2=CCCCC2)C1=O,,
strict_b3db_confirmed_clean,train,existing:train:398,CN(C)[C@@H](CCOc1cccc2ccccc12)c1ccccc1,1,CN(C)[C@@H](CCOc1cccc2ccccc12)c1ccccc1,,
strict_b3db_confirmed_clean,train,existing:train:399,OC1(c2ccc(Cl)cc2)c2ccccc2C2=NCCN21,1,OC1(c2ccc(Cl)cc2)c2ccccc2C2=NCCN21,,
strict_b3db_confirmed_clean,train,existing:train:400,CCC12CCN(CC3CCC3)C(Cc3ccc(O)cc31)C2(C)C,1,CCC12CCN(CC3CCC3)C(Cc3ccc(O)cc31)C2(C)C,,
strict_b3db_confirmed_clean,train,existing:train:401,CN1CCN(C2=Cc3cc(Cl)ccc3/C(=C\C#N)c3ccccc32)CC1,1,CN1CCN(C2=Cc3cc(Cl)ccc3/C(=C\C#N)c3ccccc32)CC1,,
strict_b3db_confirmed_clean,train,existing:train:402,CC(CCN1CCN(c2ccc(F)cc2)CC1)NC(=O)c1cccnc1,1,CC(CCN1CCN(c2ccc(F)cc2)CC1)NC(=O)c1cccnc1,,
strict_b3db_confirmed_clean,train,existing:train:403,OCCN1CCN([C@@H]2C[C@@H](c3ccc(F)cc3)c3ccc(C(F)(F)F)cc32)CC1,1,OCCN1CCN([C@@H]2C[C@@H](c3ccc(F)cc3)c3ccc(C(F)(F)F)cc32)CC1,,
strict_b3db_confirmed_clean,train,existing:train:404,O=C1CCC(N2C(=O)c3ccccc3C2=O)C(=O)N1,1,O=C1CCC(N2C(=O)c3ccccc3C2=O)C(=O)N1,,
strict_b3db_confirmed_clean,train,existing:train:405,CN1C[C@H](C(=O)N[C@]2(C)O[C@@]3(O)[C@@H]4CCCN4C(=O)[C@H](Cc4ccccc4)N3C2=O)C[C@@H]2c3cccc4[nH]cc(c34)C[C@H]21,0,CN1C[C@H](C(=O)N[C@]2(C)O[C@@]3(O)[C@@H]4CCCN4C(=O)[C@H](Cc4ccccc4)N3C2=O)C[C@@H]2c3cccc4[nH]cc(c34)C[C@H]21,,
strict_b3db_confirmed_clean,train,existing:train:406,CC(=O)[C@@]1(O)[C@@H](C)C[C@H]2[C@@H]3CCC4=CC(=O)C=C[C@]4(C)[C@@]3(F)[C@@H](O)C[C@@]21C,1,CC(=O)[C@@]1(O)[C@@H](C)C[C@H]2[C@@H]3CCC4=CC(=O)C=C[C@]4(C)[C@@]3(F)[C@@H](O)C[C@@]21C,,
strict_b3db_confirmed_clean,train,existing:train:407,C[C@@H]1C[C@H]2[C@@H]3C[C@H](F)C4=CC(=O)C=C[C@]4(C)[C@H]3[C@@H](O)C[C@]2(C)[C@@]1(O)C(=O)CO,1,C[C@@H]1C[C@H]2[C@@H]3C[C@H](F)C4=CC(=O)C=C[C@]4(C)[C@H]3[C@@H](O)C[C@]2(C)[C@@]1(O)C(=O)CO,,
strict_b3db_confirmed_clean,train,existing:train:408,CCC(=O)OCC(=O)[C@@]1(OC(=O)CC)[C@@H](C)C[C@H]2[C@@H]3CCC4=CC(=O)C=C[C@]4(C)[C@@]3(Cl)[C@@H](O)C[C@@]21C,1,CCC(=O)OCC(=O)[C@@]1(OC(=O)CC)[C@@H](C)C[C@H]2[C@@H]3CCC4=CC(=O)C=C[C@]4(C)[C@@]3(Cl)[C@@H](O)C[C@@]21C,,
strict_b3db_confirmed_clean,train,existing:train:409,CC12C=CC(=O)C=C1CCC1C3CCC(O)(C(=O)CO)C3(C)CC(O)C12F,1,CC12C=CC(=O)C=C1CCC1C3CCC(O)(C(=O)CO)C3(C)CC(O)C12F,,
strict_b3db_confirmed_clean,train,existing:train:410,CC(=O)OCC(=O)[C@@]1(O)CC[C@H]2[C@@H]3CCC4=CC(=O)C=C[C@]4(C)[C@@]3(F)[C@@H](O)C[C@@]21C,1,CC(=O)OCC(=O)[C@@]1(O)CC[C@H]2[C@@H]3CCC4=CC(=O)C=C[C@]4(C)[C@@]3(F)[C@@H](O)C[C@@]21C,,
strict_b3db_confirmed_clean,train,existing:train:411,CC(=O)OCC(=O)[C@@]1(O)[C@H](C)C[C@H]2[C@@H]3C[C@H](F)C4=CC(=O)C=C[C@]4(C)[C@H]3[C@@H](O)C[C@@]21C,1,CC(=O)OCC(=O)[C@@]1(O)[C@H](C)C[C@H]2[C@@H]3C[C@H](F)C4=CC(=O)C=C[C@]4(C)[C@H]3[C@@H](O)C[C@@]21C,,
strict_b3db_confirmed_clean,train,existing:train:412,C[C@@H]1C[C@H]2[C@@H]3CCC4=CC(=O)C=C[C@]4(C)[C@@]3(F)[C@@H](O)C[C@]2(C)[C@@]1(C)C(=O)CO,1,C[C@@H]1C[C@H]2[C@@H]3CCC4=CC(=O)C=C[C@]4(C)[C@@]3(F)[C@@H](O)C[C@]2(C)[C@@]1(C)C(=O)CO,,
strict_b3db_confirmed_clean,train,existing:train:413,C[C@@H]1C[C@H]2[C@@H]3C[C@H](F)C4=CC(=O)C=C[C@]4(C)[C@@]3(F)[C@@H](O)C[C@]2(C)[C@@]1(O)C(=O)CO,1,C[C@@H]1C[C@H]2[C@@H]3C[C@H](F)C4=CC(=O)C=C[C@]4(C)[C@@]3(F)[C@@H](O)C[C@]2(C)[C@@]1(O)C(=O)CO,,
strict_b3db_confirmed_clean,train,existing:train:414,CC(=O)C1CCC2C3CC(C)C4=CC(=O)C=CC4(C)C3C(O)CC12C,1,CC(=O)C1CCC2C3CC(C)C4=CC(=O)C=CC4(C)C3C(O)CC12C,,
strict_b3db_confirmed_clean,train,existing:train:415,CC(=O)OCC(=O)[C@@]1(OC(=O)C(C)C)[C@@H](C)C[C@H]2[C@@H]3CCC4=CC(=O)C=C[C@]4(C)[C@@]3(F)[C@@H](O)C[C@@]21C,1,CC(=O)OCC(=O)[C@@]1(OC(=O)C(C)C)[C@@H](C)C[C@H]2[C@@H]3CCC4=CC(=O)C=C[C@]4(C)[C@@]3(F)[C@@H](O)C[C@@]21C,,
strict_b3db_confirmed_clean,train,existing:train:416,CC(=O)OCC(=O)[C@@]1(O)[C@@H](C)C[C@H]2[C@@H]3CCC4=CC(=O)C=C[C@]4(C)[C@@]3(F)[C@@H](O)C[C@@]21C,1,CC(=O)OCC(=O)[C@@]1(O)[C@@H](C)C[C@H]2[C@@H]3CCC4=CC(=O)C=C[C@]4(C)[C@@]3(F)[C@@H](O)C[C@@]21C,,
strict_b3db_confirmed_clean,train,existing:train:417,CCC(=O)OCC(=O)[C@@]1(OC(=O)CC)[C@@H](C)C[C@H]2[C@@H]3CCC4=CC(=O)C=C[C@]4(C)[C@@]3(F)[C@@H](O)C[C@@]21C,1,CCC(=O)OCC(=O)[C@@]1(OC(=O)CC)[C@@H](C)C[C@H]2[C@@H]3CCC4=CC(=O)C=C[C@]4(C)[C@@]3(F)[C@@H](O)C[C@@]21C,,
strict_b3db_confirmed_clean,train,existing:train:418,C[C@@H]1C[C@H]2C3C[C@H](F)C4=CC(=O)C=CC4(C)[C@@]3(F)[C@@H](O)CC2(C)[C@@]1(O)C(=O)COC(=O)C(C)(C)C,1,C[C@@H]1C[C@H]2C3C[C@H](F)C4=CC(=O)C=CC4(C)[C@@]3(F)[C@@H](O)CC2(C)[C@@]1(O)C(=O)COC(=O)C(C)(C)C,,
strict_b3db_confirmed_clean,train,existing:train:419,C[C@]12C=CC(=O)C=C1[C@@H](F)C[C@H]1[C@@H]3C[C@@H](O)[C@](O)(C(=O)CO)[C@@]3(C)C[C@H](O)[C@@]12F,1,C[C@]12C=CC(=O)C=C1[C@@H](F)C[C@H]1[C@@H]3C[C@@H](O)[C@](O)(C(=O)CO)[C@@]3(C)C[C@H](O)[C@@]12F,,
strict_b3db_confirmed_clean,train,existing:train:420,CCCCOC(=O)C(=O)[C@H]1[C@H](C)C[C@H]2[C@@H]3C[C@H](F)C4=CC(=O)C=C[C@]4(C)[C@H]3[C@@H](O)C[C@@]21C,1,CCCCOC(=O)C(=O)[C@H]1[C@H](C)C[C@H]2[C@@H]3C[C@H](F)C4=CC(=O)C=C[C@]4(C)[C@H]3[C@@H](O)C[C@@]21C,,
strict_b3db_confirmed_clean,train,existing:train:421,C[C@@H]1C[C@H]2[C@@H]3C[C@H](F)C4=CC(=O)C=C[C@]4(C)[C@H]3[C@@H](O)C[C@]2(C)[C@H]1C(=O)CO,1,C[C@@H]1C[C@H]2[C@@H]3C[C@H](F)C4=CC(=O)C=C[C@]4(C)[C@H]3[C@@H](O)C[C@]2(C)[C@H]1C(=O)CO,,
strict_b3db_confirmed_clean,train,existing:train:422,CC(=O)[C@@]1(O)CC[C@H]2[C@@H]3C[C@H](C)C4=CC(=O)C=C[C@]4(C)[C@@]3(F)[C@@H](O)C[C@@]21C,1,CC(=O)[C@@]1(O)CC[C@H]2[C@@H]3C[C@H](C)C4=CC(=O)C=C[C@]4(C)[C@@]3(F)[C@@H](O)C[C@@]21C,,
strict_b3db_confirmed_clean,train,existing:train:423,CC(=O)O[C@@H](C)C(=O)[C@@]1(O)CC[C@H]2[C@@H]3CCC4=CC(=O)C=C[C@]4(C)[C@@]3(F)[C@@H](O)C[C@@]21C,1,CC(=O)O[C@@H](C)C(=O)[C@@]1(O)CC[C@H]2[C@@H]3CCC4=CC(=O)C=C[C@]4(C)[C@@]3(F)[C@@H](O)C[C@@]21C,,
strict_b3db_confirmed_clean,train,existing:train:424,C[C@]12C=CC(=O)C=C1[C@@H](F)C[C@@H]1[C@@H]2[C@@H](O)C[C@@]2(C)[C@H]1CC[C@]2(O)C(=O)CO,1,C[C@]12C=CC(=O)C=C1[C@@H](F)C[C@@H]1[C@@H]2[C@@H](O)C[C@@]2(C)[C@H]1CC[C@]2(O)C(=O)CO,,
strict_b3db_confirmed_clean,train,existing:train:425,CCCCC(=O)O[C@]1(C(=O)CO)CCC2C3CC(F)C4=CC(=O)C=CC4(C)C3C(O)CC21C,1,CCCCC(=O)O[C@]1(C(=O)CO)CCC2C3CC(F)C4=CC(=O)C=CC4(C)C3C(O)CC21C,,
strict_b3db_confirmed_clean,train,existing:train:426,CC(=O)OCC(=O)[C@@]1(O)CC[C@H]2[C@@H]3CCC4=CC(=O)C=C[C@]4(C)[C@H]3[C@@H](O)C[C@@]21C,1,CC(=O)OCC(=O)[C@@]1(O)CC[C@H]2[C@@H]3CCC4=CC(=O)C=C[C@]4(C)[C@H]3[C@@H](O)C[C@@]21C,,
strict_b3db_confirmed_clean,train,existing:train:427,CCCCC(=O)OC1(C(=O)CO)CCC2C3CCC4=CC(=O)C=CC4(C)C3C(O)CC21C,1,CCCCC(=O)OC1(C(=O)CO)CCC2C3CCC4=CC(=O)C=CC4(C)C3C(O)CC21C,,
strict_b3db_confirmed_clean,train,existing:train:428,CCOC(=O)OC1(C(=O)OCCl)CCC2C3CCC4=CC(=O)C=CC4(C)C3C(O)CC21C,1,CCOC(=O)OC1(C(=O)OCCl)CCC2C3CCC4=CC(=O)C=CC4(C)C3C(O)CC21C,,
strict_b3db_confirmed_clean,train,existing:train:429,C[C@@H]1CC2[C@@H]3C[C@H](F)C4=CC(=O)C(Cl)=C[C@]4(C)[C@@]3(F)[C@@H](O)C[C@]2(C)[C@@]1(O)C(=O)CO,1,C[C@@H]1CC2[C@@H]3C[C@H](F)C4=CC(=O)C(Cl)=C[C@]4(C)[C@@]3(F)[C@@H](O)C[C@]2(C)[C@@]1(O)C(=O)CO,,
strict_b3db_confirmed_clean,train,existing:train:430,C[C@@H]1CC2C3CCC4=CC(=O)C=CC4(C)[C@@]3(Cl)C(Cl)CC2(C)[C@@]1(O)C(=O)CO,1,C[C@@H]1CC2C3CCC4=CC(=O)C=CC4(C)[C@@]3(Cl)C(Cl)CC2(C)[C@@]1(O)C(=O)CO,,
strict_b3db_confirmed_clean,train,existing:train:431,CCC(=O)OCC(=O)[C@@]1(OC(=O)CC)[C@H](C)C[C@H]2[C@H]3[C@H]([C@@H](O)C[C@@]21C)[C@@]1(C)C=CC(=O)C=C1C[C@H]3Cl,1,CCC(=O)OCC(=O)[C@@]1(OC(=O)CC)[C@H](C)C[C@H]2[C@H]3[C@H]([C@@H](O)C[C@@]21C)[C@@]1(C)C=CC(=O)C=C1C[C@H]3Cl,,
strict_b3db_confirmed_clean,train,existing:train:432,CSC(=O)C1(OC(C)=O)[C@@H](C)C[C@H]2[C@@H]3CCC4=CC(=O)C=C[C@]4(C)C3(F)[C@@H](O)C[C@@]21C,1,CSC(=O)C1(OC(C)=O)[C@@H](C)C[C@H]2[C@@H]3CCC4=CC(=O)C=C[C@]4(C)C3(F)[C@@H](O)C[C@@]21C,,
strict_b3db_confirmed_clean,train,existing:train:433,CCCC(=O)O[C@]1(C(=O)COC(C)=O)[C@H](C)C[C@H]2[C@@H]3CCC4=CC(=O)C=C[C@]4(C)[C@@]3(Cl)[C@@H](O)C[C@@]21C,1,CCCC(=O)O[C@]1(C(=O)COC(C)=O)[C@H](C)C[C@H]2[C@@H]3CCC4=CC(=O)C=C[C@]4(C)[C@@]3(Cl)[C@@H](O)C[C@@]21C,,
strict_b3db_confirmed_clean,train,existing:train:434,C[C@@H]1CC2C3C[C@H](F)C4=CC(=O)C=CC4(C)[C@@]3(Cl)C(O)CC2(C)C1C(=O)CO,1,C[C@@H]1CC2C3C[C@H](F)C4=CC(=O)C=CC4(C)[C@@]3(Cl)C(O)CC2(C)C1C(=O)CO,,
strict_b3db_confirmed_clean,train,existing:train:435,CC(=O)OCC(=O)[C@H]1[C@H](C)C[C@H]2[C@@H]3C[C@H](F)C4=CC(=O)C=C[C@]4(C)C3(Cl)[C@@H](O)C[C@@]21C,1,CC(=O)OCC(=O)[C@H]1[C@H](C)C[C@H]2[C@@H]3C[C@H](F)C4=CC(=O)C=C[C@]4(C)C3(Cl)[C@@H](O)C[C@@]21C,,
strict_b3db_confirmed_clean,train,existing:train:436,C[C@@H]1CC2C3C[C@H](F)C4=CC(=O)C=CC4(C)[C@@]3(Cl)C(O)CC2(C)C1C(=O)COC(=O)C(C)(C)C,1,C[C@@H]1CC2C3C[C@H](F)C4=CC(=O)C=CC4(C)[C@@]3(Cl)C(O)CC2(C)C1C(=O)COC(=O)C(C)(C)C,,
strict_b3db_confirmed_clean,train,existing:train:437,CCOC(=O)O[C@]1(C(=O)COC(=O)CC)CC[C@H]2[C@@H]3CCC4=CC(=O)C=C[C@]4(C)[C@H]3[C@@H](O)C[C@@]21C,1,CCOC(=O)O[C@]1(C(=O)COC(=O)CC)CC[C@H]2[C@@H]3CCC4=CC(=O)C=C[C@]4(C)[C@H]3[C@@H](O)C[C@@]21C,,
strict_b3db_confirmed_clean,train,existing:train:438,CCN(CC)CC(=O)OCC(=O)C1(O)CCC2C3CCC4=CC(=O)C=CC4(C)C3C(O)CC21C,1,CCN(CC)CC(=O)OCC(=O)C1(O)CCC2C3CCC4=CC(=O)C=CC4(C)C3C(O)CC21C,,
strict_b3db_confirmed_clean,train,existing:train:439,CCCCCCCCCCCCCCCCCC(=O)OCC(=O)OCC(=O)[C@@]1(O)CC[C@H]2[C@@H]3CCC4=CC(=O)C=C[C@]4(C)[C@H]3[C@@H](O)C[C@@]21C,1,CCCCCCCCCCCCCCCCCC(=O)OCC(=O)OCC(=O)[C@@]1(O)CC[C@H]2[C@@H]3CCC4=CC(=O)C=C[C@]4(C)[C@H]3[C@@H](O)C[C@@]21C,,
strict_b3db_confirmed_clean,train,existing:train:440,CC(C)(C)CC(=O)OCC(=O)[C@@]1(O)CC[C@H]2[C@@H]3CCC4=CC(=O)C=C[C@]4(C)[C@H]3[C@@H](O)C[C@@]21C,1,CC(C)(C)CC(=O)OCC(=O)[C@@]1(O)CC[C@H]2[C@@H]3CCC4=CC(=O)C=C[C@]4(C)[C@H]3[C@@H](O)C[C@@]21C,,
strict_b3db_confirmed_clean,train,existing:train:441,CCC(=O)O[C@]1(C(=O)COC(C)=O)CC[C@H]2[C@@H]3C[C@H](C)C4=CC(=O)C=C[C@]4(C)[C@H]3[C@@H](O)C[C@@]21C,1,CCC(=O)O[C@]1(C(=O)COC(C)=O)CC[C@H]2[C@@H]3C[C@H](C)C4=CC(=O)C=C[C@]4(C)[C@H]3[C@@H](O)C[C@@]21C,,
strict_b3db_confirmed_clean,train,existing:train:442,CCS[C@]1(SC)CC[C@H]2[C@@H]3CCC4=CC(=O)C=C[C@]4(C)[C@@]3(F)[C@@H](O)C[C@@]21C,1,CCS[C@]1(SC)CC[C@H]2[C@@H]3CCC4=CC(=O)C=C[C@]4(C)[C@@]3(F)[C@@H](O)C[C@@]21C,,
strict_b3db_confirmed_clean,train,existing:train:443,CCC(=O)O[C@]1(C(=O)SC)[C@H](C)CC2C3C[C@H](F)C4=CC(=O)C=CC4(C)[C@@]3(F)[C@@H](O)C[C@@]21C,1,CCC(=O)O[C@]1(C(=O)SC)[C@H](C)CC2C3C[C@H](F)C4=CC(=O)C=CC4(C)[C@@]3(F)[C@@H](O)C[C@@]21C,,
strict_b3db_confirmed_clean,train,existing:train:444,CCC(=O)O[C@]1(C(=O)COC)[C@@H](C)C[C@H]2[C@@H]3CCC4=CC(=O)C=C[C@]4(C)[C@@]3(F)[C@@H](O)C[C@@]21C,1,CCC(=O)O[C@]1(C(=O)COC)[C@@H](C)C[C@H]2[C@@H]3CCC4=CC(=O)C=C[C@]4(C)[C@@]3(F)[C@@H](O)C[C@@]21C,,
strict_b3db_confirmed_clean,train,existing:train:445,CCC(=O)O[C@]1(C(=O)SCCl)[C@H](C)C[C@H]2C3C[C@H](F)C4=CC(=O)C=C[C@]4(C)[C@@]3(F)[C@@H](O)C[C@@]21C,1,CCC(=O)O[C@]1(C(=O)SCCl)[C@H](C)C[C@H]2C3C[C@H](F)C4=CC(=O)C=C[C@]4(C)[C@@]3(F)[C@@H](O)C[C@@]21C,,
strict_b3db_confirmed_clean,train,existing:train:446,CCCCOC(=O)C(=O)C1C(C)CC2C3CC(F)C4=CC(=O)C=CC4(C)C3C(O)CC21C,1,CCCCOC(=O)C(=O)C1C(C)CC2C3CC(F)C4=CC(=O)C=CC4(C)C3C(O)CC21C,,
strict_b3db_confirmed_clean,train,existing:train:447,CCCCCC(=O)OCC(=O)C1C(C)CC2C3CC(F)C4=CC(=O)C=CC4(C)C3C(O)CC21C,1,CCCCCC(=O)OCC(=O)C1C(C)CC2C3CC(F)C4=CC(=O)C=CC4(C)C3C(O)CC21C,,
strict_b3db_confirmed_clean,train,existing:train:448,CC1CC2C3CC(F)(F)C4=CC(=O)C=C[C@]4(C)C3(F)C(O)CC2(C)C1(O)C(=O)CO,1,CC1CC2C3CC(F)(F)C4=CC(=O)C=C[C@]4(C)C3(F)C(O)CC2(C)C1(O)C(=O)CO,,
strict_b3db_confirmed_clean,train,existing:train:449,CC(=O)O[C@]1(C(C)=O)CC[C@H]2[C@@H]3C[C@H](C)C4=CC(=O)C=C[C@]4(C)[C@@]3(F)[C@@H](O)C[C@@]21C,1,CC(=O)O[C@]1(C(C)=O)CC[C@H]2[C@@H]3C[C@H](C)C4=CC(=O)C=C[C@]4(C)[C@@]3(F)[C@@H](O)C[C@@]21C,,
strict_b3db_confirmed_clean,train,existing:train:450,CC1CC2C3CCC4=CC(=O)C=CC4(C)[C@@]3(F)C(O)CC2(C)[C@@]1(O)C(=O)CCl,1,CC1CC2C3CCC4=CC(=O)C=CC4(C)[C@@]3(F)C(O)CC2(C)[C@@]1(O)C(=O)CCl,,
strict_b3db_confirmed_clean,train,existing:train:451,CCC(=O)O[C@]1(C(=O)CCl)[C@@H](C)C[C@H]2[C@@H]3CCC4=CC(=O)C=C[C@]4(C)[C@@]3(F)[C@@H](O)C[C@@]21C,1,CCC(=O)O[C@]1(C(=O)CCl)[C@@H](C)C[C@H]2[C@@H]3CCC4=CC(=O)C=C[C@]4(C)[C@@]3(F)[C@@H](O)C[C@@]21C,,
strict_b3db_confirmed_clean,train,existing:train:452,CSC(=O)C1(O)C(C)CC2C3CCC4=CC(=O)C=CC4(C)C3(F)C(O)CC21C,1,CSC(=O)C1(O)C(C)CC2C3CCC4=CC(=O)C=CC4(C)C3(F)C(O)CC21C,,
strict_b3db_confirmed_clean,train,existing:train:453,CC(=O)OCC(=O)C1(O)C(C)CC2C3CC(F)(F)C4=CC(=O)C=CC4(C)C3(F)C(O)CC21C,1,CC(=O)OCC(=O)C1(O)C(C)CC2C3CC(F)(F)C4=CC(=O)C=CC4(C)C3(F)C(O)CC21C,,
strict_b3db_confirmed_clean,train,existing:train:454,CC(=O)OCC(=O)[C@@]1(O)[C@H](OC(C)=O)C[C@H]2[C@@H]3CCC4=CC(=O)C=C[C@]4(C)[C@@]3(F)[C@@H](O)C[C@@]21C,1,CC(=O)OCC(=O)[C@@]1(O)[C@H](OC(C)=O)C[C@H]2[C@@H]3CCC4=CC(=O)C=C[C@]4(C)[C@@]3(F)[C@@H](O)C[C@@]21C,,
strict_b3db_confirmed_clean,train,existing:train:455,CC1CC2C3CC(F)C4=CC(=O)C=CC4(C)C3(F)C(O)CC2(C)C1(O)C(=O)SCF,1,CC1CC2C3CC(F)C4=CC(=O)C=CC4(C)C3(F)C(O)CC2(C)C1(O)C(=O)SCF,,
strict_b3db_confirmed_clean,train,existing:train:456,CCC(=O)O[C@]1(C(=O)SCF)[C@H](C)C[C@H]2[C@@H]3C[C@H](F)C4=CC(=O)C=C[C@]4(C)[C@@]3(F)[C@@H](O)C[C@@]21C,1,CCC(=O)O[C@]1(C(=O)SCF)[C@H](C)C[C@H]2[C@@H]3C[C@H](F)C4=CC(=O)C=C[C@]4(C)[C@@]3(F)[C@@H](O)C[C@@]21C,,
strict_b3db_confirmed_clean,train,existing:train:457,C[C@@H]1C[C@H]2[C@@H]3CCC4=CC(=O)C=C[C@]4(C)[C@@]3(Cl)[C@@H](O)C[C@]2(C)[C@@]1(O)C(=O)CCl,1,C[C@@H]1C[C@H]2[C@@H]3CCC4=CC(=O)C=C[C@]4(C)[C@@]3(Cl)[C@@H](O)C[C@]2(C)[C@@]1(O)C(=O)CCl,,
strict_b3db_confirmed_clean,train,existing:train:458,CC1CC2C3CC(F)C4=CC(=O)C=CC4(C)C3(F)C(O)CC2(C)C1(O)C(=O)CCl,1,CC1CC2C3CC(F)C4=CC(=O)C=CC4(C)C3(F)C(O)CC2(C)C1(O)C(=O)CCl,,
strict_b3db_confirmed_clean,train,existing:train:459,CC(=O)OCC(=O)[C@@]1(O)CC[C@H]2[C@@H]3C[C@H](C)C4=CC(=O)C=C[C@]4(C)[C@H]3[C@@H](O)C[C@@]21C,1,CC(=O)OCC(=O)[C@@]1(O)CC[C@H]2[C@@H]3C[C@H](C)C4=CC(=O)C=C[C@]4(C)[C@H]3[C@@H](O)C[C@@]21C,,
strict_b3db_confirmed_clean,train,existing:train:460,C[C@H]1C[C@@H]2[C@H]([C@@H](O)C[C@@]3(C)[C@H]2CC[C@]3(O)C(=O)COC(=O)CCC(=O)O)[C@@]2(C)C=CC(=O)C=C12,1,C[C@H]1C[C@@H]2[C@H]([C@@H](O)C[C@@]3(C)[C@H]2CC[C@]3(O)C(=O)COC(=O)CCC(=O)O)[C@@]2(C)C=CC(=O)C=C12,,
strict_b3db_confirmed_clean,train,existing:train:461,CC(=O)C1(O)CCC2C3CCC4=CC(=O)C=CC4(C)C3C(O)CC21C,1,CC(=O)C1(O)CCC2C3CCC4=CC(=O)C=CC4(C)C3C(O)CC21C,,
strict_b3db_confirmed_clean,train,existing:train:462,CC(=O)[C@@]1(O)[C@H](O)C[C@H]2[C@@H]3CCC4=CC(=O)C=C[C@]4(C)[C@@]3(F)[C@@H](O)C[C@@]21C,1,CC(=O)[C@@]1(O)[C@H](O)C[C@H]2[C@@H]3CCC4=CC(=O)C=C[C@]4(C)[C@@]3(F)[C@@H](O)C[C@@]21C,,
strict_b3db_confirmed_clean,train,existing:train:463,C[C@@H]1C[C@H]2[C@@H]3CCC4=CC(=O)C=C[C@]4(C)[C@@]3(F)[C@@H](O)C[C@]2(C)[C@H]1C(=O)CO,1,C[C@@H]1C[C@H]2[C@@H]3CCC4=CC(=O)C=C[C@]4(C)[C@@]3(F)[C@@H](O)C[C@]2(C)[C@H]1C(=O)CO,,
strict_b3db_confirmed_clean,train,existing:train:464,CC12C=CC(=O)C=C1CCC1C3CC[C@](O)(C(=O)CO)C3(C)CC(Cl)[C@@]12Cl,1,CC12C=CC(=O)C=C1CCC1C3CC[C@](O)(C(=O)CO)C3(C)CC(Cl)[C@@]12Cl,,
strict_b3db_confirmed_clean,train,existing:train:465,CC(=O)OCC(=O)[C@@]1(O)CCC2C3CCC4=CC(=O)C=CC4(C)[C@@]3(Cl)C(Cl)CC21C,1,CC(=O)OCC(=O)[C@@]1(O)CCC2C3CCC4=CC(=O)C=CC4(C)[C@@]3(Cl)C(Cl)CC21C,,
strict_b3db_confirmed_clean,train,existing:train:466,C[C@@H]1C[C@H]2[C@@H]3C[C@H](F)C4=CC(=O)C=C[C@]4(C)C3(Cl)[C@@H](F)C[C@]2(C)[C@H]1C(=O)CO,1,C[C@@H]1C[C@H]2[C@@H]3C[C@H](F)C4=CC(=O)C=C[C@]4(C)C3(Cl)[C@@H](F)C[C@]2(C)[C@H]1C(=O)CO,,
strict_b3db_confirmed_clean,train,existing:train:467,C[C@]12C=C(Br)C(=O)C=C1[C@H](F)C[C@H]1[C@@H]3CCC(O)(C(=O)CO)[C@@]3(C)C[C@H](O)C12F,1,C[C@]12C=C(Br)C(=O)C=C1[C@H](F)C[C@H]1[C@@H]3CCC(O)(C(=O)CO)[C@@]3(C)C[C@H](O)C12F,,
strict_b3db_confirmed_clean,train,existing:train:468,CC(=O)OCC(=O)[C@@]1(OC(C)=O)[C@@H](C)C[C@H]2[C@@H]3C[C@H](F)C4=CC(=O)C=C[C@]4(C)[C@@]3(F)[C@@H](O)C[C@@]21C,1,CC(=O)OCC(=O)[C@@]1(OC(C)=O)[C@@H](C)C[C@H]2[C@@H]3C[C@H](F)C4=CC(=O)C=C[C@]4(C)[C@@]3(F)[C@@H](O)C[C@@]21C,,
strict_b3db_confirmed_clean,train,existing:train:469,C[C@@H]1CC2C3C[C@H](F)C4=CC(=O)C=CC4(C)[C@@]3(F)C(O)CC2(C)C1C(=O)CO,1,C[C@@H]1CC2C3C[C@H](F)C4=CC(=O)C=CC4(C)[C@@]3(F)C(O)CC2(C)C1C(=O)CO,,
strict_b3db_confirmed_clean,train,existing:train:470,C[C@@H]1C[C@H]2[C@@H]3C[C@H](F)C4=CC(=O)C=C[C@]4(C)[C@@]3(F)[C@@H](O)C[C@]2(C)[C@H]1C(=O)COC(=O)C(C)(C)C,1,C[C@@H]1C[C@H]2[C@@H]3C[C@H](F)C4=CC(=O)C=C[C@]4(C)[C@@]3(F)[C@@H](O)C[C@]2(C)[C@H]1C(=O)COC(=O)C(C)(C)C,,
strict_b3db_confirmed_clean,train,existing:train:471,CCCC(=O)O[C@]1(C(=O)COC(C)=O)CC[C@H]2[C@@H]3C[C@H](F)C4=CC(=O)C=C[C@]4(C)[C@@]3(F)[C@@H](O)C[C@@]21C,1,CCCC(=O)O[C@]1(C(=O)COC(C)=O)CC[C@H]2[C@@H]3C[C@H](F)C4=CC(=O)C=C[C@]4(C)[C@@]3(F)[C@@H](O)C[C@@]21C,,
strict_b3db_confirmed_clean,train,existing:train:472,CCCCC(=O)O[C@]1(C(=O)CO)[C@@H](C)C[C@H]2[C@@H]3CCC4=CC(=O)C=C[C@]4(C)[C@@]3(F)[C@@H](O)C[C@@]21C,1,CCCCC(=O)O[C@]1(C(=O)CO)[C@@H](C)C[C@H]2[C@@H]3CCC4=CC(=O)C=C[C@]4(C)[C@@]3(F)[C@@H](O)C[C@@]21C,,
strict_b3db_confirmed_clean,train,existing:train:473,C[C@H]1C[C@H]2[C@@H]3CCC4=CC(=O)C=C[C@]4(C)[C@@]3(F)[C@@H](O)C[C@]2(C)[C@@]1(OC(=O)c1ccccc1)C(=O)CO,1,C[C@H]1C[C@H]2[C@@H]3CCC4=CC(=O)C=C[C@]4(C)[C@@]3(F)[C@@H](O)C[C@]2(C)[C@@]1(OC(=O)c1ccccc1)C(=O)CO,,
strict_b3db_confirmed_clean,train,existing:train:474,O=C(Cc1ccc(Cl)c(Cl)c1)N1CCn2ccnc2[C@H]1CN1CC[C@@H](O)C1,0,O=C(Cc1ccc(Cl)c(Cl)c1)N1CCn2ccnc2[C@H]1CN1CC[C@@H](O)C1,,
strict_b3db_confirmed_clean,train,existing:train:475,O=C(Cc1ccc(Cl)c(Cl)c1)N1CCn2ccnc2[C@H]1CN1CCCC1,1,O=C(Cc1ccc(Cl)c(Cl)c1)N1CCn2ccnc2[C@H]1CN1CCCC1,,
strict_b3db_confirmed_clean,train,existing:train:476,COc1cccc(OC)c1C(=O)N[C@@H]1C(=O)N2[C@@H]1SC(C)(C)[C@@H]2C(=O)O,0,COc1cccc(OC)c1C(=O)N[C@@H]1C(=O)N2[C@@H]1SC(C)(C)[C@@H]2C(=O)O,,
strict_b3db_confirmed_clean,train,existing:train:477,C=C1C[C@H](C)[C@H]2[C@H]3Cc4ccc(O)cc4[C@@]2(CCN3CC2CCC2)C1,1,C=C1C[C@H](C)[C@H]2[C@H]3Cc4ccc(O)cc4[C@@]2(CCN3CC2CCC2)C1,,
strict_b3db_confirmed_clean,train,existing:train:478,O=C1CCN=C2CC(c3ccccc3)CN12,1,O=C1CCN=C2CC(c3ccccc3)CN12,,
strict_b3db_confirmed_clean,train,existing:train:479,CCOC(=O)Nc1ccc(NCc2ccc(F)cc2)cc1N,1,CCOC(=O)Nc1ccc(NCc2ccc(F)cc2)cc1N,,
strict_b3db_confirmed_clean,train,existing:train:480,CCN(CC)CCOC1(c2ccc(Cl)cc2)CCCCC1,1,CCN(CC)CCOC1(c2ccc(Cl)cc2)CCCCC1,,
strict_b3db_confirmed_clean,train,existing:train:481,COc1cccc([C@@]2(O)CCCC[C@@H]2CN(C)C)c1,1,COc1cccc([C@@]2(O)CCCC[C@@H]2CN(C)C)c1,,
strict_b3db_confirmed_clean,train,existing:train:482,CCNC1(c2ccccc2)CCCCC1,1,CCNC1(c2ccccc2)CCCCC1,,
strict_b3db_confirmed_clean,train,existing:train:483,CC[C@H]1CN2CCc3cc(OC)c(OC)cc3[C@@H]2C[C@@H]1C[C@H]1NCCc2cc(OC)c(OC)cc21,0,CC[C@H]1CN2CCc3cc(OC)c(OC)cc3[C@@H]2C[C@@H]1C[C@H]1NCCc2cc(OC)c(OC)cc21,,
strict_b3db_confirmed_clean,train,existing:train:484,COc1ccc(Cl)cc1C(=O)NCCc1ccc(S(=O)(=O)NC(=O)NC2CCCCC2)cc1,1,COc1ccc(Cl)cc1C(=O)NCCc1ccc(S(=O)(=O)NC(=O)NC2CCCCC2)cc1,,
strict_b3db_confirmed_clean,train,existing:train:485,NS(=O)(=O)c1ccc(N2C(=O)CC(c3ccccc3)C2=O)c(Cl)c1,1,NS(=O)(=O)c1ccc(N2C(=O)CC(c3ccccc3)C2=O)c(Cl)c1,,
strict_b3db_confirmed_clean,train,existing:train:486,O=C(Cc1ccc(Cl)c(Cl)c1)N1CCn2ncnc2[C@H]1CN1CCCC1,1,O=C(Cc1ccc(Cl)c(Cl)c1)N1CCn2ncnc2[C@H]1CN1CCCC1,,
strict_b3db_confirmed_clean,train,existing:train:487,CON=C(C#N)C1CN2CCC1CC2,1,CON=C(C#N)C1CN2CCC1CC2,,
strict_b3db_confirmed_clean,train,existing:train:488,COC(=O)[C@H]1[C@H]2C[C@@H]3c4[nH]c5cc(OC)ccc5c4CCN3C[C@H]2C[C@@H](OC(=O)c2cc(OC)c(OC)c(OC)c2)[C@@H]1OC,1,COC(=O)[C@H]1[C@H]2C[C@@H]3c4[nH]c5cc(OC)ccc5c4CCN3C[C@H]2C[C@@H](OC(=O)c2cc(OC)c(OC)c(OC)c2)[C@@H]1OC,,
strict_b3db_confirmed_clean,train,existing:train:489,COC(=O)[C@H]1[C@H]2C[C@@H]3c4[nH]c5ccccc5c4CCN3C[C@H]2C[C@@H](OC(=O)c2cc(OC)c(OC)c(OC)c2)[C@@H]1OC,1,COC(=O)[C@H]1[C@H]2C[C@@H]3c4[nH]c5ccccc5c4CCN3C[C@H]2C[C@@H](OC(=O)c2cc(OC)c(OC)c(OC)c2)[C@@H]1OC,,
strict_b3db_confirmed_clean,train,existing:train:490,COC(=O)[C@H]1[C@H]2C[C@@H]3c4[nH]c5ccc(Cl)cc5c4CCN3C[C@H]2C[C@@H](OC(=O)c2cc(OC)c(OC)c(OC)c2)[C@@H]1OC,1,COC(=O)[C@H]1[C@H]2C[C@@H]3c4[nH]c5ccc(Cl)cc5c4CCN3C[C@H]2C[C@@H](OC(=O)c2cc(OC)c(OC)c(OC)c2)[C@@H]1OC,,
strict_b3db_confirmed_clean,train,existing:train:491,CN[C@@H]1[C@@H](O)[C@@H](O[C@@H]2[C@@H](O)[C@H](O[C@H]3OC(CN)=CC[C@H]3N)[C@@H](N)C[C@H]2N)OC[C@]1(C)O,0,CN[C@@H]1[C@@H](O)[C@@H](O[C@@H]2[C@@H](O)[C@H](O[C@H]3OC(CN)=CC[C@H]3N)[C@@H](N)C[C@H]2N)OC[C@]1(C)O,,
strict_b3db_confirmed_clean,train,existing:train:492,CCN[C@@H]1C[C@H](N)[C@@H](O[C@H]2OC(CN)=CC[C@H]2N)[C@H](O)[C@H]1O[C@H]1OC[C@](C)(O)[C@H](NC)[C@H]1O,0,CCN[C@@H]1C[C@H](N)[C@@H](O[C@H]2OC(CN)=CC[C@H]2N)[C@H](O)[C@H]1O[C@H]1OC[C@](C)(O)[C@H](NC)[C@H]1O,,
strict_b3db_confirmed_clean,train,existing:train:493,CCc1nc(N)nc(N)c1-c1ccc(Cl)cc1,1,CCc1nc(N)nc(N)c1-c1ccc(Cl)cc1,,
strict_b3db_confirmed_clean,train,existing:train:494,COc1cccc2c1C(=O)c1c(O)c3c(c(O)c1C2=O)C[C@@](O)(C(=O)CO)C[C@@H]3O[C@H]1C[C@H](NC(=O)[C@@H](N)CC(C)C)[C@H](O)[C@H](C)O1,0,COc1cccc2c1C(=O)c1c(O)c3c(c(O)c1C2=O)C[C@@](O)(C(=O)CO)C[C@@H]3O[C@H]1C[C@H](NC(=O)[C@@H](N)CC(C)C)[C@H](O)[C@H](C)O1,,
strict_b3db_confirmed_clean,train,existing:train:495,COc1cccc2c1C(=O)c1c(O)c3c(c(O)c1C2=O)C[C@](O)(C(=O)CO)C[C@H]3OC1CC(N)CC(C)O1,0,COc1cccc2c1C(=O)c1c(O)c3c(c(O)c1C2=O)C[C@](O)(C(=O)CO)C[C@H]3OC1CC(N)CC(C)O1,,
strict_b3db_confirmed_clean,train,existing:train:496,CC(=O)[C@]1(N)Cc2c(O)c3c(c(O)c2[C@@H](O[C@H]2C[C@H](O)[C@H](O)CO2)C1)C(=O)c1ccccc1C3=O,0,CC(=O)[C@]1(N)Cc2c(O)c3c(c(O)c2[C@@H](O[C@H]2C[C@H](O)[C@H](O)CO2)C1)C(=O)c1ccccc1C3=O,,
strict_b3db_confirmed_clean,train,existing:train:497,CC1OC(OC2CC(O)(C(=O)CO)Cc3c(O)c4c(c(O)c32)C(=O)c2ccccc2C4=O)CC(N)C1O,0,CC1OC(OC2CC(O)(C(=O)CO)Cc3c(O)c4c(c(O)c32)C(=O)c2ccccc2C4=O)CC(N)C1O,,
strict_b3db_confirmed_clean,train,existing:train:498,COc1cccc2c1C(=O)c1c(O)c3c(c(O)c1C2=O)C[C@@](O)(C(C)=O)C[C@@H]3O[C@H]1C[C@H](N)[C@H](O)[C@H](C)O1,0,COc1cccc2c1C(=O)c1c(O)c3c(c(O)c1C2=O)C[C@@](O)(C(C)=O)C[C@@H]3O[C@H]1C[C@H](N)[C@H](O)[C@H](C)O1,,
strict_b3db_confirmed_clean,train,existing:train:499,CCOC(OCC)C(=O)OCC(=O)C1(O)Cc2c(O)c3c(c(O)c2C(OC2CC(N)C(O)C(C)O2)C1)C(=O)c1c(OC)cccc1C3=O,0,CCOC(OCC)C(=O)OCC(=O)C1(O)Cc2c(O)c3c(c(O)c2C(OC2CC(N)C(O)C(C)O2)C1)C(=O)c1c(OC)cccc1C3=O,,
strict_b3db_confirmed_clean,train,existing:train:500,CC(=O)[C@]1(O)Cc2c(O)c3c(c(O)c2C(OC2CC(N)C(O)C(C)O2)C1)C(=O)c1c(O)cccc1C3=O,0,CC(=O)[C@]1(O)Cc2c(O)c3c(c(O)c2C(OC2CC(N)C(O)C(C)O2)C1)C(=O)c1c(O)cccc1C3=O,,
strict_b3db_confirmed_clean,train,existing:train:501,O=C1NCN(c2ccccc2)C12CCN(CCCOc1ccc(F)cc1)CC2,1,O=C1NCN(c2ccccc2)C12CCN(CCCOc1ccc(F)cc1)CC2,,
strict_b3db_confirmed_clean,train,existing:train:502,Clc1ccc([C@@H]2[C@H]3CC[C@@H](C3)C23CCC(N2CCOCC2)=N3)cc1,1,Clc1ccc([C@@H]2[C@H]3CC[C@@H](C3)C23CCC(N2CCOCC2)=N3)cc1,,
strict_b3db_confirmed_clean,train,existing:train:503,COc1ccc2c(c1)C(O)(CCCN(C)C)c1ccccc1S2,1,COc1ccc2c(c1)C(O)(CCCN(C)C)c1ccccc1S2,,
strict_b3db_confirmed_clean,train,existing:train:504,O=C(Cn1ccnc1)c1ccc2ccccc2c1,1,O=C(Cn1ccnc1)c1ccc2ccccc2c1,,
strict_b3db_confirmed_clean,train,existing:train:505,CC1=Nc2ccccc2CC(c2ccccc2)N1C,1,CC1=Nc2ccccc2CC(c2ccccc2)N1C,,
strict_b3db_confirmed_clean,train,existing:train:506,Cc1nnc(SCC2=C(C(=O)O)N3C(=O)[C@@H](NC(=O)[C@H](O)c4ccccc4)[C@H]3SC2)s1,0,Cc1nnc(SCC2=C(C(=O)O)N3C(=O)[C@@H](NC(=O)[C@H](O)c4ccccc4)[C@H]3SC2)s1,,
strict_b3db_confirmed_clean,train,existing:train:507,Cc1nnc(SCC2=C(C(=O)O)N3C(=O)[C@@H](NC(=O)C(N)c4ccc(O)cc4)[C@H]3SC2)s1,0,Cc1nnc(SCC2=C(C(=O)O)N3C(=O)[C@@H](NC(=O)C(N)c4ccc(O)cc4)[C@H]3SC2)s1,,
strict_b3db_confirmed_clean,train,existing:train:508,Cc1nnc(SCC2=C(C(=O)OCc3oc(=O)oc3C)N3C(=O)C(NC(=O)C(OC(=O)C(C)N)c4ccccc4)C3SC2)s1,0,Cc1nnc(SCC2=C(C(=O)OCc3oc(=O)oc3C)N3C(=O)C(NC(=O)C(OC(=O)C(C)N)c4ccccc4)C3SC2)s1,,
strict_b3db_confirmed_clean,train,existing:train:509,COc1ccc(Cn2c(C)c(CCN)c3cc(O)ccc32)cc1,1,COc1ccc(Cn2c(C)c(CCN)c3cc(O)ccc32)cc1,,
strict_b3db_confirmed_clean,train,existing:train:510,NC(N)=NCCN1CCCCCCC1,0,NC(N)=NCCN1CCCCCCC1,,
strict_b3db_confirmed_clean,train,existing:train:511,CC(C)(C)N1CCC(c2ccccc2)(c2ccccc2)CC1,1,CC(C)(C)N1CCC(c2ccccc2)(c2ccccc2)CC1,,
strict_b3db_confirmed_clean,train,existing:train:512,CC1(C)S[C@@H]2C(NC(=O)[C@H](NC(=O)c3c[nH]c4cccnc4c3=O)c3ccccc3)C(=O)N2[C@H]1C(=O)O,0,CC1(C)S[C@@H]2C(NC(=O)[C@H](NC(=O)c3c[nH]c4cccnc4c3=O)c3ccccc3)C(=O)N2[C@H]1C(=O)O,,
strict_b3db_confirmed_clean,train,existing:train:513,CC(NCCn1cnc2c1c(=O)n(C)c(=O)n2C)C(O)c1ccccc1,1,CC(NCCn1cnc2c1c(=O)n(C)c(=O)n2C)C(O)c1ccccc1,,
strict_b3db_confirmed_clean,train,existing:train:514,CC(Cc1ccccc1)NCCn1cnc2c1c(=O)n(C)c(=O)n2C,1,CC(Cc1ccccc1)NCCn1cnc2c1c(=O)n(C)c(=O)n2C,,
strict_b3db_confirmed_clean,train,existing:train:515,Cn1c(=O)c2c(ncn2CCNCC(O)c2ccc(O)c(O)c2)n(C)c1=O,0,Cn1c(=O)c2c(ncn2CCNCC(O)c2ccc(O)c(O)c2)n(C)c1=O,,
strict_b3db_confirmed_clean,train,existing:train:516,CC1(C)S[C@@H]2[C@H](NC(=O)[C@H](N)C3=CCC=CC3)C(=O)N2[C@H]1C(=O)O,0,CC1(C)S[C@@H]2[C@H](NC(=O)[C@H](N)C3=CCC=CC3)C(=O)N2[C@H]1C(=O)O,,
strict_b3db_confirmed_clean,train,existing:train:517,CC(Cc1ccccc1)NC(C#N)c1ccccc1,1,CC(Cc1ccccc1)NC(C#N)c1ccccc1,,
strict_b3db_confirmed_clean,train,existing:train:518,CC(Cc1ccccc1)N(C)Cc1ccccc1,1,CC(Cc1ccccc1)N(C)Cc1ccccc1,,
strict_b3db_confirmed_clean,train,existing:train:519,CCN(CC)C(C)=NN=Cc1c2c(O)c3c(O)c(C)c4c(c3c1O)C(=O)C(C)(OC=CC(OC)C(C)C(OC(C)=O)C(C)C(O)C(C)C(O)C(C)C=CC=C(C)C(=O)N2)O4,0,CCN(CC)C(C)=NN=Cc1c2c(O)c3c(O)c(C)c4c(c3c1O)C(=O)C(C)(OC=CC(OC)C(C)C(OC(C)=O)C(C)C(O)C(C)C(O)C(C)C=CC=C(C)C(=O)N2)O4,,
strict_b3db_confirmed_clean,train,existing:train:520,CCN(CC)C(=O)COc1cc2c(O)c3c(O)c(C)c4c(c13)C(=O)[C@@](C)(O/C=C/[C@H](OC)[C@@H](C)[C@@H](OC(C)=O)[C@H](C)[C@H](O)[C@H](C)[C@@H](O)[C@@H](C)/C=C/C=C(/C)C(=O)N2)O4,0,CCN(CC)C(=O)COc1cc2c(O)c3c(O)c(C)c4c(c13)C(=O)[C@@](C)(O/C=C/[C@H](OC)[C@@H](C)[C@@H](OC(C)=O)[C@H](C)[C@H](O)[C@H](C)[C@@H](O)[C@@H](C)/C=C/C=C(/C)C(=O)N2)O4,,
strict_b3db_confirmed_clean,train,existing:train:521,CO[C@H]1/C=C/O[C@@]2(C)Oc3c(C)c(O)c4c(O)c(cc(O)c4c3C2=O)NC(=O)/C(C)=C\C=C\[C@H](C)[C@H](O)[C@@H](C)[C@@H](O)[C@@H](C)[C@H](OC(C)=O)[C@@H]1C,0,CO[C@H]1/C=C/O[C@@]2(C)Oc3c(C)c(O)c4c(O)c(cc(O)c4c3C2=O)NC(=O)/C(C)=C\C=C\[C@H](C)[C@H](O)[C@@H](C)[C@@H](O)[C@@H](C)[C@H](OC(C)=O)[C@@H]1C,,
strict_b3db_confirmed_clean,train,existing:train:522,Nc1cccc(-n2ccccc2=O)c1,1,Nc1cccc(-n2ccccc2=O)c1,,
strict_b3db_confirmed_clean,train,existing:train:523,c1cc(CN2CCCCC2)cc(OCCCNc2nccs2)c1,1,c1cc(CN2CCCCC2)cc(OCCCNc2nccs2)c1,,
strict_b3db_confirmed_clean,train,existing:train:524,CC1(C)S[C@@H]2[C@H](NC(=O)[C@@H](N=Cc3ccco3)c3ccc(O)cc3)C(=O)N2[C@H]1C(=O)O,0,CC1(C)S[C@@H]2[C@H](NC(=O)[C@@H](N=Cc3ccco3)c3ccc(O)cc3)C(=O)N2[C@H]1C(=O)O,,
strict_b3db_confirmed_clean,train,existing:train:525,CN1CCN(c2cc3c(nn2)Oc2ccccc2N3C)CC1,1,CN1CCN(c2cc3c(nn2)Oc2ccccc2N3C)CC1,,
strict_b3db_confirmed_clean,train,existing:train:526,CN(C)C/C=C(/c1ccc(Br)cc1)c1cccnc1,1,CN(C)C/C=C(/c1ccc(Br)cc1)c1cccnc1,,
strict_b3db_confirmed_clean,train,existing:train:527,CNC/C=C(/c1ccc(Br)cc1)c1cccnc1,1,CNC/C=C(/c1ccc(Br)cc1)c1cccnc1,,
strict_b3db_confirmed_clean,train,existing:train:528,CC(C)[C@H](NC(=O)[C@H](Cc1ccccc1)NC(=O)CNC(=O)[C@@H](C)NC(=O)[C@@H](N)Cc1ccc(O)cc1)C(N)=O,0,CC(C)[C@H](NC(=O)[C@H](Cc1ccccc1)NC(=O)CNC(=O)[C@@H](C)NC(=O)[C@@H](N)Cc1ccc(O)cc1)C(N)=O,,
strict_b3db_confirmed_clean,train,existing:train:529,CN1CCC(=C2c3ccccc3CCc3sccc32)CC1,1,CN1CCC(=C2c3ccccc3CCc3sccc32)CC1,,
strict_b3db_confirmed_clean,train,existing:train:530,CC[C@H]1OC(=O)[C@H](C)[C@@H](OC2CC(C)(OC)C(O)C(C)O2)C(C)[C@@H](OC2OC(C)CC(N(C)C)C2O)[C@](C)(O)C[C@@H](C)C(=O)[C@H](C)[C@@H](O)[C@H]1C,0,CC[C@H]1OC(=O)[C@H](C)[C@@H](OC2CC(C)(OC)C(O)C(C)O2)C(C)[C@@H](OC2OC(C)CC(N(C)C)C2O)[C@](C)(O)C[C@@H](C)C(=O)[C@H](C)[C@@H](O)[C@H]1C,,
strict_b3db_confirmed_clean,train,existing:train:531,CC[C@H]1OC(=O)[C@H](C)[C@@H](O[C@H]2C[C@@](C)(OC)[C@@H](O)[C@H](C)O2)[C@H](C)[C@@H](O[C@@H]2O[C@H](C)C[C@H](N(C)C)[C@H]2O)[C@](C)(OC)C[C@@H](C)C(=O)[C@H](C)[C@@H](O)[C@]1(C)O,0,CC[C@H]1OC(=O)[C@H](C)[C@@H](O[C@H]2C[C@@](C)(OC)[C@@H](O)[C@H](C)O2)[C@H](C)[C@@H](O[C@@H]2O[C@H](C)C[C@H](N(C)C)[C@H]2O)[C@](C)(OC)C[C@@H](C)C(=O)[C@H](C)[C@@H](O)[C@]1(C)O,,
strict_b3db_confirmed_clean,train,existing:train:532,CC[C@H]1OC(=O)[C@H](C)[C@@H](O[C@H]2C[C@@](C)(OC)[C@@H](O)[C@H](C)O2)[C@H](C)[C@@H](O[C@@H]2O[C@H](C)C[C@H](N(C)C)[C@H]2O)[C@](C)(O)C[C@@H](C)C(=O)[C@H](C)[C@@H](O)[C@]1(C)O,0,CC[C@H]1OC(=O)[C@H](C)[C@@H](O[C@H]2C[C@@](C)(OC)[C@@H](O)[C@H](C)O2)[C@H](C)[C@@H](O[C@@H]2O[C@H](C)C[C@H](N(C)C)[C@H]2O)[C@](C)(O)C[C@@H](C)C(=O)[C@H](C)[C@@H](O)[C@]1(C)O,,
strict_b3db_confirmed_clean,train,existing:train:533,CC[C@H]1OC(=O)[C@H](C)[C@@H](O[C@H]2C[C@@](C)(OC)[C@@H](O)[C@H](C)O2)[C@H](C)[C@@H](O[C@@H]2O[C@H](C)C[C@H](N(C)C)[C@H]2O)[C@](C)(O)C[C@](C)(F)C(=O)[C@H](C)[C@@H](O)[C@]1(C)O,0,CC[C@H]1OC(=O)[C@H](C)[C@@H](O[C@H]2C[C@@](C)(OC)[C@@H](O)[C@H](C)O2)[C@H](C)[C@@H](O[C@@H]2O[C@H](C)C[C@H](N(C)C)[C@H]2O)[C@](C)(O)C[C@](C)(F)C(=O)[C@H](C)[C@@H](O)[C@]1(C)O,,
strict_b3db_confirmed_clean,train,existing:train:534,O=C1CCC2CCC(=O)N12,1,O=C1CCC2CCC(=O)N12,,
strict_b3db_confirmed_clean,train,existing:train:535,CCOC(=O)C1N=C(c2ccccc2F)c2cc(Cl)ccc2NC1=O,1,CCOC(=O)C1N=C(c2ccccc2F)c2cc(Cl)ccc2NC1=O,,
strict_b3db_confirmed_clean,train,existing:train:536,CCS(=O)(=O)CCN1C(=O)CN=C(c2ccccc2F)c2cc(Cl)ccc21,1,CCS(=O)(=O)CCN1C(=O)CN=C(c2ccccc2F)c2cc(Cl)ccc21,,
strict_b3db_confirmed_clean,train,existing:train:537,CN(C)C(=O)OC1N=C(c2ccccc2)c2cc(Cl)ccc2N(C)C1=O,1,CN(C)C(=O)OC1N=C(c2ccccc2)c2cc(Cl)ccc2N(C)C1=O,,
strict_b3db_confirmed_clean,train,existing:train:538,CN1C(=O)CN=C(c2ccccc2F)c2cc(Cl)ccc21,1,CN1C(=O)CN=C(c2ccccc2F)c2cc(Cl)ccc21,,
strict_b3db_confirmed_clean,train,existing:train:539,O=C1Nc2ccc(Cl)cc2C(c2ccccc2Cl)=NC1O,1,O=C1Nc2ccc(Cl)cc2C(c2ccccc2Cl)=NC1O,,
strict_b3db_confirmed_clean,train,existing:train:540,C#CCN1C(=O)CN=C(c2ccccc2)c2cc(Cl)ccc21,1,C#CCN1C(=O)CN=C(c2ccccc2)c2cc(Cl)ccc21,,
strict_b3db_confirmed_clean,train,existing:train:541,O=C1CN=C(c2ccccc2Cl)c2cc([N+](=O)[O-])ccc2N1,1,O=C1CN=C(c2ccccc2Cl)c2cc([N+](=O)[O-])ccc2N1,,
strict_b3db_confirmed_clean,train,existing:train:542,CN1C(=O)C(O)N=C(c2ccccc2Cl)c2cc(Cl)ccc21,1,CN1C(=O)C(O)N=C(c2ccccc2Cl)c2cc(Cl)ccc21,,
strict_b3db_confirmed_clean,train,existing:train:543,O=C1CN=C(c2ccccc2)c2cc(Cl)ccc2N1CC(F)(F)F,1,O=C1CN=C(c2ccccc2)c2cc(Cl)ccc2N1CC(F)(F)F,,
strict_b3db_confirmed_clean,train,existing:train:544,C[C@@H]1N=C(c2ccccc2Cl)c2cc([N+](=O)[O-])ccc2NC1=O,1,C[C@@H]1N=C(c2ccccc2Cl)c2cc([N+](=O)[O-])ccc2NC1=O,,
strict_b3db_confirmed_clean,train,existing:train:545,N#CCCN1C(=O)C(O)N=C(c2ccccc2F)c2cc(Cl)ccc21,1,N#CCCN1C(=O)C(O)N=C(c2ccccc2F)c2cc(Cl)ccc21,,
strict_b3db_confirmed_clean,train,existing:train:546,CC(C)(C)C(=O)OC1N=C(c2ccccc2)c2cc(Cl)ccc2NC1=O,1,CC(C)(C)C(=O)OC1N=C(c2ccccc2)c2cc(Cl)ccc2NC1=O,,
strict_b3db_confirmed_clean,train,existing:train:547,CN1C(=O)CN=C(c2ccccc2)c2cc(Cl)ccc21,1,CN1C(=O)CN=C(c2ccccc2)c2cc(Cl)ccc21,,
strict_b3db_confirmed_clean,train,existing:train:548,O=C1CN=C(c2ccccc2)c2cc([N+](=O)[O-])ccc2N1,1,O=C1CN=C(c2ccccc2)c2cc([N+](=O)[O-])ccc2N1,,
strict_b3db_confirmed_clean,train,existing:train:549,O=C1CN=C(c2ccccc2)c2cc(Cl)ccc2N1,1,O=C1CN=C(c2ccccc2)c2cc(Cl)ccc2N1,,
strict_b3db_confirmed_clean,train,existing:train:550,CN1C(=O)CN=C(c2ccccc2F)c2cc([N+](=O)[O-])ccc21,1,CN1C(=O)CN=C(c2ccccc2F)c2cc([N+](=O)[O-])ccc21,,
strict_b3db_confirmed_clean,train,existing:train:551,O=C1CN=C(c2ccccc2F)c2cc(Cl)ccc2N1CC(O)CO,1,O=C1CN=C(c2ccccc2F)c2cc(Cl)ccc2N1CC(O)CO,,
strict_b3db_confirmed_clean,train,existing:train:552,CN1C(=O)C(O)N=C(c2ccccc2)c2cc(Cl)ccc21,1,CN1C(=O)C(O)N=C(c2ccccc2)c2cc(Cl)ccc21,,
strict_b3db_confirmed_clean,train,existing:train:553,CN1C(=O)C(O)N=C(c2ccccc2F)c2cc(Cl)ccc21,1,CN1C(=O)C(O)N=C(c2ccccc2F)c2cc(Cl)ccc21,,
strict_b3db_confirmed_clean,train,existing:train:554,COCN1C(=O)CN=C(c2ccccc2)c2cc([N+](=O)[O-])ccc21,1,COCN1C(=O)CN=C(c2ccccc2)c2cc([N+](=O)[O-])ccc21,,
strict_b3db_confirmed_clean,train,existing:train:555,CP(C)(=O)CN1C(=O)CN=C(c2ccccc2)c2cc(Cl)ccc21,1,CP(C)(=O)CN1C(=O)CN=C(c2ccccc2)c2cc(Cl)ccc21,,
strict_b3db_confirmed_clean,train,existing:train:556,O=C1CN=C(c2ccccc2Cl)c2cc(Cl)ccc2N1,1,O=C1CN=C(c2ccccc2Cl)c2cc(Cl)ccc2N1,,
strict_b3db_confirmed_clean,train,existing:train:557,O=C1Nc2ccc(Cl)cc2C(c2ccccc2)=NC1O,1,O=C1Nc2ccc(Cl)cc2C(c2ccccc2)=NC1O,,
strict_b3db_confirmed_clean,train,existing:train:558,CCN(CC)CCN1C(=O)CN=C(c2ccccc2F)c2cc(Cl)ccc21,1,CCN(CC)CCN1C(=O)CN=C(c2ccccc2F)c2cc(Cl)ccc21,,
strict_b3db_confirmed_clean,train,existing:train:559,CN1C(=O)CN=C(c2ccccc2)c2cc([N+](=O)[O-])ccc21,1,CN1C(=O)CN=C(c2ccccc2)c2cc([N+](=O)[O-])ccc21,,
strict_b3db_confirmed_clean,train,existing:train:560,O=C1C(O)N=C(c2ccccc2F)c2cc(Cl)ccc2N1CCO,1,O=C1C(O)N=C(c2ccccc2F)c2cc(Cl)ccc2N1CCO,,
strict_b3db_confirmed_clean,train,existing:train:561,OCCOCCOCCN1CCN(C(c2ccccc2)c2ccc(Cl)cc2)CC1,1,OCCOCCOCCN1CCN(C(c2ccccc2)c2ccc(Cl)cc2)CC1,,
strict_b3db_confirmed_clean,train,existing:train:562,CN1CCN(C(c2ccccc2)c2ccc(Cl)cc2)CC1,1,CN1CCN(C(c2ccccc2)c2ccc(Cl)cc2)CC1,,
strict_b3db_confirmed_clean,train,existing:train:563,O=C(O)COCCN1CCN(C(c2ccccc2)c2ccc(Cl)cc2)CC1,0,O=C(O)COCCN1CCN(C(c2ccccc2)c2ccc(Cl)cc2)CC1,,
strict_b3db_confirmed_clean,train,existing:train:564,OCCOCCN1CCN(C(c2ccccc2)c2ccc(Cl)cc2)CC1,1,OCCOCCN1CCN(C(c2ccccc2)c2ccc(Cl)cc2)CC1,,
strict_b3db_confirmed_clean,train,existing:train:565,CO[C@H]1/C=C/O[C@@]2(C)Oc3c(C)c(O)c4c(O)c(c5c(nc6cc(C)ccn65)c4c3C2=O)NC(=O)/C(C)=C\C=C\[C@H](C)[C@H](O)[C@@H](C)[C@@H](O)[C@@H](C)[C@H](OC(C)=O)[C@@H]1C,0,CO[C@H]1/C=C/O[C@@]2(C)Oc3c(C)c(O)c4c(O)c(c5c(nc6cc(C)ccn65)c4c3C2=O)NC(=O)/C(C)=C\C=C\[C@H](C)[C@H](O)[C@@H](C)[C@@H](O)[C@@H](C)[C@H](OC(C)=O)[C@@H]1C,,
strict_b3db_confirmed_clean,train,existing:train:566,O=C1[C@@H]2[C@H]3CC[C@H](C3)[C@@H]2C(=O)N1CCCCN1CCN(c2ncccn2)CC1,1,O=C1[C@@H]2[C@H]3CC[C@H](C3)[C@@H]2C(=O)N1CCCCN1CCN(c2ncccn2)CC1,,
strict_b3db_confirmed_clean,train,existing:train:567,CN1Cc2c(C(=O)OC(C)(C)C)ncn2-c2ccsc2C1=O,1,CN1Cc2c(C(=O)OC(C)(C)C)ncn2-c2ccsc2C1=O,,
strict_b3db_confirmed_clean,train,existing:train:568,CCN1CCN(c2cc(-c3ccc(F)cc3)c3c(n2)CCCCCC3)CC1,1,CCN1CCN(c2cc(-c3ccc(F)cc3)c3c(n2)CCCCCC3)CC1,,
strict_b3db_confirmed_clean,train,existing:train:569,CC1CN(CCCn2c3ccccc3c3ccccc32)CC(C)N1,1,CC1CN(CCCn2c3ccccc3c3ccccc32)CC(C)N1,,
strict_b3db_confirmed_clean,train,existing:train:570,CN=C1CN(O)C(c2ccccc2)=c2cc(Cl)ccc2=N1,1,CN=C1CN(O)C(c2ccccc2)=c2cc(Cl)ccc2=N1,,
strict_b3db_confirmed_clean,train,existing:train:571,CC(C)C(=O)OCC(=O)[C@@]12O[C@H](C3CCCCC3)O[C@@H]1C[C@H]1[C@@H]3CCC4=CC(=O)C=C[C@]4(C)[C@H]3[C@@H](O)C[C@@]12C,1,CC(C)C(=O)OCC(=O)[C@@]12O[C@H](C3CCCCC3)O[C@@H]1C[C@H]1[C@@H]3CCC4=CC(=O)C=C[C@]4(C)[C@H]3[C@@H](O)C[C@@]12C,,
strict_b3db_confirmed_clean,train,existing:train:572,CC1CCCC1,1,CC1CCCC1,,
strict_b3db_confirmed_clean,train,existing:train:573,CNC1CCN2c3ccccc3CCc3cccc1c32,1,CNC1CCN2c3ccccc3CCc3cccc1c32,,
strict_b3db_confirmed_clean,train,existing:train:574,CC[C@H](NC(=O)c1c(OCCNC(=O)Cc2ccccn2)c(-c2ccccc2)nc2ccccc12)c1ccccc1,0,CC[C@H](NC(=O)c1c(OCCNC(=O)Cc2ccccn2)c(-c2ccccc2)nc2ccccc12)c1ccccc1,,
strict_b3db_confirmed_clean,train,existing:train:575,COCC1CN(c2ccc(OCc3cccc(C#N)c3)cc2)C(=O)O1,1,COCC1CN(c2ccc(OCc3cccc(C#N)c3)cc2)C(=O)O1,,
strict_b3db_confirmed_clean,train,existing:train:576,CNC[C@@H]1CN(c2ccc(OCc3cccc(Cl)c3)cc2)C(=O)O1,1,CNC[C@@H]1CN(c2ccc(OCc3cccc(Cl)c3)cc2)C(=O)O1,,
strict_b3db_confirmed_clean,train,existing:train:577,O=c1[nH]c2ccccc2c(=O)n1CCCN1CCN(c2cccc(Cl)c2)CC1,1,O=c1[nH]c2ccccc2c(=O)n1CCCN1CCN(c2cccc(Cl)c2)CC1,,
strict_b3db_confirmed_clean,train,existing:train:578,COc1ccc2c(c1)C(N1CCN(C)CC1)=Cc1ccccc1O2,1,COc1ccc2c(c1)C(N1CCN(C)CC1)=Cc1ccccc1O2,,
strict_b3db_confirmed_clean,train,existing:train:579,OC(CCCN1CCc2c(c3cc(F)ccc3n2-c2ccc(F)cc2)C1)c1ccc(F)cc1,1,OC(CCCN1CCc2c(c3cc(F)ccc3n2-c2ccc(F)cc2)C1)c1ccc(F)cc1,,
strict_b3db_confirmed_clean,train,existing:train:580,CC(C)CC(OC(=O)c1ccco1)C(=O)N[C@@H]1C(=O)N2[C@@H]1SC(C)(C)[C@@H]2C(=O)O,0,CC(C)CC(OC(=O)c1ccco1)C(=O)N[C@@H]1C(=O)N2[C@@H]1SC(C)(C)[C@@H]2C(=O)O,,
strict_b3db_confirmed_clean,train,existing:train:581,Cc1ncc([N+](=O)[O-])n1CC(O)CCl,1,Cc1ncc([N+](=O)[O-])n1CC(O)CCl,,
strict_b3db_confirmed_clean,train,existing:train:582,CN=C(NC#N)NCCSCc1nc[nH]c1C,0,CN=C(NC#N)NCCSCc1nc[nH]c1C,,
strict_b3db_confirmed_clean,train,existing:train:583,COc1ccc2c(c1)c1c3n2CCN(C)C3=NCC1,1,COc1ccc2c(c1)c1c3n2CCN(C)C3=NCC1,,
strict_b3db_confirmed_clean,train,existing:train:584,Oc1ccc2[nH]cc(CCCCN3CC=C(c4ccccc4)CC3)c2c1,1,Oc1ccc2[nH]cc(CCCCN3CC=C(c4ccccc4)CC3)c2c1,,
strict_b3db_confirmed_clean,train,existing:train:585,COc1ccccc1N1CCN(CC(O)COc2cc(OC)c(OC)c(OC)c2)CC1,1,COc1ccccc1N1CCN(CC(O)COc2cc(OC)c(OC)c(OC)c2)CC1,,
strict_b3db_confirmed_clean,train,existing:train:586,CC1(c2ccccc2)CC(=O)N(CN2CCOCC2)C1=O,1,CC1(c2ccccc2)CC(=O)N(CN2CCOCC2)C1=O,,
strict_b3db_confirmed_clean,train,existing:train:587,COc1ccc(Cl)c2c1CCCC2N(C)C,1,COc1ccc(Cl)c2c1CCCC2N(C)C,,
strict_b3db_confirmed_clean,train,existing:train:588,CC(C)C(=O)OCc1cccc(OC(=O)[C@@H]2N3C(=O)[C@@H](NC(=O)Cc4ccccc4)[C@H]3SC2(C)C)c1,0,CC(C)C(=O)OCc1cccc(OC(=O)[C@@H]2N3C(=O)[C@@H](NC(=O)Cc4ccccc4)[C@H]3SC2(C)C)c1,,
strict_b3db_confirmed_clean,train,existing:train:589,Fc1ccc(C(CCCN2CCN(CCNc3ccccc3)CC2)c2ccc(F)cc2)cc1,1,Fc1ccc(C(CCCN2CCN(CCNc3ccccc3)CC2)c2ccc(F)cc2)cc1,,
strict_b3db_confirmed_clean,train,existing:train:590,CN1CCC(=C2c3ccccc3C(O)c3ccccc32)CC1,1,CN1CCC(=C2c3ccccc3C(O)c3ccccc32)CC1,,
strict_b3db_confirmed_clean,train,existing:train:591,CN(C)CCN1C(=O)c2ccccc2N(C)c2ccccc21,1,CN(C)CCN1C(=O)c2ccccc2N(C)c2ccccc21,,
strict_b3db_confirmed_clean,train,existing:train:592,CCc1nn(CCCN2CCN(c3cccc(Cl)c3)CC2)c(=O)n1CC,1,CCc1nn(CCCN2CCN(c3cccc(Cl)c3)CC2)c(=O)n1CC,,
strict_b3db_confirmed_clean,train,existing:train:593,O=C(CCCN1CCN(c2ccccn2)CC1)c1ccc(F)cc1,1,O=C(CCCN1CCN(c2ccccn2)CC1)c1ccc(F)cc1,,
strict_b3db_confirmed_clean,train,existing:train:594,C[C@]1(Cn2ccnn2)[C@H](C(=O)O)N2C(=O)C[C@H]2S1(=O)=O,0,C[C@]1(Cn2ccnn2)[C@H](C(=O)O)N2C(=O)C[C@H]2S1(=O)=O,,
strict_b3db_confirmed_clean,train,existing:train:595,NS(=O)(=O)c1ccc(N2CCCCS2(=O)=O)cc1,1,NS(=O)(=O)c1ccc(N2CCCCS2(=O)=O)cc1,,
strict_b3db_confirmed_clean,train,existing:train:596,CC(=O)OC1/C=C/C(C)=C/CC(O)/C=C/C(C)=C/C(NC(=O)C(C)=O)C2(C)C(=O)OC(C1)C(C)C2=O,0,CC(=O)OC1/C=C/C(C)=C/CC(O)/C=C/C(C)=C/C(NC(=O)C(C)=O)C2(C)C(=O)OC(C1)C(C)C2=O,,
strict_b3db_confirmed_clean,train,existing:train:597,O=C1CC[C@@]2(O)[C@H]3Cc4ccc(O)c5c4[C@@]2(CCN3CC2CC2)[C@H]1O5,1,O=C1CC[C@@]2(O)[C@H]3Cc4ccc(O)c5c4[C@@]2(CCN3CC2CC2)[C@H]1O5,,
strict_b3db_confirmed_clean,train,existing:train:598,CC[C@H]1CC(=O)[C@@H]2Oc3c(OC)ccc4c3[C@@]23CCN(CC2CC2)C(C4)[C@H]13,1,CC[C@H]1CC(=O)[C@@H]2Oc3c(OC)ccc4c3[C@@]23CCN(CC2CC2)C(C4)[C@H]13,,
strict_b3db_confirmed_clean,train,existing:train:599,C#CC1(OCC(O)CN2CCN(c3ccc(F)cc3)CC2)CCCCC1,1,C#CC1(OCC(O)CN2CCN(c3ccc(F)cc3)CC2)CCCCC1,,
strict_b3db_confirmed_clean,train,existing:train:600,CO[C@H]1[C@@H](O)[C@H](N)[C@@H](O[C@H]2O[C@H](C(C)N)CC[C@H]2N)[C@H](O)[C@@H]1N(C)C(=O)CN,0,CO[C@H]1[C@@H](O)[C@H](N)[C@@H](O[C@H]2O[C@H](C(C)N)CC[C@H]2N)[C@H](O)[C@@H]1N(C)C(=O)CN,,
strict_b3db_confirmed_clean,train,existing:train:601,NC[C@H]1O[C@H](O[C@H]2[C@H](O)[C@@H](O)[C@H](N)C[C@@H]2N)[C@H](N)[C@@H](O)[C@@H]1O,0,NC[C@H]1O[C@H](O[C@H]2[C@H](O)[C@@H](O)[C@H](N)C[C@@H]2N)[C@H](N)[C@@H](O)[C@@H]1O,,
strict_b3db_confirmed_clean,train,existing:train:602,O=C1N(C(O)C(Cl)(Cl)Cl)CNC1(c1ccccc1)c1ccccc1,1,O=C1N(C(O)C(Cl)(Cl)Cl)CNC1(c1ccccc1)c1ccccc1,,
strict_b3db_confirmed_clean,train,existing:train:603,O=C1NCNC1(c1ccccc1)c1ccccc1,1,O=C1NCNC1(c1ccccc1)c1ccccc1,,
strict_b3db_confirmed_clean,train,existing:train:604,C[C@H]1c2ccccc2[C@@H](CCCN(C)C)c2cc(C(F)(F)F)ccc21,1,C[C@H]1c2ccccc2[C@@H](CCCN(C)C)c2cc(C(F)(F)F)ccc21,,
strict_b3db_confirmed_clean,train,existing:train:605,O=C(c1cccnc1)N1CCOCC1,1,O=C(c1cccnc1)N1CCOCC1,,
strict_b3db_confirmed_clean,train,existing:train:606,CCO[C@H]1CCN(C(=O)c2cc(-c3ccccc3)c(=O)n3c2-c2cc(Cl)ccc2CC3)C1,1,CCO[C@H]1CCN(C(=O)c2cc(-c3ccccc3)c(=O)n3c2-c2cc(Cl)ccc2CC3)C1,,
strict_b3db_confirmed_clean,train,existing:train:607,COc1cccc(CC(=O)N2CCN(C(C)=O)C[C@@H]2CN2CC[C@@H](O)C2)c1,0,COc1cccc(CC(=O)N2CCN(C(C)=O)C[C@@H]2CN2CC[C@@H](O)C2)c1,,
strict_b3db_confirmed_clean,train,existing:train:608,CC(=O)N1CCN(C(=O)Cc2ccc([N+](=O)[O-])cc2)[C@@H](CN2CC[C@H](O)C2)C1,0,CC(=O)N1CCN(C(=O)Cc2ccc([N+](=O)[O-])cc2)[C@@H](CN2CC[C@H](O)C2)C1,,
strict_b3db_confirmed_clean,train,existing:train:609,COc1ccc(CC(=O)N2CCN(C(C)=O)C[C@@H]2CN2CC[C@@H](O)C2)cc1,0,COc1ccc(CC(=O)N2CCN(C(C)=O)C[C@@H]2CN2CC[C@@H](O)C2)cc1,,
strict_b3db_confirmed_clean,train,existing:train:610,CC(=O)N1CCN(C(=O)Cc2ccc(Cl)c(Cl)c2)[C@@H](CN2CCCC2)C1,1,CC(=O)N1CCN(C(=O)Cc2ccc(Cl)c(Cl)c2)[C@@H](CN2CCCC2)C1,,
strict_b3db_confirmed_clean,train,existing:train:611,COC(=O)N1CCN(C(=O)Cc2ccc(Cl)c(Cl)c2)[C@@H](CN2CCCC2)C1,1,COC(=O)N1CCN(C(=O)Cc2ccc(Cl)c(Cl)c2)[C@@H](CN2CCCC2)C1,,
strict_b3db_confirmed_clean,train,existing:train:612,CN1CCN(C(=O)Cc2ccc(Cl)c(Cl)c2)[C@@H](CN2CCCC2)C1,1,CN1CCN(C(=O)Cc2ccc(Cl)c(Cl)c2)[C@@H](CN2CCCC2)C1,,
strict_b3db_confirmed_clean,train,existing:train:613,O=C(Cc1ccc(Cl)c(Cl)c1)N1CCN(CCO)C[C@@H]1CN1CC[C@@H](O)C1,0,O=C(Cc1ccc(Cl)c(Cl)c1)N1CCN(CCO)C[C@@H]1CN1CC[C@@H](O)C1,,
strict_b3db_confirmed_clean,train,existing:train:614,CC(=O)N1CCN(C(=O)Cc2cccc([N+](=O)[O-])c2)[C@@H](CN2CC[C@H](O)C2)C1,0,CC(=O)N1CCN(C(=O)Cc2cccc([N+](=O)[O-])c2)[C@@H](CN2CC[C@H](O)C2)C1,,
strict_b3db_confirmed_clean,train,existing:train:615,CC(=O)N1CCN(C(=O)Cc2ccccc2)[C@@H](CN2CC[C@@H](O)C2)C1,0,CC(=O)N1CCN(C(=O)Cc2ccccc2)[C@@H](CN2CC[C@@H](O)C2)C1,,
strict_b3db_confirmed_clean,train,existing:train:616,CC(=O)N1CCN(C(=O)Cc2ccc(S(C)(=O)=O)cc2)[C@@H](CN2CC[C@H](O)C2)C1,0,CC(=O)N1CCN(C(=O)Cc2ccc(S(C)(=O)=O)cc2)[C@@H](CN2CC[C@H](O)C2)C1,,
strict_b3db_confirmed_clean,train,existing:train:617,CCOC(=O)N1CCN(C(=O)Cc2ccc(Cl)c(Cl)c2)[C@@H](CN2CCCC2)C1,1,CCOC(=O)N1CCN(C(=O)Cc2ccc(Cl)c(Cl)c2)[C@@H](CN2CCCC2)C1,,
strict_b3db_confirmed_clean,train,existing:train:618,CCCOC(=O)N1CCN(C(=O)Cc2ccc(Cl)c(Cl)c2)[C@@H](CN2CCCC2)C1,1,CCCOC(=O)N1CCN(C(=O)Cc2ccc(Cl)c(Cl)c2)[C@@H](CN2CCCC2)C1,,
strict_b3db_confirmed_clean,train,existing:train:619,CC(=O)N1CCN(C(=O)Cc2ccc(Cl)c(Cl)c2)[C@@H](CN2CC[C@@H](O)C2)C1,0,CC(=O)N1CCN(C(=O)Cc2ccc(Cl)c(Cl)c2)[C@@H](CN2CC[C@@H](O)C2)C1,,
strict_b3db_confirmed_clean,train,existing:train:620,CC(=O)N1CCN(C(=O)Cc2ccc(C(F)(F)F)cc2)[C@@H](CN2CC[C@@H](O)C2)C1,0,CC(=O)N1CCN(C(=O)Cc2ccc(C(F)(F)F)cc2)[C@@H](CN2CC[C@@H](O)C2)C1,,
strict_b3db_confirmed_clean,train,existing:train:621,CSc1ccc(CC(=O)N2CCN(C(C)=O)C[C@@H]2CN2CC[C@@H](O)C2)cc1,0,CSc1ccc(CC(=O)N2CCN(C(C)=O)C[C@@H]2CN2CC[C@@H](O)C2)cc1,,
strict_b3db_confirmed_clean,train,existing:train:622,CC(=O)N1CCN(C(=O)Cc2cc(F)cc(F)c2)[C@@H](CN2CC[C@@H](O)C2)C1,0,CC(=O)N1CCN(C(=O)Cc2cc(F)cc(F)c2)[C@@H](CN2CC[C@@H](O)C2)C1,,
strict_b3db_confirmed_clean,train,existing:train:623,OC(C1=NCCN1)(c1ccc(Cl)cc1)c1ccccn1,1,OC(C1=NCCN1)(c1ccc(Cl)cc1)c1ccccn1,,
strict_b3db_confirmed_clean,train,existing:train:624,C[N+]1(C)CCCC(OC(=O)C(O)(c2ccccc2)c2ccccc2)C1,0,C[N+]1(C)CCCC(OC(=O)C(O)(c2ccccc2)c2ccccc2)C1,,
strict_b3db_confirmed_clean,train,existing:train:625,CC(=O)NNC(=O)CC(O)(c1ccccc1)c1ccccc1,1,CC(=O)NNC(=O)CC(O)(c1ccccc1)c1ccccc1,,
strict_b3db_confirmed_clean,train,existing:train:626,CCC(=O)C(CC(C)N(C)C)(c1ccccc1)c1ccccc1,1,CCC(=O)C(CC(C)N(C)C)(c1ccccc1)c1ccccc1,,
strict_b3db_confirmed_clean,train,existing:train:627,CCCCSc1ccc(C(SCCN(C)C)c2ccccc2)cc1,1,CCCCSc1ccc(C(SCCN(C)C)c2ccccc2)cc1,,
strict_b3db_confirmed_clean,train,existing:train:628,CCC(O)C(CC(C)N(C)C)(c1ccccc1)c1ccccc1,1,CCC(O)C(CC(C)N(C)C)(c1ccccc1)c1ccccc1,,
strict_b3db_confirmed_clean,train,existing:train:629,CNCCCCOc1ccccc1Cc1ccccc1,1,CNCCCCOc1ccccc1Cc1ccccc1,,
strict_b3db_confirmed_clean,train,existing:train:630,CN(C)CCOC(c1ccccc1)c1ccc(Br)cc1,1,CN(C)CCOC(c1ccccc1)c1ccc(Br)cc1,,
strict_b3db_confirmed_clean,train,existing:train:631,CN(C)CCOC(c1ccccc1)c1ccccc1C(C)(C)C,1,CN(C)CCOC(c1ccccc1)c1ccccc1C(C)(C)C,,
strict_b3db_confirmed_clean,train,existing:train:632,CCC(OC(C)=O)C(CC(C)N(C)C)(c1ccccc1)c1ccccc1,1,CCC(OC(C)=O)C(CC(C)N(C)C)(c1ccccc1)c1ccccc1,,
strict_b3db_confirmed_clean,train,existing:train:633,CN(C)CCOC(C)(c1ccccc1)c1ccc(Cl)cc1,1,CN(C)CCOC(C)(c1ccccc1)c1ccc(Cl)cc1,,
strict_b3db_confirmed_clean,train,existing:train:634,CCC(=O)C(c1ccccc1)(c1ccccc1)C(C)CN(C)C,1,CCC(=O)C(c1ccccc1)(c1ccccc1)C(C)CN(C)C,,
strict_b3db_confirmed_clean,train,existing:train:635,CN(C)CCOC(c1ccccc1)c1ccccc1,1,CN(C)CCOC(c1ccccc1)c1ccccc1,,
strict_b3db_confirmed_clean,train,existing:train:636,CNCCOC(c1ccccc1)c1ccccc1C,1,CNCCOC(c1ccccc1)c1ccccc1C,,
strict_b3db_confirmed_clean,train,existing:train:637,CC[C@@H](O)C(C[C@@H](C)N(C)C)(c1ccccc1)c1ccccc1,1,CC[C@@H](O)C(C[C@@H](C)N(C)C)(c1ccccc1)c1ccccc1,,
strict_b3db_confirmed_clean,train,existing:train:638,CN(C)CC(O)C(c1ccccc1)c1ccc(Cl)cc1,1,CN(C)CC(O)C(c1ccccc1)c1ccc(Cl)cc1,,
strict_b3db_confirmed_clean,train,existing:train:639,CC(CN(C)C)OC(C)(c1ccccc1)c1ccc(Cl)cc1,0,CC(CN(C)C)OC(C)(c1ccccc1)c1ccc(Cl)cc1,,
strict_b3db_confirmed_clean,train,existing:train:640,CCN(CC)CCOC(=O)C(O)(c1ccccc1)c1ccccc1,1,CCN(CC)CCOC(=O)C(O)(c1ccccc1)c1ccccc1,,
strict_b3db_confirmed_clean,train,existing:train:641,CCCCCC(N)C(O)(c1ccccc1)c1ccccc1,1,CCCCCC(N)C(O)(c1ccccc1)c1ccccc1,,
strict_b3db_confirmed_clean,train,existing:train:642,CCC(=O)C(CCN(C)C)(c1ccccc1)c1ccccc1,1,CCC(=O)C(CCN(C)C)(c1ccccc1)c1ccccc1,,
strict_b3db_confirmed_clean,train,existing:train:643,O=C(O)CCCCC1SCC2NC(=O)NC21,1,O=C(O)CCCCC1SCC2NC(=O)NC21,,
strict_b3db_confirmed_clean,train,existing:train:644,CC1(C)S[C@@H]2[C@H](NC(=O)c3nc4ccccc4nc3C(=O)O)C(=O)N2[C@H]1C(=O)O,0,CC1(C)S[C@@H]2[C@H](NC(=O)c3nc4ccccc4nc3C(=O)O)C(=O)N2[C@H]1C(=O)O,,
strict_b3db_confirmed_clean,train,existing:train:645,COc1cc([C@@H]2c3cc4c(cc3[C@@H](OC3OC5COC(c6cccs6)OC5C(O)C3O)[C@H]3COC(=O)[C@H]23)OCO4)cc(OC)c1O,1,COc1cc([C@@H]2c3cc4c(cc3[C@@H](OC3OC5COC(c6cccs6)OC5C(O)C3O)[C@H]3COC(=O)[C@H]23)OCO4)cc(OC)c1O,,
strict_b3db_confirmed_clean,train,existing:train:646,CC1C2Cc3ccc(O)cc3C1(C)CCN2C,1,CC1C2Cc3ccc(O)cc3C1(C)CCN2C,,
strict_b3db_confirmed_clean,train,existing:train:647,CC(C)=CCN1CC[C@@]2(C)c3cc(O)ccc3C[C@@H]1[C@H]2C,1,CC(C)=CCN1CC[C@@]2(C)c3cc(O)ccc3C[C@@H]1[C@H]2C,,
strict_b3db_confirmed_clean,train,existing:train:648,CCCCCC(=O)CC[C@]1(C)[C@@H]2Cc3ccc(O)cc3[C@@]1(C)CCN2C,1,CCCCCC(=O)CC[C@]1(C)[C@@H]2Cc3ccc(O)cc3[C@@]1(C)CCN2C,,
strict_b3db_confirmed_clean,train,existing:train:649,CN(C)CCCN1c2ccccc2CCc2ccccc21,1,CN(C)CCCN1c2ccccc2CCc2ccccc21,,
strict_b3db_confirmed_clean,train,existing:train:650,C[N+](C)([O-])CCCN1c2ccccc2CCc2ccccc21,1,C[N+](C)([O-])CCCN1c2ccccc2CCc2ccccc21,,
strict_b3db_confirmed_clean,train,existing:train:651,NCCCN1c2ccccc2CCc2ccccc21,1,NCCCN1c2ccccc2CCc2ccccc21,,
strict_b3db_confirmed_clean,train,existing:train:652,CC(CN(C)C)CN1c2ccccc2CCc2ccccc21,1,CC(CN(C)C)CN1c2ccccc2CCc2ccccc21,,
strict_b3db_confirmed_clean,train,existing:train:653,CNC1Cc2ccccc2N(C)c2ccccc21,1,CNC1Cc2ccccc2N(C)c2ccccc21,,
strict_b3db_confirmed_clean,train,existing:train:654,CNCCCN1c2ccccc2CCc2ccccc21,1,CNCCCN1c2ccccc2CCc2ccccc21,,
strict_b3db_confirmed_clean,train,existing:train:655,CN(C)CCCN1c2ccccc2CCc2ccc(C#N)cc21,1,CN(C)CCCN1c2ccccc2CCc2ccc(C#N)cc21,,
strict_b3db_confirmed_clean,train,existing:train:656,CN(C)CCCN1c2ccccc2CCc2ccc(Cl)cc21,1,CN(C)CCCN1c2ccccc2CCc2ccc(Cl)cc21,,
strict_b3db_confirmed_clean,train,existing:train:657,CC(=O)Oc1ccc2c3c1O[C@H]1[C@@H](OC(C)=O)C=C[C@H]4[C@@H](C2)N(C)CC[C@@]341,1,CC(=O)Oc1ccc2c3c1O[C@H]1[C@@H](OC(C)=O)C=C[C@H]4[C@@H](C2)N(C)CC[C@@]341,,
strict_b3db_confirmed_clean,train,existing:train:658,COc1ccc2c3c1O[C@H]1[C@@H](O)C=C[C@H]4[C@@H](C2)N(C)CC[C@@]341,1,COc1ccc2c3c1O[C@H]1[C@@H](O)C=C[C@H]4[C@@H](C2)N(C)CC[C@@]341,,
strict_b3db_confirmed_clean,train,existing:train:659,C=CCN1CCC23c4c5ccc(OC(C)=O)c4OC2C(OC(C)=O)C=CC3C1C5,1,C=CCN1CCC23c4c5ccc(OC(C)=O)c4OC2C(OC(C)=O)C=CC3C1C5,,
strict_b3db_confirmed_clean,train,existing:train:660,COc1ccc2c3c1OC1C(O)C=CC4C(C2)NCCC341,1,COc1ccc2c3c1OC1C(O)C=CC4C(C2)NCCC341,,
strict_b3db_confirmed_clean,train,existing:train:661,C=CCN1CC[C@]23c4c5ccc(O)c4O[C@H]2[C@@H](O)C=C[C@H]3[C@H]1C5,1,C=CCN1CC[C@]23c4c5ccc(O)c4O[C@H]2[C@@H](O)C=C[C@H]3[C@H]1C5,,
strict_b3db_confirmed_clean,train,existing:train:662,CN1CC[C@]23c4c5ccc(O)c4O[C@H]2C(O)C=C[C@H]3[C@H]1C5,1,CN1CC[C@]23c4c5ccc(O)c4O[C@H]2C(O)C=C[C@H]3[C@H]1C5,,
strict_b3db_confirmed_clean,train,existing:train:663,Oc1ccc2c3c1OC1C(O)C=CC4C(C2)NCCC341,1,Oc1ccc2c3c1OC1C(O)C=CC4C(C2)NCCC341,,
strict_b3db_confirmed_clean,train,existing:train:664,CCn1nnn(CCN2CC[C@H](N(C(=O)COC)c3ccccc3F)[C@H](C)C2)c1=O,1,CCn1nnn(CCN2CC[C@H](N(C(=O)COC)c3ccccc3F)[C@H](C)C2)c1=O,,
strict_b3db_confirmed_clean,train,existing:train:665,CCC(=O)N(c1ccccc1)C1(COC)CCN(CCn2nnn(CC)c2=O)CC1,1,CCC(=O)N(c1ccccc1)C1(COC)CCN(CCn2nnn(CC)c2=O)CC1,,
strict_b3db_confirmed_clean,train,existing:train:666,O=C(NCCN1CCN(c2ncccn2)CC1)C12CC3CC(CC(C3)C1)C2,1,O=C(NCCN1CCN(c2ncccn2)CC1)C12CC3CC(CC(C3)C1)C2,,
strict_b3db_confirmed_clean,train,existing:train:667,COC1C(O)CC(=O)OC(C)C/C=C/C=C/C(OC2CCC(N(C)C)C(C)O2)C(C)CC(CC=O)C1OC1OC(C)C(OC2CC(C)(O)C(O)C(C)O2)C(N(C)C)C1O,0,COC1C(O)CC(=O)OC(C)C/C=C/C=C/C(OC2CCC(N(C)C)C(C)O2)C(C)CC(CC=O)C1OC1OC(C)C(OC2CC(C)(O)C(O)C(C)O2)C(N(C)C)C1O,,
strict_b3db_confirmed_clean,train,existing:train:668,CCOC1c2ccccc2C(=O)N(C)c2ccccc21,1,CCOC1c2ccccc2C(=O)N(C)c2ccccc21,,
strict_b3db_confirmed_clean,train,existing:train:669,N[C@@H](C(=O)N[C@@H]1C(=O)N2C(C(=O)O)=C(Cl)CS[C@H]12)c1ccccc1,0,N[C@@H](C(=O)N[C@@H]1C(=O)N2C(C(=O)O)=C(Cl)CS[C@H]12)c1ccccc1,,
strict_b3db_confirmed_clean,train,existing:train:670,CC1=C(C(=O)O)N2C(=O)[C@@H](NC(=O)[C@H](N)c3ccc(O)cc3)[C@H]2SC1,0,CC1=C(C(=O)O)N2C(=O)[C@@H](NC(=O)[C@H](N)c3ccc(O)cc3)[C@H]2SC1,,
strict_b3db_confirmed_clean,train,existing:train:671,CC1=C(C(=O)O)N2C(=O)[C@@H](NC(=O)[C@H](N)c3ccccc3)[C@H]2SC1,0,CC1=C(C(=O)O)N2C(=O)[C@@H](NC(=O)[C@H](N)c3ccccc3)[C@H]2SC1,,
strict_b3db_confirmed_clean,train,existing:train:672,CC(=O)OCC1=C(C(=O)O)N2C(=O)[C@@H](NC(=O)Cc3ccccc3)[C@H]2SC1,0,CC(=O)OCC1=C(C(=O)O)N2C(=O)[C@@H](NC(=O)Cc3ccccc3)[C@H]2SC1,,
strict_b3db_confirmed_clean,train,existing:train:673,CC1=C(C(=O)O)N2C(=O)[C@@H](NC(=O)[C@H](N)c3cccc(NS(C)(=O)=O)c3)[C@H]2SC1,0,CC1=C(C(=O)O)N2C(=O)[C@@H](NC(=O)[C@H](N)c3cccc(NS(C)(=O)=O)c3)[C@H]2SC1,,
strict_b3db_confirmed_clean,train,existing:train:674,CC1=C(C(=O)O)N2C(=O)[C@@H](NC(=O)[C@H](N)c3ccc(O)c(Cl)c3)[C@H]2SC1,0,CC1=C(C(=O)O)N2C(=O)[C@@H](NC(=O)[C@H](N)c3ccc(O)c(Cl)c3)[C@H]2SC1,,
strict_b3db_confirmed_clean,train,existing:train:675,CC(=O)OCC1=C(C(=O)O)N2C(=O)[C@@H](NC(=O)[C@H](N)c3ccccc3)[C@H]2SC1,0,CC(=O)OCC1=C(C(=O)O)N2C(=O)[C@@H](NC(=O)[C@H](N)c3ccccc3)[C@H]2SC1,,
strict_b3db_confirmed_clean,train,existing:train:676,C/C=C/C1=C(C(=O)O)N2C(=O)[C@@H](NC(=O)[C@H](N)c3ccc(O)cc3)[C@H]2SC1,0,C/C=C/C1=C(C(=O)O)N2C(=O)[C@@H](NC(=O)[C@H](N)c3ccc(O)cc3)[C@H]2SC1,,
strict_b3db_confirmed_clean,train,existing:train:677,CN1CCN(c2cc3c(cc2F)c(=O)c(C(=O)O)cn3-c2ccc(F)cc2)CC1,0,CN1CCN(c2cc3c(cc2F)c(=O)c(C(=O)O)cn3-c2ccc(F)cc2)CC1,,
strict_b3db_confirmed_clean,train,existing:train:678,CC(CN1C(=O)c2cccnc2Nc2ccccc21)N(C)C,1,CC(CN1C(=O)c2cccnc2Nc2ccccc21)N(C)C,,
strict_b3db_confirmed_clean,train,existing:train:679,COc1ccc2c(c1)/C(=C/CCN(C)C)c1ccccc1O2,1,COc1ccc2c(c1)/C(=C/CCN(C)C)c1ccccc1O2,,
strict_b3db_confirmed_clean,train,existing:train:680,CN1C[C@@H]2Cc3ccc(Cl)cc3[C@@H](c3ccccc3)[C@@H]2C1,1,CN1C[C@@H]2Cc3ccc(Cl)cc3[C@@H](c3ccccc3)[C@@H]2C1,,
strict_b3db_confirmed_clean,train,existing:train:681,NS(=O)(=O)c1cc2c(cc1Cl)NC(C(Cl)Cl)NS2(=O)=O,0,NS(=O)(=O)c1cc2c(cc1Cl)NC(C(Cl)Cl)NS2(=O)=O,,
strict_b3db_confirmed_clean,train,existing:train:682,CN1C(CCl)Nc2cc(Cl)c(S(N)(=O)=O)cc2S1(=O)=O,0,CN1C(CCl)Nc2cc(Cl)c(S(N)(=O)=O)cc2S1(=O)=O,,
strict_b3db_confirmed_clean,train,existing:train:683,CN1C(CSCC(F)(F)F)Nc2cc(Cl)c(S(N)(=O)=O)cc2S1(=O)=O,0,CN1C(CSCC(F)(F)F)Nc2cc(Cl)c(S(N)(=O)=O)cc2S1(=O)=O,,
strict_b3db_confirmed_clean,train,existing:train:684,CN(C)CC[C@]1(c2ccccc2)CCc2ccccc2C1=O,1,CN(C)CC[C@]1(c2ccccc2)CCc2ccccc2C1=O,,
strict_b3db_confirmed_clean,train,existing:train:685,NC(=O)CN1CC(O)CC1=O,1,NC(=O)CN1CC(O)CC1=O,,
strict_b3db_confirmed_clean,train,existing:train:686,NC(=O)CN1CCCC1=O,1,NC(=O)CN1CCCC1=O,,
strict_b3db_confirmed_clean,train,existing:train:687,CC(C)N(CCNC(=O)CN1CCCC1=O)C(C)C,1,CC(C)N(CCNC(=O)CN1CCCC1=O)C(C)C,,
strict_b3db_confirmed_clean,train,existing:train:688,CCC(C(N)=O)N1CCCC1=O,1,CCC(C(N)=O)N1CCCC1=O,,
strict_b3db_confirmed_clean,train,existing:train:689,CN1CC(CSc2ccccn2)C=C2c3cccc4[nH]cc(c34)CC21,1,CN1CC(CSc2ccccn2)C=C2c3cccc4[nH]cc(c34)CC21,,
strict_b3db_confirmed_clean,train,existing:train:690,O=c1[nH]c(=O)n([C@H]2C[C@H](O)[C@@H](CO)O2)cc1F,0,O=c1[nH]c(=O)n([C@H]2C[C@H](O)[C@@H](CO)O2)cc1F,,
strict_b3db_confirmed_clean,train,existing:train:691,Cc1cn([C@H]2C[C@H](F)[C@@H](CO)O2)c(=O)[nH]c1=O,1,Cc1cn([C@H]2C[C@H](F)[C@@H](CO)O2)c(=O)[nH]c1=O,,
strict_b3db_confirmed_clean,train,existing:train:692,O=c1ccn(C2OC(CO)C(O)C2O)c(=O)[nH]1,1,O=c1ccn(C2OC(CO)C(O)C2O)c(=O)[nH]1,,
strict_b3db_confirmed_clean,train,existing:train:693,CSc1ccc2c(c1)N(CCC1CCCNC1)c1ccccc1S2,1,CSc1ccc2c(c1)N(CCC1CCCNC1)c1ccccc1S2,,
strict_b3db_confirmed_clean,train,existing:train:694,CN(C)C(=O)Oc1ccc[n+](C)c1,1,CN(C)C(=O)Oc1ccc[n+](C)c1,,
strict_b3db_confirmed_clean,train,existing:train:695,FC(F)(F)c1cccc(N2CCN(CCc3nnc4n3C[C@H]3CCC[C@@H]43)CC2)c1,1,FC(F)(F)c1cccc(N2CCN(CCc3nnc4n3C[C@H]3CCC[C@@H]43)CC2)c1,,
strict_b3db_confirmed_clean,train,existing:train:696,O=C1Cc2cc(CCN3CCN(c4nsc5ccccc45)CC3)c(Cl)cc2N1,1,O=C1Cc2cc(CCN3CCN(c4nsc5ccccc45)CC3)c(Cl)cc2N1,,
strict_b3db_confirmed_clean,train,existing:train:697,COC(=O)c1cncn1C(C)c1ccccc1,1,COC(=O)c1cncn1C(C)c1ccccc1,,
strict_b3db_confirmed_clean,train,existing:train:698,CCOC(=O)c1cncn1C(C)c1ccccc1,1,CCOC(=O)c1cncn1C(C)c1ccccc1,,
strict_b3db_confirmed_clean,train,existing:train:699,CCCOC(=O)c1cncn1C(C)c1ccccc1,1,CCCOC(=O)c1cncn1C(C)c1ccccc1,,
strict_b3db_confirmed_clean,train,existing:train:700,Cc1nccn1C(C)c1ccccc1,1,Cc1nccn1C(C)c1ccccc1,,
strict_b3db_confirmed_clean,train,existing:train:701,CCOC(=O)c1cncn1C(C)c1ccc(F)cc1,1,CCOC(=O)c1cncn1C(C)c1ccc(F)cc1,,
strict_b3db_confirmed_clean,train,existing:train:702,O=C(CCCN1CC=C(n2c(=O)[nH]c3ccccc32)CC1)c1ccc(F)cc1,1,O=C(CCCN1CC=C(n2c(=O)[nH]c3ccccc32)CC1)c1ccc(F)cc1,,
strict_b3db_confirmed_clean,train,existing:train:703,Cc1oc(=O)oc1COC(=O)[C@@H]1N2C(=O)[C@@H](NC(=O)[C@H](N)c3ccccc3)[C@H]2SC1(C)C,0,Cc1oc(=O)oc1COC(=O)[C@@H]1N2C(=O)[C@@H](NC(=O)[C@H](N)c3ccccc3)[C@H]2SC1(C)C,,
strict_b3db_confirmed_clean,train,existing:train:704,CC12CC3CC(C)(C1)CC(N)(C3)C2,1,CC12CC3CC(C)(C1)CC(N)(C3)C2,,
strict_b3db_confirmed_clean,train,existing:train:705,NC12CC3CC(CC(C3)C1)C2,1,NC12CC3CC(CC(C3)C1)C2,,
strict_b3db_confirmed_clean,train,existing:train:706,NNC(=O)CP(=O)(c1ccccc1)c1ccccc1,1,NNC(=O)CP(=O)(c1ccccc1)c1ccccc1,,
strict_b3db_confirmed_clean,train,existing:train:707,CCC(C)(O)C1CC23C=CC1(OC)C1Oc4c(OC)ccc5c4C12CCN(CC1CC1)C3C5,1,CCC(C)(O)C1CC23C=CC1(OC)C1Oc4c(OC)ccc5c4C12CCN(CC1CC1)C3C5,,
strict_b3db_confirmed_clean,train,existing:train:708,COC12C=CC3(CC1C(C)(C)O)[C@@H]1Cc4ccc(O)c5c4[C@]3(CCN1CC1CC1)[C@@H]2O5,1,COC12C=CC3(CC1C(C)(C)O)[C@@H]1Cc4ccc(O)c5c4[C@]3(CCN1CC1CC1)[C@@H]2O5,,
strict_b3db_confirmed_clean,train,existing:train:709,COC1=C(C(=O)O)N2C(=O)C(NC(=O)C(N)C3C=CCC=C3)C2SC1,0,COC1=C(C(=O)O)N2C(=O)C(NC(=O)C(N)C3C=CCC=C3)C2SC1,,
strict_b3db_confirmed_clean,train,existing:train:710,Clc1ccc2c(c1)/C(=C/C1CN3CCC1CC3)c1ccccc1S2,1,Clc1ccc2c(c1)/C(=C/C1CN3CCC1CC3)c1ccccc1S2,,
strict_b3db_confirmed_clean,train,existing:train:711,CC(C)CC1NC(=O)C(CCCN)NC(=O)C(C(C)C)NC(=O)C2CCCN2C(=O)C(Cc2ccccc2)NC(=O)C(CC(C)C)NC(=O)C(CCCN)NC(=O)C(C(C)C)NC(=O)C2CCCN2C(=O)C(Cc2ccccc2)NC1=O,0,CC(C)CC1NC(=O)C(CCCN)NC(=O)C(C(C)C)NC(=O)C2CCCN2C(=O)C(Cc2ccccc2)NC(=O)C(CC(C)C)NC(=O)C(CCCN)NC(=O)C(C(C)C)NC(=O)C2CCCN2C(=O)C(Cc2ccccc2)NC1=O,,
strict_b3db_confirmed_clean,train,existing:train:712,FC(F)(F)c1ccc2c(c1)N(CCCN1CCN(CCC3OCCCO3)CC1)c1ccccc1S2,1,FC(F)(F)c1ccc2c(c1)N(CCCN1CCN(CCC3OCCCO3)CC1)c1ccccc1S2,,
strict_b3db_confirmed_clean,train,existing:train:713,Clc1ccc(N2CCN(C/C=C/c3ccccc3)CC2)nn1,1,Clc1ccc(N2CCN(C/C=C/c3ccccc3)CC2)nn1,,
strict_b3db_confirmed_clean,train,existing:train:714,CCCCCCOc1nsnc1C1=CCCN(C)C1,1,CCCCCCOc1nsnc1C1=CCCN(C)C1,,
strict_b3db_confirmed_clean,train,existing:train:715,CCCCCCSc1nsnc1C1=CCCN(C)C1,1,CCCCCCSc1nsnc1C1=CCCN(C)C1,,
strict_b3db_confirmed_clean,train,existing:train:716,CNCCC(Oc1ccc(C(F)(F)F)cc1)c1ccccc1,1,CNCCC(Oc1ccc(C(F)(F)F)cc1)c1ccccc1,,
strict_b3db_confirmed_clean,train,existing:train:717,CNCC[C@@H](Oc1ccccc1C)c1ccccc1,1,CNCC[C@@H](Oc1ccccc1C)c1ccccc1,,
strict_b3db_confirmed_clean,train,existing:train:718,CNCCC(Oc1ccccc1OC)c1ccccc1,1,CNCCC(Oc1ccccc1OC)c1ccccc1,,
strict_b3db_confirmed_clean,train,existing:train:719,NCCC(Oc1ccc(C(F)(F)F)cc1)c1ccccc1,1,NCCC(Oc1ccc(C(F)(F)F)cc1)c1ccccc1,,
strict_b3db_confirmed_clean,train,existing:train:720,O=C1CCCN1CCCCN1CCN(c2cc(C(F)(F)F)ccn2)CC1,1,O=C1CCCN1CCCCN1CCN(c2cc(C(F)(F)F)ccn2)CC1,,
strict_b3db_confirmed_clean,train,existing:train:721,O=C1CCCN1CCCCN1CCN(c2cc(C(F)(F)F)cc(Cl)n2)CC1,1,O=C1CCCN1CCCCN1CCN(c2cc(C(F)(F)F)cc(Cl)n2)CC1,,
strict_b3db_confirmed_clean,train,existing:train:722,O=C1CC2(CCCC2)CC(=O)N1CCNCC1COc2ccccc2O1,1,O=C1CC2(CCCC2)CC(=O)N1CCNCC1COc2ccccc2O1,,
strict_b3db_confirmed_clean,train,existing:train:723,COc1ccc(S(N)(=O)=O)cc1C(=O)NCC1CCCN1Cc1ccc(F)cc1,1,COc1ccc(S(N)(=O)=O)cc1C(=O)NCC1CCCN1Cc1ccc(F)cc1,,
strict_b3db_confirmed_clean,train,existing:train:724,CC[C@H]1OC(=O)[C@H](C)[C@@H](O[C@H]2C[C@@](C)(OC)[C@@H](O)[C@H](C)O2)C(C)[C@@H](O[C@@H]2O[C@H](C)C[C@H](N(C)C)[C@H]2O)[C@](C)(O)C[C@@H](C)CN(C)[C@H](C)[C@@H](O)[C@]1(C)O,0,CC[C@H]1OC(=O)[C@H](C)[C@@H](O[C@H]2C[C@@](C)(OC)[C@@H](O)[C@H](C)O2)C(C)[C@@H](O[C@@H]2O[C@H](C)C[C@H](N(C)C)[C@H]2O)[C@](C)(O)C[C@@H](C)CN(C)[C@H](C)[C@@H](O)[C@]1(C)O,,
strict_b3db_confirmed_clean,train,existing:train:725,O=C1c2ccccc2S(=O)(=O)N1CCCCN1CCN(c2ncccn2)CC1,1,O=C1c2ccccc2S(=O)(=O)N1CCCCN1CCN(c2ncccn2)CC1,,
strict_b3db_confirmed_clean,train,existing:train:726,CCC1NC(=O)C(NC(=O)c2ncccc2O)C(C)OC(=O)C(c2ccccc2)NC(=O)C2CC(=O)CCN2C(=O)C(Cc2ccc(N(C)C)cc2)N(C)C(=O)C2CCCN2C1=O,0,CCC1NC(=O)C(NC(=O)c2ncccc2O)C(C)OC(=O)C(c2ccccc2)NC(=O)C2CC(=O)CCN2C(=O)C(Cc2ccc(N(C)C)cc2)N(C)C(=O)C2CCCN2C1=O,,
strict_b3db_confirmed_clean,train,existing:train:727,CC1NC(=O)C(NC(=O)c2ncccc2O)C(C)OC(=O)C(c2ccccc2)NC(=O)C2CC(=O)CCN2C(=O)C(Cc2ccc(N(C)C)cc2)N(C)C(=O)C2CCCN2C1=O,0,CC1NC(=O)C(NC(=O)c2ncccc2O)C(C)OC(=O)C(c2ccccc2)NC(=O)C2CC(=O)CCN2C(=O)C(Cc2ccc(N(C)C)cc2)N(C)C(=O)C2CCCN2C1=O,,
strict_b3db_confirmed_clean,train,existing:train:728,CN1CCc2cc(Cl)c(O)cc2[C@@H](c2cc(Br)cc3c2OCC3)C1,1,CN1CCc2cc(Cl)c(O)cc2[C@@H](c2cc(Br)cc3c2OCC3)C1,,
strict_b3db_confirmed_clean,train,existing:train:729,CN1CCc2cc(Cl)c(O)cc2[C@@H](c2cccc3c2OCC3)C1,1,CN1CCc2cc(Cl)c(O)cc2[C@@H](c2cccc3c2OCC3)C1,,
strict_b3db_confirmed_clean,train,existing:train:730,COC(=O)[C@@]1(O)CC[C@H]2C3CCC(=O)C4C(=O)C=CC4(C)[C@H]3C(O)CC21C,1,COC(=O)[C@@]1(O)CC[C@H]2C3CCC(=O)C4C(=O)C=CC4(C)[C@H]3C(O)CC21C,,
strict_b3db_confirmed_clean,train,existing:train:731,CCC(C)C(N)C1=NC(C(=O)N[C@@H](CC(C)C)C(=O)N[C@H](CCC(=O)O)C(=O)N[C@H](C(=O)NCCCC[C@@H]2NC(=O)[C@H](CC(N)=O)NC(=O)[C@@H](CC(=O)O)NC(=O)[C@H](Cc3cnc[nH]3)NC(=O)[C@@H](Cc3ccccc3)NC(=O)[C@H]([C@@H](C)CC)NC(=O)[C@@H](CCCN)NC2=O)[C@@H](C)CC)CS1,0,CCC(C)C(N)C1=NC(C(=O)N[C@@H](CC(C)C)C(=O)N[C@H](CCC(=O)O)C(=O)N[C@H](C(=O)NCCCC[C@@H]2NC(=O)[C@H](CC(N)=O)NC(=O)[C@@H](CC(=O)O)NC(=O)[C@H](Cc3cnc[nH]3)NC(=O)[C@@H](Cc3ccccc3)NC(=O)[C@H]([C@@H](C)CC)NC(=O)[C@@H](CCCN)NC2=O)[C@@H](C)CC)CS1,,
strict_b3db_confirmed_clean,train,existing:train:732,CC(=O)OCC(=O)[C@@]12N=C(C)O[C@@H]1C[C@H]1[C@@H]3CCC4=CC(=O)C=C[C@]4(C)[C@H]3[C@@H](O)C[C@@]12C,1,CC(=O)OCC(=O)[C@@]12N=C(C)O[C@@H]1C[C@H]1[C@@H]3CCC4=CC(=O)C=C[C@]4(C)[C@H]3[C@@H](O)C[C@@]12C,,
strict_b3db_confirmed_clean,train,existing:train:733,CC(=O)OCC(=O)C12N=C(C)OC1CC1C3CCC4=CC(=O)C=CC4(C)[C@@]3(F)C(O)CC12C,1,CC(=O)OCC(=O)C12N=C(C)OC1CC1C3CCC4=CC(=O)C=CC4(C)[C@@]3(F)C(O)CC12C,,
strict_b3db_confirmed_clean,train,existing:train:734,O=C1NC(=O)C(c2ccccc2)(c2ccccc2)N1,1,O=C1NC(=O)C(c2ccccc2)(c2ccccc2)N1,,
strict_b3db_confirmed_clean,train,existing:train:735,O=C1NC(c2ccccc2)(c2ccccc2)C(=O)N1COP(=O)(O)O,1,O=C1NC(c2ccccc2)(c2ccccc2)C(=O)N1COP(=O)(O)O,,
strict_b3db_confirmed_clean,train,existing:train:736,Cc1cccc(C)c1NC(=O)CN1CCCC1=O,1,Cc1cccc(C)c1NC(=O)CN1CCCC1=O,,
strict_b3db_confirmed_clean,train,existing:train:737,CCC(=O)OCC(=O)[C@@]12OC(C)(C)O[C@@H]1CC1C3C[C@H](F)C4=CC(=O)C=CC4(C)[C@@]3(F)C(O)CC12C,1,CCC(=O)OCC(=O)[C@@]12OC(C)(C)O[C@@H]1CC1C3C[C@H](F)C4=CC(=O)C=CC4(C)[C@@]3(F)C(O)CC12C,,
strict_b3db_confirmed_clean,train,existing:train:738,CC1(C)O[C@@H]2CC3C4C[C@H](F)C5=CC(=O)C=CC5(C)[C@@]4(Cl)C(Cl)CC3(C)[C@]2(C(=O)CO)O1,1,CC1(C)O[C@@H]2CC3C4C[C@H](F)C5=CC(=O)C=CC5(C)[C@@]4(Cl)C(Cl)CC3(C)[C@]2(C(=O)CO)O1,,
strict_b3db_confirmed_clean,train,existing:train:739,CCC1(CC)O[C@@H]2C[C@H]3C4CCC5=CC(=O)C=CC5(C)[C@@]4(F)[C@@H](O)CC3(C)[C@]2(C(=O)CO)O1,1,CCC1(CC)O[C@@H]2C[C@H]3C4CCC5=CC(=O)C=CC5(C)[C@@]4(F)[C@@H](O)CC3(C)[C@]2(C(=O)CO)O1,,
strict_b3db_confirmed_clean,train,existing:train:740,COC(OC)C(=O)[C@@]12OC(C)(C)O[C@@H]1CC1C3C[C@H](F)C4=CC(=O)C=CC4(C)[C@@]3(F)C(O)CC12C,1,COC(OC)C(=O)[C@@]12OC(C)(C)O[C@@H]1CC1C3C[C@H](F)C4=CC(=O)C=CC4(C)[C@@]3(F)C(O)CC12C,,
strict_b3db_confirmed_clean,train,existing:train:741,CC1(C)O[C@@H]2C[C@H]3C4CCC5=CC(=O)C=CC5(C)[C@H]4C(O)CC3(C)[C@]2(C(=O)CO)O1,1,CC1(C)O[C@@H]2C[C@H]3C4CCC5=CC(=O)C=CC5(C)[C@H]4C(O)CC3(C)[C@]2(C(=O)CO)O1,,
strict_b3db_confirmed_clean,train,existing:train:742,CC(=O)OCC(=O)[C@@]12OC(C)(C)O[C@@H]1C[C@H]1[C@@H]3C[C@H](F)C4=CC(=O)C=C[C@]4(C)[C@@]3(F)[C@@H](O)C[C@@]12C,1,CC(=O)OCC(=O)[C@@]12OC(C)(C)O[C@@H]1C[C@H]1[C@@H]3C[C@H](F)C4=CC(=O)C=C[C@]4(C)[C@@]3(F)[C@@H](O)C[C@@]12C,,
strict_b3db_confirmed_clean,train,existing:train:743,CC1(C)O[C@@H]2CC3C4C[C@H](F)C5=CC(=O)C=CC5(C)[C@@]4(Cl)[C@@H](Cl)CC3(C)[C@]2(C(=O)CF)O1,1,CC1(C)O[C@@H]2CC3C4C[C@H](F)C5=CC(=O)C=CC5(C)[C@@]4(Cl)[C@@H](Cl)CC3(C)[C@]2(C(=O)CF)O1,,
strict_b3db_confirmed_clean,train,existing:train:744,C=CC1O[C@@H]2CC3C4CCC5=CC(=O)C=CC5(C)C4(F)C(O)CC3(C)[C@]2(C(=O)CO)O1,1,C=CC1O[C@@H]2CC3C4CCC5=CC(=O)C=CC5(C)C4(F)C(O)CC3(C)[C@]2(C(=O)CO)O1,,
strict_b3db_confirmed_clean,train,existing:train:745,CC1(C)O[C@@H]2C[C@H]3[C@@H]4CCC5=CC(=O)C=C[C@]5(C)[C@@]4(F)[C@@H](O)C[C@]3(C)[C@]2(C(=O)CO)O1,1,CC1(C)O[C@@H]2C[C@H]3[C@@H]4CCC5=CC(=O)C=C[C@]5(C)[C@@]4(F)[C@@H](O)C[C@]3(C)[C@]2(C(=O)CO)O1,,
strict_b3db_confirmed_clean,train,existing:train:746,CC(C)(C)CC(=O)OCC(=O)[C@@]12OC(C)(C)O[C@@H]1C[C@H]1[C@@H]3CCC4=CC(=O)C=C[C@]4(C)[C@@]3(F)[C@@H](O)C[C@@]12C,1,CC(C)(C)CC(=O)OCC(=O)[C@@]12OC(C)(C)O[C@@H]1C[C@H]1[C@@H]3CCC4=CC(=O)C=C[C@]4(C)[C@@]3(F)[C@@H](O)C[C@@]12C,,
strict_b3db_confirmed_clean,train,existing:train:747,CCC[C@@H]1O[C@@H]2C[C@H]3[C@@H]4C[C@H](F)C5=CC(=O)C=C[C@]5(C)C4(F)[C@@H](O)C[C@]3(C)[C@]2(C(=O)O[C@H](C)OC(=O)OCC)O1,1,CCC[C@@H]1O[C@@H]2C[C@H]3[C@@H]4C[C@H](F)C5=CC(=O)C=C[C@]5(C)C4(F)[C@@H](O)C[C@]3(C)[C@]2(C(=O)O[C@H](C)OC(=O)OCC)O1,,
strict_b3db_confirmed_clean,train,existing:train:748,CC1(C)O[C@@H]2C[C@H]3C4C[C@H](F)C5=CC(=O)C=CC5(C)[C@@]4(Cl)[C@@H](Cl)CC3(C)[C@]2(C(=O)CCl)O1,1,CC1(C)O[C@@H]2C[C@H]3C4C[C@H](F)C5=CC(=O)C=CC5(C)[C@@]4(Cl)[C@@H](Cl)CC3(C)[C@]2(C(=O)CCl)O1,,
strict_b3db_confirmed_clean,train,existing:train:749,CC(=O)OCC(=O)[C@@]12OC(C)(C)O[C@@H]1CC1C3C[C@H](F)C4=CC(=O)C=CC4(C)[C@H]3C(O)CC12C,1,CC(=O)OCC(=O)[C@@]12OC(C)(C)O[C@@H]1CC1C3C[C@H](F)C4=CC(=O)C=CC4(C)[C@H]3C(O)CC12C,,
strict_b3db_confirmed_clean,train,existing:train:750,CC1(C)O[C@@H]2C[C@H]3[C@@H]4C[C@H](F)C5=CC(=O)C=C[C@]5(C)[C@@]4(F)[C@@H](O)C[C@]3(C)[C@]2(C(=O)CO)O1,1,CC1(C)O[C@@H]2C[C@H]3[C@@H]4C[C@H](F)C5=CC(=O)C=C[C@]5(C)[C@@]4(F)[C@@H](O)C[C@]3(C)[C@]2(C(=O)CO)O1,,
strict_b3db_confirmed_clean,train,existing:train:751,C=CCONC1=Nc2ccc(Cl)cc2C(c2ccccc2Cl)=NC1,1,C=CCONC1=Nc2ccc(Cl)cc2C(c2ccccc2Cl)=NC1,,
strict_b3db_confirmed_clean,train,existing:train:752,O=C1NC(=O)[C@@]2(CCN(C(=O)Cc3ccc(Cl)c(Cl)c3)[C@@H](CN3CCCC3)C2)N1,0,O=C1NC(=O)[C@@]2(CCN(C(=O)Cc3ccc(Cl)c(Cl)c3)[C@@H](CN3CCCC3)C2)N1,,
strict_b3db_confirmed_clean,train,existing:train:753,C[C@H](CCC(=O)O)[C@H]1CC[C@H]2[C@@H]3C(=O)C[C@@H]4CC(=O)CC[C@]4(C)[C@H]3CC(=O)[C@]12C,0,C[C@H](CCC(=O)O)[C@H]1CC[C@H]2[C@@H]3C(=O)C[C@@H]4CC(=O)CC[C@]4(C)[C@H]3CC(=O)[C@]12C,,
strict_b3db_confirmed_clean,train,existing:train:754,CNCCCC1c2ccccc2C=Cc2ccccc21,1,CNCCCC1c2ccccc2C=Cc2ccccc21,,
strict_b3db_confirmed_clean,train,existing:train:755,NC(=O)C1c2ccccc2C=Cc2ccccc21,1,NC(=O)C1c2ccccc2C=Cc2ccccc21,,
strict_b3db_confirmed_clean,train,existing:train:756,CCCC1(C)COB(c2ccc(C)cc2)OC1,1,CCCC1(C)COB(c2ccc(C)cc2)OC1,,
strict_b3db_confirmed_clean,train,existing:train:757,CC1(C)O[C@@H]2CC3[C@@H]4C[C@H](F)C5=CC(=O)C=CC5(C)[C@H]4[C@@H](O)C[C@]3(C)[C@]2(C(=O)CO)O1,1,CC1(C)O[C@@H]2CC3[C@@H]4C[C@H](F)C5=CC(=O)C=CC5(C)[C@H]4[C@@H](O)C[C@]3(C)[C@]2(C(=O)CO)O1,,
strict_b3db_confirmed_clean,train,existing:train:758,Cc1nccnc1N1CCCCC1,1,Cc1nccnc1N1CCCCC1,,
strict_b3db_confirmed_clean,train,existing:train:759,CCN(CC)C/C=C1/c2ccccc2Nc2cc(Cl)ccc21,1,CCN(CC)C/C=C1/c2ccccc2Nc2cc(Cl)ccc21,,
strict_b3db_confirmed_clean,train,existing:train:760,CN1c2ccccc2C(c2ccccc2F)=NCC1CNC(=O)c1ccsc1,1,CN1c2ccccc2C(c2ccccc2F)=NCC1CNC(=O)c1ccsc1,,
strict_b3db_confirmed_clean,train,existing:train:761,FC(F)(F)c1ccc2c(c1)N(CCCN1CCN(C3CC3)CC1)c1ccccc1S2,1,FC(F)(F)c1ccc2c(c1)N(CCCN1CCN(C3CC3)CC1)c1ccccc1S2,,
strict_b3db_confirmed_clean,train,existing:train:762,CCC(C(=O)OCCN1CCOC(c2ccccc2)C1C)c1ccccc1,1,CCC(C(=O)OCCN1CCOC(c2ccccc2)C1C)c1ccccc1,,
strict_b3db_confirmed_clean,train,existing:train:763,C[N+]12CCC(CC1)C(OC(=O)C(O)(c1ccccc1)c1ccccc1)C2,0,C[N+]12CCC(CC1)C(OC(=O)C(O)(c1ccccc1)c1ccccc1)C2,,
strict_b3db_confirmed_clean,train,existing:train:764,O=c1[nH]c2cc(Cl)ccc2o1,1,O=c1[nH]c2cc(Cl)ccc2o1,,
strict_b3db_confirmed_clean,train,existing:train:765,OC(CCN1CCCCC1)(c1ccccc1)C1CC2C=CC1C2,1,OC(CCN1CCCCC1)(c1ccccc1)C1CC2C=CC1C2,,
strict_b3db_confirmed_clean,train,existing:train:766,CCn1cc(C(=O)O)c(=O)c2ccc(Cc3ccccc3)nc21,1,CCn1cc(C(=O)O)c(=O)c2ccc(Cc3ccccc3)nc21,,
strict_b3db_confirmed_clean,train,existing:train:767,OCC1(CO)COC(C(Cl)(Cl)Cl)OC1,1,OCC1(CO)COC(C(Cl)(Cl)Cl)OC1,,
strict_b3db_confirmed_clean,train,existing:train:768,CCC1C(=O)NC(=O)C1(C)c1ccccc1,1,CCC1C(=O)NC(=O)C1(C)c1ccccc1,,
strict_b3db_confirmed_clean,train,existing:train:769,O=C1CC(c2cccc(Br)c2)C(=O)N1,1,O=C1CC(c2cccc(Br)c2)C(=O)N1,,
strict_b3db_confirmed_clean,train,existing:train:770,CN1C(=O)CC(C)(c2ccccc2)C1=O,1,CN1C(=O)CC(C)(c2ccccc2)C1=O,,
strict_b3db_confirmed_clean,train,existing:train:771,CN1C(=O)CC(c2ccccc2)C1=O,1,CN1C(=O)CC(c2ccccc2)C1=O,,
strict_b3db_confirmed_clean,train,existing:train:772,COc1cc2c(c(OC)c1OC)-c1ccc(OC)c(=O)cc1C(NC(C)=O)CC2,1,COc1cc2c(c(OC)c1OC)-c1ccc(OC)c(=O)cc1C(NC(C)=O)CC2,,
strict_b3db_confirmed_clean,train,existing:train:773,COc1cc2c(c(OC)c1OC)-c1ccc(OC)c(=O)cc1[C@@H](NC(C)=O)CC2,0,COc1cc2c(c(OC)c1OC)-c1ccc(OC)c(=O)cc1[C@@H](NC(C)=O)CC2,,
strict_b3db_confirmed_clean,train,existing:train:774,O=c1[nH]oc2c1CCNC2,1,O=c1[nH]oc2c1CCNC2,,
strict_b3db_confirmed_clean,train,existing:train:775,COc1ccc(CCN2CCN(c3cccc(Cl)c3)CC2)cc1OC,1,COc1ccc(CCN2CCN(c3cccc(Cl)c3)CC2)cc1OC,,
strict_b3db_confirmed_clean,train,existing:train:776,CN(C)CC1COC2(O1)c1ccccc1COc1ccccc12,1,CN(C)CC1COC2(O1)c1ccccc1COc1ccccc12,,
strict_b3db_confirmed_clean,train,existing:train:777,OCCN1CCN(CCCN2c3ccccc3Sc3cc(Cl)cnc32)CC1,1,OCCN1CCN(CCCN2c3ccccc3Sc3cc(Cl)cnc32)CC1,,
strict_b3db_confirmed_clean,train,existing:train:778,NC(N)=NCC1COC2(CCCCC2)O1,0,NC(N)=NCC1COC2(CCCCC2)O1,,
strict_b3db_confirmed_clean,train,existing:train:779,Nc1nc(N)c2nc(-c3ccccc3)c(N)nc2n1,0,Nc1nc(N)c2nc(-c3ccccc3)c(N)nc2n1,,
strict_b3db_confirmed_clean,train,existing:train:780,c1ccc2cc(COC3CCNCC3)ccc2c1,1,c1ccc2cc(COC3CCNCC3)ccc2c1,,
strict_b3db_confirmed_clean,train,existing:train:781,CCC(=O)N(c1ccccc1F)C1(c2ccccc2)CCN(CCn2nnn(CC)c2=O)CC1,1,CCC(=O)N(c1ccccc1F)C1(c2ccccc2)CCN(CCn2nnn(CC)c2=O)CC1,,
strict_b3db_confirmed_clean,train,existing:train:782,CN1CCN2c3ccccc3Cn3cccc3C2C1,1,CN1CCN2c3ccccc3Cn3cccc3C2C1,,
strict_b3db_confirmed_clean,train,existing:train:783,Cc1csc(N=C(N)N)n1,1,Cc1csc(N=C(N)N)n1,,
strict_b3db_confirmed_clean,train,existing:train:784,NCCc1nccs1,1,NCCc1nccs1,,
strict_b3db_confirmed_clean,train,existing:train:785,Cc1ncsc1CCCl,1,Cc1ncsc1CCCl,,
strict_b3db_confirmed_clean,train,existing:train:786,CCC1(C2=CCCCCC2)C(=O)NC(=O)NC1=O,1,CCC1(C2=CCCCCC2)C(=O)NC(=O)NC1=O,,
strict_b3db_confirmed_clean,train,existing:train:787,c1ccc(C2CCN(CC3CCCc4c3ccc3c4OCO3)C2)cc1,1,c1ccc(C2CCN(CC3CCCc4c3ccc3c4OCO3)C2)cc1,,
strict_b3db_confirmed_clean,train,existing:train:788,CC(=O)OCC(=O)[C@@]1(O)[C@H](C)C[C@H]2[C@@H]3C=C(C)C4=Cc5c(cnn5-c5ccccc5)C[C@]4(C)[C@H]3[C@@H](O)C[C@@]21C,1,CC(=O)OCC(=O)[C@@]1(O)[C@H](C)C[C@H]2[C@@H]3C=C(C)C4=Cc5c(cnn5-c5ccccc5)C[C@]4(C)[C@H]3[C@@H](O)C[C@@]21C,,
strict_b3db_confirmed_clean,train,existing:train:789,CCC1(CC)C(=O)NC=C(C)C1=O,1,CCC1(CC)C(=O)NC=C(C)C1=O,,
strict_b3db_confirmed_clean,train,existing:train:790,CCC1(CC)C(=O)C=CNC1=O,1,CCC1(CC)C(=O)C=CNC1=O,,
strict_b3db_confirmed_clean,train,existing:train:791,Cc1cc(=O)oc2cc(O)ccc12,0,Cc1cc(=O)oc2cc(O)ccc12,,
strict_b3db_confirmed_clean,train,existing:train:792,C/C(=C(\CCOC(=O)c1ccccc1)SC(=O)c1ccccc1)N(C=O)Cc1cnc(C)nc1N,1,C/C(=C(\CCOC(=O)c1ccccc1)SC(=O)c1ccccc1)N(C=O)Cc1cnc(C)nc1N,,
strict_b3db_confirmed_clean,train,existing:train:793,O=c1[nH]c2cc(Cl)c(Cl)c([N+](=O)[O-])c2[nH]c1=O,1,O=c1[nH]c2cc(Cl)c(Cl)c([N+](=O)[O-])c2[nH]c1=O,,
strict_b3db_confirmed_clean,train,existing:train:794,O=C(OCCN1CCCCC1)C(O)(c1ccccc1)c1ccccc1,1,O=C(OCCN1CCCCC1)C(O)(c1ccccc1)c1ccccc1,,
strict_b3db_confirmed_clean,train,existing:train:795,CCN(CC)c1nc2c(s1)c1c(O)c3c(O)c(C)c4c(c32)C(=O)[C@@](C)(O/C=C/[C@H](OC)[C@@H](C)[C@@H](OC(C)=O)[C@H](C)[C@H](O)[C@H](C)[C@@H](O)[C@@H](C)/C=C/C=C(/C)C(=O)N1)O4,0,CCN(CC)c1nc2c(s1)c1c(O)c3c(O)c(C)c4c(c32)C(=O)[C@@](C)(O/C=C/[C@H](OC)[C@@H](C)[C@@H](OC(C)=O)[C@H](C)[C@H](O)[C@H](C)[C@@H](O)[C@@H](C)/C=C/C=C(/C)C(=O)N1)O4,,
strict_b3db_confirmed_clean,train,existing:train:796,NCC1CC(=O)N(Cc2ccccc2)C1,1,NCC1CC(=O)N(Cc2ccccc2)C1,,
strict_b3db_confirmed_clean,train,existing:train:797,C[C@]12C=CC(=O)C=C1CC[C@H]1[C@@H]3C[C@H]4Cc5ccccc5C[C@@]4(C(=O)CO)[C@@]3(C)C[C@H](O)[C@@]12F,1,C[C@]12C=CC(=O)C=C1CC[C@H]1[C@@H]3C[C@H]4Cc5ccccc5C[C@@]4(C(=O)CO)[C@@]3(C)C[C@H](O)[C@@]12F,,
strict_b3db_confirmed_clean,train,existing:train:798,O=C(Cc1ccc(Cl)c(Cl)c1)N1CCc2occc2[C@H]1CN1CCCC1,1,O=C(Cc1ccc(Cl)c(Cl)c1)N1CCc2occc2[C@H]1CN1CCCC1,,
strict_b3db_confirmed_clean,train,existing:train:799,O=C(Cc1ccc(Cl)c(Cl)c1)N1CCc2occc2[C@H]1CN1CC[C@@H](O)C1,1,O=C(Cc1ccc(Cl)c(Cl)c1)N1CCc2occc2[C@H]1CN1CC[C@@H](O)C1,,
strict_b3db_confirmed_clean,train,existing:train:800,CN(C)CCCn1cc(-c2ccccc2)c(-c2ccccc2)n1,1,CN(C)CCCn1cc(-c2ccccc2)c(-c2ccccc2)n1,,
strict_b3db_confirmed_clean,train,existing:train:801,COC[C@H]1CN(c2ccc(OCC[C@@H](O)C(F)(F)F)cc2)C(=O)O1,1,COC[C@H]1CN(c2ccc(OCC[C@@H](O)C(F)(F)F)cc2)C(=O)O1,,
strict_b3db_confirmed_clean,train,existing:train:802,Cc1cccc(N2CC(CO)OC2=O)c1,1,Cc1cccc(N2CC(CO)OC2=O)c1,,
strict_b3db_confirmed_clean,train,existing:train:803,CC(Cc1ccccc1)(NC(=O)CN)c1ccccc1,1,CC(Cc1ccccc1)(NC(=O)CN)c1ccccc1,,
strict_b3db_confirmed_clean,train,existing:train:804,CCC(=O)O[C@](Cc1ccccc1)(c1ccccc1)[C@H](C)CN(C)C,1,CCC(=O)O[C@](Cc1ccccc1)(c1ccccc1)[C@H](C)CN(C)C,,
strict_b3db_confirmed_clean,train,existing:train:805,CC(=O)OCC1=C(C(=O)O)N2C(=O)[C@@H](NC(=O)c3c(-c4ccccc4Cl)noc3C)[C@H]2SC1,0,CC(=O)OCC1=C(C(=O)O)N2C(=O)[C@@H](NC(=O)c3c(-c4ccccc4Cl)noc3C)[C@H]2SC1,,
strict_b3db_confirmed_clean,train,existing:train:806,CCC1(C)CC(=O)NC(=O)C1,1,CCC1(C)CC(=O)NC(=O)C1,,
strict_b3db_confirmed_clean,train,existing:train:807,Fc1ccc2[nH]c3c(c2c1)CN(CCc1ccncc1)CC3,1,Fc1ccc2[nH]c3c(c2c1)CN(CCc1ccncc1)CC3,,
strict_b3db_confirmed_clean,train,existing:train:808,Cc1ccc(-c2nc3ccc(C)cn3c2CC(=O)N(C)C)cc1,1,Cc1ccc(-c2nc3ccc(C)cn3c2CC(=O)N(C)C)cc1,,
strict_b3db_confirmed_clean,train,existing:train:809,CCCC(=O)N(C)Cc1c(-c2ccc(Cl)cc2)nc2ccccn12,1,CCCC(=O)N(C)Cc1c(-c2ccc(Cl)cc2)nc2ccccn12,,
strict_b3db_confirmed_clean,train,existing:train:810,CCCN(CCC)C(=O)Cc1c(-c2ccc(Cl)cc2)nc2ccc(Cl)cn12,1,CCCN(CCC)C(=O)Cc1c(-c2ccc(Cl)cc2)nc2ccc(Cl)cn12,,
strict_b3db_confirmed_clean,train,existing:train:811,CCCCCCCNC(=O)Oc1ccc2c(c1)[C@]1(C)CCN(C)[C@@H]1N2C,1,CCCCCCCNC(=O)Oc1ccc2c(c1)[C@]1(C)CCN(C)[C@@H]1N2C,,
strict_b3db_confirmed_clean,train,existing:train:812,CNC(=O)Oc1ccc2c(c1)[C@]1(C)CCN(C)[C@@H]1N2C,1,CNC(=O)Oc1ccc2c(c1)[C@]1(C)CCN(C)[C@@H]1N2C,,
strict_b3db_confirmed_clean,train,existing:train:813,CCC1(c2ccccc2)C(=O)NCNC1=O,1,CCC1(c2ccccc2)C(=O)NCNC1=O,,
strict_b3db_confirmed_clean,train,existing:train:814,CC[C@@]1(O)C[C@H](O[C@H]2C[C@H](N(C)C)[C@H](O[C@H]3C[C@@H]4O[C@H]5CC(=O)[C@H](C)O[C@H]5O[C@@H]4[C@H](C)O3)[C@H](C)O2)c2c(O)c3c(c(O)c2[C@H]1O[C@H]1C[C@H](N(C)C)[C@H](O)[C@H](C)O1)C(=O)c1cccc(O)c1C3=O,0,CC[C@@]1(O)C[C@H](O[C@H]2C[C@H](N(C)C)[C@H](O[C@H]3C[C@@H]4O[C@H]5CC(=O)[C@H](C)O[C@H]5O[C@@H]4[C@H](C)O3)[C@H](C)O2)c2c(O)c3c(c(O)c2[C@H]1O[C@H]1C[C@H](N(C)C)[C@H](O)[C@H](C)O1)C(=O)c1cccc(O)c1C3=O,,
strict_b3db_confirmed_clean,train,existing:train:815,OCCN1CCN(CCCN2c3ccccc3C=Cc3ccccc32)CC1,1,OCCN1CCN(CCCN2c3ccccc3C=Cc3ccccc32)CC1,,
strict_b3db_confirmed_clean,train,existing:train:816,Cc1nnc(SCC2=C(C(=O)O)N3C(=O)[C@@H](NC(=O)Cn4cc(Cl)c(=O)c(Cl)c4)[C@H]3SC2)s1,0,Cc1nnc(SCC2=C(C(=O)O)N3C(=O)[C@@H](NC(=O)Cn4cc(Cl)c(=O)c(Cl)c4)[C@H]3SC2)s1,,
strict_b3db_confirmed_clean,train,existing:train:817,O=S(=O)(c1ccc2cc[nH]c2c1)N1CCCC1CCN1CCC(Oc2cccc(Cl)c2)CC1,1,O=S(=O)(c1ccc2cc[nH]c2c1)N1CCCC1CCN1CCC(Oc2cccc(Cl)c2)CC1,,
strict_b3db_confirmed_clean,train,existing:train:818,COc1cc(C(=O)N2CCOCC2)cc(OC)c1OC,1,COc1cc(C(=O)N2CCOCC2)cc(OC)c1OC,,
strict_b3db_confirmed_clean,train,existing:train:819,CN1CCN(c2c(F)cc3c(=O)c(C(=O)O)cn4c3c2SCC4)CC1,0,CN1CCN(c2c(F)cc3c(=O)c(C(=O)O)cn4c3c2SCC4)CC1,,
strict_b3db_confirmed_clean,train,existing:train:820,CNCCCN1Cc2ccccc2Cc2ccccc21,1,CNCCCN1Cc2ccccc2Cc2ccccc21,,
strict_b3db_confirmed_clean,train,existing:train:821,Nc1nc(=S)c2[nH]cnc2[nH]1,0,Nc1nc(=S)c2[nH]cnc2[nH]1,,
strict_b3db_confirmed_clean,train,existing:train:822,CCCCOc1ccc(C(=O)CCN2CCCCC2)cc1,0,CCCCOc1ccc(C(=O)CCN2CCCCC2)cc1,,
strict_b3db_confirmed_clean,train,existing:train:823,CC[C@]1(O)C[C@H]2CN(CCc3c([nH]c4ccccc34)[C@@](C(=O)OC)(c3cc4c(cc3OC)N(C)[C@H]3[C@@](O)(C(N)=O)[C@H](O)[C@]5(CC)C=CCN6CC[C@]43[C@@H]65)C2)C1,0,CC[C@]1(O)C[C@H]2CN(CCc3c([nH]c4ccccc34)[C@@](C(=O)OC)(c3cc4c(cc3OC)N(C)[C@H]3[C@@](O)(C(N)=O)[C@H](O)[C@]5(CC)C=CCN6CC[C@]43[C@@H]65)C2)C1,,
strict_b3db_confirmed_clean,train,existing:train:824,COc1cc2c3c(c1O)C1(C=CC(=O)C=C1)CC3N(C)CC2,1,COc1cc2c3c(c1O)C1(C=CC(=O)C=C1)CC3N(C)CC2,,
strict_b3db_confirmed_clean,train,existing:train:825,OC(Cn1cncn1)(Cn1cncn1)c1ccc(F)cc1F,1,OC(Cn1cncn1)(Cn1cncn1)c1ccc(F)cc1F,,
strict_b3db_confirmed_clean,train,existing:train:826,CC1(C)[C@H](NC(=O)/C(=N\OCC(=O)O)c2csc(N)n2)C(=O)N1OS(=O)(=O)O,0,CC1(C)[C@H](NC(=O)/C(=N\OCC(=O)O)c2csc(N)n2)C(=O)N1OS(=O)(=O)O,,
strict_b3db_confirmed_clean,train,existing:train:827,Cc1c2oc3c(C)ccc(C(=O)NC4C(=O)NC(C(C)C)C(=O)N5CCCC5C(=O)N(C)CC(=O)N(C)C(C(C)C)C(=O)OC4C)c3nc-2c(C(=O)NC2C(=O)NC(C(C)C)C(=O)N3CCCC3C(=O)N(C)CC(=O)N(C)C(C(C)C)C(=O)OC2C)c(N)c1=O,0,Cc1c2oc3c(C)ccc(C(=O)NC4C(=O)NC(C(C)C)C(=O)N5CCCC5C(=O)N(C)CC(=O)N(C)C(C(C)C)C(=O)OC4C)c3nc-2c(C(=O)NC2C(=O)NC(C(C)C)C(=O)N3CCCC3C(=O)N(C)CC(=O)N(C)C(C(C)C)C(=O)OC2C)c(N)c1=O,,
strict_b3db_confirmed_clean,train,existing:train:828,Oc1ccc2c(c1)[C@@]13CCCC[C@@]1(O)[C@@H](C2)N(CC1CCC1)CC3,1,Oc1ccc2c(c1)[C@@]13CCCC[C@@]1(O)[C@@H](C2)N(CC1CCC1)CC3,,
strict_b3db_confirmed_clean,train,existing:train:829,CN1C(CC(=O)c2ccccc2)CCCC1CC(O)c1ccccc1,1,CN1C(CC(=O)c2ccccc2)CCCC1CC(O)c1ccccc1,,
strict_b3db_confirmed_clean,train,existing:train:830,CC1(C)CC(=O)N(CCCCN2CCN(c3ncccn3)CC2)C(=O)C1,1,CC1(C)CC(=O)N(CCCCN2CCN(c3ncccn3)CC2)C(=O)C1,,
strict_b3db_confirmed_clean,train,existing:train:831,CN(C(=O)Cc1ccc(Cl)c(Cl)c1)C1CCCC[C@H]1N1CCCC1,1,CN(C(=O)Cc1ccc(Cl)c(Cl)c1)C1CCCC[C@H]1N1CCCC1,,
strict_b3db_confirmed_clean,train,existing:train:832,CO[C@@H]1[C@@H](O[C@@H]2O[C@H](C)[C@@H](O[C@H]3C[C@@](C)(O)[C@@H](OC(=O)CC(C)C)[C@H](C)O3)[C@H](N(C)C)[C@H]2O)[C@@H](CC=O)C[C@@H](C)[C@@H](O)/C=C/C=C/C[C@@H](C)OC(=O)C[C@H]1OC(C)=O,0,CO[C@@H]1[C@@H](O[C@@H]2O[C@H](C)[C@@H](O[C@H]3C[C@@](C)(O)[C@@H](OC(=O)CC(C)C)[C@H](C)O3)[C@H](N(C)C)[C@H]2O)[C@@H](CC=O)C[C@@H](C)[C@@H](O)/C=C/C=C/C[C@@H](C)OC(=O)C[C@H]1OC(C)=O,,
strict_b3db_confirmed_clean,train,existing:train:833,CCC(=O)OC1CC(=O)OC(C)C/C=C/C=C\C(O)C(C)CC(CC=O)C(O[C@@H]2O[C@H](C)[C@@H](O[C@H]3C[C@@](C)(O)[C@H](OC(=O)CC)[C@@H](C)O3)[C@H](N(C)C)[C@H]2O)C1OC,0,CCC(=O)OC1CC(=O)OC(C)C/C=C/C=C\C(O)C(C)CC(CC=O)C(O[C@@H]2O[C@H](C)[C@@H](O[C@H]3C[C@@](C)(O)[C@H](OC(=O)CC)[C@@H](C)O3)[C@H](N(C)C)[C@H]2O)C1OC,,
strict_b3db_confirmed_clean,train,existing:train:834,COc1ccccc1N1CCN(CCCC(=O)c2ccc(F)cc2)CC1,1,COc1ccccc1N1CCN(CCCC(=O)c2ccc(F)cc2)CC1,,
strict_b3db_confirmed_clean,train,existing:train:835,CC(Cc1ccc(O)cc1)NCC(O)c1cc(O)cc(O)c1,0,CC(Cc1ccc(O)cc1)NCC(O)c1cc(O)cc(O)c1,,
strict_b3db_confirmed_clean,train,existing:train:836,CC[C@H](NC(=O)c1c(Cn2ccnc2)c(-c2ccccc2)nc2ccccc12)c1ccccc1,0,CC[C@H](NC(=O)c1c(Cn2ccnc2)c(-c2ccccc2)nc2ccccc12)c1ccccc1,,
strict_b3db_confirmed_clean,train,existing:train:837,O=C(O)CN1C(=O)c2cccc3cccc(c23)C1=O,1,O=C(O)CN1C(=O)c2cccc3cccc(c23)C1=O,,
strict_b3db_confirmed_clean,train,existing:train:838,CNCCSC1=Cc2cc(F)ccc2Oc2ccccc21,1,CNCCSC1=Cc2cc(F)ccc2Oc2ccccc21,,
strict_b3db_confirmed_clean,train,existing:train:839,Cc1cccc(C)c1NC(=O)c1ccc(N)cc1,1,Cc1cccc(C)c1NC(=O)c1ccc(N)cc1,,
strict_b3db_confirmed_clean,train,existing:train:840,CCN(CC)c1ccc(NC(=O)c2ccccc2N)c(C)c1,1,CCN(CC)c1ccc(NC(=O)c2ccccc2N)c(C)c1,,
strict_b3db_confirmed_clean,train,existing:train:841,CCCC[C@@H]1CC(=O)[C@]2(O)O[C@@H]3[C@@H](NC)[C@@H](O)[C@@H](NC)[C@H](O)[C@H]3O[C@@H]2O1,0,CCCC[C@@H]1CC(=O)[C@]2(O)O[C@@H]3[C@@H](NC)[C@@H](O)[C@@H](NC)[C@H](O)[C@H]3O[C@@H]2O1,,
strict_b3db_confirmed_clean,train,existing:train:842,Clc1ccccc1C(c1ccccc1)(c1ccccc1)n1ccnc1,0,Clc1ccccc1C(c1ccccc1)(c1ccccc1)n1ccnc1,,
strict_b3db_confirmed_clean,train,existing:train:843,CCN[C@H](Cc1ccccc1)[C@H]1CCCO1,1,CCN[C@H](Cc1ccccc1)[C@H]1CCCO1,,
strict_b3db_confirmed_clean,train,existing:train:844,OCCN1CCN(CC/C=C2/c3ccccc3Sc3ccc(Cl)cc32)CC1,1,OCCN1CCN(CC/C=C2/c3ccccc3Sc3ccc(Cl)cc32)CC1,,
strict_b3db_confirmed_clean,train,existing:train:845,CNC(=O)CCN1CCN(CCC=C2c3ccccc3Sc3ccc(Cl)cc32)CC1,1,CNC(=O)CCN1CCN(CCC=C2c3ccccc3Sc3ccc(Cl)cc32)CC1,,
strict_b3db_confirmed_clean,train,existing:train:846,OCCN1CCN(CC/C=C2/c3ccccc3Sc3ccc(C(F)(F)F)cc32)CC1,1,OCCN1CCN(CC/C=C2/c3ccccc3Sc3ccc(C(F)(F)F)cc32)CC1,,
strict_b3db_confirmed_clean,train,existing:train:847,CN1CCN(CC/C=C2\c3ccccc3Sc3ccc(S(=O)(=O)N(C)C)cc32)CC1,1,CN1CCN(CC/C=C2\c3ccccc3Sc3ccc(S(=O)(=O)N(C)C)cc32)CC1,,
strict_b3db_confirmed_clean,train,existing:train:848,O=C(COc1ccc(Cl)cc1)OCCNC12CC3CC(CC(C3)C1)C2,1,O=C(COc1ccc(Cl)cc1)OCCNC12CC3CC(CC(C3)C1)C2,,
strict_b3db_confirmed_clean,train,existing:train:849,CC(=O)O[C@H]1C[C@@]2(C)[C@@H](C[C@@H](O)[C@H]3[C@@]4(C)CC[C@@H](O)[C@@H](C)[C@@H]4CC[C@@]32C)/C1=C(\CCC=C(C)C)C(=O)O,0,CC(=O)O[C@H]1C[C@@]2(C)[C@@H](C[C@@H](O)[C@H]3[C@@]4(C)CC[C@@H](O)[C@@H](C)[C@@H]4CC[C@@]32C)/C1=C(\CCC=C(C)C)C(=O)O,,
strict_b3db_confirmed_clean,train,existing:train:850,CN1CCc2cccc3c2[C@H]1Cc1ccc(O)c(O)c1-3,1,CN1CCc2cccc3c2[C@H]1Cc1ccc(O)c(O)c1-3,,
strict_b3db_confirmed_clean,train,existing:train:851,CN1CCN2c3ccccc3Cc3ccccc3C2C1,1,CN1CCN2c3ccccc3Cc3ccccc3C2C1,,
strict_b3db_confirmed_clean,train,existing:train:852,COc1ccc2c(c1)N(CCC1CCCCN1C)c1ccccc1S2,1,COc1ccc2c(c1)N(CCC1CCCCN1C)c1ccccc1S2,,
strict_b3db_confirmed_clean,train,existing:train:853,CSc1ccc2c(c1)N(CCC1CCCCN1C)c1ccccc1S2,1,CSc1ccc2c(c1)N(CCC1CCCCN1C)c1ccccc1S2,,
strict_b3db_confirmed_clean,train,existing:train:854,CN1CCCCC1CCN1c2ccccc2Sc2ccc(S(C)(=O)=O)cc21,1,CN1CCCCC1CCN1c2ccccc2Sc2ccc(S(C)(=O)=O)cc21,,
strict_b3db_confirmed_clean,train,existing:train:855,COc1cc2c(cc1OC)C(=O)C(CC1CCN(Cc3ccccc3)CC1)C2,1,COc1cc2c(cc1OC)C(=O)C(CC1CCN(Cc3ccccc3)CC1)C2,,
strict_b3db_confirmed_clean,train,existing:train:856,OC[C@@H](O)[C@H]1OC2O[C@H](C(Cl)(Cl)Cl)O[C@@H]2[C@H]1O,1,OC[C@@H](O)[C@H]1OC2O[C@H](C(Cl)(Cl)Cl)O[C@@H]2[C@H]1O,,
strict_b3db_confirmed_clean,train,existing:train:857,c1csc(Cc2ccccc2OCC2CNCCO2)c1,1,c1csc(Cc2ccccc2OCC2CNCCO2)c1,,
strict_b3db_confirmed_clean,train,existing:train:858,Cn1nnnc1SCC1=C(C(=O)O)N2C(=O)[C@@H](NC(=O)CS/C=C\C#N)[C@H]2SC1,0,Cn1nnnc1SCC1=C(C(=O)O)N2C(=O)[C@@H](NC(=O)CS/C=C\C#N)[C@H]2SC1,,
strict_b3db_confirmed_clean,train,existing:train:859,CO[C@@]1(NC(=O)CSCC#N)C(=O)N2C(C(=O)O)=C(CSc3nnnn3C)CS[C@@H]21,0,CO[C@@]1(NC(=O)CSCC#N)C(=O)N2C(C(=O)O)=C(CSc3nnnn3C)CS[C@@H]21,,
strict_b3db_confirmed_clean,train,existing:train:860,CO[C@@]1(NC(=O)CSC[C@@H](N)C(=O)O)C(=O)N2C(C(=O)O)=C(CSc3nnnn3C)CS[C@@H]21,0,CO[C@@]1(NC(=O)CSC[C@@H](N)C(=O)O)C(=O)N2C(C(=O)O)=C(CSc3nnnn3C)CS[C@@H]21,,
strict_b3db_confirmed_clean,train,existing:train:861,CC1OC(C)OC(C)O1,1,CC1OC(C)OC(C)O1,,
strict_b3db_confirmed_clean,train,existing:train:862,OCCN1C=CN(CCCN2c3ccccc3C=Cc3ccccc32)C=CC1,1,OCCN1C=CN(CCCN2c3ccccc3C=Cc3ccccc32)C=CC1,,
strict_b3db_confirmed_clean,train,existing:train:863,CC1(C)SC2C(NC(=O)CSc3ccccc3)C(=O)N2C1C(=O)O,0,CC1(C)SC2C(NC(=O)CSc3ccccc3)C(=O)N2C1C(=O)O,,
strict_b3db_confirmed_clean,train,existing:train:864,CNCCC=C1c2ccccc2C(C)(C)c2ccccc21,1,CNCCC=C1c2ccccc2C(C)(C)c2ccccc21,,
strict_b3db_confirmed_clean,train,existing:train:865,CN(C)CCC=C1c2ccccc2C(C)(C)c2ccccc21,1,CN(C)CCC=C1c2ccccc2C(C)(C)c2ccccc21,,
strict_b3db_confirmed_clean,train,existing:train:866,CCC(=O)O[C@]1(c2ccccc2)CCN(C)C[C@@H]1CC,1,CCC(=O)O[C@]1(c2ccccc2)CCN(C)C[C@@H]1CC,,
strict_b3db_confirmed_clean,train,existing:train:867,CCOC(=O)C1(c2ccccc2)CCN(C)CC1,1,CCOC(=O)C1(c2ccccc2)CCN(C)CC1,,
strict_b3db_confirmed_clean,train,existing:train:868,CCC[C@]1(c2cccc(O)c2)CCN(C)C[C@@H]1C,1,CCC[C@]1(c2cccc(O)c2)CCN(C)C[C@@H]1C,,
strict_b3db_confirmed_clean,train,existing:train:869,CCCCCCN1CCC(C(=O)N(C)CC)(c2ccccc2)CC1,1,CCCCCCN1CCC(C(=O)N(C)CC)(c2ccccc2)CC1,,
strict_b3db_confirmed_clean,train,existing:train:870,CCOC(=O)C1(c2cccc(O)c2)CCN(C)CC1,1,CCOC(=O)C1(c2cccc(O)c2)CCN(C)CC1,,
strict_b3db_confirmed_clean,train,existing:train:871,CCC(=O)C1(c2cccc(O)c2)CCN(C)CC1,1,CCC(=O)C1(c2cccc(O)c2)CCN(C)CC1,,
strict_b3db_confirmed_clean,train,existing:train:872,CCC(=O)OC1(c2ccccc2)CCN(C)CC1C,1,CCC(=O)OC1(c2ccccc2)CCN(C)CC1C,,
strict_b3db_confirmed_clean,train,existing:train:873,Fc1ccc([C@@H]2CCNC[C@H]2COc2ccc3c(c2)OCO3)cc1,1,Fc1ccc([C@@H]2CCNC[C@H]2COc2ccc3c(c2)OCO3)cc1,,
strict_b3db_confirmed_clean,train,existing:train:874,Clc1ccccc1C1=NCc2nnc(C3CCCCC3)n2-c2sc(Br)cc21,1,Clc1ccccc1C1=NCc2nnc(C3CCCCC3)n2-c2sc(Br)cc21,,
strict_b3db_confirmed_clean,train,existing:train:875,NCCn1ncc2cc(Cl)c(Cl)cc21,1,NCCn1ncc2cc(Cl)c(Cl)cc21,,
strict_b3db_confirmed_clean,train,existing:train:876,Cc1ccc(Cc2cnc(NCCSCc3ccc(C(C)(C)N)o3)[nH]c2=O)cn1,0,Cc1ccc(Cc2cnc(NCCSCc3ccc(C(C)(C)N)o3)[nH]c2=O)cn1,,
strict_b3db_confirmed_clean,train,existing:train:877,CN1CCCc2cccc(OCC3CNCCO3)c21,1,CN1CCCc2cccc(OCC3CNCCO3)c21,,
strict_b3db_confirmed_clean,train,existing:train:878,CCC1(c2ccccc2)OCC(C2CCCCN2)O1,1,CCC1(c2ccccc2)OCC(C2CCCCN2)O1,,
strict_b3db_confirmed_clean,train,existing:train:879,CN1CCN(C2Cc3ccccc3Sc3ccc(Cl)cc32)CC1,1,CN1CCN(C2Cc3ccccc3Sc3ccc(Cl)cc32)CC1,,
strict_b3db_confirmed_clean,train,existing:train:880,CSc1ccc2c(c1)C(N1CCN(C)CC1)Cc1ccccc1S2,1,CSc1ccc2c(c1)C(N1CCN(C)CC1)Cc1ccccc1S2,,
strict_b3db_confirmed_clean,train,existing:train:881,CC12CCC(CC1=O)C2(C)C,1,CC12CCC(CC1=O)C2(C)C,,
strict_b3db_confirmed_clean,train,existing:train:882,CC1(C)CCN(C(=O)Cc2ccc(Cl)c(Cl)c2)[C@@H](CN2CCCC2)C1,1,CC1(C)CCN(C(=O)Cc2ccc(Cl)c(Cl)c2)[C@@H](CN2CCCC2)C1,,
strict_b3db_confirmed_clean,train,existing:train:883,O=C(Cc1ccc(Cl)c(Cl)c1)N1CCCC[C@H]1CN1CCCC1,1,O=C(Cc1ccc(Cl)c(Cl)c1)N1CCCC[C@H]1CN1CCCC1,,
strict_b3db_confirmed_clean,train,existing:train:884,O=C(Cc1ccc(C(F)(F)F)cc1)N1CCCC[C@H]1CN1CCCC1,1,O=C(Cc1ccc(C(F)(F)F)cc1)N1CCCC[C@H]1CN1CCCC1,,
strict_b3db_confirmed_clean,train,existing:train:885,COC1=CC=C2[C@H]3Cc4ccc(OC)c5c4[C@@]2(CCN3C)[C@H]1O5,1,COC1=CC=C2[C@H]3Cc4ccc(OC)c5c4[C@@]2(CCN3C)[C@H]1O5,,
strict_b3db_confirmed_clean,train,existing:train:886,CC1[C@H]2C(=O)c3ccc(O)cc3[C@]1(C)CCN2CC1CC1,1,CC1[C@H]2C(=O)c3ccc(O)cc3[C@]1(C)CCN2CC1CC1,,
strict_b3db_confirmed_clean,train,existing:train:887,CCc1nn(CCCN2CCN(c3cccc(Cl)c3)CC2)c(=O)n1CCOc1ccccc1,1,CCc1nn(CCCN2CCN(c3cccc(Cl)c3)CC2)c(=O)n1CCOc1ccccc1,,
strict_b3db_confirmed_clean,train,existing:train:888,NCCc1cn2ccccc2n1,0,NCCc1cn2ccccc2n1,,
strict_b3db_confirmed_clean,train,existing:train:889,N[C@@H](C(=O)NC1C(=O)N2C(C(=O)O)=C(Cl)CCC12)c1ccccc1,0,N[C@@H](C(=O)NC1C(=O)N2C(C(=O)O)=C(Cl)CCC12)c1ccccc1,,
strict_b3db_confirmed_clean,train,existing:train:890,O=c1[nH]c2cc(Cl)ccc2n1C1CCN(CC2COc3ccccc3O2)CC1,1,O=c1[nH]c2cc(Cl)ccc2n1C1CCN(CC2COc3ccccc3O2)CC1,,
strict_b3db_confirmed_clean,train,existing:train:891,CC(=O)OCC(=O)[C@@]12OC3(CCCC3)O[C@@H]1C[C@H]1[C@@H]3CCC4=CC(=O)C=C[C@]4(C)[C@@]3(F)[C@@H](O)C[C@@]12C,1,CC(=O)OCC(=O)[C@@]12OC3(CCCC3)O[C@@H]1C[C@H]1[C@@H]3CCC4=CC(=O)C=C[C@]4(C)[C@@]3(F)[C@@H](O)C[C@@]12C,,
strict_b3db_confirmed_clean,train,existing:train:892,O=C1NCCNC1c1cccs1,1,O=C1NCCNC1c1cccs1,,
strict_b3db_confirmed_clean,train,existing:train:893,Cc1cc(NC(=O)c2c(C)cccc2C)no1,1,Cc1cc(NC(=O)c2c(C)cccc2C)no1,,
strict_b3db_confirmed_clean,train,existing:train:894,O=C1CN2C(=O)CCC2N1,1,O=C1CN2C(=O)CCC2N1,,
strict_b3db_confirmed_clean,train,existing:train:895,CC(=O)Nc1cccc(-c2csc(N=C(N)N)n2)c1,0,CC(=O)Nc1cccc(-c2csc(N=C(N)N)n2)c1,,
strict_b3db_confirmed_clean,train,existing:train:896,NC(N)=Nc1nc(-c2ccccc2)cs1,1,NC(N)=Nc1nc(-c2ccccc2)cs1,,
strict_b3db_confirmed_clean,train,existing:train:897,NCCc1nc(-c2ccccc2)cs1,0,NCCc1nc(-c2ccccc2)cs1,,
strict_b3db_confirmed_clean,train,existing:train:898,CC(CN(C)C)CN1c2ccccc2S(=O)(=O)c2ccccc21,1,CC(CN(C)C)CN1c2ccccc2S(=O)(=O)c2ccccc21,,
strict_b3db_confirmed_clean,train,existing:train:899,CN(C(=O)CNC(=O)[C@@H](N)CCCCN)c1ccc(Cl)cc1C(=O)c1ccccc1,1,CN(C(=O)CNC(=O)[C@@H](N)CCCCN)c1ccc(Cl)cc1C(=O)c1ccccc1,,
strict_b3db_confirmed_clean,train,existing:train:900,CC(CC#N)N(C)CC(=O)N(C)c1ccc(Cl)cc1C(=O)c1ccccc1F,1,CC(CC#N)N(C)CC(=O)N(C)c1ccc(Cl)cc1C(=O)c1ccccc1F,,
strict_b3db_confirmed_clean,train,existing:train:901,CN(C(=O)CN(CCO)CCO)c1ccc(Cl)cc1C(=O)c1ccccc1Cl,1,CN(C(=O)CN(CCO)CCO)c1ccc(Cl)cc1C(=O)c1ccccc1Cl,,
strict_b3db_confirmed_clean,train,existing:train:902,CN(C(=O)CNC(=O)CN)c1ccc(Cl)cc1C(=O)c1ccccc1Cl,1,CN(C(=O)CNC(=O)CN)c1ccc(Cl)cc1C(=O)c1ccccc1Cl,,
strict_b3db_confirmed_clean,train,existing:train:903,C=C(C)CNCC(=O)N(C)c1ccc(Cl)cc1C(=O)c1ccccc1,1,C=C(C)CNCC(=O)N(C)c1ccc(Cl)cc1C(=O)c1ccccc1,,
strict_b3db_confirmed_clean,train,existing:train:904,O=C1Nc2ccc(Cl)nc2C(c2ccccc2Cl)=NC1O,1,O=C1Nc2ccc(Cl)nc2C(c2ccccc2Cl)=NC1O,,
strict_b3db_confirmed_clean,train,existing:train:905,CC(C)COCC(CN(Cc1ccccc1)c1ccccc1)N1CCCC1,0,CC(C)COCC(CN(Cc1ccccc1)c1ccccc1)N1CCCC1,,
strict_b3db_confirmed_clean,train,existing:train:906,CN(C)CC/C=C1/c2ccccc2CSc2ccccc21,1,CN(C)CC/C=C1/c2ccccc2CSc2ccccc21,,
strict_b3db_confirmed_clean,train,existing:train:907,c1ccc(Cn2cc(CCc3ccncc3)c3ccccc32)cc1,1,c1ccc(Cn2cc(CCc3ccncc3)c3ccccc32)cc1,,
strict_b3db_confirmed_clean,train,existing:train:908,CC1(C)S[C@@H]2[C@H](NC(=O)CCC[C@@H](N)C(=O)O)C(=O)N2[C@H]1C(=O)O,0,CC1(C)S[C@@H]2[C@H](NC(=O)CCC[C@@H](N)C(=O)O)C(=O)N2[C@H]1C(=O)O,,
strict_b3db_confirmed_clean,train,existing:train:909,OC(c1ccccc1)(c1ccccc1)C1CC1c1ccncc1,1,OC(c1ccccc1)(c1ccccc1)C1CC1c1ccncc1,,
strict_b3db_confirmed_clean,train,existing:train:910,COC(=O)C1C2CC3c4[nH]c5cc(OC)ccc5c4CCN3CC2CC(OC)C1OC,1,COC(=O)C1C2CC3c4[nH]c5cc(OC)ccc5c4CCN3CC2CC(OC)C1OC,,
strict_b3db_confirmed_clean,train,existing:train:911,COC(=O)[C@@H]1[C@H]2C[C@H]3c4[nH]c5ccccc5c4CCN3C[C@@H]2CC[C@@H]1O,0,COC(=O)[C@@H]1[C@H]2C[C@H]3c4[nH]c5ccccc5c4CCN3C[C@@H]2CC[C@@H]1O,,
strict_b3db_confirmed_clean,train,existing:train:912,CC[C@H](C)C(=O)O[C@H]1CCC=C2C=C[C@H](C)[C@H](CC[C@@H]3C[C@@H](O)CC(=O)O3)[C@H]21,1,CC[C@H](C)C(=O)O[C@H]1CCC=C2C=C[C@H](C)[C@H](CC[C@@H]3C[C@@H](O)CC(=O)O3)[C@H]21,,
strict_b3db_confirmed_clean,train,existing:train:913,CCC(C)(C)C(=O)O[C@H]1C[C@@H](C)C=C2C=C[C@H](C)[C@H](CC[C@@H]3C[C@@H](O)CC(=O)O3)[C@H]21,1,CCC(C)(C)C(=O)O[C@H]1C[C@@H](C)C=C2C=C[C@H](C)[C@H](CC[C@@H]3C[C@@H](O)CC(=O)O3)[C@H]21,,
strict_b3db_confirmed_clean,train,existing:train:914,O=C1NC(=O)C2(CCc3ccccc3C2)N1,1,O=C1NC(=O)C2(CCc3ccccc3C2)N1,,
strict_b3db_confirmed_clean,train,existing:train:915,CC(C)C1NC(=O)[C@@H](C(C)C)OC(=O)[C@H](C(C)C)NC(=O)[C@H](C)OC(=O)[C@@H](C(C)C)NC(=O)[C@@H](C(C)C)OC(=O)[C@H](C(C)C)NC(=O)[C@H](C)OC(=O)[C@@H](C(C)C)NC(=O)[C@@H](C(C)C)OC(=O)[C@H](C(C)C)NC(=O)[C@H](C)OC1=O,0,CC(C)C1NC(=O)[C@@H](C(C)C)OC(=O)[C@H](C(C)C)NC(=O)[C@H](C)OC(=O)[C@@H](C(C)C)NC(=O)[C@@H](C(C)C)OC(=O)[C@H](C(C)C)NC(=O)[C@H](C)OC(=O)[C@@H](C(C)C)NC(=O)[C@@H](C(C)C)OC(=O)[C@H](C(C)C)NC(=O)[C@H](C)OC1=O,,
strict_b3db_confirmed_clean,train,existing:train:916,N#Cc1ccc2c(c1)C1=C(CCN(CC3CCCC3)CC1)c1ccccc1O2,1,N#Cc1ccc2c(c1)C1=C(CCN(CC3CCCC3)CC1)c1ccccc1O2,,
strict_b3db_confirmed_clean,train,existing:train:917,CC12C[C@H](O)[C@@]3(F)C(CCC4=CC(=O)C=CC43C)[C@@H]1C[C@H]1O[C@@](C)(c3ccccc3)O[C@]12C(=O)CO,1,CC12C[C@H](O)[C@@]3(F)C(CCC4=CC(=O)C=CC43C)[C@@H]1C[C@H]1O[C@@](C)(c3ccccc3)O[C@]12C(=O)CO,,
strict_b3db_confirmed_clean,train,existing:train:918,Fc1ccc(-c2ccc(CN3CCN(c4cccc5ccoc45)CC3)[nH]2)cc1,1,Fc1ccc(-c2ccc(CN3CCN(c4cccc5ccoc45)CC3)[nH]2)cc1,,
strict_b3db_confirmed_clean,train,existing:train:919,OCc1cccnc1,0,OCc1cccnc1,,
strict_b3db_confirmed_clean,train,existing:train:920,CNCCc1ccccn1,1,CNCCc1ccccn1,,
strict_b3db_confirmed_clean,train,existing:train:921,CN(C)CCc1ccccn1,1,CN(C)CCc1ccccn1,,
strict_b3db_confirmed_clean,train,existing:train:922,NC(=O)c1cccnc1,1,NC(=O)c1cccnc1,,
strict_b3db_confirmed_clean,train,existing:train:923,CCN(CC)C(=O)c1cccnc1,1,CCN(CC)C(=O)c1cccnc1,,
strict_b3db_confirmed_clean,train,existing:train:924,CC(C)NNC(=O)c1ccncc1,1,CC(C)NNC(=O)c1ccncc1,,
strict_b3db_confirmed_clean,train,existing:train:925,CCNCc1c(CSC)cnc(C)c1O,1,CCNCc1c(CSC)cnc(C)c1O,,
strict_b3db_confirmed_clean,train,existing:train:926,O=C(O)c1cc(=O)c2ccccc2o1,1,O=C(O)c1cc(=O)c2ccccc2o1,,
strict_b3db_confirmed_clean,train,existing:train:927,CN1CCN(C2=Nc3ccccc3Cc3ccccc32)CC1,1,CN1CCN(C2=Nc3ccccc3Cc3ccccc32)CC1,,
strict_b3db_confirmed_clean,train,existing:train:928,CN1CCN(C2=Nc3cc(F)ccc3Cc3ccccc32)CC1,1,CN1CCN(C2=Nc3cc(F)ccc3Cc3ccccc32)CC1,,
strict_b3db_confirmed_clean,train,existing:train:929,O=C1CN=C(c2ccccn2)c2cc(Br)ccc2N1,1,O=C1CN=C(c2ccccn2)c2cc(Br)ccc2N1,,
strict_b3db_confirmed_clean,train,existing:train:930,O=c1[nH]c2ccccc2c(=O)n1CCN1C[C@H]2C[C@H](c3ccc(F)cc3)[C@H]2C1,1,O=c1[nH]c2ccccc2c(=O)n1CCN1C[C@H]2C[C@H](c3ccc(F)cc3)[C@H]2C1,,
strict_b3db_confirmed_clean,train,existing:train:931,CC1C2Cc3ccc(O)cc3C1(C)CCN2CCc1ccccc1,1,CC1C2Cc3ccc(O)cc3C1(C)CCN2CCc1ccccc1,,
strict_b3db_confirmed_clean,train,existing:train:932,O=C(Cc1ccc(Cl)c(Cl)c1)N1CCc2sccc2[C@H]1CN1CCCC1,1,O=C(Cc1ccc(Cl)c(Cl)c1)N1CCc2sccc2[C@H]1CN1CCCC1,,
strict_b3db_confirmed_clean,train,existing:train:933,COC(=O)[C@@H]1C2CCC(C[C@@H]1OC(=O)c1ccccc1)N2C,1,COC(=O)[C@@H]1C2CCC(C[C@@H]1OC(=O)c1ccccc1)N2C,,
strict_b3db_confirmed_clean,train,existing:train:934,Cc1nc2n(c(=O)c1CCN1CCC(C(=O)c3ccc(F)cc3)CC1)CCS2,1,Cc1nc2n(c(=O)c1CCN1CCC(C(=O)c3ccc(F)cc3)CC1)CCS2,,
strict_b3db_confirmed_clean,train,existing:train:935,CC(=O)OCC1=C(C(=O)O)N2C(=O)[C@@H](NC(=O)CCC[C@@H](N)C(=O)O)[C@H]2SC1,0,CC(=O)OCC1=C(C(=O)O)N2C(=O)[C@@H](NC(=O)CCC[C@@H](N)C(=O)O)[C@H]2SC1,,
strict_b3db_confirmed_clean,train,existing:train:936,CN(C)CCCN1c2ccccc2Sc2cccnc21,1,CN(C)CCCN1c2ccccc2Sc2cccnc21,,
strict_b3db_confirmed_clean,train,existing:train:937,NC1CONC1=O,1,NC1CONC1=O,,
strict_b3db_confirmed_clean,train,existing:train:938,COc1cc2c(cc1OC)C(c1cccc(Cl)c1)=NN=C(C)C2,1,COc1cc2c(cc1OC)C(c1cccc(Cl)c1)=NN=C(C)C2,,
strict_b3db_confirmed_clean,train,existing:train:939,COc1cc2c(cc1OC)C(c1ccc(N)cc1)=NN=C(C)C2,1,COc1cc2c(cc1OC)C(c1ccc(N)cc1)=NN=C(C)C2,,
strict_b3db_confirmed_clean,train,existing:train:940,CC(C)(C)C(O)/C=C/c1ccc2c(c1)OCO2,1,CC(C)(C)C(O)/C=C/c1ccc2c(c1)OCO2,,
strict_b3db_confirmed_clean,train,existing:train:941,O=C1NC2CCCCN2C12CCN(CCCN1c3ccccc3CCc3ccc(Cl)cc31)CC2,1,O=C1NC2CCCCN2C12CCN(CCCN1c3ccccc3CCc3ccc(Cl)cc31)CC2,,
strict_b3db_confirmed_clean,train,existing:train:942,CN1C[C@H](CN2CC(=O)NC(=O)C2)C=C2c3cccc4[nH]cc(c34)C[C@H]21,1,CN1C[C@H](CN2CC(=O)NC(=O)C2)C=C2c3cccc4[nH]cc(c34)C[C@H]21,,
strict_b3db_confirmed_clean,train,existing:train:943,CCC(=O)N(c1ccc(Cl)c(Cl)c1)[C@@H]1CCC[C@H]1N(C)C,1,CCC(=O)N(c1ccc(Cl)c(Cl)c1)[C@@H]1CCC[C@H]1N(C)C,,
strict_b3db_confirmed_clean,train,existing:train:944,CN1CCN(C(=O)OC2C3=C(SCCS3)C(=O)N2c2ccc3ccc(Cl)nc3n2)CC1,1,CN1CCN(C(=O)OC2C3=C(SCCS3)C(=O)N2c2ccc3ccc(Cl)nc3n2)CC1,,
strict_b3db_confirmed_clean,train,existing:train:945,CCC(=O)N1CCN(C(=O)OC2C3=C(SCCS3)C(=O)N2c2ccc3ccc(Cl)nc3n2)CC1,1,CCC(=O)N1CCN(C(=O)OC2C3=C(SCCS3)C(=O)N2c2ccc3ccc(Cl)nc3n2)CC1,,
strict_b3db_confirmed_clean,train,existing:train:946,CN(C)CCCn1c(=O)c2ccccc2c2ccccc21,1,CN(C)CCCn1c(=O)c2ccccc2c2ccccc21,,
strict_b3db_confirmed_clean,train,existing:train:947,CC(=O)OCC(=O)[C@@]1(OC(=O)c2ccco2)[C@H](C)C[C@H]2[C@@H]3CCC4=CC(=O)C=C[C@]4(C)[C@@]3(F)[C@@H](O)C[C@@]21C,1,CC(=O)OCC(=O)[C@@]1(OC(=O)c2ccco2)[C@H](C)C[C@H]2[C@@H]3CCC4=CC(=O)C=C[C@]4(C)[C@@]3(F)[C@@H](O)C[C@@]21C,,
strict_b3db_confirmed_clean,train,existing:train:948,O=C(NCCCOc1cccc(CN2CCCCC2)c1)c1ccccc1,1,O=C(NCCCOc1cccc(CN2CCCCC2)c1)c1ccccc1,,
strict_b3db_confirmed_clean,train,existing:train:949,Cc1[nH]ccc2c1[nH]c1cc(=O)ccc12,1,Cc1[nH]ccc2c1[nH]c1cc(=O)ccc12,,
strict_b3db_confirmed_clean,train,existing:train:950,CCC(=O)O[C@H]1[C@H](C)O[C@@H](O[C@@H]2C(C)C(=O)O[C@H](C)[C@H](C)[C@H](OC(=O)CC)[C@@H](C)C(=O)[C@]3(CO3)CC(C)[C@H](O[C@@H]3O[C@H](C)C[C@H](N(C)C)[C@H]3O)[C@H]2C)C[C@@H]1OC,0,CCC(=O)O[C@H]1[C@H](C)O[C@@H](O[C@@H]2C(C)C(=O)O[C@H](C)[C@H](C)[C@H](OC(=O)CC)[C@@H](C)C(=O)[C@]3(CO3)CC(C)[C@H](O[C@@H]3O[C@H](C)C[C@H](N(C)C)[C@H]3O)[C@H]2C)C[C@@H]1OC,,
strict_b3db_confirmed_clean,train,existing:train:951,CO[C@H]1C[C@H](O[C@H]2[C@H](C)[C@@H](O[C@@H]3O[C@H](C)C[C@H](N(C)C)[C@H]3OC(C)=O)[C@@H](C)C[C@@]3(CO3)C(=O)[C@H](C)[C@@H](OC(C)=O)[C@@H](C)[C@@H](C)OC(=O)[C@@H]2C)O[C@@H](C)[C@@H]1OC(C)=O,0,CO[C@H]1C[C@H](O[C@H]2[C@H](C)[C@@H](O[C@@H]3O[C@H](C)C[C@H](N(C)C)[C@H]3OC(C)=O)[C@@H](C)C[C@@]3(CO3)C(=O)[C@H](C)[C@@H](OC(C)=O)[C@@H](C)[C@@H](C)OC(=O)[C@@H]2C)O[C@@H](C)[C@@H]1OC(C)=O,,
strict_b3db_confirmed_clean,train,existing:train:952,COC1CC(O[C@H]2[C@H](C)[C@@H](OC3OC(C)CC(N(C)C)C3O)[C@@H](C)C[C@]3(CO3)C(=O)[C@H](C)[C@@H](O)[C@@H](C)[C@@H](C)OC(=O)[C@@H]2C)OC(C)C1O,0,COC1CC(O[C@H]2[C@H](C)[C@@H](OC3OC(C)CC(N(C)C)C3O)[C@@H](C)C[C@]3(CO3)C(=O)[C@H](C)[C@@H](O)[C@@H](C)[C@@H](C)OC(=O)[C@@H]2C)OC(C)C1O,,
strict_b3db_confirmed_clean,train,existing:train:953,CCC1(CC)C(=O)NCC(C)C1=O,1,CCC1(CC)C(=O)NCC(C)C1=O,,
strict_b3db_confirmed_clean,train,existing:train:954,COc1cc(C(=O)N2CCCCCCC2)cc(OC)c1OC,1,COc1cc(C(=O)N2CCCCCCC2)cc(OC)c1OC,,
strict_b3db_confirmed_clean,train,existing:train:955,CN1CCCN(C(c2ccccc2)c2ccc(Cl)cc2)CC1,1,CN1CCCN(C(c2ccccc2)c2ccc(Cl)cc2)CC1,,
strict_b3db_confirmed_clean,train,existing:train:956,CC12CCCCCC(Cc3ccc(O)cc31)C2N,1,CC12CCCCCC(Cc3ccc(O)cc31)C2N,,
strict_b3db_confirmed_clean,train,existing:train:957,CCC1(C)CC(=O)NC1=O,1,CCC1(C)CC(=O)NC1=O,,
strict_b3db_confirmed_clean,train,existing:train:958,CCC1(CC)C(=O)NC(=O)N(c2ccccc2)C1=O,1,CCC1(CC)C(=O)NC(=O)N(c2ccccc2)C1=O,,
strict_b3db_confirmed_clean,train,existing:train:959,O=C(NCCN1CCOCC1)c1ccc(Cl)cc1,1,O=C(NCCN1CCOCC1)c1ccc(Cl)cc1,,
strict_b3db_confirmed_clean,train,existing:train:960,CCN(C(C)=O)c1cccc(-c2ccnc3c(C#N)cnn23)c1,1,CCN(C(C)=O)c1cccc(-c2ccnc3c(C#N)cnn23)c1,,
strict_b3db_confirmed_clean,train,existing:train:961,COc1ccc2c3c1O[C@H]1C[C@@H](O)C=C[C@@]31CCN(C)C2,1,COc1ccc2c3c1O[C@H]1C[C@@H](O)C=C[C@@]31CCN(C)C2,,
strict_b3db_confirmed_clean,train,existing:train:962,CCC12CCN(CC3CC3)C(Cc3ccc(O)cc31)C2(C)C,1,CCC12CCN(CC3CC3)C(Cc3ccc(O)cc31)C2(C)C,,
strict_b3db_confirmed_clean,train,existing:train:963,CC1C2Cc3ccc(O)cc3C1(C)CCN2CC1CC1,1,CC1C2Cc3ccc(O)cc3C1(C)CCN2CC1CC1,,
strict_b3db_confirmed_clean,train,existing:train:964,CC[C@]12CCN(CC3(O)CC3)[C@H](Cc3ccc(O)cc31)C2(C)C,1,CC[C@]12CCN(CC3(O)CC3)[C@H](Cc3ccc(O)cc31)C2(C)C,,
strict_b3db_confirmed_clean,train,existing:train:965,COC(=O)C(c1ccccc1)C1CCCCN1,1,COC(=O)C(c1ccccc1)C1CCCCN1,,
strict_b3db_confirmed_clean,train,existing:train:966,CC(=O)OC(c1ccccc1)C1CCCCN1,1,CC(=O)OC(c1ccccc1)C1CCCCN1,,
strict_b3db_confirmed_clean,train,existing:train:967,CC1(C)S[C@@H]2[C@H](NC(=O)[C@H](N)c3ccccc3)C(=O)N2[C@H]1C(=O)OC1OC(=O)c2ccccc21,0,CC1(C)S[C@@H]2[C@H](NC(=O)[C@H](N)c3ccccc3)C(=O)N2[C@H]1C(=O)OC1OC(=O)c2ccccc21,,
strict_b3db_confirmed_clean,train,existing:train:968,CN(Cc1cnc2nc(N)nc(N)c2n1)c1ccc(C(=O)N[C@@H](CCC(=O)O)C(=O)O)cc1,0,CN(Cc1cnc2nc(N)nc(N)c2n1)c1ccc(C(=O)N[C@@H](CCC(=O)O)C(=O)O)cc1,,
strict_b3db_confirmed_clean,train,existing:train:969,C[C@H]1CCCC[C@@]1(c1cccs1)N1CCCCC1,1,C[C@H]1CCCC[C@@]1(c1cccs1)N1CCCCC1,,
strict_b3db_confirmed_clean,train,existing:train:970,CN(C)Cc1ccc(-c2cccc(NC3N=CC=C3[N+](=O)[O-])c2)o1,1,CN(C)Cc1ccc(-c2cccc(NC3N=CC=C3[N+](=O)[O-])c2)o1,,
strict_b3db_confirmed_clean,train,existing:train:971,CO[C@@]1(NC(=O)C2SC(=C(C(N)=O)C(=O)O)S2)C(=O)N2C(C(=O)O)=C(CSc3nnnn3C)CS[C@@H]21,0,CO[C@@]1(NC(=O)C2SC(=C(C(N)=O)C(=O)O)S2)C(=O)N2C(C(=O)O)=C(CSc3nnnn3C)CS[C@@H]21,,
strict_b3db_confirmed_clean,train,existing:train:972,O=c1[nH]c2cc(Cl)ccc2n1C1CCN(CCCC(c2ccc(F)cc2)c2ccc(F)cc2)CC1,1,O=c1[nH]c2cc(Cl)ccc2n1C1CCN(CCCC(c2ccc(F)cc2)c2ccc(F)cc2)CC1,,
strict_b3db_confirmed_clean,train,existing:train:973,O=c1[nH]c2ccccc2n1C1CCN(CCCC(c2ccc(F)cc2)c2ccc(F)cc2)CC1,1,O=c1[nH]c2ccccc2n1C1CCN(CCCC(c2ccc(F)cc2)c2ccc(F)cc2)CC1,,
strict_b3db_confirmed_clean,train,existing:train:974,Cc1ccc(S(=O)(=O)CCN2C(=O)CN=C(c3ccccc3Cl)c3cc(Cl)ccc32)cc1,1,Cc1ccc(S(=O)(=O)CCN2C(=O)CN=C(c3ccccc3Cl)c3cc(Cl)ccc32)cc1,,
strict_b3db_confirmed_clean,train,existing:train:975,OCCN1CCN(CCCC2c3ccc(F)cc3Sc3ccc(C(F)(F)F)cc32)CC1,1,OCCN1CCN(CCCC2c3ccc(F)cc3Sc3ccc(C(F)(F)F)cc32)CC1,,
strict_b3db_confirmed_clean,train,existing:train:976,OCCCN1CCN(CCCC2c3ccccc3Sc3ccc(Cl)cc32)CC1,1,OCCCN1CCN(CCCC2c3ccccc3Sc3ccc(Cl)cc32)CC1,,
strict_b3db_confirmed_clean,train,existing:train:977,COc1cc(C(=O)OCCN2CCN(CCCN3c4ccccc4Sc4ccc(Cl)cc43)CC2)cc(OC)c1OC,1,COc1cc(C(=O)OCCN2CCN(CCCN3c4ccccc4Sc4ccc(Cl)cc43)CC2)cc(OC)c1OC,,
strict_b3db_confirmed_clean,train,existing:train:978,CC(C)(Oc1ccc(Cl)cc1)C(=O)N[C@@H](C(=O)N[C@@H]1C(=O)N2[C@@H]1SC(C)(C)[C@@H]2C(=O)O)c1ccccc1,0,CC(C)(Oc1ccc(Cl)cc1)C(=O)N[C@@H](C(=O)N[C@@H]1C(=O)N2[C@@H]1SC(C)(C)[C@@H]2C(=O)O)c1ccccc1,,
strict_b3db_confirmed_clean,train,existing:train:979,Cc1nccc2c1[nH]c1ccccc12,1,Cc1nccc2c1[nH]c1ccccc12,,
strict_b3db_confirmed_clean,train,existing:train:980,Clc1ccc2c(c1)C(c1ccccc1)=NCc1nncn1-2,1,Clc1ccc2c(c1)C(c1ccccc1)=NCc1nncn1-2,,
strict_b3db_confirmed_clean,train,existing:train:981,Cc1nnc2n1-c1ccc(Cl)cc1C(c1ccccc1Cl)=NC2,1,Cc1nnc2n1-c1ccc(Cl)cc1C(c1ccccc1Cl)=NC2,,
strict_b3db_confirmed_clean,train,existing:train:982,Cc1nnc2n1-c1ccc(Cl)cc1C(c1ccccc1)=NC2,1,Cc1nnc2n1-c1ccc(Cl)cc1C(c1ccccc1)=NC2,,
strict_b3db_confirmed_clean,train,existing:train:983,CN(C)Cc1nnc2n1-c1ccc(Cl)cc1C(c1ccccc1)=NC2,1,CN(C)Cc1nnc2n1-c1ccc(Cl)cc1C(c1ccccc1)=NC2,,
strict_b3db_confirmed_clean,train,existing:train:984,CO[C@@]1(NC(=O)CSC(F)(F)F)C(=O)N2C(C(=O)O)=C(CSc3nnnn3CCO)CO[C@@H]21,0,CO[C@@]1(NC(=O)CSC(F)(F)F)C(=O)N2C(C(=O)O)=C(CSc3nnnn3CCO)CO[C@@H]21,,
strict_b3db_confirmed_clean,train,existing:train:985,CC1(C)O[C@@H]2C[C@H]3C4CCC5CC(=O)CCC5(C)[C@@]4(F)[C@@H](O)CC3(C)[C@]2(C(=O)CO)O1,1,CC1(C)O[C@@H]2C[C@H]3C4CCC5CC(=O)CCC5(C)[C@@]4(F)[C@@H](O)CC3(C)[C@]2(C(=O)CO)O1,,
strict_b3db_confirmed_clean,train,existing:train:986,CN1CCC(=C2c3ccccc3Sc3ccccc32)CC1,1,CN1CCC(=C2c3ccccc3Sc3ccccc32)CC1,,
strict_b3db_confirmed_clean,train,existing:train:987,OC(c1ccccc1)(c1ccccc1)C1CCCCN1,1,OC(c1ccccc1)(c1ccccc1)C1CCCCN1,,
strict_b3db_confirmed_clean,train,existing:train:988,CCCCCC(C)C(C)c1cc(OC(=O)CCCN2CCCCCC2)c2c(c1)OC(C)(C)C1=C2CC(C)CC1,1,CCCCCC(C)C(C)c1cc(OC(=O)CCCN2CCCCCC2)c2c(c1)OC(C)(C)C1=C2CC(C)CC1,,
strict_b3db_confirmed_clean,train,existing:train:989,NS(=O)(=O)c1cc2c(cc1Cl)NC=NS2(=O)=O,0,NS(=O)(=O)c1cc2c(cc1Cl)NC=NS2(=O)=O,,
strict_b3db_confirmed_clean,train,existing:train:990,COC1=CC(=O)OC1C(O)c1ccccc1Cl,1,COC1=CC(=O)OC1C(O)c1ccccc1Cl,,
strict_b3db_confirmed_clean,train,existing:train:991,O=C1NC(=O)C2(c3ccc(Cl)cc3)CC12,1,O=C1NC(=O)C2(c3ccc(Cl)cc3)CC12,,
strict_b3db_confirmed_clean,train,existing:train:992,CCOC(=O)[C@H](CCc1ccccc1)N[C@@H](C)C(=O)N1CCC[C@H]1C(=O)O,0,CCOC(=O)[C@H](CCc1ccccc1)N[C@@H](C)C(=O)N1CCC[C@H]1C(=O)O,,
strict_b3db_confirmed_clean,train,existing:train:993,c1ccc(CC2NCCc3c2[nH]c2ccccc32)cc1,1,c1ccc(CC2NCCc3c2[nH]c2ccccc32)cc1,,
strict_b3db_confirmed_clean,train,existing:train:994,Cn1cc(CCN2CCN(c3ccccc3Cl)CC2)cn1,1,Cn1cc(CCN2CCN(c3ccccc3Cl)CC2)cn1,,
strict_b3db_confirmed_clean,train,existing:train:995,C=C[C@H]1CN2CC[C@@H]1C[C@H]2[C@H](O)c1ccnc2ccc(OC)cc12,0,C=C[C@H]1CN2CC[C@@H]1C[C@H]2[C@H](O)c1ccnc2ccc(OC)cc12,,
strict_b3db_confirmed_clean,train,existing:train:996,C[C@H]1O[C@@H](O[C@H]2[C@@H](O)C[C@H](O[C@H]3[C@@H](O)C[C@H](O[C@H]4CC[C@@]5(C)[C@H](CC[C@@H]6[C@@H]5CC[C@]5(C)[C@H](C7=CC(=O)OC7)CC[C@]65O)C4)O[C@@H]3C)O[C@@H]2C)C[C@H](O)[C@@H]1O,0,C[C@H]1O[C@@H](O[C@H]2[C@@H](O)C[C@H](O[C@H]3[C@@H](O)C[C@H](O[C@H]4CC[C@@]5(C)[C@H](CC[C@@H]6[C@@H]5CC[C@]5(C)[C@H](C7=CC(=O)OC7)CC[C@]65O)C4)O[C@@H]3C)O[C@@H]2C)C[C@H](O)[C@@H]1O,,
strict_b3db_confirmed_clean,train,existing:train:997,C[C@H]1O[C@@H](O[C@H]2[C@@H](O)C[C@H](O[C@H]3[C@@H](O)C[C@H](O[C@H]4CC[C@@]5(C)[C@H](CC[C@@H]6[C@@H]5C[C@@H](O)[C@]5(C)[C@@H](C7=CC(=O)OC7)CC[C@]65O)C4)O[C@@H]3C)O[C@@H]2C)C[C@H](O)[C@@H]1O,0,C[C@H]1O[C@@H](O[C@H]2[C@@H](O)C[C@H](O[C@H]3[C@@H](O)C[C@H](O[C@H]4CC[C@@]5(C)[C@H](CC[C@@H]6[C@@H]5C[C@@H](O)[C@]5(C)[C@@H](C7=CC(=O)OC7)CC[C@]65O)C4)O[C@@H]3C)O[C@@H]2C)C[C@H](O)[C@@H]1O,,
strict_b3db_confirmed_clean,train,existing:train:998,CO[C@@]12[C@H](COC(N)=O)C3=C(C(=O)C(C)=C(N)C3=O)N1C[C@@H]1N[C@@H]12,0,CO[C@@]12[C@H](COC(N)=O)C3=C(C(=O)C(C)=C(N)C3=O)N1C[C@@H]1N[C@@H]12,,
strict_b3db_confirmed_clean,train,existing:train:999,COc1cc2c(cc1OC)C1CC(=O)C(CC(C)C)CN1CC2,1,COc1cc2c(cc1OC)C1CC(=O)C(CC(C)C)CN1CC2,,
strict_b3db_confirmed_clean,train,existing:train:1000,O=C(NCCc1ccc(O)c(O)c1)C12CC3CC(CC(C3)C1)C2,1,O=C(NCCc1ccc(O)c(O)c1)C12CC3CC(CC(C3)C1)C2,,
strict_b3db_confirmed_clean,train,existing:train:1001,CN1[C@@H]2CCC[C@H]1CC(NC(=O)c1nn(C)c3ccccc13)C2,1,CN1[C@@H]2CCC[C@H]1CC(NC(=O)c1nn(C)c3ccccc13)C2,,
strict_b3db_confirmed_clean,train,existing:train:1002,Cc1[nH]nc2c1N(c1ccccc1)C(=O)CC(=O)N2C,1,Cc1[nH]nc2c1N(c1ccccc1)C(=O)CC(=O)N2C,,
strict_b3db_confirmed_clean,train,existing:train:1003,CCCCCc1cc(O)c2c(c1)OC(C)(C)[C@@H]1CCC(C)=C[C@@H]21,1,CCCCCc1cc(O)c2c(c1)OC(C)(C)[C@@H]1CCC(C)=C[C@@H]21,,
strict_b3db_confirmed_clean,train,existing:train:1004,Cc1ccsc1C(=CCCN1CCC[C@@H](C(=O)O)C1)c1sccc1C,1,Cc1ccsc1C(=CCCN1CCC[C@@H](C(=O)O)C1)c1sccc1C,,
strict_b3db_confirmed_clean,train,existing:train:1005,COc1ccc(C2CNC(=O)C2)cc1OC1CCCC1,1,COc1ccc(C2CNC(=O)C2)cc1OC1CCCC1,,
strict_b3db_confirmed_clean,train,existing:train:1006,CCN(CC)C(=O)[C@H]1[C@H](C(=O)N(CC)CC)[C@H]2C=C[C@@H]1C2,1,CCN(CC)C(=O)[C@H]1[C@H](C(=O)N(CC)CC)[C@H]2C=C[C@@H]1C2,,
strict_b3db_confirmed_clean,train,existing:train:1007,CC1(C)S[C@@H]2[C@H](NC(=O)[C@H](NC(=O)N3CCN(S(C)(=O)=O)C3=O)c3ccccc3)C(=O)N2[C@H]1C(=O)O,0,CC1(C)S[C@@H]2[C@H](NC(=O)[C@H](NC(=O)N3CCN(S(C)(=O)=O)C3=O)c3ccccc3)C(=O)N2[C@H]1C(=O)O,,
strict_b3db_confirmed_clean,train,existing:train:1008,COc1cc(/C=C/C(=O)N2CCCCCCC2)cc(OC)c1OC,1,COc1cc(/C=C/C(=O)N2CCCCCCC2)cc(OC)c1OC,,
strict_b3db_confirmed_clean,train,existing:train:1009,CC1(C)S[C@@H]2[C@H](NC(=O)[C@H](NC(=O)Nc3cnc(Nc4ccc(S(N)(=O)=O)cc4)[nH]c3=O)c3ccc(O)cc3)C(=O)N2[C@H]1C(=O)O,0,CC1(C)S[C@@H]2[C@H](NC(=O)[C@H](NC(=O)Nc3cnc(Nc4ccc(S(N)(=O)=O)cc4)[nH]c3=O)c3ccc(O)cc3)C(=O)N2[C@H]1C(=O)O,,
strict_b3db_confirmed_clean,train,existing:train:1010,CC(C)CC(N(C)C)C1(c2ccc(Cl)cc2)CCC1,1,CC(C)CC(N(C)C)C1(c2ccc(Cl)cc2)CCC1,,
strict_b3db_confirmed_clean,train,existing:train:1011,O=c1cc[nH]nc1,1,O=c1cc[nH]nc1,,
strict_b3db_confirmed_clean,train,existing:train:1012,O=[N+]([O-])c1cc[nH]c1NCCSCc1ccccn1,1,O=[N+]([O-])c1cc[nH]c1NCCSCc1ccccn1,,
strict_b3db_confirmed_clean,train,existing:train:1013,Cc1cc(C(C)(C)SC(C)(C)CNc2[nH]ccc2[N+](=O)[O-])nc(C)c1C,1,Cc1cc(C(C)(C)SC(C)(C)CNc2[nH]ccc2[N+](=O)[O-])nc(C)c1C,,
strict_b3db_confirmed_clean,train,existing:train:1014,Cn1c(=O)c2c(ncn2CCN2CCC(c3c[nH]c4ccccc34)CC2)n(C)c1=O,1,Cn1c(=O)c2c(ncn2CCN2CCC(c3c[nH]c4ccccc34)CC2)n(C)c1=O,,
strict_b3db_confirmed_clean,train,existing:train:1015,CN[C@H]1CC[C@@H](c2ccc(Cl)c(Cl)c2)c2ccccc21,1,CN[C@H]1CC[C@@H](c2ccc(Cl)c(Cl)c2)c2ccccc21,,
strict_b3db_confirmed_clean,train,existing:train:1016,CNC1CCC(c2ccccc2)c2ccccc21,1,CNC1CCC(c2ccccc2)c2ccccc21,,
strict_b3db_confirmed_clean,train,existing:train:1017,O=C(CCCN1CCC(n2c(=O)[nH]c3ccccc32)CC1)c1ccc(F)cc1,1,O=C(CCCN1CCC(n2c(=O)[nH]c3ccccc32)CC1)c1ccc(F)cc1,,
strict_b3db_confirmed_clean,train,existing:train:1018,Cc1cccc(O[C@H]2CCNC[C@H]2O)c1C,1,Cc1cccc(O[C@H]2CCNC[C@H]2O)c1C,,
strict_b3db_confirmed_clean,train,existing:train:1019,COc1ccc2c3c1OC1C(OC(=O)c4cccnc4)CCC4C(C2)N(C)CCC341,1,COc1ccc2c3c1OC1C(OC(=O)c4cccnc4)CCC4C(C2)N(C)CCC341,,
strict_b3db_confirmed_clean,train,existing:train:1020,NC(=O)N1c2ccccc2C2OC2c2ccccc21,1,NC(=O)N1c2ccccc2C2OC2c2ccccc21,,
strict_b3db_confirmed_clean,train,existing:train:1021,S=C1NCCC(COc2ccccc2)O1,1,S=C1NCCC(COc2ccccc2)O1,,
strict_b3db_confirmed_clean,train,existing:train:1022,CN1C(=O)CC2(CCN(CCCC(=O)c3ccc(F)cc3)CC2)C1=O,1,CN1C(=O)CC2(CCN(CCCC(=O)c3ccc(F)cc3)CC2)C1=O,,
strict_b3db_confirmed_clean,train,existing:train:1023,NC(=O)c1cn(Cc2c(F)cccc2F)nn1,1,NC(=O)c1cn(Cc2c(F)cccc2F)nn1,,
strict_b3db_confirmed_clean,train,existing:train:1024,c1ccc([C@@H]2CN3CCSC3=N2)cc1,1,c1ccc([C@@H]2CN3CCSC3=N2)cc1,,
strict_b3db_confirmed_clean,train,existing:train:1025,Cc1ncc2n1-c1ccc(Cl)cc1C(c1ccccc1F)=NC2,1,Cc1ncc2n1-c1ccc(Cl)cc1C(c1ccccc1F)=NC2,,
strict_b3db_confirmed_clean,train,existing:train:1026,Cc1ncc2n1-c1ccc(Cl)cc1C(c1ccccc1Cl)=NC2,1,Cc1ncc2n1-c1ccc(Cl)cc1C(c1ccccc1Cl)=NC2,,
strict_b3db_confirmed_clean,train,existing:train:1027,Cc1ncc2n1-c1ccc(Cl)cc1C(c1ccccc1F)=NC2O,1,Cc1ncc2n1-c1ccc(Cl)cc1C(c1ccccc1F)=NC2O,,
strict_b3db_confirmed_clean,train,existing:train:1028,OCc1ncc2n1-c1ccc(Cl)cc1C(c1ccccc1F)=NC2,1,OCc1ncc2n1-c1ccc(Cl)cc1C(c1ccccc1F)=NC2,,
strict_b3db_confirmed_clean,train,existing:train:1029,CCOC(=O)c1ncn2c1CN(C)C(=O)c1cc(F)ccc1-2,1,CCOC(=O)c1ncn2c1CN(C)C(=O)c1cc(F)ccc1-2,,
strict_b3db_confirmed_clean,train,existing:train:1030,NC(=O)CN1C(=O)COc2ccccc21,1,NC(=O)CN1C(=O)COc2ccccc21,,
strict_b3db_confirmed_clean,train,existing:train:1031,Cc1csc2ccc3[nH]c4c(c3c12)CN(C)CC4,1,Cc1csc2ccc3[nH]c4c(c3c12)CN(C)CC4,,
strict_b3db_confirmed_clean,train,existing:train:1032,CCN1CCc2[nH]c3cc(F)c4scc(C)c4c3c2C1,1,CCN1CCc2[nH]c3cc(F)c4scc(C)c4c3c2C1,,
strict_b3db_confirmed_clean,train,existing:train:1033,OCCC1CCN(CC/C=C2\c3ccc(F)cc3Sc3ccc(C(F)(F)F)cc32)CC1,1,OCCC1CCN(CC/C=C2\c3ccc(F)cc3Sc3ccc(C(F)(F)F)cc32)CC1,,
strict_b3db_confirmed_clean,train,existing:train:1034,CO[C@H](C(=O)[C@@H](O)[C@@H](C)O)[C@@H]1Cc2cc3cc(O[C@H]4C[C@@H](O[C@H]5C[C@@H](O)[C@H](O)[C@@H](C)O5)[C@H](O)[C@@H](C)O4)c(C)c(O)c3c(O)c2C(=O)[C@H]1O[C@H]1C[C@@H](O[C@H]2C[C@@H](O[C@H]3C[C@](C)(O)[C@H](O)[C@@H](C)O3)[C@H](O)[C@@H](C)O2)[C@H](O)[C@@H](C)O1,1,CO[C@H](C(=O)[C@@H](O)[C@@H](C)O)[C@@H]1Cc2cc3cc(O[C@H]4C[C@@H](O[C@H]5C[C@@H](O)[C@H](O)[C@@H](C)O5)[C@H](O)[C@@H](C)O4)c(C)c(O)c3c(O)c2C(=O)[C@H]1O[C@H]1C[C@@H](O[C@H]2C[C@@H](O[C@H]3C[C@](C)(O)[C@H](O)[C@@H](C)O3)[C@H](O)[C@@H](C)O2)[C@H](O)[C@@H](C)O1,,
strict_b3db_confirmed_clean,train,existing:train:1035,CCc1c(C)[nH]c2c1C(=O)C(CN1CCOCC1)CC2,1,CCc1c(C)[nH]c2c1C(=O)C(CN1CCOCC1)CC2,,
strict_b3db_confirmed_clean,train,existing:train:1036,O=C1CSC2(CCN(CCCN3c4ccccc4Sc4ccc(Cl)cc43)CC2)N1,1,O=C1CSC2(CCN(CCCN3c4ccccc4Sc4ccc(Cl)cc43)CC2)N1,,
strict_b3db_confirmed_clean,train,existing:train:1037,CCCC(C)C1(CCSC)C(=O)NC(=S)NC1=O,1,CCCC(C)C1(CCSC)C(=O)NC(=S)NC1=O,,
strict_b3db_confirmed_clean,train,existing:train:1038,C=CCC1(C(C)CCC)C(=O)NC(=S)NC1=O,1,C=CCC1(C(C)CCC)C(=O)NC(=S)NC1=O,,
strict_b3db_confirmed_clean,train,existing:train:1039,CCCC(CC)C1(CC)C(=O)NC(=S)NC1=O,1,CCCC(CC)C1(CC)C(=O)NC(=S)NC1=O,,
strict_b3db_confirmed_clean,train,existing:train:1040,COc1ccc(N2C[C@H](CN3CCC(O)(c4ccc5c(c4)OCO5)CC3)OC2=O)cc1,1,COc1ccc(N2C[C@H](CN3CCC(O)(c4ccc5c(c4)OCO5)CC3)OC2=O)cc1,,
strict_b3db_confirmed_clean,train,existing:train:1041,CN(C)c1cnccn1,1,CN(C)c1cnccn1,,
strict_b3db_confirmed_clean,train,existing:train:1042,NC(=O)c1cnccn1,1,NC(=O)c1cnccn1,,
strict_b3db_confirmed_clean,train,existing:train:1043,CCOC(=O)C1(c2ccccc2)CCC=CC1N(C)C,1,CCOC(=O)C1(c2ccccc2)CCC=CC1N(C)C,,
strict_b3db_confirmed_clean,train,existing:train:1044,COc1ccc2c(c1OC)[C@]13CCN(C)[C@H](C2)[C@]1(O)CC[C@@H](O)C3,1,COc1ccc2c(c1OC)[C@]13CCN(C)[C@H](C2)[C@]1(O)CC[C@@H](O)C3,,
strict_b3db_confirmed_clean,train,existing:train:1045,CN1CC[C@@]23CCCC[C@@H]2[C@@H]1Cc1ccc(O)cc13,1,CN1CC[C@@]23CCCC[C@@H]2[C@@H]1Cc1ccc(O)cc13,,
strict_b3db_confirmed_clean,train,existing:train:1046,CN1CC[C@]23CCCC[C@H]2[C@H]1Cc1ccc(O)cc13,1,CN1CC[C@]23CCCC[C@H]2[C@H]1Cc1ccc(O)cc13,,
strict_b3db_confirmed_clean,train,existing:train:1047,Cc1ccc2c(c1)[C@]13CCCC[C@@H]1[C@H](C2)N(C)CC3,1,Cc1ccc2c(c1)[C@]13CCCC[C@@H]1[C@H](C2)N(C)CC3,,
strict_b3db_confirmed_clean,train,existing:train:1048,C=CCN1CC[C@]23CCCC[C@H]2[C@H]1Cc1ccc(O)cc13,1,C=CCN1CC[C@]23CCCC[C@H]2[C@H]1Cc1ccc(O)cc13,,
strict_b3db_confirmed_clean,train,existing:train:1049,Oc1ccc2c(c1)C13CCCCC1C(C2)NCC3,1,Oc1ccc2c(c1)C13CCCCC1C(C2)NCC3,,
strict_b3db_confirmed_clean,train,existing:train:1050,COc1ccc2c(c1)[C@]13CCCC[C@@H]1[C@H](C2)N(C)CC3,1,COc1ccc2c(c1)[C@]13CCCC[C@@H]1[C@H](C2)N(C)CC3,,
strict_b3db_confirmed_clean,train,existing:train:1051,Cc1cc(C)c(=O)[nH]n1,1,Cc1cc(C)c(=O)[nH]n1,,
strict_b3db_confirmed_clean,train,existing:train:1052,c1ccc(-c2nc(N3CCNCC3)cc3ccccc23)cc1,1,c1ccc(-c2nc(N3CCNCC3)cc3ccccc23)cc1,,
strict_b3db_confirmed_clean,train,existing:train:1053,CCN(CC)C(=O)N1CCN(CCCc2nc3c(c(=O)n(C)c(=O)n3C)n2C)CC1,1,CCN(CC)C(=O)N1CCN(CCCc2nc3c(c(=O)n(C)c(=O)n3C)n2C)CC1,,
strict_b3db_confirmed_clean,train,existing:train:1054,CC1(C)S[C@@H]2[C@H](NC(=O)C(C(=O)Oc3ccccc3)c3ccccc3)C(=O)N2[C@H]1C(=O)O,0,CC1(C)S[C@@H]2[C@H](NC(=O)C(C(=O)Oc3ccccc3)c3ccccc3)C(=O)N2[C@H]1C(=O)O,,
strict_b3db_confirmed_clean,train,existing:train:1055,CCNC1(c2cccs2)CCCCC1=O,1,CCNC1(c2cccs2)CCCCC1=O,,
strict_b3db_confirmed_clean,train,existing:train:1056,CS(=O)(=O)c1ccc2c(c1)N(CCCN1CCC(C(N)=O)CC1)c1ccccc1S2,1,CS(=O)(=O)c1ccc2c(c1)N(CCCN1CCC(C(N)=O)CC1)c1ccccc1S2,,
strict_b3db_confirmed_clean,train,existing:train:1057,N#Cc1ccc2c(c1)N(CCCN1CCC(O)CC1)c1ccccc1S2,1,N#Cc1ccc2c(c1)N(CCCN1CCC(O)CC1)c1ccccc1S2,,
strict_b3db_confirmed_clean,train,existing:train:1058,COc1ccc2c(c1)N(CC(C)CN1CCC(O)CC1)c1ccccc1S2,1,COc1ccc2c(c1)N(CC(C)CN1CCC(O)CC1)c1ccccc1S2,,
strict_b3db_confirmed_clean,train,existing:train:1059,CC(=O)c1ccc2c(c1)N(CCCN1CCC(CCO)CC1)c1ccccc1S2,1,CC(=O)c1ccc2c(c1)N(CCCN1CCC(CCO)CC1)c1ccccc1S2,,
strict_b3db_confirmed_clean,train,existing:train:1060,CCCCCCCCCCCCCCCC(=O)OCCC1CCN(CCCN2c3ccccc3Sc3ccc(S(=O)(=O)N(C)C)cc32)CC1,1,CCCCCCCCCCCCCCCC(=O)OCCC1CCN(CCCN2c3ccccc3Sc3ccc(S(=O)(=O)N(C)C)cc32)CC1,,
strict_b3db_confirmed_clean,train,existing:train:1061,OCCOC1CCN(CCCN2c3ccccc3Sc3ccc(C(F)(F)F)cc32)CC1,1,OCCOC1CCN(CCCN2c3ccccc3Sc3ccc(C(F)(F)F)cc32)CC1,,
strict_b3db_confirmed_clean,train,existing:train:1062,CN(C)S(=O)(=O)c1ccc2c(c1)N(CCCN1CCC(CCO)CC1)c1ccccc1S2,1,CN(C)S(=O)(=O)c1ccc2c(c1)N(CCCN1CCC(CCO)CC1)c1ccccc1S2,,
strict_b3db_confirmed_clean,train,existing:train:1063,Nc1nc(NC2CC2)c2ncn([C@H]3C=C[C@@H](CO)C3)c2n1,1,Nc1nc(NC2CC2)c2ncn([C@H]3C=C[C@@H](CO)C3)c2n1,,
strict_b3db_confirmed_clean,train,existing:train:1064,C/C=C\C1O[C@]2(C(=O)COC(=O)c3ccncc3)CC[C@@]3(O1)[C@@H]1CCC4=CC(=O)CC[C@]4(C)[C@H]1[C@@H](O)C[C@]23C,1,C/C=C\C1O[C@]2(C(=O)COC(=O)c3ccncc3)CC[C@@]3(O1)[C@@H]1CCC4=CC(=O)CC[C@]4(C)[C@H]1[C@@H](O)C[C@]23C,,
strict_b3db_confirmed_clean,train,existing:train:1065,CCNC1=Nc2ccc(Cl)cc2C(C)(c2ccccc2)O1,1,CCNC1=Nc2ccc(Cl)cc2C(C)(c2ccccc2)O1,,
strict_b3db_confirmed_clean,train,existing:train:1066,O=C(CCCN1CCN2CCCC2C1)c1ccc(F)cc1,1,O=C(CCCN1CCN2CCCC2C1)c1ccc(F)cc1,,
strict_b3db_confirmed_clean,train,existing:train:1067,Cc1cc(C(=O)NNCc2ccccc2)no1,1,Cc1cc(C(=O)NNCc2ccccc2)no1,,
strict_b3db_confirmed_clean,train,existing:train:1068,O=C(O)C1CCN1C12CC3CC(CC(C3)C1)C2,1,O=C(O)C1CCN1C12CC3CC(CC(C3)C1)C2,,
strict_b3db_confirmed_clean,train,existing:train:1069,CCCCc1oc2ccccc2c1C(=O)c1cc(I)c(OCCN(CC)CC)c(I)c1,0,CCCCc1oc2ccccc2c1C(=O)c1cc(I)c(OCCN(CC)CC)c(I)c1,,
strict_b3db_confirmed_clean,train,existing:train:1070,CCc1cc2c(s1)N(C)C(=O)CN=C2c1ccccc1Cl,1,CCc1cc2c(s1)N(C)C(=O)CN=C2c1ccccc1Cl,,
strict_b3db_confirmed_clean,train,existing:train:1071,C=CCN1C(=O)C(CC(C)C)NC1=S,1,C=CCN1C(=O)C(CC(C)C)NC1=S,,
strict_b3db_confirmed_clean,train,existing:train:1072,CN1Cc2c(-c3noc(C(C)(C)O)n3)ncn2-c2cccc(Cl)c2C1=O,0,CN1Cc2c(-c3noc(C(C)(C)O)n3)ncn2-c2cccc(Cl)c2C1=O,,
strict_b3db_confirmed_clean,train,existing:train:1073,CN1Cc2c(-c3noc(C(C)(CO)CO)n3)ncn2-c2cccc(Cl)c2C1=O,0,CN1Cc2c(-c3noc(C(C)(CO)CO)n3)ncn2-c2cccc(Cl)c2C1=O,,
strict_b3db_confirmed_clean,train,existing:train:1074,CN1Cc2c(-c3noc([C@](C)(O)CO)n3)ncn2-c2cccc(Cl)c2C1=O,0,CN1Cc2c(-c3noc([C@](C)(O)CO)n3)ncn2-c2cccc(Cl)c2C1=O,,
strict_b3db_confirmed_clean,train,existing:train:1075,CN1Cc2c(-c3noc(C(C)(O)CO)n3)ncn2-c2cccc(Cl)c2C1=O,0,CN1Cc2c(-c3noc(C(C)(O)CO)n3)ncn2-c2cccc(Cl)c2C1=O,,
strict_b3db_confirmed_clean,train,existing:train:1076,CC(C)c1nc(-c2ncn3c2CN(C)C(=O)c2c(Cl)cccc2-3)no1,1,CC(C)c1nc(-c2ncn3c2CN(C)C(=O)c2c(Cl)cccc2-3)no1,,
strict_b3db_confirmed_clean,train,existing:train:1077,CCc1c(OC)nc2nc(-c3noc(C)n3)cn2c1C,1,CCc1c(OC)nc2nc(-c3noc(C)n3)cn2c1C,,
strict_b3db_confirmed_clean,train,existing:train:1078,CC(C)[C@@H](CN1CCCC1)N(C)C(=O)Cc1ccc(Cl)c(Cl)c1,1,CC(C)[C@@H](CN1CCCC1)N(C)C(=O)Cc1ccc(Cl)c(Cl)c1,,
strict_b3db_confirmed_clean,train,existing:train:1079,CN1C(=S)CN=C(c2ccccc2)c2cc(Cl)ccc21,1,CN1C(=S)CN=C(c2ccccc2)c2cc(Cl)ccc21,,
strict_b3db_confirmed_clean,train,existing:train:1080,Fc1ccccc1C1=NCC(=S)N(CC(F)(F)F)c2ccc(Cl)cc21,1,Fc1ccccc1C1=NCC(=S)N(CC(F)(F)F)c2ccc(Cl)cc21,,
strict_b3db_confirmed_clean,train,existing:train:1081,CNCCCC1(C)C(=O)N(c2ccccc2)c2ccccc21,1,CNCCCC1(C)C(=O)N(c2ccccc2)c2ccccc21,,
strict_b3db_confirmed_clean,train,existing:train:1082,Oc1ccc2c(c1)C13CCN(CC4CC4)C(C2)C1CCOC3,1,Oc1ccc2c(c1)C13CCN(CC4CC4)C(C2)C1CCOC3,,
strict_b3db_confirmed_clean,train,existing:train:1083,COc1ccc(C[C@H](N)C(=O)NC2[C@@H](O)[C@H](n3cnc4c(N(C)C)ncnc43)O[C@@H]2CO)cc1,0,COc1ccc(C[C@H](N)C(=O)NC2[C@@H](O)[C@H](n3cnc4c(N(C)C)ncnc43)O[C@@H]2CO)cc1,,
strict_b3db_confirmed_clean,train,existing:train:1084,CN1[C@@H]2CC[C@H]1CC(NC(=O)c1cn(C3CCCCC3)c3ccccc3c1=O)C2,1,CN1[C@@H]2CC[C@H]1CC(NC(=O)c1cn(C3CCCCC3)c3ccccc3c1=O)C2,,
strict_b3db_confirmed_clean,train,existing:train:1085,CC(C)c1nc(CN(C)C(=O)N[C@H](C(=O)N[C@@H](Cc2ccccc2)C[C@H](O)[C@H](Cc2ccccc2)NC(=O)OCc2cncs2)C(C)C)cs1,0,CC(C)c1nc(CN(C)C(=O)N[C@H](C(=O)N[C@@H](Cc2ccccc2)C[C@H](O)[C@H](Cc2ccccc2)NC(=O)OCc2cncs2)C(C)C)cs1,,
strict_b3db_confirmed_clean,train,existing:train:1086,COc1cc(Br)c2oc(C3CCNCC3)cc2c1,1,COc1cc(Br)c2oc(C3CCNCC3)cc2c1,,
strict_b3db_confirmed_clean,train,existing:train:1087,CCOC(=O)C[C@@H](O)C[C@@H](O)/C=C/C1=C(c2ccc(F)cc2)c2ccccc2OC12CCCC2,1,CCOC(=O)C[C@@H](O)C[C@@H](O)/C=C/C1=C(c2ccc(F)cc2)c2ccccc2OC12CCCC2,,
strict_b3db_confirmed_clean,train,existing:train:1088,CC1=C[C@@H]2[C@H]([C@@H](O)C[C@@]3(C)[C@H]2C[C@@H](C)[C@]3(O)C(=O)COC(=O)c2cccc(S(=O)(=O)O)c2)[C@@]2(C)Cc3cnn(-c4ccccc4)c3C=C12,1,CC1=C[C@@H]2[C@H]([C@@H](O)C[C@@]3(C)[C@H]2C[C@@H](C)[C@]3(O)C(=O)COC(=O)c2cccc(S(=O)(=O)O)c2)[C@@]2(C)Cc3cnn(-c4ccccc4)c3C=C12,,
strict_b3db_confirmed_clean,train,existing:train:1089,FC(F)(F)c1cccc(C2=CCN(CCc3ccc4ccccc4c3)CC2)c1,1,FC(F)(F)c1cccc(C2=CCN(CCc3ccc4ccccc4c3)CC2)c1,,
strict_b3db_confirmed_clean,train,existing:train:1090,Cc1cccc(Cl)c1NC(=O)/C=C1\SCC(=O)N1C,1,Cc1cccc(Cl)c1NC(=O)/C=C1\SCC(=O)N1C,,
strict_b3db_confirmed_clean,train,existing:train:1091,CN(C)C1=NC(=O)C(c2ccccc2)O1,1,CN(C)C1=NC(=O)C(c2ccccc2)O1,,
strict_b3db_confirmed_clean,train,existing:train:1092,COc1ccc(OCC2CN(C)CCC2c2ccccc2)cc1,1,COc1ccc(OCC2CN(C)CCC2c2ccccc2)cc1,,
strict_b3db_confirmed_clean,train,existing:train:1093,NCc1ccccc1CC(=O)N[C@@H]1C(=O)N2C(C(=O)O)=C(CSc3nnnn3CC(=O)O)CS[C@H]12,0,NCc1ccccc1CC(=O)N[C@@H]1C(=O)N2C(C(=O)O)=C(CSc3nnnn3CC(=O)O)CS[C@H]12,,
strict_b3db_confirmed_clean,train,existing:train:1094,O=C(O)C1=C(CSc2nnnn2CS(=O)(=O)O)CS[C@@H]2[C@H](NC(=O)C(O)c3ccccc3)C(=O)N12,0,O=C(O)C1=C(CSc2nnnn2CS(=O)(=O)O)CS[C@@H]2[C@H](NC(=O)C(O)c3ccccc3)C(=O)N12,,
strict_b3db_confirmed_clean,train,existing:train:1095,CCN1CC(CCN2CCOCC2)C(c2ccccc2)(c2ccccc2)C1=O,1,CCN1CC(CCN2CCOCC2)C(c2ccccc2)(c2ccccc2)C1=O,,
strict_b3db_confirmed_clean,train,existing:train:1096,Nc1ncc2ncn(COCCO)c2n1,1,Nc1ncc2ncn(COCCO)c2n1,,
strict_b3db_confirmed_clean,train,existing:train:1097,CC(C)OCC(COC(C)C)OCn1cnc2cnc(N)nc21,1,CC(C)OCC(COC(C)C)OCn1cnc2cnc(N)nc21,,
strict_b3db_confirmed_clean,train,existing:train:1098,CC(c1noc2ccc(Cl)cc12)n1ccnc1,1,CC(c1noc2ccc(Cl)cc12)n1ccnc1,,
strict_b3db_confirmed_clean,train,existing:train:1099,CN(C)C1CCc2[nH]c3ccccc3c2C1,1,CN(C)C1CCc2[nH]c3ccccc3c2C1,,
strict_b3db_confirmed_clean,train,existing:train:1100,CN(C)C1CCc2[nH]c3c(F)cc(F)cc3c2C1,1,CN(C)C1CCc2[nH]c3c(F)cc(F)cc3c2C1,,
strict_b3db_confirmed_clean,train,existing:train:1101,Cc1nc2c(C)cccn2c(=O)c1CCN1CCC(c2noc3cc(F)ccc23)CC1,1,Cc1nc2c(C)cccn2c(=O)c1CCN1CCC(c2noc3cc(F)ccc23)CC1,,
strict_b3db_confirmed_clean,train,existing:train:1102,CNCCC(Oc1cccc2ccccc12)c1cccs1,1,CNCCC(Oc1cccc2ccccc12)c1cccs1,,
strict_b3db_confirmed_clean,train,existing:train:1103,C#CCN[C@@H]1CCc2ccccc21,1,C#CCN[C@@H]1CCc2ccccc21,,
strict_b3db_confirmed_clean,train,existing:train:1104,CC(CCc1ccccc1)NC(C)C(O)c1ccc(O)cc1,0,CC(CCc1ccccc1)NC(C)C(O)c1ccc(O)cc1,,
strict_b3db_confirmed_clean,train,existing:train:1105,CN1CCCC(CN2c3ccccc3Sc3ccccc32)C1,1,CN1CCCC(CN2c3ccccc3Sc3ccccc32)C1,,
strict_b3db_confirmed_clean,train,existing:train:1106,O=C1NCCN1C1CCN(CCC2COc3ccccc3O2)CC1,1,O=C1NCCN1C1CCN(CCC2COc3ccccc3O2)CC1,,
strict_b3db_confirmed_clean,train,existing:train:1107,O=C1OCCC1C1(O)CCN(CCCN2c3ccccc3Sc3ccc(Cl)cc32)CC1,1,O=C1OCCC1C1(O)CCN(CCCN2c3ccccc3Sc3ccc(Cl)cc32)CC1,,
strict_b3db_confirmed_clean,train,existing:train:1108,CN(C)CCCN1c2ccccc2C(c2ccccc2)=Nc2cccnc21,1,CN(C)CCCN1c2ccccc2C(c2ccccc2)=Nc2cccnc21,,
strict_b3db_confirmed_clean,train,existing:train:1109,O=C1NCCN1CCN1CCC(c2cn(-c3ccc(F)cc3)c3ccc(Cl)cc23)CC1,1,O=C1NCCN1CCN1CCC(c2cn(-c3ccc(F)cc3)c3ccc(Cl)cc23)CC1,,
strict_b3db_confirmed_clean,train,existing:train:1110,O=C1CCc2ccc(OCCCCN3CCN(c4cccc(Cl)c4Cl)CC3)cc2N1,1,O=C1CCc2ccc(OCCCCN3CCN(c4cccc(Cl)c4Cl)CC3)cc2N1,,
strict_b3db_confirmed_clean,train,existing:train:1111,CC(=O)OCC1=CO[C@@H](OC(=O)CC(C)C)[C@H]2C1=C[C@H](OC(=O)CC(C)(C)OC(C)=O)[C@]21CO1,1,CC(=O)OCC1=CO[C@@H](OC(=O)CC(C)C)[C@H]2C1=C[C@H](OC(=O)CC(C)(C)OC(C)=O)[C@]21CO1,,
strict_b3db_confirmed_clean,train,existing:train:1112,CC(=O)OCC1=CO[C@@H](OC(=O)CC(C)C)[C@H]2C1=C[C@H](OC(=O)CC(C)C)[C@]21CO1,1,CC(=O)OCC1=CO[C@@H](OC(=O)CC(C)C)[C@H]2C1=C[C@H](OC(=O)CC(C)C)[C@]21CO1,,
strict_b3db_confirmed_clean,train,existing:train:1113,Cc1cccc(C)c1NC1=NCCCS1,1,Cc1cccc(C)c1NC1=NCCCS1,,
strict_b3db_confirmed_clean,train,existing:train:1114,Cc1ccccc1N1CCN(CCCOc2ccccn2)CC1,1,Cc1ccccc1N1CCN(CCCOc2ccccn2)CC1,,
strict_b3db_confirmed_clean,train,existing:train:1115,CC(C)Nc1cccnc1N1CCN(C(=O)c2cc3cc(NS(C)(=O)=O)ccc3[nH]2)CC1,0,CC(C)Nc1cccnc1N1CCN(C(=O)c2cc3cc(NS(C)(=O)=O)ccc3[nH]2)CC1,,
strict_b3db_confirmed_clean,train,existing:train:1116,NC1=NC(C(F)(F)F)(C(F)(F)F)NC1(C(F)(F)F)C(F)(F)F,1,NC1=NC(C(F)(F)F)(C(F)(F)F)NC1(C(F)(F)F)C(F)(F)F,,
strict_b3db_confirmed_clean,train,existing:train:1117,COCc1c(C(C)C)nc(C(C)C)c(/C=C/[C@@H](O)C[C@@H](O)CC(=O)O)c1-c1ccc(F)cc1,1,COCc1c(C(C)C)nc(C(C)C)c(/C=C/[C@@H](O)C[C@@H](O)CC(=O)O)c1-c1ccc(F)cc1,,
strict_b3db_confirmed_clean,train,existing:train:1118,Cc1cccc(Cc2cnc[nH]2)c1C,1,Cc1cccc(Cc2cnc[nH]2)c1C,,
strict_b3db_confirmed_clean,train,existing:train:1119,CCn1nc(C)c2c1C(c1ccccc1)=NCC(=O)N2,1,CCn1nc(C)c2c1C(c1ccccc1)=NCC(=O)N2,,
strict_b3db_confirmed_clean,train,existing:train:1120,CC[C@@]1(O)C(=O)OCc2c1cc1n(c2=O)Cc2cc3c(CN(C)C)c(O)ccc3nc2-1,1,CC[C@@]1(O)C(=O)OCc2c1cc1n(c2=O)Cc2cc3c(CN(C)C)c(O)ccc3nc2-1,,
strict_b3db_confirmed_clean,train,existing:train:1121,CN(C)CC/C=C1/c2ccccc2Sc2ccc(Cl)cc21,1,CN(C)CC/C=C1/c2ccccc2Sc2ccc(Cl)cc21,,
strict_b3db_confirmed_clean,train,existing:train:1122,CN(C)CCC=C1c2ccccc2Sc2ccccc21,1,CN(C)CCC=C1c2ccccc2Sc2ccccc21,,
strict_b3db_confirmed_clean,train,existing:train:1123,COc1ccc2c3c1OC1C(OC(C)=O)=CCC4C(C2)N(C)CCC314,1,COc1ccc2c3c1OC1C(OC(C)=O)=CCC4C(C2)N(C)CCC314,,
strict_b3db_confirmed_clean,train,existing:train:1124,CC1=CCC2C3Cc4ccc(O)c5c4C2(CCN3C)C1O5,1,CC1=CCC2C3Cc4ccc(O)c5c4C2(CCN3C)C1O5,,
strict_b3db_confirmed_clean,train,existing:train:1125,CC1=C(C(=O)O)N2C(=O)[C@@H](NC(=O)[C@H](N)C3=CCC=CC3)[C@H]2SC1,0,CC1=C(C(=O)O)N2C(=O)[C@@H](NC(=O)[C@H](N)C3=CCC=CC3)[C@H]2SC1,,
strict_b3db_confirmed_clean,train,existing:train:1126,O=C1CCC2(CCC(=O)c3ccccc32)C(=O)N1,1,O=C1CCC2(CCC(=O)c3ccccc32)C(=O)N1,,
strict_b3db_confirmed_clean,train,existing:train:1127,Clc1cccc(Cl)c1NC1=NCCO1,1,Clc1cccc(Cl)c1NC1=NCCO1,,
strict_b3db_confirmed_clean,train,existing:train:1128,CCCCCCCCCCCCCC(=O)O[C@H]1C=C[C@H]2[C@H]3Cc4ccc(OCc5ccccc5)c5c4[C@@]2(CCN3C)[C@H]1O5,1,CCCCCCCCCCCCCC(=O)O[C@H]1C=C[C@H]2[C@H]3Cc4ccc(OCc5ccccc5)c5c4[C@@]2(CCN3C)[C@H]1O5,,
strict_b3db_confirmed_clean,train,existing:train:1129,CCn1cc(C(=O)O)c(=O)c2cc(F)c(N3CCNCC3)cc21,0,CCn1cc(C(=O)O)c(=O)c2cc(F)c(N3CCNCC3)cc21,,
strict_b3db_confirmed_clean,train,existing:train:1130,C=C1C[C@H]2[C@@H]3CCC4=CC(=O)C=C[C@]4(C)[C@@]3(F)C(O)C[C@]2(C)[C@@]1(O)C(=O)CO,1,C=C1C[C@H]2[C@@H]3CCC4=CC(=O)C=C[C@]4(C)[C@@]3(F)C(O)C[C@]2(C)[C@@]1(O)C(=O)CO,,
strict_b3db_confirmed_clean,train,existing:train:1131,C=C1CC2C3CCC4=CC(=O)C=CC4(C)C3C(O)CC2(C)C1(O)C(=O)CO,1,C=C1CC2C3CCC4=CC(=O)C=CC4(C)C3C(O)CC2(C)C1(O)C(=O)CO,,
strict_b3db_confirmed_clean,train,existing:train:1132,CO/N=C(\C(=O)N[C@@H]1C(=O)N2C(C(=O)O)=C(/C=C/Sc3n[nH]c(=O)c(=O)n3CC=O)CS[C@H]12)c1csc(N)n1,0,CO/N=C(\C(=O)N[C@@H]1C(=O)N2C(C(=O)O)=C(/C=C/Sc3n[nH]c(=O)c(=O)n3CC=O)CS[C@H]12)c1csc(N)n1,,
strict_b3db_confirmed_clean,train,existing:train:1133,OCCCOc1cccc(CN2CCCCC2)c1,1,OCCCOc1cccc(CN2CCCCC2)c1,,
strict_b3db_confirmed_clean,train,existing:train:1134,CC(=O)NCCCOc1cccc(CN2CCCCC2)c1,1,CC(=O)NCCCOc1cccc(CN2CCCCC2)c1,,
strict_b3db_confirmed_clean,train,existing:train:1135,NC1CCCC1c1ccccc1,1,NC1CCCC1c1ccccc1,,
strict_b3db_confirmed_clean,train,existing:train:1136,C[N+]1(C)CCC(OC(=O)C(O)(c2ccccc2)C2CCCC2)C1,0,C[N+]1(C)CCC(OC(=O)C(O)(c2ccccc2)C2CCCC2)C1,,
strict_b3db_confirmed_clean,train,existing:train:1137,CNCCC=C1c2ccccc2C2CC2c2ccccc21,1,CNCCC=C1c2ccccc2C2CC2c2ccccc21,,
strict_b3db_confirmed_clean,train,existing:train:1138,CCCN(c1ccncc1)n1ccc2ccccc21,1,CCCN(c1ccncc1)n1ccc2ccccc21,,
strict_b3db_confirmed_clean,train,existing:train:1139,Cc1oc(C(C)(C)N(C(C)(C)N)C(C)(C)N)c(C)c1C,1,Cc1oc(C(C)(C)N(C(C)(C)N)C(C)(C)N)c(C)c1C,,
strict_b3db_confirmed_clean,train,existing:train:1140,CN/C(=C\[N+](=O)[O-])NCCSCc1ccc(CN(C)C)o1,0,CN/C(=C\[N+](=O)[O-])NCCSCc1ccc(CN(C)C)o1,,
strict_b3db_confirmed_clean,train,existing:train:1141,CCCN(CCC)C1Cc2cccc3cc(O)cc(c23)C1,1,CCCN(CCC)C1Cc2cccc3cc(O)cc(c23)C1,,
strict_b3db_confirmed_clean,train,existing:train:1142,Cc1c(C)c2ccc(OCc3nnc(C(C)C)s3)cc2oc1=O,1,Cc1c(C)c2ccc(OCc3nnc(C(C)C)s3)cc2oc1=O,,
strict_b3db_confirmed_clean,train,existing:train:1143,C1=C(CC2=NCNC2)CCc2ccccc21,1,C1=C(CC2=NCNC2)CCc2ccccc21,,
strict_b3db_confirmed_clean,train,existing:train:1144,OC(CCN1CCCCC1)(c1ccccc1)C1CCCCC1,1,OC(CCN1CCCCC1)(c1ccccc1)C1CCCCC1,,
strict_b3db_confirmed_clean,train,existing:train:1145,C[C@H]1C[C@H]2[C@@H]3CCC4=CC(=O)C=C[C@]4(C)[C@H]3C(=O)C[C@]2(C)[C@@]1(O)C(=O)CO,1,C[C@H]1C[C@H]2[C@@H]3CCC4=CC(=O)C=C[C@]4(C)[C@H]3C(=O)C[C@]2(C)[C@@]1(O)C(=O)CO,,
strict_b3db_confirmed_clean,train,existing:train:1146,CC(=O)OCC(=O)[C@@]1(O)CC[C@H]2[C@@H]3C[C@H](Cl)C4=CC(=O)C=C[C@]4(C)[C@H]3C(=O)C[C@@]21C,1,CC(=O)OCC(=O)[C@@]1(O)CC[C@H]2[C@@H]3C[C@H](Cl)C4=CC(=O)C=C[C@]4(C)[C@H]3C(=O)C[C@@]21C,,
strict_b3db_confirmed_clean,train,existing:train:1147,C[C@H]1C[C@H]2[C@@H]3CCC4=CC(=O)C=C[C@]4(C)[C@@]3(F)C(=O)C[C@]2(C)[C@@]1(O)C(=O)CCl,1,C[C@H]1C[C@H]2[C@@H]3CCC4=CC(=O)C=C[C@]4(C)[C@@]3(F)C(=O)C[C@]2(C)[C@@]1(O)C(=O)CCl,,
strict_b3db_confirmed_clean,train,existing:train:1148,CCCC(=O)O[C@]1(C(=O)CCl)[C@@H](C)C[C@H]2[C@@H]3CCC4=CC(=O)C=C[C@]4(C)[C@@]3(F)C(=O)C[C@@]21C,1,CCCC(=O)O[C@]1(C(=O)CCl)[C@@H](C)C[C@H]2[C@@H]3CCC4=CC(=O)C=C[C@]4(C)[C@@]3(F)C(=O)C[C@@]21C,,
strict_b3db_confirmed_clean,train,existing:train:1149,CN1CCN(c2ncc(-c3cc(Cl)cc(Cl)c3Cl)c(N)n2)CC1,1,CN1CCN(c2ncc(-c3cc(Cl)cc(Cl)c3Cl)c(N)n2)CC1,,
strict_b3db_confirmed_clean,train,existing:train:1150,O=C1CN(C(=O)CN2CC(c3ccc(Cl)cc3)CC2=O)CCN1,1,O=C1CN(C(=O)CN2CC(c3ccc(Cl)cc3)CC2=O)CCN1,,
strict_b3db_confirmed_clean,train,existing:train:1151,O=C(NCCN1CCC(n2c(=O)[nH]c3cc(Cl)ccc32)CC1)c1ccc(F)cc1,1,O=C(NCCN1CCC(n2c(=O)[nH]c3cc(Cl)ccc32)CC1)c1ccc(F)cc1,,
strict_b3db_confirmed_clean,train,existing:train:1152,CO/N=C(\C(=O)N[C@@H]1C(=O)N2C(C(=O)O)=CCS[C@H]12)c1csc(N)n1,0,CO/N=C(\C(=O)N[C@@H]1C(=O)N2C(C(=O)O)=CCS[C@H]12)c1csc(N)n1,,
strict_b3db_confirmed_clean,train,existing:train:1153,C=CC1=C(C(=O)O)N2C(=O)[C@@H](NC(=O)/C(=N\O)c3csc(N)n3)[C@H]2SC1,0,C=CC1=C(C(=O)O)N2C(=O)[C@@H](NC(=O)/C(=N\O)c3csc(N)n3)[C@H]2SC1,,
strict_b3db_confirmed_clean,train,existing:train:1154,C=CC1=C(C(=O)O)N2C(=O)[C@@H](NC(=O)/C(=N\OCC(=O)O)c3csc(N)n3)[C@H]2SC1,0,C=CC1=C(C(=O)O)N2C(=O)[C@@H](NC(=O)/C(=N\OCC(=O)O)c3csc(N)n3)[C@H]2SC1,,
strict_b3db_confirmed_clean,train,existing:train:1155,Cc1cc(-c2ccccc2)nnc1NCCN1CCOCC1,1,Cc1cc(-c2ccccc2)nnc1NCCN1CCOCC1,,
strict_b3db_confirmed_clean,train,existing:train:1156,N#Cc1cc(-c2ccccc2)nnc1NCCN1CCOCC1,1,N#Cc1cc(-c2ccccc2)nnc1NCCN1CCOCC1,,
strict_b3db_confirmed_clean,train,existing:train:1157,CC(C)N[C@H]1C2CCC(CC2)[C@]1(O)c1ccc(Cl)c(Cl)c1,1,CC(C)N[C@H]1C2CCC(CC2)[C@]1(O)c1ccc(Cl)c(Cl)c1,,
strict_b3db_confirmed_clean,train,existing:train:1158,Cc1cnn(-c2c(Cl)cccc2Cl)c1C(=O)N[C@@H]1C(=O)N2[C@@H]1SC(C)(C)[C@@H]2C(=O)O,0,Cc1cnn(-c2c(Cl)cccc2Cl)c1C(=O)N[C@@H]1C(=O)N2[C@@H]1SC(C)(C)[C@@H]2C(=O)O,,
strict_b3db_confirmed_clean,train,existing:train:1159,CCCC(=O)O[C@]1(C(=O)COC(C)=O)CC[C@H]2[C@@H]3C[C@H](C)C4=CC(=O)CC[C@]4(C)[C@H]3[C@@H](O)C[C@@]21C,1,CCCC(=O)O[C@]1(C(=O)COC(C)=O)CC[C@H]2[C@@H]3C[C@H](C)C4=CC(=O)CC[C@]4(C)[C@H]3[C@@H](O)C[C@@]21C,,
strict_b3db_confirmed_clean,train,existing:train:1160,C[C@]12C[C@H](O)[C@H]3[C@@H](CCC4=CC(=O)CC[C@@]43C)[C@@H]1CC[C@@H]2C(=O)CO,0,C[C@]12C[C@H](O)[C@H]3[C@@H](CCC4=CC(=O)CC[C@@]43C)[C@@H]1CC[C@@H]2C(=O)CO,,
strict_b3db_confirmed_clean,train,existing:train:1161,C[C@]12CCC(=O)C=C1CC[C@@H]1[C@@H]2[C@@H](O)C[C@]2(C=O)[C@@H](C(=O)CO)CC[C@@H]12,0,C[C@]12CCC(=O)C=C1CC[C@@H]1[C@@H]2[C@@H](O)C[C@]2(C=O)[C@@H](C(=O)CO)CC[C@@H]12,,
strict_b3db_confirmed_clean,train,existing:train:1162,CC(=O)[C@@]1(O)[C@H](O)C[C@H]2[C@@H]3CCC4=CC(=O)CC[C@]4(C)[C@H]3CC[C@@]21C,1,CC(=O)[C@@]1(O)[C@H](O)C[C@H]2[C@@H]3CCC4=CC(=O)CC[C@]4(C)[C@H]3CC[C@@]21C,,
strict_b3db_confirmed_clean,train,existing:train:1163,CC(=O)OCC(=O)[C@@]1(O)CC[C@H]2[C@@H]3CCC4=CC(=O)CC[C@]4(C)[C@H]3[C@@H](O)C[C@@]21C,1,CC(=O)OCC(=O)[C@@]1(O)CC[C@H]2[C@@H]3CCC4=CC(=O)CC[C@]4(C)[C@H]3[C@@H](O)C[C@@]21C,,
strict_b3db_confirmed_clean,train,existing:train:1164,CCCC(=O)O[C@]1(C(=O)COC(=O)CC)CC[C@H]2[C@@H]3CCC4=CC(=O)CC[C@]4(C)[C@H]3[C@@H](O)C[C@@]21C,1,CCCC(=O)O[C@]1(C(=O)COC(=O)CC)CC[C@H]2[C@@H]3CCC4=CC(=O)CC[C@]4(C)[C@H]3[C@@H](O)C[C@@]21C,,
strict_b3db_confirmed_clean,train,existing:train:1165,CCCC(=O)O[C@]1(C(=O)CO)CC[C@H]2[C@@H]3CCC4=CC(=O)CC[C@]4(C)[C@H]3[C@@H](O)C[C@@]21C,1,CCCC(=O)O[C@]1(C(=O)CO)CC[C@H]2[C@@H]3CCC4=CC(=O)CC[C@]4(C)[C@H]3[C@@H](O)C[C@@]21C,,
strict_b3db_confirmed_clean,train,existing:train:1166,CC(=O)[C@H]1CC[C@H]2[C@@H]3C[C@H](C)C4=CC(=O)CC[C@]4(C)[C@H]3[C@@H](O)C[C@]12C,1,CC(=O)[C@H]1CC[C@H]2[C@@H]3C[C@H](C)C4=CC(=O)CC[C@]4(C)[C@H]3[C@@H](O)C[C@]12C,,
strict_b3db_confirmed_clean,train,existing:train:1167,C[C@]12CCC(=O)C=C1CC[C@@H]1[C@@H]2[C@@H](O)C[C@@]2(C)[C@H]1CC[C@]2(O)C(=O)CS,1,C[C@]12CCC(=O)C=C1CC[C@@H]1[C@@H]2[C@@H](O)C[C@@]2(C)[C@H]1CC[C@]2(O)C(=O)CS,,
strict_b3db_confirmed_clean,train,existing:train:1168,CC(C)(C)C(=O)SCC(=O)[C@@]1(O)CC[C@H]2[C@@H]3CCC4=CC(=O)CC[C@]4(C)[C@H]3[C@@H](O)C[C@@]21C,1,CC(C)(C)C(=O)SCC(=O)[C@@]1(O)CC[C@H]2[C@@H]3CCC4=CC(=O)CC[C@]4(C)[C@H]3[C@@H](O)C[C@@]21C,,
strict_b3db_confirmed_clean,train,existing:train:1169,C[C@]12CC[C@H]3[C@@H](CCC4=CC(=O)CC[C@@H]43)[C@@H]1CC[C@@H]2O,0,C[C@]12CC[C@H]3[C@@H](CCC4=CC(=O)CC[C@@H]43)[C@@H]1CC[C@@H]2O,,
strict_b3db_confirmed_clean,train,existing:train:1170,C#C[C@]1(O)CC[C@H]2[C@@H]3CCC4=CC(=O)CC[C@@H]4[C@H]3CC[C@@]21C,0,C#C[C@]1(O)CC[C@H]2[C@@H]3CCC4=CC(=O)CC[C@@H]4[C@H]3CC[C@@]21C,,
strict_b3db_confirmed_clean,train,existing:train:1171,CC(=O)OCC(=O)[C@@]1(O)CC[C@H]2[C@@H]3CCC4=CC(=O)CC[C@]4(C)[C@@]3(F)[C@@H](O)C[C@@]21C,1,CC(=O)OCC(=O)[C@@]1(O)CC[C@H]2[C@@H]3CCC4=CC(=O)CC[C@]4(C)[C@@]3(F)[C@@H](O)C[C@@]21C,,
strict_b3db_confirmed_clean,train,existing:train:1172,CC12CCC(=O)C=C1CCC1C2CCC2(C)C1CCC2(O)C(=O)CO,1,CC12CCC(=O)C=C1CCC1C2CCC2(C)C1CCC2(O)C(=O)CO,,
strict_b3db_confirmed_clean,train,existing:train:1173,CCC(=O)C1(O)CCC2C3CCC4=CC(=O)CCC4(C)C3C(O)CC21C,1,CCC(=O)C1(O)CCC2C3CCC4=CC(=O)CCC4(C)C3C(O)CC21C,,
strict_b3db_confirmed_clean,train,existing:train:1174,C[C@]12CCC(=O)C=C1CC[C@@H]1[C@@H]2CC[C@@]2(C)[C@H]1CC[C@]2(C)O,0,C[C@]12CCC(=O)C=C1CC[C@@H]1[C@@H]2CC[C@@]2(C)[C@H]1CC[C@]2(C)O,,
strict_b3db_confirmed_clean,train,existing:train:1175,CCN(CC)CC(=O)OCC(=O)[C@@]1(O)CC[C@H]2[C@@H]3CCC4=CC(=O)CC[C@]4(C)[C@H]3[C@@H](O)C[C@@]21C,1,CCN(CC)CC(=O)OCC(=O)[C@@]1(O)CC[C@H]2[C@@H]3CCC4=CC(=O)CC[C@]4(C)[C@H]3[C@@H](O)C[C@@]21C,,
strict_b3db_confirmed_clean,train,existing:train:1176,CCC(=O)O[C@]1(C(=O)COC(C)=O)CC[C@H]2[C@@H]3CCC4=CC(=O)CC[C@]4(C)[C@H]3[C@@H](O)C[C@@]21C,1,CCC(=O)O[C@]1(C(=O)COC(C)=O)CC[C@H]2[C@@H]3CCC4=CC(=O)CC[C@]4(C)[C@H]3[C@@H](O)C[C@@]21C,,
strict_b3db_confirmed_clean,train,existing:train:1177,C[C@]12CCC(=O)C=C1CC[C@@H]1[C@@H]2[C@@H](O)C[C@@]2(C)[C@H]1CC[C@]2(O)C(=O)COC(=O)CCC(=O)O,1,C[C@]12CCC(=O)C=C1CC[C@@H]1[C@@H]2[C@@H](O)C[C@@]2(C)[C@H]1CC[C@]2(O)C(=O)COC(=O)CCC(=O)O,,
strict_b3db_confirmed_clean,train,existing:train:1178,CCCCC(=O)O[C@]1(C(=O)CO)CCC2C3CCC4=CC(=O)CCC4(C)C3C(O)CC21C,1,CCCCC(=O)O[C@]1(C(=O)CO)CCC2C3CCC4=CC(=O)CCC4(C)C3C(O)CC21C,,
strict_b3db_confirmed_clean,train,existing:train:1179,Cc1cc(=O)n(-c2ccccc2)n1C,1,Cc1cc(=O)n(-c2ccccc2)n1C,,
strict_b3db_confirmed_clean,train,existing:train:1180,Cc1c(N(C)C)c(=O)n(-c2ccccc2)n1C,1,Cc1c(N(C)C)c(=O)n(-c2ccccc2)n1C,,
strict_b3db_confirmed_clean,train,existing:train:1181,ON1CC(=NCC2CC2)N=c2ccc(Cl)cc2=C1c1ccccc1,1,ON1CC(=NCC2CC2)N=c2ccc(Cl)cc2=C1c1ccccc1,,
strict_b3db_confirmed_clean,train,existing:train:1182,CN1Cc2c(N)cccc2C(c2ccccc2)C1,1,CN1Cc2c(N)cccc2C(c2ccccc2)C1,,
strict_b3db_confirmed_clean,train,existing:train:1183,COc1ccc2c(c1)CN(C)CC2c1ccc(Cl)c(Cl)c1,1,COc1ccc2c(c1)CN(C)CC2c1ccc(Cl)c(Cl)c1,,
strict_b3db_confirmed_clean,valid,existing:valid:0,COc1cc2c(cc1OC)S(=O)(=O)OC(C(=O)NC(C)CC(C)(C)N(C)C)C2,1,COc1cc2c(cc1OC)S(=O)(=O)OC(C(=O)NC(C)CC(C)(C)N(C)C)C2,,
strict_b3db_confirmed_clean,valid,existing:valid:1,CO[C@]12CC[C@@]3(C[C@@H]1C(C)(C)O)[C@H]1Cc4ccc(O)c5c4[C@@]3(CCN1CC1CC1)[C@H]2O5,1,CO[C@]12CC[C@@]3(C[C@@H]1C(C)(C)O)[C@H]1Cc4ccc(O)c5c4[C@@]3(CCN1CC1CC1)[C@H]2O5,,
strict_b3db_confirmed_clean,valid,existing:valid:2,CO[C@]12CC[C@@]3(C[C@@H]1[C@](C)(O)C(C)(C)C)[C@H]1Cc4ccc(O)c5c4[C@@]3(CCN1CC1CC1)[C@H]2O5,1,CO[C@]12CC[C@@]3(C[C@@H]1[C@](C)(O)C(C)(C)C)[C@H]1Cc4ccc(O)c5c4[C@@]3(CCN1CC1CC1)[C@H]2O5,,
strict_b3db_confirmed_clean,valid,existing:valid:3,CCCC(C(=O)c1ccc(C)cc1)N1CCCC1,1,CCCC(C(=O)c1ccc(C)cc1)N1CCCC1,,
strict_b3db_confirmed_clean,valid,existing:valid:4,CCCN1CC=C(c2c[nH]c3ccc(Cl)cc23)CC1,1,CCCN1CC=C(c2c[nH]c3ccc(Cl)cc23)CC1,,
strict_b3db_confirmed_clean,valid,existing:valid:5,C=C1CC[C@@]2(O)[C@H]3Cc4ccc(O)c5c4[C@@]2(CCN3CC2CC2)[C@H]1O5,1,C=C1CC[C@@]2(O)[C@H]3Cc4ccc(O)c5c4[C@@]2(CCN3CC2CC2)[C@H]1O5,,
strict_b3db_confirmed_clean,valid,existing:valid:6,c1ccc2c(CCC3CCNCC3)c[nH]c2c1,1,c1ccc2c(CCC3CCNCC3)c[nH]c2c1,,
strict_b3db_confirmed_clean,valid,existing:valid:7,C[C@]12C=CC(=O)C=C1CC[C@@H]1[C@@H]2CC[C@]2(C)OC(=O)CC[C@@H]12,0,C[C@]12C=CC(=O)C=C1CC[C@@H]1[C@@H]2CC[C@]2(C)OC(=O)CC[C@@H]12,,
strict_b3db_confirmed_clean,valid,existing:valid:8,OCCN1CCN(CC/C=C2/c3ccccc3COc3ccc(Cl)cc32)CC1,1,OCCN1CCN(CC/C=C2/c3ccccc3COc3ccc(Cl)cc32)CC1,,
strict_b3db_confirmed_clean,valid,existing:valid:9,CNC1(c2ccccc2Cl)CCCCC1=O,1,CNC1(c2ccccc2Cl)CCCCC1=O,,
strict_b3db_confirmed_clean,valid,existing:valid:10,CC(=O)O[C@@]12CO[C@@H]1C[C@H](O)[C@@]1(C)C(=O)[C@H](O)C3=C(C)[C@@H](OC(=O)[C@H](O)[C@@H](NC(=O)OC(C)(C)C)c4ccccc4)C[C@@](O)([C@@H](OC(=O)c4ccccc4)[C@H]21)C3(C)C,0,CC(=O)O[C@@]12CO[C@@H]1C[C@H](O)[C@@]1(C)C(=O)[C@H](O)C3=C(C)[C@@H](OC(=O)[C@H](O)[C@@H](NC(=O)OC(C)(C)C)c4ccccc4)C[C@@](O)([C@@H](OC(=O)c4ccccc4)[C@H]21)C3(C)C,,
strict_b3db_confirmed_clean,valid,existing:valid:11,CCC1(c2ccccc2)C(=O)N(COC)C(=O)N(COC)C1=O,1,CCC1(c2ccccc2)C(=O)N(COC)C(=O)N(COC)C1=O,,
strict_b3db_confirmed_clean,valid,existing:valid:12,CCC1(c2ccccc2)C(=O)NC(=O)NC1=O,1,CCC1(c2ccccc2)C(=O)NC(=O)NC1=O,,
strict_b3db_confirmed_clean,valid,existing:valid:13,CCCCOCC(CN1C(=O)NC(=O)C(CC)(c2ccccc2)C1=O)OC(N)=O,1,CCCCOCC(CN1C(=O)NC(=O)C(CC)(c2ccccc2)C1=O)OC(N)=O,,
strict_b3db_confirmed_clean,valid,existing:valid:14,CCC1(c2ccccc2)C(=O)NC(=O)N(C)C1=O,1,CCC1(c2ccccc2)C(=O)NC(=O)N(C)C1=O,,
strict_b3db_confirmed_clean,valid,existing:valid:15,CCCCOCC(CN1C(=O)N(CC(COCCCC)OC(N)=O)C(=O)C(CC)(c2ccccc2)C1=O)OC(N)=O,1,CCCCOCC(CN1C(=O)N(CC(COCCCC)OC(N)=O)C(=O)C(CC)(c2ccccc2)C1=O)OC(N)=O,,
strict_b3db_confirmed_clean,valid,existing:valid:16,C/C(=C(/CCO)SSCC1CCCO1)N(C=O)Cc1cnc(C)nc1N,1,C/C(=C(/CCO)SSCC1CCCO1)N(C=O)Cc1cnc(C)nc1N,,
strict_b3db_confirmed_clean,valid,existing:valid:17,CCN(CC)C(=O)N[C@H]1C=C2c3cccc4[nH]cc(c34)C[C@H]2N(C)C1,1,CCN(CC)C(=O)N[C@H]1C=C2c3cccc4[nH]cc(c34)C[C@H]2N(C)C1,,
strict_b3db_confirmed_clean,valid,existing:valid:18,CCCN(CCC)CCc1cccc2c1CC(=O)N2,1,CCCN(CCC)CCc1cccc2c1CC(=O)N2,,
strict_b3db_confirmed_clean,valid,existing:valid:19,CCCN(CCC)CCc1ccc(O)c2c1CC(=O)N2,1,CCCN(CCC)CCc1ccc(O)c2c1CC(=O)N2,,
strict_b3db_confirmed_clean,valid,existing:valid:20,CC1=C/C(O)CC(=O)Cc2nc(co2)C(=O)N2CCC=C2C(=O)OC(C(C)C)C(C)/C=C\C(=O)NC/C=C\1,0,CC1=C/C(O)CC(=O)Cc2nc(co2)C(=O)N2CCC=C2C(=O)OC(C(C)C)C(C)/C=C\C(=O)NC/C=C\1,,
strict_b3db_confirmed_clean,valid,existing:valid:21,Clc1ccc(OCC2=NCCN2)cc1Cl,1,Clc1ccc(OCC2=NCCN2)cc1Cl,,
strict_b3db_confirmed_clean,valid,existing:valid:22,Cc1ccc(C(C)C)c(OCC2=NCCN2)c1,0,Cc1ccc(C(C)C)c(OCC2=NCCN2)c1,,
strict_b3db_confirmed_clean,valid,existing:valid:23,CC(C)c1ccccc1OCC1=NCCN1,0,CC(C)c1ccccc1OCC1=NCCN1,,
strict_b3db_confirmed_clean,valid,existing:valid:24,N#CC(CCN1CCC(C(N)=O)(N2CCCCC2)CC1)(c1ccccc1)c1ccccc1,1,N#CC(CCN1CCC(C(N)=O)(N2CCCCC2)CC1)(c1ccccc1)c1ccccc1,,
strict_b3db_confirmed_clean,valid,existing:valid:25,CN1CC=C(c2ccccc2)CC1,1,CN1CC=C(c2ccccc2)CC1,,
strict_b3db_confirmed_clean,valid,existing:valid:26,CO[C@@]1(NC(=O)C(C(=O)O)c2ccc(O)cc2)C(=O)N2C(C(=O)O)=C(CSc3nnnn3C)CO[C@@H]21,0,CO[C@@]1(NC(=O)C(C(=O)O)c2ccc(O)cc2)C(=O)N2C(C(=O)O)=C(CSc3nnnn3C)CO[C@@H]21,,
strict_b3db_confirmed_clean,valid,existing:valid:27,COc1cc(C(C)=O)ccc1OCCCN1CCC(c2noc3cc(F)ccc23)CC1,1,COc1cc(C(C)=O)ccc1OCCCN1CCC(c2noc3cc(F)ccc23)CC1,,
strict_b3db_confirmed_clean,valid,existing:valid:28,CN1CCOC(c2ccccc2)c2ccccc2C1,1,CN1CCOC(c2ccccc2)c2ccccc2C1,,
strict_b3db_confirmed_clean,valid,existing:valid:29,CN1C[C@@H](CC#N)CC2c3cccc4[nH]cc(c34)C[C@H]21,1,CN1C[C@@H](CC#N)CC2c3cccc4[nH]cc(c34)C[C@H]21,,
strict_b3db_confirmed_clean,valid,existing:valid:30,CCN(CC)C(=O)N[C@H]1C[C@@H]2c3cccc4[nH]cc(c34)C[C@H]2N(C)C1,1,CCN(CC)C(=O)N[C@H]1C[C@@H]2c3cccc4[nH]cc(c34)C[C@H]2N(C)C1,,
strict_b3db_confirmed_clean,valid,existing:valid:31,CCCN1C[C@H](CSC)C[C@@H]2c3cccc4[nH]cc(c34)C[C@H]21,1,CCCN1C[C@H](CSC)C[C@@H]2c3cccc4[nH]cc(c34)C[C@H]21,,
strict_b3db_confirmed_clean,valid,existing:valid:32,CCN(CC)S(=O)(=O)N[C@H]1C[C@@H]2c3cccc4[nH]cc(c34)C[C@H]2N(C)C1,1,CCN(CC)S(=O)(=O)N[C@H]1C[C@@H]2c3cccc4[nH]cc(c34)C[C@H]2N(C)C1,,
strict_b3db_confirmed_clean,valid,existing:valid:33,C=CCN1C[C@H](C(=O)N(CCCN(C)C)C(=O)NCC)C[C@@H]2c3cccc4[nH]cc(c34)C[C@H]21,1,C=CCN1C[C@H](C(=O)N(CCCN(C)C)C(=O)NCC)C[C@@H]2c3cccc4[nH]cc(c34)C[C@H]21,,
strict_b3db_confirmed_clean,valid,existing:valid:34,CN1C[C@@H](NS(=O)(=O)N(C)C)C[C@@H]2c3cccc4c3c(cn4C)C[C@H]21,1,CN1C[C@@H](NS(=O)(=O)N(C)C)C[C@@H]2c3cccc4c3c(cn4C)C[C@H]21,,
strict_b3db_confirmed_clean,valid,existing:valid:35,CCC(C)[C@H]1O[C@]2(CC[C@@H]1C)CC1C[C@@H](C/C=C(\C)[C@@H](O[C@H]3C[C@H](OC)[C@@H](OC4C[C@H](OC)[C@@H](O)[C@H](C)O4)[C@H](C)O3)[C@@H](C)/C=C/C=C3\CO[C@@H]4[C@H](O)C(C)=C[C@@H](C(=O)O1)[C@]34O)O2,0,CCC(C)[C@H]1O[C@]2(CC[C@@H]1C)CC1C[C@@H](C/C=C(\C)[C@@H](O[C@H]3C[C@H](OC)[C@@H](OC4C[C@H](OC)[C@@H](O)[C@H](C)O4)[C@H](C)O3)[C@@H](C)/C=C/C=C3\CO[C@@H]4[C@H](O)C(C)=C[C@@H](C(=O)O1)[C@]34O)O2,,
strict_b3db_confirmed_clean,valid,existing:valid:36,O=c1[nH]c2ccccc2n1C1CCN(CCCc2noc3cc(F)ccc23)CC1,1,O=c1[nH]c2ccccc2n1C1CCN(CCCc2noc3cc(F)ccc23)CC1,,
strict_b3db_confirmed_clean,valid,existing:valid:37,CC(=O)Nc1ccc(OC(=O)c2ccccc2O)cc1,1,CC(=O)Nc1ccc(OC(=O)c2ccccc2O)cc1,,
strict_b3db_confirmed_clean,valid,existing:valid:38,CC(=O)Nc1ccc(OC(=O)c2ccccc2OC(C)=O)cc1,1,CC(=O)Nc1ccc(OC(=O)c2ccccc2OC(C)=O)cc1,,
strict_b3db_confirmed_clean,valid,existing:valid:39,O=C(Oc1ccccc1C(=O)O)c1ccccc1O,1,O=C(Oc1ccccc1C(=O)O)c1ccccc1O,,
strict_b3db_confirmed_clean,valid,existing:valid:40,CN1CCN(c2ccccc2Cc2ccccc2)CC1,1,CN1CCN(c2ccccc2Cc2ccccc2)CC1,,
strict_b3db_confirmed_clean,valid,existing:valid:41,Cc1ccc(Cc2ccccc2)c(N2CCNCC2)c1,1,Cc1ccc(Cc2ccccc2)c(N2CCNCC2)c1,,
strict_b3db_confirmed_clean,valid,existing:valid:42,CC(=O)[C@H]1CC[C@H]2[C@@H]3C[C@@H](O)C45CC4CC[C@]5(C)[C@H]3CC[C@]12C,1,CC(=O)[C@H]1CC[C@H]2[C@@H]3C[C@@H](O)C45CC4CC[C@]5(C)[C@H]3CC[C@]12C,,
strict_b3db_confirmed_clean,valid,existing:valid:43,COC(=O)[C@H]1[C@H]2C[C@@H]3c4[nH]c5cc(OC)ccc5c4CCN3C[C@H]2C[C@@H](OC(=O)/C=C/c2cc(OC)c(OC)c(OC)c2)[C@@H]1OC,1,COC(=O)[C@H]1[C@H]2C[C@@H]3c4[nH]c5cc(OC)ccc5c4CCN3C[C@H]2C[C@@H](OC(=O)/C=C/c2cc(OC)c(OC)c(OC)c2)[C@@H]1OC,,
strict_b3db_confirmed_clean,valid,existing:valid:44,CN(C)CCC1(C)OCCC2=C1c1ccccc1C2,1,CN(C)CCC1(C)OCCC2=C1c1ccccc1C2,,
strict_b3db_confirmed_clean,valid,existing:valid:45,O=C1COC(N2CCN=C(c3ccccc3Cl)c3cc(Cl)ccc32)=N1,1,O=C1COC(N2CCN=C(c3ccccc3Cl)c3cc(Cl)ccc32)=N1,,
strict_b3db_confirmed_clean,valid,existing:valid:46,CC1=CC(=O)N2CC(=O)N(C)c3ccc(Cl)cc3C2(c2ccccc2)O1,1,CC1=CC(=O)N2CC(=O)N(C)c3ccc(Cl)cc3C2(c2ccccc2)O1,,
strict_b3db_confirmed_clean,valid,existing:valid:47,CN1C2CCC1CC(OC(c1ccccc1)c1ccccc1)C2,1,CN1C2CCC1CC(OC(c1ccccc1)c1ccccc1)C2,,
strict_b3db_confirmed_clean,valid,existing:valid:48,CC1OC(O[C@@H]2C=C3CC[C@@H]4[C@H](CC[C@]5(C)[C@@H](c6ccc(=O)oc6)CC[C@]45O)[C@@]3(C)CC2)C(O)C(O)C1O,0,CC1OC(O[C@@H]2C=C3CC[C@@H]4[C@H](CC[C@]5(C)[C@@H](c6ccc(=O)oc6)CC[C@]45O)[C@@]3(C)CC2)C(O)C(O)C1O,,
strict_b3db_confirmed_clean,valid,existing:valid:49,Cc1nc2n(n1)C(N1CCN(C)CC1)=Nc1ccccc1C2,1,Cc1nc2n(n1)C(N1CCN(C)CC1)=Nc1ccccc1C2,,
strict_b3db_confirmed_clean,valid,existing:valid:50,NC(=O)N1c2ccccc2CC(=O)c2ccccc21,1,NC(=O)N1c2ccccc2CC(=O)c2ccccc21,,
strict_b3db_confirmed_clean,valid,existing:valid:51,CN(C)CCCN1c2ccccc2CC(=O)c2ccccc21,1,CN(C)CCCN1c2ccccc2CC(=O)c2ccccc21,,
strict_b3db_confirmed_clean,valid,existing:valid:52,CCC1(c2ccccc2)CCC(=O)NC1=O,1,CCC1(c2ccccc2)CCC(=O)NC1=O,,
strict_b3db_confirmed_clean,valid,existing:valid:53,O=C1CC2(CCCC2)CC(=O)N1CCCCN1CCN(c2ncccn2)CC1,1,O=C1CC2(CCCC2)CC(=O)N1CCCCN1CCN(c2ncccn2)CC1,,
strict_b3db_confirmed_clean,valid,existing:valid:54,CC(=O)OCC1=C(C(=O)O)N2C(=O)[C@@H](NC(=O)Cc3cccs3)[C@H]2SC1,0,CC(=O)OCC1=C(C(=O)O)N2C(=O)[C@@H](NC(=O)Cc3cccs3)[C@H]2SC1,,
strict_b3db_confirmed_clean,valid,existing:valid:55,O=C1NC(CCCl)Oc2ccccc21,1,O=C1NC(CCCl)Oc2ccccc21,,
strict_b3db_confirmed_clean,valid,existing:valid:56,CN1CC[C@@H]2c3cc(Cl)ccc3Oc3ccccc3[C@H]2C1,1,CN1CC[C@@H]2c3cc(Cl)ccc3Oc3ccccc3[C@H]2C1,,
strict_b3db_confirmed_clean,valid,existing:valid:57,Clc1ccc2c(c1)[C@H]1CCNC[C@@H]1c1ccccc1O2,1,Clc1ccc2c(c1)[C@H]1CCNC[C@@H]1c1ccccc1O2,,
strict_b3db_confirmed_clean,valid,existing:valid:58,Cc1cccc2c1Oc1ccccc1C1(O)CCN(C)CC21,1,Cc1cccc2c1Oc1ccccc1C1(O)CCN(C)CC21,,
strict_b3db_confirmed_clean,valid,existing:valid:59,Cc1cccc2c1Oc1ccccc1[C@@]1(O)CCNC[C@H]21,1,Cc1cccc2c1Oc1ccccc1[C@@]1(O)CCNC[C@H]21,,
strict_b3db_confirmed_clean,valid,existing:valid:60,Cc1cccc2c1Oc1ccccc1[C@@]1(O)CCN(C)C[C@H]21,1,Cc1cccc2c1Oc1ccccc1[C@@]1(O)CCN(C)C[C@H]21,,
strict_b3db_confirmed_clean,valid,existing:valid:61,Cc1cccc2c1Oc1ccccc1[C@@]1(O)CCN(C)C[C@@H]21,1,Cc1cccc2c1Oc1ccccc1[C@@]1(O)CCN(C)C[C@@H]21,,
strict_b3db_confirmed_clean,valid,existing:valid:62,Cc1cccc2c1Oc1ccccc1C1(O)CCNCC21,1,Cc1cccc2c1Oc1ccccc1C1(O)CCNCC21,,
strict_b3db_confirmed_clean,valid,existing:valid:63,Cc1cc2c(s1)=Nc1ccccc1NC=2N1CCN(C)CC1,1,Cc1cc2c(s1)=Nc1ccccc1NC=2N1CCN(C)CC1,,
strict_b3db_confirmed_clean,valid,existing:valid:64,Oc1ccc2c3c1OC1C(O)CCC4(O)C(C2)N(CC2CCC2)CCC314,1,Oc1ccc2c3c1OC1C(O)CCC4(O)C(C2)N(CC2CCC2)CCC314,,
strict_b3db_confirmed_clean,valid,existing:valid:65,COc1ccc([C@@H]2Sc3ccccc3N(CCN(C)C)C(=O)[C@@H]2OC(C)=O)cc1,1,COc1ccc([C@@H]2Sc3ccccc3N(CCN(C)C)C(=O)[C@@H]2OC(C)=O)cc1,,
strict_b3db_confirmed_clean,valid,existing:valid:66,CN(C)CCN1C(=O)CC(c2ccccc2)Sc2ccccc21,1,CN(C)CCN1C(=O)CC(c2ccccc2)Sc2ccccc21,,
strict_b3db_confirmed_clean,valid,existing:valid:67,c1ccc2c(c1)CCc1ccccc1N2C1CN2CCC1CC2,1,c1ccc2c(c1)CCc1ccccc1N2C1CN2CCC1CC2,,
strict_b3db_confirmed_clean,valid,existing:valid:68,COc1cccc(C(=O)NC2C[C@H]3CC[C@@H](C2)N3Cc2ccccc2)c1OC,1,COc1cccc(C(=O)NC2C[C@H]3CC[C@@H](C2)N3Cc2ccccc2)c1OC,,
strict_b3db_confirmed_clean,valid,existing:valid:69,CN1CCC2=C(CC1)c1cc(C#N)ccc1Sc1ccccc12,1,CN1CCC2=C(CC1)c1cc(C#N)ccc1Sc1ccccc12,,
strict_b3db_confirmed_clean,valid,existing:valid:70,CC(C)C1(C(C)C)OCC(CO)O1,1,CC(C)C1(C(C)C)OCC(CO)O1,,
strict_b3db_confirmed_clean,valid,existing:valid:71,CCCCCCCCCC1(C)OCC(COC(N)=O)O1,1,CCCCCCCCCC1(C)OCC(COC(N)=O)O1,,
strict_b3db_confirmed_clean,valid,existing:valid:72,CCC(=O)N(c1ccccc1)C1(COC)CCN(CCc2cccs2)CC1,1,CCC(=O)N(c1ccccc1)C1(COC)CCN(CCc2cccs2)CC1,,
strict_b3db_confirmed_clean,valid,existing:valid:73,OCCN1CCCN(CCCN2c3ccccc3Sc3ccc(C(F)(F)F)cc32)CC1,1,OCCN1CCCN(CCCN2c3ccccc3Sc3ccc(C(F)(F)F)cc32)CC1,,
strict_b3db_confirmed_clean,valid,existing:valid:74,OCCN1CCCN(CCCN2c3ccccc3Sc3cc(C(F)(F)F)ccc32)CC1,1,OCCN1CCCN(CCCN2c3ccccc3Sc3cc(C(F)(F)F)ccc32)CC1,,
strict_b3db_confirmed_clean,valid,existing:valid:75,CCCSc1ccccc1N1CCN(CCCCn2c(=O)[nH]c3ccccc3c2=O)CC1,1,CCCSc1ccccc1N1CCN(CCCCn2c(=O)[nH]c3ccccc3c2=O)CC1,,
strict_b3db_confirmed_clean,valid,existing:valid:76,O=C1OC(c2ccc(O)cc2)(c2ccc(O)cc2)c2ccccc21,0,O=C1OC(c2ccc(O)cc2)(c2ccc(O)cc2)c2ccccc21,,
strict_b3db_confirmed_clean,valid,existing:valid:77,CC(C)N1CCN(c2ccc(OC[C@H]3CO[C@](Cn4cncn4)(c4ccc(Cl)cc4Cl)O3)cc2)CC1,0,CC(C)N1CCN(c2ccc(OC[C@H]3CO[C@](Cn4cncn4)(c4ccc(Cl)cc4Cl)O3)cc2)CC1,,
strict_b3db_confirmed_clean,valid,existing:valid:78,NC1[C@H]2CN(c3nc4c(cc3F)c(=O)c(C(=O)O)cn4-c3ccc(F)cc3F)C[C@@H]12,1,NC1[C@H]2CN(c3nc4c(cc3F)c(=O)c(C(=O)O)cn4-c3ccc(F)cc3F)C[C@@H]12,,
strict_b3db_confirmed_clean,valid,existing:valid:79,C/C(=C(\CCOP(=O)(O)O)SC(=O)c1ccccc1)N(C=O)Cc1cnc(C)nc1N,1,C/C(=C(\CCOP(=O)(O)O)SC(=O)c1ccccc1)N(C=O)Cc1cnc(C)nc1N,,
strict_b3db_confirmed_clean,valid,existing:valid:80,Cc1cc(CCN2CCN(c3cccc(Cl)c3)CC2)n[nH]1,1,Cc1cc(CCN2CCN(c3cccc(Cl)c3)CC2)n[nH]1,,
strict_b3db_confirmed_clean,valid,existing:valid:81,Cc1cccc(N2CCN(CCc3cc(C)[nH]n3)CC2)c1,1,Cc1cccc(N2CCN(CCc3cc(C)[nH]n3)CC2)c1,,
strict_b3db_confirmed_clean,valid,existing:valid:82,O=C1c2ccccc2S(=O)(=O)N1CCCN1CCN(c2ncccn2)CC1,1,O=C1c2ccccc2S(=O)(=O)N1CCCN1CCN(c2ncccn2)CC1,,
strict_b3db_confirmed_clean,valid,existing:valid:83,O=C(CN1CCC23CCCCC2C1Cc1ccc(O)cc13)c1ccccc1,1,O=C(CN1CCC23CCCCC2C1Cc1ccc(O)cc13)c1ccccc1,,
strict_b3db_confirmed_clean,valid,existing:valid:84,CCOc1ccccc1OCC1CNCCO1,1,CCOc1ccccc1OCC1CNCCO1,,
strict_b3db_confirmed_clean,valid,existing:valid:85,CN1CC[C@]23c4c5ccc(O)c4O[C@H]2[C@@H](O)CC[C@@]3(O)[C@H]1C5,1,CN1CC[C@]23c4c5ccc(O)c4O[C@H]2[C@@H](O)CC[C@@]3(O)[C@H]1C5,,
strict_b3db_confirmed_clean,valid,existing:valid:86,CO[C@H]1CC[C@H]2[C@H]3Cc4ccc(O)c5c4[C@@]2(CCN3C)[C@H]1O5,1,CO[C@H]1CC[C@H]2[C@H]3Cc4ccc(O)c5c4[C@@]2(CCN3C)[C@H]1O5,,
strict_b3db_confirmed_clean,valid,existing:valid:87,CN1CCC23c4c5ccc(O)c4OC2CCCC3C1C5,1,CN1CCC23c4c5ccc(O)c4OC2CCCC3C1C5,,
strict_b3db_confirmed_clean,valid,existing:valid:88,COc1ccc2c3c1O[C@H]1[C@@H](O)CC[C@H]4[C@@H](C2)N(C)CC[C@@]341,1,COc1ccc2c3c1O[C@H]1[C@@H](O)CC[C@H]4[C@@H](C2)N(C)CC[C@@]341,,
strict_b3db_confirmed_clean,valid,existing:valid:89,CN1CCC23c4c5ccc(O)c4OC2C(O)CCC3C1C5,1,CN1CCC23c4c5ccc(O)c4OC2C(O)CCC3C1C5,,
strict_b3db_confirmed_clean,valid,existing:valid:90,O=C(CCNNC(=O)c1ccncc1)NCc1ccccc1,1,O=C(CCNNC(=O)c1ccncc1)NCc1ccccc1,,
strict_b3db_confirmed_clean,valid,existing:valid:91,Cc1ccc(Cc2cnc(NCCCCc3ncc(Br)cc3C)[nH]c2=O)cn1,0,Cc1ccc(Cc2cnc(NCCCCc3ncc(Br)cc3C)[nH]c2=O)cn1,,
strict_b3db_confirmed_clean,valid,existing:valid:92,COc1cccnc1CCCCNc1ncc(Cc2ccc(C)nc2)c(=O)[nH]1,0,COc1cccnc1CCCCNc1ncc(Cc2ccc(C)nc2)c(=O)[nH]1,,
strict_b3db_confirmed_clean,valid,existing:valid:93,Cc1ccc2c(c1)C(N1CCN(C)CC1)=Nc1ccccc1S2,1,Cc1ccc2c(c1)C(N1CCN(C)CC1)=Nc1ccccc1S2,,
strict_b3db_confirmed_clean,valid,existing:valid:94,OCCOCCN1CCN(C2=Nc3ccccc3Sc3ccccc32)CC1,1,OCCOCCN1CCN(C2=Nc3ccccc3Sc3ccccc32)CC1,,
strict_b3db_confirmed_clean,valid,existing:valid:95,CN1CCN(C2=Nc3ccccc3Sc3ccc(Cl)cc32)CC1,1,CN1CCN(C2=Nc3ccccc3Sc3ccc(Cl)cc32)CC1,,
strict_b3db_confirmed_clean,valid,existing:valid:96,COc1ccc2c(C3CCN(CCCC(=O)c4ccc(F)cc4)CC3)c(C)[nH]c2c1,1,COc1ccc2c(C3CCN(CCCC(=O)c4ccc(F)cc4)CC3)c(C)[nH]c2c1,,
strict_b3db_confirmed_clean,valid,existing:valid:97,CC1(C)O[C@@H]2C[C@H]3[C@@H]4CCC5=CC(=O)C=C[C@]5(C)[C@@]4(F)[C@@H](O)C[C@]3(C)[C@]2(C(=O)COC(=O)c2cc3ccccc3o2)O1,1,CC1(C)O[C@@H]2C[C@H]3[C@@H]4CCC5=CC(=O)C=C[C@]5(C)[C@@]4(F)[C@@H](O)C[C@]3(C)[C@]2(C(=O)COC(=O)c2cc3ccccc3o2)O1,,
strict_b3db_confirmed_clean,valid,existing:valid:98,c1cncc(CC2(Cc3ccncc3)c3cccnc3-c3ncccc32)c1,1,c1cncc(CC2(Cc3ccncc3)c3cccnc3-c3ncccc32)c1,,
strict_b3db_confirmed_clean,valid,existing:valid:99,Cc1c2c(cn1C)NC(=O)CN=C2c1ccccc1,1,Cc1c2c(cn1C)NC(=O)CN=C2c1ccccc1,,
strict_b3db_confirmed_clean,valid,existing:valid:100,CC[C@H]1OC(=O)[C@H](C)[C@@H](O[C@H]2C[C@@](C)(OC)[C@@H](O)[C@H](C)O2)[C@H](C)[C@@H](O[C@@H]2O[C@H](C)C[C@H](N(C)C)[C@H]2O)[C@](C)(O)C[C@@H](C)/C(=N/OCOCCOC)[C@H](C)[C@@H](O)[C@]1(C)O,0,CC[C@H]1OC(=O)[C@H](C)[C@@H](O[C@H]2C[C@@](C)(OC)[C@@H](O)[C@H](C)O2)[C@H](C)[C@@H](O[C@@H]2O[C@H](C)C[C@H](N(C)C)[C@H]2O)[C@](C)(O)C[C@@H](C)/C(=N/OCOCCOC)[C@H](C)[C@@H](O)[C@]1(C)O,,
strict_b3db_confirmed_clean,valid,existing:valid:101,CC1OC2(CCCCC2Oc2cccc(Cl)c2)NC1=O,1,CC1OC2(CCCCC2Oc2cccc(Cl)c2)NC1=O,,
strict_b3db_confirmed_clean,valid,existing:valid:102,O=C(CCCN1CCN2Cc3[nH]c4ccccc4c3CC2C1)c1ccc(F)cc1,1,O=C(CCCN1CCN2Cc3[nH]c4ccccc4c3CC2C1)c1ccc(F)cc1,,
strict_b3db_confirmed_clean,valid,existing:valid:103,CN(C)CC1=Cc2ccccc2Sc2ccccc21,1,CN(C)CC1=Cc2ccccc2Sc2ccccc21,,
strict_b3db_confirmed_clean,valid,existing:valid:104,CN(C)CCOC1=Cc2ccccc2Sc2ccc(Cl)cc21,1,CN(C)CCOC1=Cc2ccccc2Sc2ccc(Cl)cc21,,
strict_b3db_confirmed_clean,valid,existing:valid:105,O=C(CCCN1CCC(O)(c2ccc(Cl)c(C(F)(F)F)c2)CC1)c1ccc(F)cc1,1,O=C(CCCN1CCC(O)(c2ccc(Cl)c(C(F)(F)F)c2)CC1)c1ccc(F)cc1,,
strict_b3db_confirmed_clean,valid,existing:valid:106,CCCCCCCCCC(=O)OC1(c2ccc(Br)cc2)CCN(CCCC(=O)c2ccc(F)cc2)CC1,1,CCCCCCCCCC(=O)OC1(c2ccc(Br)cc2)CCN(CCCC(=O)c2ccc(F)cc2)CC1,,
strict_b3db_confirmed_clean,valid,existing:valid:107,CN(C)C(=O)C1(c2ccc(Cl)cc2)CCN(CCCC(=O)c2ccc(F)cc2)CC1,1,CN(C)C(=O)C1(c2ccc(Cl)cc2)CCN(CCCC(=O)c2ccc(F)cc2)CC1,,
strict_b3db_confirmed_clean,valid,existing:valid:108,CC(=O)NCC1(c2ccccc2)CCN(CCCC(=O)c2ccc(F)cc2)CC1,1,CC(=O)NCC1(c2ccccc2)CCN(CCCC(=O)c2ccc(F)cc2)CC1,,
strict_b3db_confirmed_clean,valid,existing:valid:109,O=C(CCCN1CCC(O)(c2cccc(C(F)(F)F)c2)CC1)c1ccc(F)cc1,1,O=C(CCCN1CCC(O)(c2cccc(C(F)(F)F)c2)CC1)c1ccc(F)cc1,,
strict_b3db_confirmed_clean,valid,existing:valid:110,CCCCCCCCCC(=O)OC1(c2ccc(Cl)cc2)CCN(CCCC(=O)c2ccc(F)cc2)CC1,1,CCCCCCCCCC(=O)OC1(c2ccc(Cl)cc2)CCN(CCCC(=O)c2ccc(F)cc2)CC1,,
strict_b3db_confirmed_clean,valid,existing:valid:111,O=C(CCCN1CCC(O)(c2ccc(Cl)cc2)CC1)c1ccc(F)cc1,1,O=C(CCCN1CCC(O)(c2ccc(Cl)cc2)CC1)c1ccc(F)cc1,,
strict_b3db_confirmed_clean,valid,existing:valid:112,Cc1ccc(C2(O)CCN(CCCC(=O)c3ccc(F)cc3)CC2)cc1,1,Cc1ccc(C2(O)CCN(CCCC(=O)c3ccc(F)cc3)CC2)cc1,,
strict_b3db_confirmed_clean,valid,existing:valid:113,O=C(CCCN1CCC(O)(c2ccc(Br)cc2)CC1)c1ccc(F)cc1,1,O=C(CCCN1CCC(O)(c2ccc(Br)cc2)CC1)c1ccc(F)cc1,,
strict_b3db_confirmed_clean,valid,existing:valid:114,CC(=O)OCC(=O)[C@@]12OC(C)(C)O[C@@H]1CC1C3CC(C=O)=C4C=C(OCCCl)CCC4(C)[C@@]3(F)C(O)CC12C,1,CC(=O)OCC(=O)[C@@]12OC(C)(C)O[C@@H]1CC1C3CC(C=O)=C4C=C(OCCCl)CCC4(C)[C@@]3(F)C(O)CC12C,,
strict_b3db_confirmed_clean,valid,existing:valid:115,CC(=O)OCC(=O)[C@@]12OC(C)(C)O[C@@H]1C[C@H]1C3CC(C#N)=C4C=C(OCCCl)CCC4(C)[C@@]3(F)C(O)CC12C,1,CC(=O)OCC(=O)[C@@]12OC(C)(C)O[C@@H]1C[C@H]1C3CC(C#N)=C4C=C(OCCCl)CCC4(C)[C@@]3(F)C(O)CC12C,,
strict_b3db_confirmed_clean,valid,existing:valid:116,CN1CCN(CCN2CCN(CCCN3c4ccccc4Sc4ccc(Cl)cc43)CC2)C1=O,1,CN1CCN(CCN2CCN(CCCN3c4ccccc4Sc4ccc(Cl)cc43)CC2)C1=O,,
strict_b3db_confirmed_clean,valid,existing:valid:117,c1ccc2oc(-c3ccncc3)cc2c1,1,c1ccc2oc(-c3ccncc3)cc2c1,,
strict_b3db_confirmed_clean,valid,existing:valid:118,Cc1nnc2n1-c1sc(Br)cc1C(c1ccccc1Cl)=NC2,1,Cc1nnc2n1-c1sc(Br)cc1C(c1ccccc1Cl)=NC2,,
strict_b3db_confirmed_clean,valid,existing:valid:119,CCc1cc2c(s1)-n1c(C)nnc1CN=C2c1ccccc1Cl,1,CCc1cc2c(s1)-n1c(C)nnc1CN=C2c1ccccc1Cl,,
strict_b3db_confirmed_clean,valid,existing:valid:120,O=C1NC(=O)C(CC2CCCCN2)(c2ccccc2)C(=O)N1,1,O=C1NC(=O)C(CC2CCCCN2)(c2ccccc2)C(=O)N1,,
strict_b3db_confirmed_clean,valid,existing:valid:121,C=CC[C@H](N)c1ccccc1-c1noc2ccccc12,1,C=CC[C@H](N)c1ccccc1-c1noc2ccccc12,,
strict_b3db_confirmed_clean,valid,existing:valid:122,C=CCC(N)c1ccccc1-c1noc2ccccc12,1,C=CCC(N)c1ccccc1-c1noc2ccccc12,,
strict_b3db_confirmed_clean,valid,existing:valid:123,CCCN(CCCCN1C(=O)CC2(CCCC2)CC1=O)C1COc2cccc(OC)c2C1,1,CCCN(CCCCN1C(=O)CC2(CCCC2)CC1=O)C1COc2cccc(OC)c2C1,,
strict_b3db_confirmed_clean,valid,existing:valid:124,CC(Cc1ccccc1)[N+](C)([O-])Cc1ccccc1,1,CC(Cc1ccccc1)[N+](C)([O-])Cc1ccccc1,,
strict_b3db_confirmed_clean,valid,existing:valid:125,CN1CCC2=C(CC1)c1ccccc1Oc1ccccc12,1,CN1CCC2=C(CC1)c1ccccc1Oc1ccccc12,,
strict_b3db_confirmed_clean,valid,existing:valid:126,O=C(c1cc2ccccc2o1)N1CCN(Cc2ccccc2)CC1,1,O=C(c1cc2ccccc2o1)N1CCN(Cc2ccccc2)CC1,,
strict_b3db_confirmed_clean,valid,existing:valid:127,c1cc(CN2CCCCC2)cc(OCCCNc2nc3ccccc3s2)c1,1,c1cc(CN2CCCCC2)cc(OCCCNc2nc3ccccc3s2)c1,,
strict_b3db_confirmed_clean,valid,existing:valid:128,c1cc(CN2CCCCC2)cc(OCCCNc2nc3ccccc3o2)c1,1,c1cc(CN2CCCCC2)cc(OCCCNc2nc3ccccc3o2)c1,,
strict_b3db_confirmed_clean,valid,existing:valid:129,NC(=O)c1ncn([C@@H]2O[C@H](CO)[C@@H](O)[C@H]2O)n1,0,NC(=O)c1ncn([C@@H]2O[C@H](CO)[C@@H](O)[C@H]2O)n1,,
strict_b3db_confirmed_clean,valid,existing:valid:130,CC(C)(C)C(=O)OCOC(=O)C1N2C(=O)[C@@H](N=CN3CCCCCC3)[C@H]2SC1(C)C,0,CC(C)(C)C(=O)OCOC(=O)C1N2C(=O)[C@@H](N=CN3CCCCCC3)[C@H]2SC1(C)C,,
strict_b3db_confirmed_clean,valid,existing:valid:131,CC1(C)S[C@@H]2[C@H](N=CN3CCCCCC3)C(=O)N2[C@H]1C(=O)O,0,CC1(C)S[C@@H]2[C@H](N=CN3CCCCCC3)C(=O)N2[C@H]1C(=O)O,,
strict_b3db_confirmed_clean,valid,existing:valid:132,CCOC(=O)OC(C)OC(=O)[C@@H]1N2C(=O)[C@@H](N=CN3CCCCCC3)[C@H]2SC1(C)C,0,CCOC(=O)OC(C)OC(=O)[C@@H]1N2C(=O)[C@@H](N=CN3CCCCCC3)[C@H]2SC1(C)C,,
strict_b3db_confirmed_clean,valid,existing:valid:133,COc1nc2nc(-c3noc(C)n3)cn2c2c1CCCC2,1,COc1nc2nc(-c3noc(C)n3)cn2c2c1CCCC2,,
strict_b3db_confirmed_clean,valid,existing:valid:134,CN(C)Cc1ccc(CSCCNc2nc(=O)c(Cc3ccc4ccccc4c3)c[nH]2)o1,0,CN(C)Cc1ccc(CSCCNc2nc(=O)c(Cc3ccc4ccccc4c3)c[nH]2)o1,,
strict_b3db_confirmed_clean,valid,existing:valid:135,C=CCN1CCCC1CNC(=O)c1cc(S(N)(=O)=O)cc(OC)c1OC,1,C=CCN1CCCC1CNC(=O)c1cc(S(N)(=O)=O)cc(OC)c1OC,,
strict_b3db_confirmed_clean,valid,existing:valid:136,C=CCN1CCCC1CNC(=O)c1cc(S(=O)(=O)NC)c(N)cc1OC,1,C=CCN1CCCC1CNC(=O)c1cc(S(=O)(=O)NC)c(N)cc1OC,,
strict_b3db_confirmed_clean,valid,existing:valid:137,CCCN1CCCC1CNC(=O)c1cc(S(N)(=O)=O)ccc1OC,1,CCCN1CCCC1CNC(=O)c1cc(S(N)(=O)=O)ccc1OC,,
strict_b3db_confirmed_clean,valid,existing:valid:138,COc1ccc(S(N)(=O)=O)cc1C(=O)NCC1CCCN1C,1,COc1ccc(S(N)(=O)=O)cc1C(=O)NCC1CCCN1C,,
strict_b3db_confirmed_clean,valid,existing:valid:139,CCN1CCCC1CNC(=O)c1cc(S(=O)(=O)CC)ccc1OC,1,CCN1CCCC1CNC(=O)c1cc(S(=O)(=O)CC)ccc1OC,,
strict_b3db_confirmed_clean,valid,existing:valid:140,CCN1CCC[C@H]1CNC(=O)c1c(OC)ccc(Br)c1OC,1,CCN1CCC[C@H]1CNC(=O)c1c(OC)ccc(Br)c1OC,,
strict_b3db_confirmed_clean,valid,existing:valid:141,CCN1CCCC1CNC(=O)c1cc(S(=O)(=O)CC)c(N)cc1OC,1,CCN1CCCC1CNC(=O)c1cc(S(=O)(=O)CC)c(N)cc1OC,,
strict_b3db_confirmed_clean,valid,existing:valid:142,CCN1CCCC1CNC(=O)c1cc(C(C)=O)ccc1OC,1,CCN1CCCC1CNC(=O)c1cc(C(C)=O)ccc1OC,,
strict_b3db_confirmed_clean,valid,existing:valid:143,CC1=NN(c2ccccc2)C(=O)C1,1,CC1=NN(c2ccccc2)C(=O)C1,,
strict_b3db_confirmed_clean,valid,existing:valid:144,CC1(C)OC(=O)Nc2ccc(Br)cc21,1,CC1(C)OC(=O)Nc2ccc(Br)cc21,,
strict_b3db_confirmed_clean,valid,existing:valid:145,NC(=O)c1ccc(F)c2c1C[C@@H](N(C1CCC1)C1CCC1)CO2,1,NC(=O)c1ccc(F)c2c1C[C@@H](N(C1CCC1)C1CCC1)CO2,,
strict_b3db_confirmed_clean,valid,existing:valid:146,CC(C)NC(=O)OC1CCN(CCCC(=O)c2ccc(F)cc2)CC1,1,CC(C)NC(=O)OC1CCN(CCCC(=O)c2ccc(F)cc2)CC1,,
strict_b3db_confirmed_clean,valid,existing:valid:147,CC1CCN(CCCC(=O)c2ccc(F)cc2)CC1,1,CC1CCN(CCCC(=O)c2ccc(F)cc2)CC1,,
strict_b3db_confirmed_clean,valid,existing:valid:148,O=c1[nH]cc(F)c(=O)[nH]1,0,O=c1[nH]cc(F)c(=O)[nH]1,,
strict_b3db_confirmed_clean,valid,existing:valid:149,Cn1nc(-c2cccc(F)c2)n(C)c1=S,1,Cn1nc(-c2cccc(F)c2)n(C)c1=S,,
strict_b3db_confirmed_clean,valid,existing:valid:150,NC(C(=O)N[C@@H]1C(=O)N2C(C(=O)O)=C(CSc3cn[nH]n3)CS[C@H]12)c1ccc(O)cc1,0,NC(C(=O)N[C@@H]1C(=O)N2C(C(=O)O)=C(CSc3cn[nH]n3)CS[C@H]12)c1ccc(O)cc1,,
strict_b3db_confirmed_clean,valid,existing:valid:151,CC1Oc2ccccc2CC1N(C)C,1,CC1Oc2ccccc2CC1N(C)C,,
strict_b3db_confirmed_clean,valid,existing:valid:152,Cc1c(C)c2c(c(C)c1O)CC[C@@](C)(CCC[C@H](C)CCC[C@H](C)CCCC(C)C)O2,1,Cc1c(C)c2c(c(C)c1O)CC[C@@](C)(CCC[C@H](C)CCC[C@H](C)CCCC(C)C)O2,,
strict_b3db_confirmed_clean,valid,existing:valid:153,Nc1nc2ccc(OC(F)(F)F)cc2s1,1,Nc1nc2ccc(OC(F)(F)F)cc2s1,,
strict_b3db_confirmed_clean,valid,existing:valid:154,CNCCON=c1c2ccccc2ccc2ccccc12,1,CNCCON=c1c2ccccc2ccc2ccccc12,,
strict_b3db_confirmed_clean,valid,existing:valid:155,O=C1CCC(=O)N1CC1CCC2CN(c3ncccn3)CCN2C1,1,O=C1CCC(=O)N1CC1CCC2CN(c3ncccn3)CCN2C1,,
strict_b3db_confirmed_clean,valid,existing:valid:156,CC(C)n1c(/C=C/[C@@H](O)C[C@H](O)CC(=O)O)c(-c2ccc(F)cc2)c2ccccc21,1,CC(C)n1c(/C=C/[C@@H](O)C[C@H](O)CC(=O)O)c(-c2ccc(F)cc2)c2ccccc21,,
strict_b3db_confirmed_clean,valid,existing:valid:157,CN(C)CCN(C)n1cc(-c2ccccc2)c2ccccc21,1,CN(C)CCN(C)n1cc(-c2ccccc2)c2ccccc21,,
strict_b3db_confirmed_clean,valid,existing:valid:158,O=C1CC(=O)N(c2ccccc2)c2cc(Cl)ccc2N1,1,O=C1CC(=O)N(c2ccccc2)c2cc(Cl)ccc2N1,,
strict_b3db_confirmed_clean,valid,existing:valid:159,CN1C(=O)CC(=O)N(c2ccccc2)c2cc(Cl)ccc21,1,CN1C(=O)CC(=O)N(c2ccccc2)c2cc(Cl)ccc21,,
strict_b3db_confirmed_clean,valid,existing:valid:160,CN1C(=O)CC(=O)N(c2ccccc2)c2cc(C(F)(F)F)ccc21,1,CN1C(=O)CC(=O)N(c2ccccc2)c2cc(C(F)(F)F)ccc21,,
strict_b3db_confirmed_clean,valid,existing:valid:161,CC1NC(=O)COC1c1ccccc1,1,CC1NC(=O)COC1c1ccccc1,,
strict_b3db_confirmed_clean,valid,existing:valid:162,CC(=O)OCC(=O)[C@@]1(O)CC[C@H]2[C@@H]3CCC4=CC(=O)CC[C@]4(C)[C@H]3C(=O)C[C@@]21C,1,CC(=O)OCC(=O)[C@@]1(O)CC[C@H]2[C@@H]3CCC4=CC(=O)CC[C@]4(C)[C@H]3C(=O)C[C@@]21C,,
strict_b3db_confirmed_clean,valid,existing:valid:163,OC(c1ccccc1)(c1ccccc1)C1CCNCC1,1,OC(c1ccccc1)(c1ccccc1)C1CCNCC1,,
strict_b3db_confirmed_clean,valid,existing:valid:164,C=C1Cc2c(CCN(CCC)CCC)ccc(O)c2N1,1,C=C1Cc2c(CCN(CCC)CCC)ccc(O)c2N1,,
strict_b3db_confirmed_clean,valid,existing:valid:165,CC(=O)C1CCC2C3CC=C4CC(OC(=O)CCC(=O)O)CCC4(C)C3CCC12C,1,CC(=O)C1CCC2C3CC=C4CC(OC(=O)CCC(=O)O)CCC4(C)C3CCC12C,,
strict_b3db_confirmed_clean,valid,existing:valid:166,COc1ccc(C(=O)N2CCCC2=O)cc1,1,COc1ccc(C(=O)N2CCCC2=O)cc1,,
strict_b3db_confirmed_clean,valid,existing:valid:167,CC1(C)CN(CCN2CCN(c3cccc(Cl)c3)C2=O)C1,1,CC1(C)CN(CCN2CCN(c3cccc(Cl)c3)C2=O)C1,,
strict_b3db_confirmed_clean,valid,existing:valid:168,C#C[C@]1(O)CC[C@H]2C3CCC4=Cc5c(cnn5-c5ccc(F)cc5)CC4(C)[C@H]3CCC21C,1,C#C[C@]1(O)CC[C@H]2C3CCC4=Cc5c(cnn5-c5ccc(F)cc5)CC4(C)[C@H]3CCC21C,,
strict_b3db_confirmed_clean,valid,existing:valid:169,CN1CCC2(C)CC(Cc3ccc(O)cc32)C1,1,CN1CCC2(C)CC(Cc3ccc(O)cc32)C1,,
strict_b3db_confirmed_clean,test,existing:test:0,CN1C(=O)CN=C(C2=CCCCC2)c2cc(Cl)ccc21,1,CN1C(=O)CN=C(C2=CCCCC2)c2cc(Cl)ccc21,,
strict_b3db_confirmed_clean,test,existing:test:1,CN1C(=O)CN=C(C2=CCCCC2)c2cc([N+](=O)[O-])ccc21,1,CN1C(=O)CN=C(C2=CCCCC2)c2cc([N+](=O)[O-])ccc21,,
strict_b3db_confirmed_clean,test,existing:test:2,O=C1CN=C(C2=CCCCC2)c2cc(Cl)ccc2N1,1,O=C1CN=C(C2=CCCCC2)c2cc(Cl)ccc2N1,,
strict_b3db_confirmed_clean,test,existing:test:3,Cc1onc(-c2ccccc2)c1C(=O)N[C@@H]1C(=O)N2[C@@H]1SC(C)(C)[C@@H]2C(=O)O,0,Cc1onc(-c2ccccc2)c1C(=O)N[C@@H]1C(=O)N2[C@@H]1SC(C)(C)[C@@H]2C(=O)O,,
strict_b3db_confirmed_clean,test,existing:test:4,Cc1onc(-c2c(F)cccc2Cl)c1C(=O)N[C@@H]1C(=O)N2[C@@H]1SC(C)(C)[C@@H]2C(=O)O,0,Cc1onc(-c2c(F)cccc2Cl)c1C(=O)N[C@@H]1C(=O)N2[C@@H]1SC(C)(C)[C@@H]2C(=O)O,,
strict_b3db_confirmed_clean,test,existing:test:5,Cc1onc(-c2c(Cl)cccc2Cl)c1C(=O)N[C@@H]1C(=O)N2[C@@H]1SC(C)(C)[C@@H]2C(=O)O,0,Cc1onc(-c2c(Cl)cccc2Cl)c1C(=O)N[C@@H]1C(=O)N2[C@@H]1SC(C)(C)[C@@H]2C(=O)O,,
strict_b3db_confirmed_clean,test,existing:test:6,Cl/C(=C\n1cncn1)c1ccc(Cl)cc1Cl,1,Cl/C(=C\n1cncn1)c1ccc(Cl)cc1Cl,,
strict_b3db_confirmed_clean,test,existing:test:7,CC(=O)[C@H]1CC[C@H]2[C@@H]3CC[C@@H]4C[C@H](O)CC[C@]4(C)[C@H]3CC[C@]12C,1,CC(=O)[C@H]1CC[C@H]2[C@@H]3CC[C@@H]4C[C@H](O)CC[C@]4(C)[C@H]3CC[C@]12C,,
strict_b3db_confirmed_clean,test,existing:test:8,CC(=O)[C@H]1CC[C@H]2[C@@H]3CC[C@H]4C[C@](C)(O)CC[C@]4(C)[C@H]3CC[C@]12C,1,CC(=O)[C@H]1CC[C@H]2[C@@H]3CC[C@H]4C[C@](C)(O)CC[C@]4(C)[C@H]3CC[C@]12C,,
strict_b3db_confirmed_clean,test,existing:test:9,CCO[C@H]1C[C@@]2(C)[C@@H](CC[C@@H]3[C@@H]2[C@H](N(C)C)C[C@]2(C)[C@@H](C(C)=O)CC[C@@H]32)C[C@@H]1O,1,CCO[C@H]1C[C@@]2(C)[C@@H](CC[C@@H]3[C@@H]2[C@H](N(C)C)C[C@]2(C)[C@@H](C(C)=O)CC[C@@H]32)C[C@@H]1O,,
strict_b3db_confirmed_clean,test,existing:test:10,CC(=O)OC1CC[C@@]2(C)C([C@@H]1Br)[C@H](Br)C[C@H]1[C@@H]3CC[C@H]([C@H](C)CCCC(C)C)[C@@]3(C)CC[C@@H]12,1,CC(=O)OC1CC[C@@]2(C)C([C@@H]1Br)[C@H](Br)C[C@H]1[C@@H]3CC[C@H]([C@H](C)CCCC(C)C)[C@@]3(C)CC[C@@H]12,,
strict_b3db_confirmed_clean,test,existing:test:11,OC(CN1CCCCC1)c1cc(-c2ccccc2)on1,1,OC(CN1CCCCC1)c1cc(-c2ccccc2)on1,,
strict_b3db_confirmed_clean,test,existing:test:12,CCCN1CC(NS(=O)(=O)N(CC)CC)CC2Cc3c(O)cccc3CC21,1,CCCN1CC(NS(=O)(=O)N(CC)CC)CC2Cc3c(O)cccc3CC21,,
strict_b3db_confirmed_clean,test,existing:test:13,Cc1ccc2c(c1)C1CN(C)CCC1N2,1,Cc1ccc2c(c1)C1CN(C)CCC1N2,,
strict_b3db_confirmed_clean,test,existing:test:14,O=C(c1ccccn1)N1CCN(Cc2ccccc2)CC1,1,O=C(c1ccccn1)N1CCN(Cc2ccccc2)CC1,,
strict_b3db_confirmed_clean,test,existing:test:15,CC1(C)NC(=O)C(/C=C/c2ccccc2)O1,1,CC1(C)NC(=O)C(/C=C/c2ccccc2)O1,,
strict_b3db_confirmed_clean,test,existing:test:16,CN1CCN(C2=Nc3ccccc3Oc3ccc(Cl)cc32)CC1,1,CN1CCN(C2=Nc3ccccc3Oc3ccc(Cl)cc32)CC1,,
strict_b3db_confirmed_clean,test,existing:test:17,Clc1ccc2c(c1)C(N1CCNCC1)=Nc1ccccc1O2,1,Clc1ccc2c(c1)C(N1CCNCC1)=Nc1ccccc1O2,,
strict_b3db_confirmed_clean,test,existing:test:18,CC(C)NCC(O)COc1cccc2[nH]ccc12,1,CC(C)NCC(O)COc1cccc2[nH]ccc12,,
strict_b3db_confirmed_clean,test,existing:test:19,NC(Cc1c[nH]c2ccc(O)cc12)C(=O)O,1,NC(Cc1c[nH]c2ccc(O)cc12)C(=O)O,,
strict_b3db_confirmed_clean,test,existing:test:20,CCC(N)Cc1c[nH]c2ccccc12,1,CCC(N)Cc1c[nH]c2ccccc12,,
strict_b3db_confirmed_clean,test,existing:test:21,CN(C)CCc1c[nH]c2cccc(OP(=O)(O)O)c12,1,CN(C)CCc1c[nH]c2cccc(OP(=O)(O)O)c12,,
strict_b3db_confirmed_clean,test,existing:test:22,N[C@@H](Cc1c[nH]c2ccccc12)C(=O)O,1,N[C@@H](Cc1c[nH]c2ccccc12)C(=O)O,,
strict_b3db_confirmed_clean,test,existing:test:23,CCCCCCCCCNc1ncnc2[nH]ccc12,1,CCCCCCCCCNc1ncnc2[nH]ccc12,,
strict_b3db_confirmed_clean,test,existing:test:24,C=C1c2ccccc2CN(CCCN(C)C)c2ccccc21,1,C=C1c2ccccc2CN(CCCN(C)C)c2ccccc21,,
strict_b3db_confirmed_clean,test,existing:test:25,CC(=O)NCCC[C@H](NC(C)=O)C(=O)O,1,CC(=O)NCCC[C@H](NC(C)=O)C(=O)O,,
strict_b3db_confirmed_clean,test,existing:test:26,OC(O)C(Cl)(Cl)Cl,1,OC(O)C(Cl)(Cl)Cl,,
strict_b3db_confirmed_clean,test,existing:test:27,CC(C)C(Br)C(=O)NC(N)=O,1,CC(C)C(Br)C(=O)NC(N)=O,,
strict_b3db_confirmed_clean,test,existing:test:28,BrC(Br)Br,1,BrC(Br)Br,,
strict_b3db_confirmed_clean,test,existing:test:29,CCS(=O)(=O)C(C)(C)S(=O)(=O)CC,1,CCS(=O)(=O)C(C)(C)S(=O)(=O)CC,,
strict_b3db_confirmed_clean,test,existing:test:30,C[N+](C)(C)CCO,1,C[N+](C)(C)CCO,,
strict_b3db_confirmed_clean,test,existing:test:31,ClCCl,1,ClCCl,,
strict_b3db_confirmed_clean,test,existing:test:32,FC(Br)C(F)(F)F,1,FC(Br)C(F)(F)F,,
strict_b3db_confirmed_clean,test,existing:test:33,CCCCC(CC)CNC(=O)CC(C)O,1,CCCCC(CC)CNC(=O)CC(C)O,,
strict_b3db_confirmed_clean,test,existing:test:34,CCCC(C)C,1,CCCC(C)C,,
strict_b3db_confirmed_clean,test,existing:test:35,CN(C)CCO,1,CN(C)CCO,,
strict_b3db_confirmed_clean,test,existing:test:36,CC(CC(C)(C)O)OC(O)C(Cl)(Cl)Cl,1,CC(CC(C)(C)O)OC(O)C(Cl)(Cl)Cl,,
strict_b3db_confirmed_clean,test,existing:test:37,ClC=C(Cl)Cl,1,ClC=C(Cl)Cl,,
strict_b3db_confirmed_clean,test,existing:test:38,ClC(Cl)Cl,1,ClC(Cl)Cl,,
strict_b3db_confirmed_clean,test,existing:test:39,CC(C)O,1,CC(C)O,,
strict_b3db_confirmed_clean,test,existing:test:40,O=C(OCC(Cl)(Cl)Cl)OCC(Cl)(Cl)Cl,1,O=C(OCC(Cl)(Cl)Cl)OCC(Cl)(Cl)Cl,,
strict_b3db_confirmed_clean,test,existing:test:41,OC(Br)(Br)CBr,1,OC(Br)(Br)CBr,,
strict_b3db_confirmed_clean,test,existing:test:42,O=P(O)(O)OCC(Cl)(Cl)Cl,1,O=P(O)(O)OCC(Cl)(Cl)Cl,,
strict_b3db_confirmed_clean,test,existing:test:43,C/C=C(\CC)C(=O)NC(N)=O,1,C/C=C(\CC)C(=O)NC(N)=O,,
strict_b3db_confirmed_clean,test,existing:test:44,CCC(C)(CC)OC(N)=O,1,CCC(C)(CC)OC(N)=O,,
strict_b3db_confirmed_clean,test,existing:test:45,C/C=C/C(=O)N(CC)C(CC)C(=O)N(C)C,1,C/C=C/C(=O)N(CC)C(CC)C(=O)N(C)C,,
strict_b3db_confirmed_clean,test,existing:test:46,C#CC(O)(/C=C/Cl)CC,1,C#CC(O)(/C=C/Cl)CC,,
strict_b3db_confirmed_clean,test,existing:test:47,FC(F)(F)CCl,1,FC(F)(F)CCl,,
strict_b3db_confirmed_clean,test,existing:test:48,CCOC(N)=O,1,CCOC(N)=O,,
strict_b3db_confirmed_clean,test,existing:test:49,CCCC(CCC)(CCC)C(N)=O,1,CCCC(CCC)(CCC)C(N)=O,,
strict_b3db_confirmed_clean,test,existing:test:50,CCCC(CCC)C(=O)OCOC(=O)C(C)(C)C,1,CCCC(CCC)C(=O)OCOC(=O)C(C)(C)C,,
strict_b3db_confirmed_clean,test,existing:test:51,C=CC(N)CCC(=O)O,1,C=CC(N)CCC(=O)O,,
strict_b3db_confirmed_clean,test,existing:test:52,C=COC=C,1,C=COC=C,,
strict_b3db_confirmed_clean,test,existing:test:53,CCCC(C)(COC(N)=O)COC(N)=O,1,CCCC(C)(COC(N)=O)COC(N)=O,,
strict_b3db_confirmed_clean,test,existing:test:54,NCCCNCCSP(=O)(O)O,0,NCCCNCCSP(=O)(O)O,,
strict_b3db_confirmed_clean,test,existing:test:55,CCCl,1,CCCl,,
strict_b3db_confirmed_clean,test,existing:test:56,C=C,1,C=C,,
strict_b3db_confirmed_clean,test,existing:test:57,C#CC(C)(O)CC,1,C#CC(C)(O)CC,,
strict_b3db_confirmed_clean,test,existing:test:58,NC(CO)(CO)CO,0,NC(CO)(CO)CO,,
strict_b3db_confirmed_clean,test,existing:test:59,CCOC(=O)NC(O)C(Cl)(Cl)Cl,1,CCOC(=O)NC(O)C(Cl)(Cl)Cl,,
strict_b3db_confirmed_clean,test,existing:test:60,NC(N)=O,1,NC(N)=O,,
strict_b3db_confirmed_clean,test,existing:test:61,CCC(Br)(CC)C(=O)NC(N)=O,1,CCC(Br)(CC)C(=O)NC(N)=O,,
strict_b3db_confirmed_clean,test,existing:test:62,CCCC(O)Cl,1,CCCC(O)Cl,,
strict_b3db_confirmed_clean,test,existing:test:63,CCN(CC)C(=S)SSC(=S)N(CC)CC,1,CCN(CC)C(=S)SSC(=S)N(CC)CC,,
strict_b3db_confirmed_clean,test,existing:test:64,O=C(O)CCCCCCCC(=O)O,0,O=C(O)CCCCCCCC(=O)O,,
strict_b3db_confirmed_clean,test,existing:test:65,CC[C@@H](CO)NCCN[C@@H](CC)CO,0,CC[C@@H](CO)NCCN[C@@H](CC)CO,,
strict_b3db_confirmed_clean,test,existing:test:66,CC(C[N+](C)(C)C)OC(N)=O,0,CC(C[N+](C)(C)C)OC(N)=O,,
strict_b3db_confirmed_clean,test,existing:test:67,C/C=C/C(=O)N(CCC)C(CC)C(=O)N(C)C,1,C/C=C/C(=O)N(CCC)C(CC)C(=O)N(C)C,,
strict_b3db_confirmed_clean,test,existing:test:68,FC(F)OC(F)C(F)(F)F,1,FC(F)OC(F)C(F)(F)F,,
strict_b3db_confirmed_clean,test,existing:test:69,CCCCNC(=O)OCC(C)(CCC)COC(N)=O,1,CCCCNC(=O)OCC(C)(CCC)COC(N)=O,,
strict_b3db_confirmed_clean,test,existing:test:70,CCCC(CCC)C(=O)O,1,CCCC(CCC)C(=O)O,,
strict_b3db_confirmed_clean,test,existing:test:71,CC(C)(CO)[C@@H](O)C(=O)NCCCC(=O)O,1,CC(C)(CO)[C@@H](O)C(=O)NCCCC(=O)O,,
strict_b3db_confirmed_clean,test,existing:test:72,CCC(Br)(C(N)=O)C(C)C,1,CCC(Br)(C(N)=O)C(C)C,,
strict_b3db_confirmed_clean,test,existing:test:73,O=NN(CCCl)C(=O)NCCCl,1,O=NN(CCCl)C(=O)NCCCl,,
strict_b3db_confirmed_clean,test,existing:test:74,OCC(O)C(O)C(O)C(O)CO,0,OCC(O)C(O)C(O)C(O)CO,,
strict_b3db_confirmed_clean,test,existing:test:75,CCC(C)C(C)(COC(N)=O)COC(N)=O,1,CCC(C)C(C)(COC(N)=O)COC(N)=O,,
strict_b3db_confirmed_clean,test,existing:test:76,CNC(=O)NC(O)C(Cl)(Cl)Cl,1,CNC(=O)NC(O)C(Cl)(Cl)Cl,,
strict_b3db_confirmed_clean,test,existing:test:77,FCOC(C(F)(F)F)C(F)(F)F,1,FCOC(C(F)(F)F)C(F)(F)F,,
strict_b3db_confirmed_clean,test,existing:test:78,CCCCCNCC(N)=O,1,CCCCCNCC(N)=O,,
strict_b3db_confirmed_clean,test,existing:test:79,CCC(C)C(C)(COC(N)=O)COC(=O)NC(C)C,1,CCC(C)C(C)(COC(N)=O)COC(=O)NC(C)C,,
strict_b3db_confirmed_clean,test,existing:test:80,FCC(F)(F)F,1,FCC(F)(F)F,,
strict_b3db_confirmed_clean,test,existing:test:81,CC(Cl)(Cl)Cl,1,CC(Cl)(Cl)Cl,,
strict_b3db_confirmed_clean,test,existing:test:82,CC(C)CO,1,CC(C)CO,,
strict_b3db_confirmed_clean,test,existing:test:83,CCC(C)(C)C,1,CCC(C)(C)C,,
strict_b3db_confirmed_clean,test,existing:test:84,CCCCCCC(C)NN,1,CCCCCCC(C)NN,,
strict_b3db_confirmed_clean,test,existing:test:85,CCCC(C)CC,1,CCCC(C)CC,,
strict_b3db_confirmed_clean,test,existing:test:86,CCC(C)CC,1,CCC(C)CC,,
strict_b3db_confirmed_clean,test,existing:test:87,CC(OC(N)=O)C(C)C(C)OC(N)=O,1,CC(OC(N)=O)C(C)C(C)OC(N)=O,,
strict_b3db_confirmed_clean,test,existing:test:88,FC(F)(Cl)C(F)(F)Cl,1,FC(F)(Cl)C(F)(F)Cl,,
strict_b3db_confirmed_clean,test,existing:test:89,OC(OCC(COC(O)C(Cl)(Cl)Cl)(COC(O)C(Cl)(Cl)Cl)COC(O)C(Cl)(Cl)Cl)C(Cl)(Cl)Cl,1,OC(OCC(COC(O)C(Cl)(Cl)Cl)(COC(O)C(Cl)(Cl)Cl)COC(O)C(Cl)(Cl)Cl)C(Cl)(Cl)Cl,,
strict_b3db_confirmed_clean,test,existing:test:90,CCC(Br)(CC)C(=O)NC(=O)NC(C)=O,1,CCC(Br)(CC)C(=O)NC(=O)NC(C)=O,,
strict_b3db_confirmed_clean,test,existing:test:91,CC(=O)NC(CCC(N)=O)C(=O)O,1,CC(=O)NC(CCC(N)=O)C(=O)O,,
strict_b3db_confirmed_clean,test,existing:test:92,CCC(C)=O,1,CCC(C)=O,,
strict_b3db_confirmed_clean,test,existing:test:93,CCOCC,1,CCOCC,,
strict_b3db_confirmed_clean,test,existing:test:94,FC(F)OC(F)(F)C(F)Cl,1,FC(F)OC(F)(F)C(F)Cl,,
strict_b3db_confirmed_clean,test,existing:test:95,COC(F)(F)C(F)Br,1,COC(F)(F)C(F)Br,,
strict_b3db_confirmed_clean,test,existing:test:96,CC(C)(C)C(=O)NCCCC(=O)O,1,CC(C)(C)C(=O)NCCCC(=O)O,,
strict_b3db_confirmed_clean,test,existing:test:97,CCC(C)(S(=O)(=O)CC)S(=O)(=O)CC,1,CCC(C)(S(=O)(=O)CC)S(=O)(=O)CC,,
strict_b3db_confirmed_clean,test,existing:test:98,CC(C)C[C@H](CN)CC(=O)O,1,CC(C)C[C@H](CN)CC(=O)O,,
strict_b3db_confirmed_clean,test,existing:test:99,CCO,1,CCO,,
strict_b3db_confirmed_clean,test,existing:test:100,C=COCC(F)(F)F,1,C=COCC(F)(F)F,,
strict_b3db_confirmed_clean,test,existing:test:101,FC(F)(F)C(Cl)Br,1,FC(F)(F)C(Cl)Br,,
strict_b3db_confirmed_clean,test,existing:test:102,CCCCCCC,1,CCCCCCC,,
strict_b3db_confirmed_clean,test,existing:test:103,CCCCCC,1,CCCCCC,,
strict_b3db_confirmed_clean,test,existing:test:104,CCC(C)(C)O,1,CCC(C)(C)O,,
strict_b3db_confirmed_clean,test,existing:test:105,C=CCC(CC)(CC)C(N)=O,1,C=CCC(CC)(CC)C(N)=O,,
strict_b3db_confirmed_clean,test,existing:test:106,CCC(C)C(CC)C(N)=O,1,CCC(C)C(CC)C(N)=O,,
strict_b3db_confirmed_clean,test,existing:test:107,FC(F)OC(Cl)C(F)(F)F,1,FC(F)OC(Cl)C(F)(F)F,,
strict_b3db_confirmed_clean,test,existing:test:108,CCCC(CCC)C(N)=O,1,CCCC(CCC)C(N)=O,,
strict_b3db_confirmed_clean,test,existing:test:109,COC(F)(F)C(Cl)Cl,1,COC(F)(F)C(Cl)Cl,,
strict_b3db_confirmed_clean,test,existing:test:110,[N-]=[N+]=O,1,[N-]=[N+]=O,,
strict_b3db_confirmed_clean,test,existing:test:111,CCC(C)C(CC)C(=O)NC(N)=O,1,CCC(C)C(CC)C(=O)NC(N)=O,,
strict_b3db_confirmed_clean,test,existing:test:112,CCCCC,1,CCCCC,,
strict_b3db_confirmed_clean,test,existing:test:113,CCCO,1,CCCO,,
strict_b3db_confirmed_clean,test,existing:test:114,CC(C)=O,1,CC(C)=O,,
strict_b3db_confirmed_clean,test,existing:test:115,CC1(C)O[C@@H]2C[C@H]3C4C[C@H](F)C5=CC(=O)C=C[C@]5(C)[C@@]4(F)[C@@H](O)C[C@]3(C)[C@]2(C(=O)COC(=O)C2CC2)O1,1,CC1(C)O[C@@H]2C[C@H]3C4C[C@H](F)C5=CC(=O)C=C[C@]5(C)[C@@]4(F)[C@@H](O)C[C@]3(C)[C@]2(C(=O)COC(=O)C2CC2)O1,,
strict_b3db_confirmed_clean,test,existing:test:116,OC(c1cc(C(F)(F)F)nc2c(C(F)(F)F)cccc12)C1CCCCN1,1,OC(c1cc(C(F)(F)F)nc2c(C(F)(F)F)cccc12)C1CCCCN1,,
strict_b3db_confirmed_clean,test,existing:test:117,C/C(=C(/CCOC(=O)c1ccccc1)SS/C(CCOC(=O)c1ccccc1)=C(\C)N(C=O)Cc1cnc(C)nc1N)N(C=O)Cc1cnc(C)nc1N,1,C/C(=C(/CCOC(=O)c1ccccc1)SS/C(CCOC(=O)c1ccccc1)=C(\C)N(C=O)Cc1cnc(C)nc1N)N(C=O)Cc1cnc(C)nc1N,,
strict_b3db_confirmed_clean,test,existing:test:118,[C-]#[N+]C(=C\c1ccc(O)cc1)/C(=C/c1ccc(O)cc1)[N+]#[C-],0,[C-]#[N+]C(=C\c1ccc(O)cc1)/C(=C/c1ccc(O)cc1)[N+]#[C-],,
strict_b3db_confirmed_clean,test,existing:test:119,O=C1CC2(CCCC2)CC(=O)N1CCCCN1CCN(c2nsc3ccccc23)CC1,1,O=C1CC2(CCCC2)CC(=O)N1CCCCN1CCN(c2nsc3ccccc23)CC1,,
strict_b3db_confirmed_clean,test,existing:test:120,CO/N=C(/C(=O)N[C@@H]1C(=O)N2C(C(=O)O)=C(CSc3nc(C)c(CC(=O)O)s3)CS[C@H]12)c1csc(N)n1,0,CO/N=C(/C(=O)N[C@@H]1C(=O)N2C(C(=O)O)=C(CSc3nc(C)c(CC(=O)O)s3)CS[C@H]12)c1csc(N)n1,,
strict_b3db_confirmed_clean,test,existing:test:121,Cc1cc(=O)c(C(=O)N[C@@H](C(=O)NC2C(=O)N3C(C(=O)O)=C(CSc4nnnn4C)CS[C@H]23)c2ccc(O)cc2)c[nH]1,0,Cc1cc(=O)c(C(=O)N[C@@H](C(=O)NC2C(=O)N3C(C(=O)O)=C(CSc4nnnn4C)CS[C@H]23)c2ccc(O)cc2)c[nH]1,,
strict_b3db_confirmed_clean,test,existing:test:122,CN(C)CCC=C1c2ccccc2CCc2ccccc21,1,CN(C)CCC=C1c2ccccc2CCc2ccccc21,,
strict_b3db_confirmed_clean,test,existing:test:123,C[N+](C)([O-])CCC=C1c2ccccc2CCc2ccccc21,1,C[N+](C)([O-])CCC=C1c2ccccc2CCc2ccccc21,,
strict_b3db_confirmed_clean,test,existing:test:124,CN(C)CC(=O)C=C1c2ccccc2CCc2ccccc21,1,CN(C)CC(=O)C=C1c2ccccc2CCc2ccccc21,,
strict_b3db_confirmed_clean,test,existing:test:125,CNCCC=C1c2ccccc2CCc2ccccc21,1,CNCCC=C1c2ccccc2CCc2ccccc21,,
strict_b3db_confirmed_clean,test,existing:test:126,O=C(c1ccc(F)cc1)C1CCN(CCCN2c3ccccc3Sc3ccc(C(F)(F)F)cc32)CC1,1,O=C(c1ccc(F)cc1)C1CCN(CCCN2c3ccccc3Sc3ccc(C(F)(F)F)cc32)CC1,,
strict_b3db_confirmed_clean,test,existing:test:127,Oc1ccc2c(c1)C13CCCCC1C(C2)N(CCc1ccccc1)CC3,1,Oc1ccc2c(c1)C13CCCCC1C(C2)N(CCc1ccccc1)CC3,,
strict_b3db_confirmed_clean,test,existing:test:128,CN1CC[C@]23NC(=O)CC(c4cc(Cl)ccc4O2)C3C1,1,CN1CC[C@]23NC(=O)CC(c4cc(Cl)ccc4O2)C3C1,,
strict_b3db_confirmed_clean,test,existing:test:129,O=C(CCCN1CCC2(CC1)C(=O)NCN2c1ccccc1)c1ccc(F)cc1,1,O=C(CCCN1CCC2(CC1)C(=O)NCN2c1ccccc1)c1ccc(F)cc1,,
strict_b3db_confirmed_clean,test,existing:test:130,O=C(CCCN1CCC2(CC1)C(=O)NCN2c1ccc(F)cc1)c1ccc(F)cc1,1,O=C(CCCN1CCC2(CC1)C(=O)NCN2c1ccc(F)cc1)c1ccc(F)cc1,,
strict_b3db_confirmed_clean,test,existing:test:131,CCOC(=O)C1(c2ccccc2)CCN(CCCNc2ccccc2)CC1,1,CCOC(=O)C1(c2ccccc2)CCN(CCCNc2ccccc2)CC1,,
strict_b3db_confirmed_clean,test,existing:test:132,Cn1nc(-c2cccnc2)nc1-c1ccccc1CO,1,Cn1nc(-c2cccnc2)nc1-c1ccccc1CO,,
strict_b3db_confirmed_clean,test,existing:test:133,N[C@@H]1C[C@H]1c1ccccc1,1,N[C@@H]1C[C@H]1c1ccccc1,,
strict_b3db_confirmed_clean,test,existing:test:134,CCN(CC)C(=O)[C@]1(c2ccccc2)C[C@@H]1CN,1,CCN(CC)C(=O)[C@]1(c2ccccc2)C[C@@H]1CN,,
strict_b3db_confirmed_clean,test,existing:test:135,NC(=O)C1(N2CCCCC2)CCN(CCCC(=O)c2ccc(F)cc2)CC1,1,NC(=O)C1(N2CCCCC2)CCN(CCCC(=O)c2ccc(F)cc2)CC1,,
strict_b3db_confirmed_clean,test,existing:test:136,CCC(=O)C1(N2CCCCC2)CCN(CCCC(=O)c2ccc(F)cc2)CC1,1,CCC(=O)C1(N2CCCCC2)CCN(CCCC(=O)c2ccc(F)cc2)CC1,,
strict_b3db_confirmed_clean,test,existing:test:137,CN(C)Cc1ccnc(-c2cccc(NC3N=CC=C3[N+](=O)[O-])c2)c1,1,CN(C)Cc1ccnc(-c2cccc(NC3N=CC=C3[N+](=O)[O-])c2)c1,,
strict_b3db_confirmed_clean,test,existing:test:138,CCc1c(C)[nH]c2c1C(=O)[C@@H]1CN(C)CC[C@H]1C2,1,CCc1c(C)[nH]c2c1C(=O)[C@@H]1CN(C)CC[C@H]1C2,,
strict_b3db_confirmed_clean,test,existing:test:139,CC(C)n1cc2c3c(cccc31)C1C[C@@H](C(=O)NC3CCCCC3)CN(C)C1C2,1,CC(C)n1cc2c3c(cccc31)C1C[C@@H](C(=O)NC3CCCCC3)CN(C)C1C2,,
strict_b3db_confirmed_clean,test,existing:test:140,c1ccc2c(c1)CCN1CCNCC21,1,c1ccc2c(c1)CCN1CCNCC21,,
strict_b3db_confirmed_clean,test,existing:test:141,CC[N+](C)(C)Cc1ccccc1Br,0,CC[N+](C)(C)Cc1ccccc1Br,,
strict_b3db_confirmed_clean,test,existing:test:142,O=C(CCCN1CCN(c2cc3ccccc3cn2)CC1)c1ccc(F)cc1,1,O=C(CCCN1CCN(c2cc3ccccc3cn2)CC1)c1ccc(F)cc1,,
strict_b3db_confirmed_clean,test,existing:test:143,C=C1CC2C3C=CC4=CC(=O)CCC4(C)C3C(O)CC2(C)[C@@]1(O)C(=O)CO,1,C=C1CC2C3C=CC4=CC(=O)CCC4(C)C3C(O)CC2(C)[C@@]1(O)C(=O)CO,,
strict_b3db_confirmed_clean,test,existing:test:144,COc1ccc(-c2cc(=O)c3c(O)cc(O[C@@H]4O[C@H](CO[C@@H]5O[C@@H](C)[C@H](O)[C@@H](O)[C@H]5O)[C@@H](O)[C@H](O)[C@H]4O)cc3o2)cc1O,0,COc1ccc(-c2cc(=O)c3c(O)cc(O[C@@H]4O[C@H](CO[C@@H]5O[C@@H](C)[C@H](O)[C@@H](O)[C@H]5O)[C@@H](O)[C@H](O)[C@H]4O)cc3o2)cc1O,,
strict_b3db_confirmed_clean,test,existing:test:145,c1ccc(C2(c3ccccc3)OC[C@H]([C@@H]3CCCCN3)O2)cc1,1,c1ccc(C2(c3ccccc3)OC[C@H]([C@@H]3CCCCN3)O2)cc1,,
strict_b3db_confirmed_clean,test,existing:test:146,COCC(=O)O[C@]1(CCN(C)CCCc2nc3ccccc3[nH]2)CCc2cc(F)ccc2[C@@H]1C(C)C,0,COCC(=O)O[C@]1(CCN(C)CCCc2nc3ccccc3[nH]2)CCc2cc(F)ccc2[C@@H]1C(C)C,,
strict_b3db_confirmed_clean,test,existing:test:147,CC(=O)O[C@H]1C[C@@H]2C(COC(=O)CC(C)C)=CO[C@@H](OC(=O)CC(C)C)[C@@H]2[C@@]12CO2,1,CC(=O)O[C@H]1C[C@@H]2C(COC(=O)CC(C)C)=CO[C@@H](OC(=O)CC(C)C)[C@@H]2[C@@]12CO2,,
strict_b3db_confirmed_clean,test,existing:test:148,O=C1[C@H]2CCCC[C@H]2C(=O)N1CCCCN1CCN(c2nsc3ccccc23)CC1,1,O=C1[C@H]2CCCC[C@H]2C(=O)N1CCCCN1CCN(c2nsc3ccccc23)CC1,,
strict_b3db_confirmed_clean,test,existing:test:149,COC1(F)C(F)(F)C1(F)Cl,1,COC1(F)C(F)(F)C1(F)Cl,,
strict_b3db_confirmed_clean,test,existing:test:150,C1CC1,1,C1CC1,,
strict_b3db_confirmed_clean,test,existing:test:151,NC(=O)CN1Cc2ccccc2OC1=O,1,NC(=O)CN1Cc2ccccc2OC1=O,,
strict_b3db_confirmed_clean,test,existing:test:152,COc1cc(C(=O)/C=C/N2CC=CC2)cc(OC)c1OC,1,COc1cc(C(=O)/C=C/N2CC=CC2)cc(OC)c1OC,,
strict_b3db_confirmed_clean,test,existing:test:153,CN1CCN(C2=Nc3ccccc3Sc3nccn32)CC1,1,CN1CCN(C2=Nc3ccccc3Sc3nccn32)CC1,,
strict_b3db_confirmed_clean,test,existing:test:154,CO[C@@H]1O[C@H]2O[C@@]3(CN4CCCCC4)[C@@H]1[C@H](C[C@@H]3O)[C@H]2C,1,CO[C@@H]1O[C@H]2O[C@@]3(CN4CCCCC4)[C@@H]1[C@H](C[C@@H]3O)[C@H]2C,,
strict_b3db_confirmed_clean,test,existing:test:155,CC(C)(C)c1ccc(C(=O)CCCN2CCC(OC(c3ccccc3)c3ccccc3)CC2)cc1,0,CC(C)(C)c1ccc(C(=O)CCCN2CCC(OC(c3ccccc3)c3ccccc3)CC2)cc1,,
strict_b3db_confirmed_clean,test,existing:test:156,CC(C)(C(=O)O)c1ccc(C(=O)CCCN2CCC(OC(c3ccccc3)c3ccccc3)CC2)cc1,0,CC(C)(C(=O)O)c1ccc(C(=O)CCCN2CCC(OC(c3ccccc3)c3ccccc3)CC2)cc1,,
strict_b3db_confirmed_clean,test,existing:test:157,Clc1ccc(COC(Cn2ccnc2)c2ccc(Cl)cc2Cl)cc1,0,Clc1ccc(COC(Cn2ccnc2)c2ccc(Cl)cc2Cl)cc1,,
strict_b3db_confirmed_clean,test,existing:test:158,CC1(C)S[C@@H]2[C@H](NC(=O)C3(N)CCCCC3)C(=O)N2[C@H]1C(=O)O,0,CC1(C)S[C@@H]2[C@H](NC(=O)C3(N)CCCCC3)C(=O)N2[C@H]1C(=O)O,,
strict_b3db_confirmed_clean,test,existing:test:159,CCOC(=O)C1(c2ccccc2)CCN(CCc2ccc(N)cc2)CC1,1,CCOC(=O)C1(c2ccccc2)CCN(CCc2ccc(N)cc2)CC1,,
strict_b3db_confirmed_clean,test,existing:test:160,O=C1CN=C(c2ccccc2)c2cc(Cl)ccc2N1CCOCC1CC1,1,O=C1CN=C(c2ccccc2)c2cc(Cl)ccc2N1CCOCC1CC1,,
strict_b3db_confirmed_clean,test,existing:test:161,Cc1ccnc2c1NC(=O)c1cccnc1N2C1CC1,1,Cc1ccnc2c1NC(=O)c1cccnc1N2C1CC1,,
strict_b3db_confirmed_clean,test,existing:test:162,N=C(N)c1ccc(-c2ccccc2[N+](=O)[O-])o1,1,N=C(N)c1ccc(-c2ccccc2[N+](=O)[O-])o1,,
strict_b3db_confirmed_clean,test,existing:test:163,CN1C(=O)CCC1c1cccnc1,1,CN1C(=O)CCC1c1cccnc1,,
strict_b3db_confirmed_clean,test,existing:test:164,CN1CCN2c3ncccc3Cc3ccccc3C2C1,1,CN1CCN2c3ncccc3Cc3ccccc3C2C1,,
strict_b3db_confirmed_clean,test,existing:test:165,c1ccc(NCCCOc2cccc(CN3CCCCC3)c2)nc1,1,c1ccc(NCCCOc2cccc(CN3CCCCC3)c2)nc1,,
strict_b3db_confirmed_clean,test,existing:test:166,CCn1ccc(=O)c(O)c1C,1,CCn1ccc(=O)c(O)c1C,,
strict_b3db_confirmed_clean,test,existing:test:167,CCCCn1ccc(=O)c(O)c1C,1,CCCCn1ccc(=O)c(O)c1C,,
strict_b3db_confirmed_clean,test,existing:test:168,CCCCCn1ccc(=O)c(O)c1C,1,CCCCCn1ccc(=O)c(O)c1C,,
strict_b3db_confirmed_clean,test,existing:test:169,Cc1c(O)c(=O)ccn1CCCO,0,Cc1c(O)c(=O)ccn1CCCO,,
strict_b3db_confirmed_clean,test,existing:test:170,CCc1c(O)c(=O)ccn1CC,1,CCc1c(O)c(=O)ccn1CC,,
strict_b3db_confirmed_clean,test,existing:test:171,CCc1c(O)c(=O)ccn1CCO,0,CCc1c(O)c(=O)ccn1CCO,,
strict_b3db_confirmed_clean,test,existing:test:172,CCc1c(O)c(=O)ccn1CCCCO,0,CCc1c(O)c(=O)ccn1CCCCO,,
strict_b3db_confirmed_clean,test,existing:test:173,CCCNC(=O)c1ccc2c(c1)N([C@H](C)CN1CCCC1)c1ccccc1S2,1,CCCNC(=O)c1ccc2c(c1)N([C@H](C)CN1CCCC1)c1ccccc1S2,,
strict_b3db_confirmed_clean,test,existing:test:174,CCCNC(=O)c1ccc2c(c1)N([C@@H](C)CN1CCCC1)c1ccccc1S2,1,CCCNC(=O)c1ccc2c(c1)N([C@@H](C)CN1CCCC1)c1ccccc1S2,,
strict_b3db_confirmed_clean,test,existing:test:175,CNCCCC1(c2ccccc2)OC(C)(C)c2ccccc21,1,CNCCCC1(c2ccccc2)OC(C)(C)c2ccccc21,,
strict_b3db_confirmed_clean,test,existing:test:176,CN(C)CCCC1(c2ccc(F)cc2)OCc2cc(C#N)ccc21,1,CN(C)CCCC1(c2ccc(F)cc2)OCc2cc(C#N)ccc21,,
strict_b3db_confirmed_clean,test,existing:test:177,O=C1NCN(c2ccccc2)C12CCN(CC1COc3ccccc3O1)CC2,1,O=C1NCN(c2ccccc2)C12CCN(CC1COc3ccccc3O1)CC2,,
strict_b3db_confirmed_clean,test,existing:test:178,C=CCC1(C2C=CCCC2)C(=O)NC(=S)NC1=O,1,C=CCC1(C2C=CCCC2)C(=O)NC(=S)NC1=O,,
strict_b3db_confirmed_clean,test,existing:test:179,C#C[C@]1(O)CC[C@H]2[C@@H]3[C@H](C)CC4=C(CCC(=O)C4)[C@H]3CC[C@@]21C,1,C#C[C@]1(O)CC[C@H]2[C@@H]3[C@H](C)CC4=C(CCC(=O)C4)[C@H]3CC[C@@]21C,,
strict_b3db_confirmed_clean,test,existing:test:180,CN(C)Cc1ccc(CSCCNC2N=CC=C2[N+](=O)[O-])o1,0,CN(C)Cc1ccc(CSCCNC2N=CC=C2[N+](=O)[O-])o1,,
strict_b3db_confirmed_clean,test,existing:test:181,CN(C)C(=O)c1nc(CNC(=O)CN)n(-c2ccc(Cl)cc2C(=O)c2ccccc2Cl)n1,1,CN(C)C(=O)c1nc(CNC(=O)CN)n(-c2ccc(Cl)cc2C(=O)c2ccccc2Cl)n1,,
strict_b3db_confirmed_clean,test,existing:test:182,CN1CC[C@@]2(C)c3cc(OC(=O)N4CCc5ccccc5C4)ccc3N(C)[C@@H]12,1,CN1CC[C@@]2(C)c3cc(OC(=O)N4CCc5ccccc5C4)ccc3N(C)[C@@H]12,,
strict_b3db_confirmed_clean,test,existing:test:183,CC[C@H](NC(=O)c1c(OCCNC(=O)Cc2ccccc2C(=O)O)c(-c2ccccc2)nc2ccccc12)c1ccccc1,0,CC[C@H](NC(=O)c1c(OCCNC(=O)Cc2ccccc2C(=O)O)c(-c2ccccc2)nc2ccccc12)c1ccccc1,,
strict_b3db_confirmed_clean,test,existing:test:184,CN1CCN(CC(=O)[C@@]2(O)CC[C@H]3[C@@H]4CCC5=CC(=O)C=C[C@]5(C)[C@H]4[C@@H](O)C[C@@]32C)CC1,1,CN1CCN(CC(=O)[C@@]2(O)CC[C@H]3[C@@H]4CCC5=CC(=O)C=C[C@]5(C)[C@H]4[C@@H](O)C[C@@]32C)CC1,,
strict_b3db_confirmed_clean,test,existing:test:185,NS(=O)(=O)Cc1noc2ccccc12,1,NS(=O)(=O)Cc1noc2ccccc12,,
strict_b3db_confirmed_clean,test,existing:test:186,NC(=O)C1(N2CCCCC2)CCN(CCCN2c3ccccc3CCc3ccccc32)CC1,1,NC(=O)C1(N2CCCCC2)CCN(CCCN2c3ccccc3CCc3ccccc32)CC1,,
strict_b3db_confirmed_clean,test,existing:test:187,NC(=O)C1(N2CCCCC2)CCN(CCCN2c3ccccc3CCc3ccc(Cl)cc32)CC1,1,NC(=O)C1(N2CCCCC2)CCN(CCCN2c3ccccc3CCc3ccc(Cl)cc32)CC1,,
strict_b3db_confirmed_clean,test,existing:test:188,CN(C)CCN(Cc1cccs1)c1ccccn1,1,CN(C)CCN(Cc1cccs1)c1ccccn1,,
strict_b3db_confirmed_clean,test,existing:test:189,NC(=O)N1CC(Oc2cccc(C(F)(F)F)c2)C1,1,NC(=O)N1CC(Oc2cccc(C(F)(F)F)c2)C1,,
strict_b3db_confirmed_clean,test,existing:test:190,CNC(=O)N1CC(Oc2cccc(C(F)(F)F)c2)C1,1,CNC(=O)N1CC(Oc2cccc(C(F)(F)F)c2)C1,,
strict_b3db_confirmed_clean,test,existing:test:191,CC(=O)Nc1nnc(S(N)(=O)=O)s1,1,CC(=O)Nc1nnc(S(N)(=O)=O)s1,,
strict_b3db_confirmed_clean,test,existing:test:192,O=C(Cc1cccs1)N[C@@H]1C(=O)N2C(C(=O)O)=C(CSc3ncn[nH]3)CS[C@H]12,0,O=C(Cc1cccs1)N[C@@H]1C(=O)N2C(C(=O)O)=C(CSc3ncn[nH]3)CS[C@H]12,,
strict_b3db_confirmed_clean,test,existing:test:193,CCCCCCCCCC(=O)N[C@H]1[C@H](Oc2c3cc4cc2Oc2ccc(cc2Cl)[C@@H](O[C@@H]2O[C@H](CO)[C@@H](O)[C@H](O)[C@H]2NC(C)=O)[C@@H]2NC(=O)[C@H](NC(=O)[C@@H]4NC(=O)[C@H]4NC(=O)[C@@H](Cc5ccc(c(Cl)c5)O3)NC(=O)[C@H](N)c3ccc(O)c(c3)Oc3cc(O)cc4c3)c3ccc(O)c(c3)-c3c(O[C@H]4O[C@H](CO)[C@@H](O)[C@H](O)[C@@H]4O)cc(O)cc3[C@H](C(=O)O)NC2=O)O[C@H](CO)[C@@H](O)[C@@H]1O,0,CCCCCCCCCC(=O)N[C@H]1[C@H](Oc2c3cc4cc2Oc2ccc(cc2Cl)[C@@H](O[C@@H]2O[C@H](CO)[C@@H](O)[C@H](O)[C@H]2NC(C)=O)[C@@H]2NC(=O)[C@H](NC(=O)[C@@H]4NC(=O)[C@H]4NC(=O)[C@@H](Cc5ccc(c(Cl)c5)O3)NC(=O)[C@H](N)c3ccc(O)c(c3)Oc3cc(O)cc4c3)c3ccc(O)c(c3)-c3c(O[C@H]4O[C@H](CO)[C@@H](O)[C@H](O)[C@@H]4O)cc(O)cc3[C@H](C(=O)O)NC2=O)O[C@H](CO)[C@@H](O)[C@@H]1O,,
strict_b3db_confirmed_clean,test,existing:test:194,Nc1nc(=O)c2ncn(COCCO)c2[nH]1,1,Nc1nc(=O)c2ncn(COCCO)c2[nH]1,,
strict_b3db_confirmed_clean,test,existing:test:195,Cc1nn(C)c2c1N(c1ccccc1)C(=O)CC(=O)N2C,1,Cc1nn(C)c2c1N(c1ccccc1)C(=O)CC(=O)N2C,,
strict_b3db_confirmed_clean,test,existing:test:196,O=C(CN1CC[C@H](c2ccc(F)cc2)[C@@H](COc2ccc3c(c2)OCO3)C1)c1ccc(F)cc1,1,O=C(CN1CC[C@H](c2ccc(F)cc2)[C@@H](COc2ccc3c(c2)OCO3)C1)c1ccc(F)cc1,,
strict_b3db_confirmed_clean,test,existing:test:197,c1ccc2c(c1)CCc1cccc3c1C2CN1CCCCC31,1,c1ccc2c(c1)CCc1cccc3c1C2CN1CCCCC31,,
strict_b3db_confirmed_clean,test,existing:test:198,CC(C)[C@@]1(O)CCN2C[C@@H]3c4ccccc4CCc4cccc(c43)[C@H]2C1,1,CC(C)[C@@]1(O)CCN2C[C@@H]3c4ccccc4CCc4cccc(c43)[C@H]2C1,,
strict_b3db_confirmed_clean,test,existing:test:199,CC(C)(C)[C@]1(O)CCN2C[C@H]3c4ccccc4CCc4cccc(c43)[C@@H]2C1,1,CC(C)(C)[C@]1(O)CCN2C[C@H]3c4ccccc4CCc4cccc(c43)[C@@H]2C1,,
strict_b3db_confirmed_clean,test,existing:test:200,O=C(O)c1cc(=O)c2cc(OCC(O)COc3cccc4oc(C(=O)O)cc(=O)c34)ccc2o1,0,O=C(O)c1cc(=O)c2cc(OCC(O)COc3cccc4oc(C(=O)O)cc(=O)c34)ccc2o1,,
strict_b3db_confirmed_clean,test,existing:test:201,O=C(NCCCN1CCOCC1)c1ccc(Cl)cc1,1,O=C(NCCCN1CCOCC1)c1ccc(Cl)cc1,,
strict_b3db_confirmed_clean,test,existing:test:202,CCCCC[C@H](O)/C=C/[C@H]1[C@H](O)CC(=O)[C@@H]1CCCCCCC(=O)O,0,CCCCC[C@H](O)/C=C/[C@H]1[C@H](O)CC(=O)[C@@H]1CCCCCCC(=O)O,,
strict_b3db_confirmed_clean,test,existing:test:203,COCc1c(C(=O)OC(C)C)ncc2[nH]c3cccc(Oc4ccc(Cl)cc4)c3c12,1,COCc1c(C(=O)OC(C)C)ncc2[nH]c3cccc(Oc4ccc(Cl)cc4)c3c12,,
strict_b3db_confirmed_clean,test,existing:test:204,CN1c2cc(F)ccc2C(c2ccccc2)=NCC1CNC(=O)c1ccoc1,1,CN1c2cc(F)ccc2C(c2ccccc2)=NCC1CNC(=O)c1ccoc1,,
strict_b3db_confirmed_clean,test,existing:test:205,CCOc1ccccc1O[C@@H](c1ccccc1)[C@@H]1CNCCO1,1,CCOc1ccccc1O[C@@H](c1ccccc1)[C@@H]1CNCCO1,,
strict_b3db_confirmed_clean,test,existing:test:206,Cc1c(F)c(N2CCNC(C)C2)cc2c1c(=O)c(C(=O)O)cn2C1CC1,0,Cc1c(F)c(N2CCNC(C)C2)cc2c1c(=O)c(C(=O)O)cn2C1CC1,,
strict_b3db_confirmed_clean,test,existing:test:207,O=C(O)c1cn(C2CC2)c2cc(N3CCNCC3)c(F)cc2c1=O,0,O=C(O)c1cn(C2CC2)c2cc(N3CCNCC3)c(F)cc2c1=O,,
strict_b3db_confirmed_clean,test,existing:test:208,Clc1cnn(CCCCN2CCN(c3ncccn3)CC2)c1,1,Clc1cnn(CCCCN2CCN(c3ncccn3)CC2)c1,,
strict_b3db_confirmed_clean,test,existing:test:209,C[C@]12COC(=O)C[C@@H]1CC[C@@H]1[C@@H]2CC[C@@]2(C)[C@H]1CC[C@]2(C)O,0,C[C@]12COC(=O)C[C@@H]1CC[C@@H]1[C@@H]2CC[C@@]2(C)[C@H]1CC[C@]2(C)O,,
strict_b3db_confirmed_clean,test,existing:test:210,CN1CCC[C@H]1c1cccnc1,1,CN1CCC[C@H]1c1cccnc1,,
strict_b3db_confirmed_clean,test,existing:test:211,CC1(C)S[C@@H]2[C@H](NC(=O)C(C(=O)Oc3ccc4c(c3)CCC4)c3ccccc3)C(=O)N2[C@H]1C(=O)O,0,CC1(C)S[C@@H]2[C@H](NC(=O)C(C(=O)Oc3ccc4c(c3)CCC4)c3ccccc3)C(=O)N2[C@H]1C(=O)O,,
strict_b3db_confirmed_clean,test,existing:test:212,NS(=O)(=O)c1cc(C(=O)O)c(NCc2ccco2)cc1Cl,0,NS(=O)(=O)c1cc(C(=O)O)c(NCc2ccco2)cc1Cl,,
strict_b3db_confirmed_clean,test,existing:test:213,CC(Cc1ccccc1)NCCC1c2ccccc2Sc2ccccc21,1,CC(Cc1ccccc1)NCCC1c2ccccc2Sc2ccccc21,,
strict_b3db_confirmed_clean,test,existing:test:214,O=C1NCN(c2ccccc2)C12CCN(CCCC(c1ccc(F)cc1)c1ccc(F)cc1)CC2,1,O=C1NCN(c2ccccc2)C12CCN(CCCC(c1ccc(F)cc1)c1ccc(F)cc1)CC2,,
strict_b3db_confirmed_clean,test,existing:test:215,CC1(C)S[C@@H]2[C@H](NC(=O)[C@H](NC(=O)Cc3ccc(C4=NCCCN4)cc3)c3ccccc3)C(=O)N2[C@H]1C(=O)O,0,CC1(C)S[C@@H]2[C@H](NC(=O)[C@H](NC(=O)Cc3ccc(C4=NCCCN4)cc3)c3ccccc3)C(=O)N2[C@H]1C(=O)O,,
strict_b3db_confirmed_clean,test,existing:test:216,C1CCc2nnnn2CC1,1,C1CCc2nnnn2CC1,,
strict_b3db_confirmed_clean,test,existing:test:217,CNc1cc(OC)c(C(=O)N[C@@H]2CCN(Cc3ccccc3)[C@@H]2C)cc1Cl,1,CNc1cc(OC)c(C(=O)N[C@@H]2CCN(Cc3ccccc3)[C@@H]2C)cc1Cl,,
strict_b3db_confirmed_clean,test,existing:test:218,OC[C@H]1O[C@@H](n2cnc3c2NC=NC[C@H]3O)C[C@@H]1O,1,OC[C@H]1O[C@@H](n2cnc3c2NC=NC[C@H]3O)C[C@@H]1O,,
strict_b3db_confirmed_clean,test,existing:test:219,CN(c1nc2ccccc2s1)C1CCN(CC(O)COc2ccc(F)cc2)CC1,1,CN(c1nc2ccccc2s1)C1CCN(CC(O)COc2ccc(F)cc2)CC1,,
strict_b3db_confirmed_clean,test,existing:test:220,Cc1nn(C)c2c1C(c1ccccc1F)=NCC(=O)N2C,1,Cc1nn(C)c2c1C(c1ccccc1F)=NCC(=O)N2C,,
strict_b3db_confirmed_clean,test,existing:test:221,COc1ccc2c3c1O[C@H]1C(=O)CC[C@H]4[C@@H](C2)N(C)CC[C@]314,1,COc1ccc2c3c1O[C@H]1C(=O)CC[C@H]4[C@@H](C2)N(C)CC[C@]314,,
strict_b3db_confirmed_clean,test,existing:test:222,CC(C)=CCN1CC[C@]23c4c5ccc(O)c4O[C@H]2C(=O)CC[C@@]3(O)[C@H]1C5,1,CC(C)=CCN1CC[C@]23c4c5ccc(O)c4O[C@H]2C(=O)CC[C@@]3(O)[C@H]1C5,,
strict_b3db_confirmed_clean,test,existing:test:223,CN1CC[C@]23c4c5ccc(O)c4O[C@@]2(C)C(=O)CC[C@H]3[C@H]1C5,1,CN1CC[C@]23c4c5ccc(O)c4O[C@@]2(C)C(=O)CC[C@H]3[C@H]1C5,,
strict_b3db_confirmed_clean,test,existing:test:224,COc1ccc2c3c1O[C@H]1C(=O)CC[C@@]4(O)[C@@H](C2)N(C)CC[C@]314,1,COc1ccc2c3c1O[C@H]1C(=O)CC[C@@]4(O)[C@@H](C2)N(C)CC[C@]314,,
strict_b3db_confirmed_clean,test,existing:test:225,CN1CC[C@]23c4c5ccc(O)c4O[C@H]2C(=O)CC[C@@]3(O)[C@H]1C5,1,CN1CC[C@]23c4c5ccc(O)c4O[C@H]2C(=O)CC[C@@]3(O)[C@H]1C5,,
strict_b3db_confirmed_clean,test,existing:test:226,CN1CC[C@]23c4c5ccc(O)c4O[C@H]2C(=O)CC[C@H]3[C@H]1C5,1,CN1CC[C@]23c4c5ccc(O)c4O[C@H]2C(=O)CC[C@H]3[C@H]1C5,,
strict_b3db_confirmed_clean,test,existing:test:227,COCCN1CC[C@]23c4c5ccc(O)c4O[C@H]2C(=O)CC[C@@]3(O)[C@H]1C5,1,COCCN1CC[C@]23c4c5ccc(O)c4O[C@H]2C(=O)CC[C@@]3(O)[C@H]1C5,,
strict_b3db_confirmed_clean,test,existing:test:228,CC(C)(C)c1ccc(CN2CCN(C(c3ccccc3)c3ccc(Cl)cc3)CC2)cc1,1,CC(C)(C)c1ccc(CN2CCN(C(c3ccccc3)c3ccc(Cl)cc3)CC2)cc1,,
strict_b3db_confirmed_clean,test,existing:test:229,CCC(=O)N(c1ccccc1)C1(C(=O)OC)CCN(CCC(=O)OC)CC1,1,CCC(=O)N(c1ccccc1)C1(C(=O)OC)CCN(CCC(=O)OC)CC1,,
strict_b3db_confirmed_clean,test,existing:test:230,CN1CC[C@@]2(C)c3cc(OC(=O)Nc4ccccc4)ccc3N(C)[C@@H]12,1,CN1CC[C@@]2(C)c3cc(OC(=O)Nc4ccccc4)ccc3N(C)[C@@H]12,,
strict_b3db_confirmed_clean,test,existing:test:231,CN[C@@H]1C[C@@H](c2ccc(Cl)c(Cl)c2)c2ccccc21,1,CN[C@@H]1C[C@@H](c2ccc(Cl)c(Cl)c2)c2ccccc21,,
strict_b3db_confirmed_clean,test,existing:test:232,CC[C@H](NC(=O)c1c(O)c(-c2ccccc2)nc2ccccc12)c1ccccc1,1,CC[C@H](NC(=O)c1c(O)c(-c2ccccc2)nc2ccccc12)c1ccccc1,,
strict_b3db_confirmed_clean,test,existing:test:233,CC[C@H](NC(=O)c1c(C)c(-c2ccccc2)nc2ccccc12)c1ccccc1,1,CC[C@H](NC(=O)c1c(C)c(-c2ccccc2)nc2ccccc12)c1ccccc1,,
strict_b3db_confirmed_clean,test,existing:test:234,CC[C@H](NC(=O)c1c(OCCCN(C)C)c(-c2ccccc2)nc2ccccc12)c1ccccc1,1,CC[C@H](NC(=O)c1c(OCCCN(C)C)c(-c2ccccc2)nc2ccccc12)c1ccccc1,,
strict_b3db_confirmed_clean,test,existing:test:235,CC[C@H](NC(=O)c1c(OCC(=O)O)c(-c2ccccc2)nc2ccccc12)c1ccccc1,0,CC[C@H](NC(=O)c1c(OCC(=O)O)c(-c2ccccc2)nc2ccccc12)c1ccccc1,,
strict_b3db_confirmed_clean,test,existing:test:236,CC[C@H](NC(=O)c1c(OCCCC(=O)O)c(-c2ccccc2)nc2ccccc12)c1ccccc1,0,CC[C@H](NC(=O)c1c(OCCCC(=O)O)c(-c2ccccc2)nc2ccccc12)c1ccccc1,,
strict_b3db_confirmed_clean,test,existing:test:237,CCC(NC(=O)c1c(C)c(-c2ccccc2)nc2ccccc12)c1ccccc1,1,CCC(NC(=O)c1c(C)c(-c2ccccc2)nc2ccccc12)c1ccccc1,,
strict_b3db_confirmed_clean,test,existing:test:238,Cc1nc2n(c(=O)c1CCN1CCC(c3noc4cc(F)ccc34)CC1)CCCC2O,1,Cc1nc2n(c(=O)c1CCN1CCC(c3noc4cc(F)ccc34)CC1)CCCC2O,,
strict_b3db_confirmed_clean,test,existing:test:239,Cc1nc2n(c(=O)c1CCN1CCC(c3noc4cc(F)ccc34)CC1)CCC[C@H]2O,1,Cc1nc2n(c(=O)c1CCN1CCC(c3noc4cc(F)ccc34)CC1)CCC[C@H]2O,,
strict_b3db_confirmed_clean,test,existing:test:240,Cc1nc2n(c(=O)c1CCN1CCC(c3noc4cc(F)ccc34)CC1)CCCC2,1,Cc1nc2n(c(=O)c1CCN1CCC(c3noc4cc(F)ccc34)CC1)CCCC2,,
strict_b3db_confirmed_clean,test,existing:test:241,CCCCCCC(C)(C)c1cc(O)c2c(c1)OC(C)(C)[C@@H]1CCC(=O)C[C@@H]21,1,CCCCCCC(C)(C)c1cc(O)c2c(c1)OC(C)(C)[C@@H]1CCC(=O)C[C@@H]21,,
strict_b3db_confirmed_clean,test,existing:test:242,O=C1CN(O)C(c2ccccc2)=c2cc(Cl)ccc2=N1,1,O=C1CN(O)C(c2ccccc2)=c2cc(Cl)ccc2=N1,,
strict_b3db_confirmed_clean,test,existing:test:243,CC1(C)S[C@@H]2[C@H](NC(=O)C34C[C@@H]5C[C@@H](CC(N)(C5)C3)C4)C(=O)N2[C@H]1C(=O)O,0,CC1(C)S[C@@H]2[C@H](NC(=O)C34C[C@@H]5C[C@@H](CC(N)(C5)C3)C4)C(=O)N2[C@H]1C(=O)O,,
strict_b3db_confirmed_clean,test,existing:test:244,COc1cc2[nH]c(C)c(CCN3CCN(c4ccccc4)CC3)c2cc1OC,1,COc1cc2[nH]c(C)c(CCN3CCN(c4ccccc4)CC3)c2cc1OC,,
strict_b3db_confirmed_clean,test,existing:test:245,CCOC(=O)c1[nH]c2cc(OC)c(OC)cc2c1CCN1CCN(c2ccccc2)CC1,1,CCOC(=O)c1[nH]c2cc(OC)c(OC)cc2c1CCN1CCN(c2ccccc2)CC1,,
strict_b3db_confirmed_clean,test,existing:test:246,COc1cc2[nH]c(C)c(CCN3CCN(c4ccccc4OC)CC3)c2cc1OC,1,COc1cc2[nH]c(C)c(CCN3CCN(c4ccccc4OC)CC3)c2cc1OC,,
strict_b3db_confirmed_clean,test,existing:test:247,CN1C(=O)CN2CCc3ccccc3C2c2cc(Cl)ccc21,1,CN1C(=O)CN2CCc3ccccc3C2c2cc(Cl)ccc21,,
strict_b3db_confirmed_clean,test,existing:test:248,O=C1CC[C@H](C(=O)N2CCCCC2)N1,1,O=C1CC[C@H](C(=O)N2CCCCC2)N1,,
strict_b3db_confirmed_clean,test,existing:test:249,O=C(COc1ccc(Cl)cc1)N1CCN(Cc2ccc3c(c2)OCO3)CC1,1,O=C(COc1ccc(Cl)cc1)N1CCN(Cc2ccc3c(c2)OCO3)CC1,,
strict_b3db_confirmed_clean,test,existing:test:250,N=C1SCCN1c1ccc(Cl)cc1N,1,N=C1SCCN1c1ccc(Cl)cc1N,,
strict_b3db_confirmed_clean,test,existing:test:251,CCCCNc1c(C(=O)OCC)c(C)nc2c1cnn2CC,1,CCCCNc1c(C(=O)OCC)c(C)nc2c1cnn2CC,,
strict_b3db_confirmed_clean,test,existing:test:252,CCOC(=O)c1cnc2c(cnn2CC)c1NN=C(C)C,1,CCOC(=O)c1cnc2c(cnn2CC)c1NN=C(C)C,,
strict_b3db_confirmed_clean,test,existing:test:253,CCCCNc1c(C(=O)OCC)cnc2c1cnn2CC,1,CCCCNc1c(C(=O)OCC)cnc2c1cnn2CC,,
strict_b3db_confirmed_clean,test,existing:test:254,CN(C(=O)CNC1CC1)c1ccc(Cl)cc1C(=O)c1ccccc1Cl,1,CN(C(=O)CNC1CC1)c1ccc(Cl)cc1C(=O)c1ccccc1Cl,,
strict_b3db_confirmed_clean,test,existing:test:255,O=c1[nH]c2ccccc2n1C1CCN(CCOc2ccccc2)CC1,1,O=c1[nH]c2ccccc2n1C1CCN(CCOc2ccccc2)CC1,,
strict_b3db_confirmed_clean,test,existing:test:256,CN1CCC(OC2c3ccccc3CCc3ccccc32)CC1,1,CN1CCC(OC2c3ccccc3CCc3ccccc32)CC1,,
strict_b3db_confirmed_clean,test,existing:test:257,CN1C(=O)CN(C(N)=O)C(c2ccccc2)c2cc(Cl)ccc21,1,CN1C(=O)CN(C(N)=O)C(c2ccccc2)c2cc(Cl)ccc21,,
strict_b3db_confirmed_clean,test,existing:test:258,C=CC[C@@H]1/C=C(\C)C[C@H](C)C[C@H](OC)[C@H]2O[C@@](O)(C(=O)C(=O)N3CCCC[C@H]3C(=O)O[C@H](/C(C)=C/[C@@H]3CC[C@@H](O)[C@H](OC)C3)[C@H](C)[C@@H](O)CC1=O)[C@H](C)C[C@@H]2OC,0,C=CC[C@@H]1/C=C(\C)C[C@H](C)C[C@H](OC)[C@H]2O[C@@](O)(C(=O)C(=O)N3CCCC[C@H]3C(=O)O[C@H](/C(C)=C/[C@@H]3CC[C@@H](O)[C@H](OC)C3)[C@H](C)[C@@H](O)CC1=O)[C@H](C)C[C@@H]2OC,,
strict_b3db_confirmed_clean,test,existing:test:259,CC(C)N1CCOC(c2ccc(C(F)(F)F)cc2)C1,1,CC(C)N1CCOC(c2ccc(C(F)(F)F)cc2)C1,,
strict_b3db_confirmed_clean,test,existing:test:260,C[C@H]1[C@H](c2ccccc2)OCCN1C,1,C[C@H]1[C@H](c2ccccc2)OCCN1C,,
strict_b3db_confirmed_clean,test,existing:test:261,CC1NCCOC1c1ccccc1,1,CC1NCCOC1c1ccccc1,,
strict_b3db_confirmed_clean,test,existing:test:262,CN(C)Cc1ccc(CSCCNc2[nH]cc(Cc3ccccc3)c2[N+](=O)[O-])o1,1,CN(C)Cc1ccc(CSCCNc2[nH]cc(Cc3ccccc3)c2[N+](=O)[O-])o1,,
strict_b3db_confirmed_clean,test,existing:test:263,CC(C)NS(=O)(=O)CCN1C(=O)c2ccccc2C1=O,1,CC(C)NS(=O)(=O)CCN1C(=O)c2ccccc2C1=O,,
strict_b3db_confirmed_clean,test,existing:test:264,O=C(Cc1ccc(Cl)c(Cl)c1)N1CCc2[nH]cnc2[C@H]1CN1CCCC1,0,O=C(Cc1ccc(Cl)c(Cl)c1)N1CCc2[nH]cnc2[C@H]1CN1CCCC1,,
strict_b3db_confirmed_clean,test,existing:test:265,O=C(Cc1ccc(Cl)c(Cl)c1)N1CCc2[nH]cnc2[C@H]1CN1CC[C@@H](O)C1,0,O=C(Cc1ccc(Cl)c(Cl)c1)N1CCc2[nH]cnc2[C@H]1CN1CC[C@@H](O)C1,,
strict_b3db_confirmed_clean,test,existing:test:266,CCOC(=O)N(Cc1ccccc1)C1CC1,1,CCOC(=O)N(Cc1ccccc1)C1CC1,,
strict_b3db_confirmed_clean,test,existing:test:267,O=C(CCCN1CCC(C(=O)c2ccc(F)cc2)CC1)c1ccc(F)cc1,1,O=C(CCCN1CCC(C(=O)c2ccc(F)cc2)CC1)c1ccc(F)cc1,,
strict_b3db_confirmed_clean,test,existing:test:268,O=C(CCCN1CCC(C(=O)c2ccc(Cl)cc2)CC1)c1ccc(F)cc1,1,O=C(CCCN1CCC(C(=O)c2ccc(Cl)cc2)CC1)c1ccc(F)cc1,,
strict_b3db_confirmed_clean,test,existing:test:269,CN(C)CCC(c1ccccc1)C1CCCCC1,1,CN(C)CCC(c1ccccc1)C1CCCCC1,,
strict_b3db_confirmed_clean,test,existing:test:270,COc1ccc(C(CN(C)C)C2(O)CCCCC2)cc1,1,COc1ccc(C(CN(C)C)C2(O)CCCCC2)cc1,,
strict_b3db_confirmed_clean,test,existing:test:271,CC[C@@]1(O)C[C@H](OC2CC(N(C)C)C(OC3CC(O)C(OC4CCC(=O)C(C)O4)C(C)O3)C(C)O2)c2c(cc3c(c2O)C(=O)c2c(O)cccc2C3=O)[C@H]1C(=O)OC,0,CC[C@@]1(O)C[C@H](OC2CC(N(C)C)C(OC3CC(O)C(OC4CCC(=O)C(C)O4)C(C)O3)C(C)O2)c2c(cc3c(c2O)C(=O)c2c(O)cccc2C3=O)[C@H]1C(=O)OC,,
strict_b3db_confirmed_clean,test,existing:test:272,c1ccc(C2(N3CCCCC3)CCCCC2)cc1,1,c1ccc(C2(N3CCCCC3)CCCCC2)cc1,,
strict_b3db_confirmed_clean,test,existing:test:273,O=C(Cn1cnnn1)N[C@@H]1C(=O)N2C(C(=O)O)=C(CSc3nncs3)CS[C@H]12,0,O=C(Cn1cnnn1)N[C@@H]1C(=O)N2C(C(=O)O)=C(CSc3nncs3)CS[C@H]12,,
strict_b3db_confirmed_clean,test,existing:test:274,COc1cc2c(cc1OC)[C@@H](c1ccccc1)CN(C)CC2,1,COc1cc2c(cc1OC)[C@@H](c1ccccc1)CN(C)CC2,,
strict_b3db_confirmed_clean,test,existing:test:275,CC(C)(C)c1ccc(C(O)CCCN2CCC(C(O)(c3ccccc3)c3ccccc3)CC2)cc1,0,CC(C)(C)c1ccc(C(O)CCCN2CCC(C(O)(c3ccccc3)c3ccccc3)CC2)cc1,,
strict_b3db_confirmed_clean,test,existing:test:276,CCN1CCC(=C(c2ccccc2)c2ccccc2)C1,1,CCN1CCC(=C(c2ccccc2)c2ccccc2)C1,,
strict_b3db_confirmed_clean,test,existing:test:277,CC/C(=C(\c1ccccc1)c1ccc(OCCN(C)C)cc1)c1ccccc1,1,CC/C(=C(\c1ccccc1)c1ccc(OCCN(C)C)cc1)c1ccccc1,,
strict_b3db_confirmed_clean,test,existing:test:278,CCCNC(=O)N1CC(c2ccccc2)OC1=O,1,CCCNC(=O)N1CC(c2ccccc2)OC1=O,,
strict_b3db_confirmed_clean,test,existing:test:279,O=C(O)c1cc(=O)c2ccccc2[nH]1,1,O=C(O)c1cc(=O)c2ccccc2[nH]1,,
strict_b3db_confirmed_clean,test,existing:test:280,O=C1NCCCC1N1C(=O)c2ccccc2S1(=O)=O,1,O=C1NCCCC1N1C(=O)c2ccccc2S1(=O)=O,,
strict_b3db_confirmed_clean,test,existing:test:281,CNCCCN1c2ccccc2C(C)(C)c2ccccc21,1,CNCCCN1c2ccccc2C(C)(C)c2ccccc21,,
strict_b3db_confirmed_clean,test,existing:test:282,CN(C)CCCN1c2ccccc2C(C)(C)c2ccccc21,1,CN(C)CCCN1c2ccccc2C(C)(C)c2ccccc21,,
strict_b3db_confirmed_clean,test,existing:test:283,CN(C)CCCC1c2ccccc2Nc2ccc(Cl)cc21,1,CN(C)CCCC1c2ccccc2Nc2ccc(Cl)cc21,,
strict_b3db_confirmed_clean,test,existing:test:284,C[C@]12CC[C@@H]3c4ccc(O)cc4CC[C@H]3[C@@H]1CCC2=O,0,C[C@]12CC[C@@H]3c4ccc(O)cc4CC[C@H]3[C@@H]1CCC2=O,,
strict_b3db_confirmed_clean,test,existing:test:285,CNCCCC1(c2ccccc2)SC(C)(C)c2ccccc21,1,CNCCCC1(c2ccccc2)SC(C)(C)c2ccccc21,,
strict_b3db_confirmed_clean,test,existing:test:286,Cc1ccc2c(c1)c1c3n2CCNC3CCC1,1,Cc1ccc2c(c1)c1c3n2CCNC3CCC1,,
strict_b3db_confirmed_clean,test,existing:test:287,Cc1nccn1CC1CCc2c(c3ccccc3n2C)C1=O,1,Cc1nccn1CC1CCc2c(c3ccccc3n2C)C1=O,,
strict_b3db_confirmed_clean,test,existing:test:288,CC(NNC(=O)c1ccccc1)c1ccccc1,1,CC(NNC(=O)c1ccccc1)c1ccccc1,,
strict_b3db_confirmed_clean,test,existing:test:289,COc1ccc(C(O)CN2CCN(C(c3ccccc3)c3ccccc3)CC2)cc1OC,1,COc1ccc(C(O)CN2CCN(C(c3ccccc3)c3ccccc3)CC2)cc1OC,,
strict_b3db_confirmed_clean,test,existing:test:290,CCN(CC)C(=O)C1CN2CCc3cc(OC)c(OC)cc3C2CC1OC(C)=O,1,CCN(CC)C(=O)C1CN2CCc3cc(OC)c(OC)cc3C2CC1OC(C)=O,,
strict_b3db_confirmed_clean,test,existing:test:291,CCC1(O)CCN2CCc3ccc(C)cc3C2C1,1,CCC1(O)CCN2CCc3ccc(C)cc3C2C1,,
strict_b3db_confirmed_clean,test,existing:test:292,CCc1c(OC)nc2nc(C(=O)c3ccccc3)cn2c1C,1,CCc1c(OC)nc2nc(C(=O)c3ccccc3)cn2c1C,,
strict_b3db_confirmed_clean,test,existing:test:293,COC1C=COC2(C)Oc3c(C)c(O)c4c(O)c(c(C=NN5CCN(C)CC5)c(O)c4c3C2=O)NC(=O)C(C)=CC=CC(C)C(O)C(C)C(O)C(C)C(OC(C)=O)C1C,0,COC1C=COC2(C)Oc3c(C)c(O)c4c(O)c(c(C=NN5CCN(C)CC5)c(O)c4c3C2=O)NC(=O)C(C)=CC=CC(C)C(O)C(C)C(O)C(C)C(OC(C)=O)C1C,,
strict_b3db_confirmed_clean,test,existing:test:294,C[C@@H]1[C@H](O)[C@@H](C)/C=C\C=C/C=C\C=C/C=C\C=C/C=C\[C@H](O[C@@H]2O[C@H](C)[C@@H](O)[C@H](N)[C@@H]2O)C[C@@H]2O[C@](O)(C[C@@H](O)C[C@@H](O)[C@H](O)CC[C@@H](O)C[C@@H](O)CC(=O)O[C@H]1C)C[C@H](O)[C@H]2C(=O)O,0,C[C@@H]1[C@H](O)[C@@H](C)/C=C\C=C/C=C\C=C/C=C\C=C/C=C\[C@H](O[C@@H]2O[C@H](C)[C@@H](O)[C@H](N)[C@@H]2O)C[C@@H]2O[C@](O)(C[C@@H](O)C[C@@H](O)[C@H](O)CC[C@@H](O)C[C@@H](O)CC(=O)O[C@H]1C)C[C@H](O)[C@H]2C(=O)O,,
strict_b3db_confirmed_clean,test,existing:test:295,C[C@H](O)[C@H]1C(=O)N2C(C(=O)O)=C(SCCN=CN)C[C@H]12,0,C[C@H](O)[C@H]1C(=O)N2C(C(=O)O)=C(SCCN=CN)C[C@H]12,,
strict_b3db_confirmed_clean,test,existing:test:296,CN(C)CCCN1c2ccccc2C=Cc2sccc21,1,CN(C)CCCN1c2ccccc2C=Cc2sccc21,,
strict_b3db_confirmed_clean,test,existing:test:297,Fc1ccc2[nH]c3c(c2c1)CN(CCCc1cccnc1)CC3,1,Fc1ccc2[nH]c3c(c2c1)CN(CCCc1cccnc1)CC3,,
strict_b3db_confirmed_clean,test,existing:test:298,CN1CC[C@]23c4c5ccc(OC(=O)c6cccnc6)c4O[C@H]2[C@@H](OC(=O)c2cccnc2)C=C[C@H]3[C@H]1C5,1,CN1CC[C@]23c4c5ccc(OC(=O)c6cccnc6)c4O[C@H]2[C@@H](OC(=O)c2cccnc2)C=C[C@H]3[C@H]1C5,,
strict_b3db_confirmed_clean,test,existing:test:299,C[C@]12C=CC(=O)C=C1C(Cl)=C[C@@H]1[C@@H]2[C@@H](O)C[C@@]2(C)[C@H]1CC[C@]2(O)C(=O)CO,1,C[C@]12C=CC(=O)C=C1C(Cl)=C[C@@H]1[C@@H]2[C@@H](O)C[C@@]2(C)[C@H]1CC[C@]2(O)C(=O)CO,,
strict_b3db_confirmed_clean,test,existing:test:300,C=CCC1(C(C)C#CCC)C(=O)NC(=O)N(C)C1=O,1,C=CCC1(C(C)C#CCC)C(=O)NC(=O)N(C)C1=O,,
strict_b3db_confirmed_clean,test,existing:test:301,C=CCC1(C(C)CCC)C(=O)NC(=O)NC1=O,1,C=CCC1(C(C)CCC)C(=O)NC(=O)NC1=O,,
strict_b3db_confirmed_clean,test,existing:test:302,CCC1(CCC(C)C)C(=O)NC(=O)NC1=O,1,CCC1(CCC(C)C)C(=O)NC(=O)NC1=O,,
strict_b3db_confirmed_clean,test,existing:test:303,CCC1(CC)C(=O)NC(=O)N(C)C1=O,1,CCC1(CC)C(=O)NC(=O)N(C)C1=O,,
strict_b3db_confirmed_clean,test,existing:test:304,CCCC(CC)C1(CC)C(=O)NC(=O)NC1=O,1,CCCC(CC)C1(CC)C(=O)NC(=O)NC1=O,,
strict_b3db_confirmed_clean,test,existing:test:305,C=CCC1(C(C)CC)C(=O)NC(=O)NC1=O,1,C=CCC1(C(C)CC)C(=O)NC(=O)NC1=O,,
strict_b3db_confirmed_clean,test,existing:test:306,CC/C=C(\C)C1(CC)C(=O)NC(=O)NC1=O,1,CC/C=C(\C)C1(CC)C(=O)NC(=O)NC1=O,,
strict_b3db_confirmed_clean,test,existing:test:307,C=CC1(C(C)CCC)C(=O)NC(=O)NC1=O,1,C=CC1(C(C)CCC)C(=O)NC(=O)NC1=O,,
strict_b3db_confirmed_clean,test,existing:test:308,C=CCC1(CC(C)C)C(=O)NC(=O)NC1=O,1,C=CCC1(CC(C)C)C(=O)NC(=O)NC1=O,,
strict_b3db_confirmed_clean,test,existing:test:309,C=CCC1(CC(=C)Br)C(=O)NC(=O)NC1=O,1,C=CCC1(CC(=C)Br)C(=O)NC(=O)NC1=O,,
strict_b3db_confirmed_clean,test,existing:test:310,CCC1(CC)C(=O)NC(=O)NC1=O,1,CCC1(CC)C(=O)NC(=O)NC1=O,,
strict_b3db_confirmed_clean,test,existing:test:311,CCC(C)C1(CC)C(=O)NC(=O)NC1=O,1,CCC(C)C1(CC)C(=O)NC(=O)NC1=O,,
strict_b3db_confirmed_clean,test,existing:test:312,C=CCC1(CC(C)O)C(=O)NC(=O)NC1=O,1,C=CCC1(CC(C)O)C(=O)NC(=O)NC1=O,,
strict_b3db_confirmed_clean,test,existing:test:313,C=CCC1(CC(C)(C)C)C(=O)NC(=O)NC1=O,1,C=CCC1(CC(C)(C)C)C(=O)NC(=O)NC1=O,,
strict_b3db_confirmed_clean,test,existing:test:314,CCCCC1(CCOC(N)=O)C(=O)NC(=O)NC1=O,1,CCCCC1(CCOC(N)=O)C(=O)NC(=O)NC1=O,,
strict_b3db_confirmed_clean,test,existing:test:315,CCCC(C)C1(CC)C(=O)NC(=O)NC1=O,1,CCCC(C)C1(CC)C(=O)NC(=O)NC1=O,,
strict_b3db_confirmed_clean,test,existing:test:316,C=CCC1(C(C)C)C(=O)NC(=O)NC1=O,1,C=CCC1(C(C)C)C(=O)NC(=O)NC1=O,,
strict_b3db_confirmed_clean,test,existing:test:317,C=CCC1(CC=C)C(=O)NC(=O)NC1=O,1,C=CCC1(CC=C)C(=O)NC(=O)NC1=O,,
strict_b3db_confirmed_clean,test,existing:test:318,c1cc2c(c(N3CCNCC3)c1)OCCO2,1,c1cc2c(c(N3CCNCC3)c1)OCCO2,,
strict_b3db_confirmed_clean,test,existing:test:319,Nc1ccc(S(=O)(=O)N2CC3CCC(CC3)C2)cc1,1,Nc1ccc(S(=O)(=O)N2CC3CCC(CC3)C2)cc1,,
strict_b3db_confirmed_clean,test,existing:test:320,NC(=O)C1CCCCO1,1,NC(=O)C1CCCCO1,,
strict_b3db_confirmed_clean,test,existing:test:321,CN(N=O)C(=O)N[C@@H]1[C@@H](O)[C@H](O)[C@@H](CO)O[C@@H]1O,0,CN(N=O)C(=O)N[C@@H]1[C@@H](O)[C@H](O)[C@@H](CO)O[C@@H]1O,,
strict_b3db_confirmed_clean,test,existing:test:322,CC(=O)OCC1=C(C(=O)O)N2C(=O)[C@@H](NC(=O)CSc3ccncc3)[C@H]2SC1,0,CC(=O)OCC1=C(C(=O)O)N2C(=O)[C@@H](NC(=O)CSc3ccncc3)[C@H]2SC1,,
strict_b3db_confirmed_clean,test,existing:test:323,CCC(=O)N(c1ccccc1)C1(C(=O)OC)CCN(CCc2ccccc2)CC1,1,CCC(=O)N(c1ccccc1)C1(C(=O)OC)CCN(CCc2ccccc2)CC1,,
strict_b3db_confirmed_clean,test,existing:test:324,CCC(=O)N(c1ccccc1)C1CCN(CCc2ccccc2)CC1,1,CCC(=O)N(c1ccccc1)C1CCN(CCc2ccccc2)CC1,,
strict_b3db_confirmed_clean,test,existing:test:325,COCC(=O)N(c1ccccc1F)C1CCN(CCc2ccccc2)CC1,1,COCC(=O)N(c1ccccc1F)C1CCN(CCc2ccccc2)CC1,,
strict_b3db_confirmed_clean,test,existing:test:326,CCC(=O)N(c1ccccc1)[C@]1(C(=O)OC)CCN(CCc2ccccc2)C[C@@H]1C,1,CCC(=O)N(c1ccccc1)[C@]1(C(=O)OC)CCN(CCc2ccccc2)C[C@@H]1C,,
strict_b3db_confirmed_clean,test,existing:test:327,C[C@H](O)C1C(=O)N2C(C(=O)O)=C(S[C@@H]3CN[C@H](C(=O)N(C)C)C3)[C@H](C)C12,0,C[C@H](O)C1C(=O)N2C(C(=O)O)=C(S[C@@H]3CN[C@H](C(=O)N(C)C)C3)[C@H](C)C12,,
strict_b3db_confirmed_clean,test,existing:test:328,CNCC[C@@H](O)[C@@H]1C[C@H](SC2=C(C(=O)O)N3C(=O)[C@H]([C@@H](C)O)[C@H]3[C@H]2C)CN1,0,CNCC[C@@H](O)[C@@H]1C[C@H](SC2=C(C(=O)O)N3C(=O)[C@H]([C@@H](C)O)[C@H]3[C@H]2C)CN1,,
strict_b3db_confirmed_clean,test,existing:test:329,CC12NC(Cc3ccccc31)c1ccccc12,1,CC12NC(Cc3ccccc31)c1ccccc12,,
strict_b3db_confirmed_clean,test,existing:test:330,Cc1c(O)cccc1C(=O)N[C@@H](CSc1ccccc1)[C@H](O)CN1C[C@H]2CCCC[C@H]2C[C@H]1C(=O)NC(C)(C)C,0,Cc1c(O)cccc1C(=O)N[C@@H](CSc1ccccc1)[C@H](O)CN1C[C@H]2CCCC[C@H]2C[C@H]1C(=O)NC(C)(C)C,,
strict_b3db_confirmed_clean,test,existing:test:331,CN1C(=O)CCS(=O)(=O)C1c1ccc(Cl)cc1,1,CN1C(=O)CCS(=O)(=O)C1c1ccc(Cl)cc1,,
strict_b3db_confirmed_clean,test,existing:test:332,CN1C(=O)CCS(=O)(=O)C1c1ccc(Cl)c(Cl)c1,1,CN1C(=O)CCS(=O)(=O)C1c1ccc(Cl)c(Cl)c1,,
strict_b3db_confirmed_clean,test,existing:test:333,CNCCCC1(C)CN(c2ccccc2)c2ccccc21,1,CNCCCC1(C)CN(c2ccccc2)c2ccccc21,,
strict_b3db_confirmed_clean,test,existing:test:334,O=C(CC1c2ccccc2C(=O)N1c1ccc2ccc(Cl)nc2n1)N1CCC2(CC1)OCCO2,1,O=C(CC1c2ccccc2C(=O)N1c1ccc2ccc(Cl)nc2n1)N1CCC2(CC1)OCCO2,,
strict_b3db_confirmed_clean,test,existing:test:335,CN(CCCN1c2ccccc2CCc2ccccc21)CC(=O)c1ccc(Cl)cc1,1,CN(CCCN1c2ccccc2CCc2ccccc21)CC(=O)c1ccc(Cl)cc1,,
strict_b3db_confirmed_clean,test,existing:test:336,CC(Oc1ccccc1)C(=O)NC1C(=O)N2C1SC(C)(C)C2C(=O)O,0,CC(Oc1ccccc1)C(=O)NC1C(=O)N2C1SC(C)(C)C2C(=O)O,,
strict_b3db_confirmed_clean,test,existing:test:337,CC(C)(Oc1ccccc1)C(=O)N[C@@H]1C(=O)N2[C@@H]1SC(C)(C)[C@@H]2C(=O)O,0,CC(C)(Oc1ccccc1)C(=O)N[C@@H]1C(=O)N2[C@@H]1SC(C)(C)[C@@H]2C(=O)O,,
strict_b3db_confirmed_clean,test,existing:test:338,CCC(Oc1ccccc1)C(=O)NC1C(=O)N2C1SC(C)(C)C2C(=O)O,0,CCC(Oc1ccccc1)C(=O)NC1C(=O)N2C1SC(C)(C)C2C(=O)O,,
strict_b3db_confirmed_clean,test,existing:test:339,Nc1cc(OCC2CC2)c(C(=O)NC2CN3CCC2CC3)cc1Cl,1,Nc1cc(OCC2CC2)c(C(=O)NC2CN3CCC2CC3)cc1Cl,,
strict_b3db_confirmed_clean,test,existing:test:340,CC(C)C[C@H]1C(=O)N2CCC[C@H]2[C@]2(O)O[C@](NC(=O)[C@@H]3C=C4c5cccc6[nH]c(Br)c(c56)C[C@H]4N(C)C3)(C(C)C)C(=O)N12,0,CC(C)C[C@H]1C(=O)N2CCC[C@H]2[C@]2(O)O[C@](NC(=O)[C@@H]3C=C4c5cccc6[nH]c(Br)c(c56)C[C@H]4N(C)C3)(C(C)C)C(=O)N12,,
strict_b3db_confirmed_clean,test,existing:test:341,CCc1c(C)[n+]([NH-])c(-c2ccc(OC)c(OC)c2)c2cc(OC)c(OC)cc12,1,CCc1c(C)[n+]([NH-])c(-c2ccc(OC)c(OC)c2)c2cc(OC)c(OC)cc12,,
strict_b3db_confirmed_clean,test,existing:test:342,COC(=O)C1=CCCN(C)C1,1,COC(=O)C1=CCCN(C)C1,,
strict_b3db_confirmed_clean,test,existing:test:343,OC1(c2ccc(Cl)c(C(F)(F)F)c2)CCN(CCCC(c2ccc(F)cc2)c2ccc(F)cc2)CC1,1,OC1(c2ccc(Cl)c(C(F)(F)F)c2)CCN(CCCC(c2ccc(F)cc2)c2ccc(F)cc2)CC1,,
strict_b3db_confirmed_clean,test,existing:test:344,FC(F)(F)c1ccc(N2CCNCC2)nc1Cl,1,FC(F)(F)c1ccc(N2CCNCC2)nc1Cl,,
nonisomeric_exact_high_conf,train,train:13,Cc1cccc(C)c1OC[C@H](C)N,1,Cc1cccc(C)c1OCC(C)N,B,B3DB_classification:3604
nonisomeric_exact_high_conf,train,train:25,CCN(CC)C(=O)Nc1ccc(OC[C@@H](O)CNC(C)(C)C)c(C(C)=O)c1,0,CCN(CC)C(=O)Nc1ccc(OCC(O)CNC(C)(C)C)c(C(C)=O)c1,B,B3DB_classification:3068
nonisomeric_exact_high_conf,train,train:85,CNC[C@@H](O)c1ccc(OC(=O)C(C)(C)C)c(OC(=O)C(C)(C)C)c1,0,CNCC(O)c1ccc(OC(=O)C(C)(C)C)c(OC(=O)C(C)(C)C)c1,B,B3DB_classification:3283
nonisomeric_exact_high_conf,train,train:90,CC(N)(Cc1ccc(O)c(O)c1)C(=O)O,0,C[C@](N)(Cc1ccc(O)c(O)c1)C(=O)O,B,B3DB_classification:2832
nonisomeric_exact_high_conf,train,train:140,CC12CC[C@@H]3c4ccc(O)cc4CC[C@@H]3[C@@H]1CCC2O,0,C[C@]12CC[C@@H]3c4ccc(O)cc4CC[C@H]3[C@@H]1CC[C@@H]2O,B,B3DB_classification:2924
nonisomeric_exact_high_conf,train,train:200,NCC[C@H](O)C(=O)N[C@H]1C[C@H](N)[C@H](O[C@@H]2O[C@@H](CN)[C@@H](O)[C@H](O)[C@@H]2O)[C@H](O)[C@H]1O[C@H]1O[C@@H](CO)[C@@H](O)[C@H](N)[C@@H]1O,0,NCC[C@H](O)C(=O)N[C@@H]1C[C@H](N)[C@@H](O[C@H]2O[C@H](CN)[C@@H](O)[C@H](O)[C@H]2O)[C@H](O)[C@H]1O[C@H]1O[C@H](CO)[C@@H](O)[C@H](N)[C@H]1O,B,B3DB_classification:3675
nonisomeric_exact_high_conf,train,train:345,CO/N=C(/C(=O)N[C@@H]1C(=O)N2C(C(=O)O)=C(CSC(=O)c3ccco3)CS[C@H]12)c1csc(N)n1,0,CO/N=C(\C(=O)N[C@@H]1C(=O)N2C(C(=O)O)=C(CSC(=O)c3ccco3)CS[C@H]12)c1csc(N)n1,B,B3DB_classification:1951|B3DB_classification:3311|B3DB_classification:3328|B3DB_classification:4543
nonisomeric_exact_high_conf,train,train:364,CC1(C)S[C@H]2C(NC(=O)[C@@H](C(=O)O)c3ccccc3)C(=O)N2[C@H]1C(=O)O,0,CC1(C)S[C@@H]2[C@H](NC(=O)C(C(=O)O)c3ccccc3)C(=O)N2[C@H]1C(=O)O,B,B3DB_classification:2873
nonisomeric_exact_high_conf,train,train:440,CCN[C@H]1C2CCC(C2)C1c1ccccc1,1,CCNC1C2CCC(C2)C1c1ccccc1,B,B3DB_classification:3091
nonisomeric_exact_high_conf,train,train:477,CO[C@H]1/C=C/OC2(C)Oc3c(C)c(O)c4c(c3C2=O)C2=NC3(CCN(CC(C)C)CC3)NC2=C(NC(=O)/C(C)=C\C=C\[C@H](C)[C@H](O)[C@H](C)[C@H](O)[C@H](C)[C@H](OC(C)=O)[C@H]1C)C4=O,0,CO[C@H]1/C=C/O[C@@]2(C)Oc3c(C)c(O)c4c(c3C2=O)C2=NC3(CCN(CC(C)C)CC3)NC2=C(NC(=O)/C(C)=C\C=C\[C@H](C)[C@H](O)[C@@H](C)[C@@H](O)[C@@H](C)[C@H](OC(C)=O)[C@@H]1C)C4=O,B,B3DB_classification:3392
nonisomeric_exact_high_conf,train,train:488,C[C@H]1C[C@H]2[C@@H]3[C@@H](Cl)CC4=CC(=O)C=CC4(C)[C@H]3[C@@H](O)CC2(C)C1(O)C(=O)CO,1,C[C@@H]1C[C@H]2[C@H]3[C@H]([C@@H](O)C[C@]2(C)[C@@]1(O)C(=O)CO)[C@@]1(C)C=CC(=O)C=C1C[C@H]3Cl,B,B3DB_classification:3591|B3DB_classification:4299
nonisomeric_exact_high_conf,train,train:507,CC12C=CC(=O)C=C1CC[C@H]1[C@@H]3C[C@H](O)C(O)(C(=O)CO)C3(C)C[C@H](O)C12F,1,C[C@]12C[C@H](O)[C@@]3(F)[C@@H](CCC4=CC(=O)C=C[C@@]43C)[C@@H]1C[C@@H](O)[C@]2(O)C(=O)CO,B,B3DB_classification:2901
nonisomeric_exact_high_conf,train,train:521,C[C@H]1C[C@@H]2[C@H]([C@@H](O)CC3(C)[C@H]2CCC3(O)C(=O)CO)C2(C)C=CC(=O)C=C12,1,C[C@H]1C[C@H]2[C@@H]3CC[C@](O)(C(=O)CO)[C@@]3(C)C[C@H](O)[C@@H]2[C@@]2(C)C=CC(=O)C=C12,B,B3DB_classification:3564|B3DB_classification:4297
nonisomeric_exact_high_conf,train,train:545,CCC(=O)C1(C)[C@@H](C)C[C@H]2[C@@H]3CCC4=CC(=O)C=CC4(C)[C@H]3[C@@H](O)CC21C,1,CCC(=O)[C@@]1(C)[C@H](C)C[C@H]2[C@@H]3CCC4=CC(=O)C=C[C@]4(C)[C@H]3[C@@H](O)C[C@@]21C,B,B3DB_classification:2947|B3DB_classification:4328
nonisomeric_exact_high_conf,train,train:549,C[C@H]1C[C@H]2[C@@H]3CCC4=CC(=O)C=CC4(C)C3(Cl)[C@@H](O)CC2(C)C1(O)C(=O)CO,1,C[C@H]1C[C@H]2[C@@H]3CCC4=CC(=O)C=C[C@]4(C)[C@@]3(Cl)[C@@H](O)C[C@]2(C)[C@@]1(O)C(=O)CO,B,B3DB_classification:3569|B3DB_classification:4308
nonisomeric_exact_high_conf,train,train:676,CC[C@H](C)C(=O)O[C@H]1C[C@H](O)C=C2C=C[C@H](C)[C@H](CC[C@H](O)C[C@H](O)CC(=O)O)[C@@H]21,0,CC[C@H](C)C(=O)O[C@H]1C[C@H](O)C=C2C=C[C@H](C)[C@H](CC[C@@H](O)C[C@@H](O)CC(=O)O)[C@H]21,B,B3DB_classification:3131|B3DB_classification:4345
nonisomeric_exact_high_conf,train,train:685,CCOc1cc(N)c([N+](=O)[O-])cc1C(=O)NC1CCN(C[C@@H]2CC=CCC2)CC1,1,CCOc1cc(N)c([N+](=O)[O-])cc1C(=O)NC1CCN(CC2CC=CCC2)CC1,B,B3DB_classification:3110
nonisomeric_salt_high_conf,train,train:695,CCN1CCN(C(=O)N[C@H](C(=O)NC2C(=O)N3[C@H]2SC(C)(C)[C@@H]3C(=O)O)c2ccccc2)C(=O)C1=O,0,CCN1CCN(C(=O)N[C@@H](C(=O)N[C@@H]2C(=O)N3[C@@H](C(=O)O)C(C)(C)S[C@H]23)c2ccccc2)C(=O)C1=O.O,B,B3DB_classification:3084|B3DB_classification:4412
nonisomeric_exact_high_conf,train,train:701,CN1CCN(C(=O)O[C@H]2c3nccnc3C(=O)N2c2ccc(Cl)cn2)CC1,1,CN1CCN(C(=O)OC2c3nccnc3C(=O)N2c2ccc(Cl)cn2)CC1,B,B3DB_classification:3231
nonisomeric_exact_high_conf,train,train:788,CN1C2CC(OC(=O)C(CO)c3ccccc3)CC1C1OC12,1,CN1[C@H]2CC(OC(=O)[C@H](CO)c3ccccc3)C[C@@H]1[C@H]1O[C@@H]21,A,B3DB_classification:681|B3DB_classification:682|B3DB_classification:683|B3DB_classification:3254
nonisomeric_exact_high_conf,train,train:866,CCC[C@H]1O[C@H]2C[C@H]3[C@@H]4CCC5=CC(=O)C=CC5(C)[C@H]4C(O)CC3(C)C2(C(=O)CO)O1,1,CCCC1O[C@@H]2C[C@H]3[C@@H]4CCC5=CC(=O)C=C[C@]5(C)[C@H]4[C@@H](O)C[C@]3(C)[C@]2(C(=O)CO)O1,B,B3DB_classification:3057|B3DB_classification:3058
nonisomeric_exact_high_conf,train,train:886,CO/N=C(/C(=O)N[C@@H]1C(=O)N2C(C(=O)O)=C(CSc3cnns3)CS[C@H]12)c1csc(N)n1,0,CO/N=C(\C(=O)N[C@@H]1C(=O)N2C(C(=O)O)=C(CSc3cnns3)CS[C@H]12)c1csc(N)n1,B,B3DB_classification:1952|B3DB_classification:3329|B3DB_classification:4544
nonisomeric_exact_high_conf,train,train:889,COC(=O)C1=C(C)NC(C)=C(C(=O)OCCN(C)Cc2ccccc2)[C@@H]1c1cccc([N+](=O)[O-])c1,0,COC(=O)C1=C(C)NC(C)=C(C(=O)OCCN(C)Cc2ccccc2)C1c1cccc([N+](=O)[O-])c1,B,B3DB_classification:3338
nonisomeric_exact_high_conf,train,train:905,CO/N=C(/C(=O)N[C@@H]1C(=O)N2C(C(=O)O)=C(Cn3nnc(C)n3)CS[C@H]12)c1csc(N)n1,0,CO/N=C(\C(=O)N[C@@H]1C(=O)N2C(C(=O)O)=C(Cn3nnc(C)n3)CS[C@H]12)c1csc(N)n1,B,B3DB_classification:1955|B3DB_classification:3315|B3DB_classification:3332|B3DB_classification:4548
nonisomeric_exact_high_conf,train,train:953,Cc1cccc(/C=N\N2CCN(C(c3ccccc3)c3ccccc3)CC2)n1,1,Cc1cccc(/C=N/N2CCN(C(c3ccccc3)c3ccccc3)CC2)n1,B,B3DB_classification:2193|B3DB_classification:4588
nonisomeric_exact_high_conf,train,train:959,O=C(C1CCCCC1)N1CC(=O)N2CCc3ccccc3[C@H]2C1,1,O=C(C1CCCCC1)N1CC(=O)N2CCc3ccccc3C2C1,B,B3DB_classification:3714
nonisomeric_exact_high_conf,train,train:973,CO/N=C(/C(=O)NC1C(=O)N(OCC(=O)O)[C@H]1C)c1csc(N)n1,0,CO/N=C(\C(=O)NC1C(=O)N(OCC(=O)O)[C@H]1C)c1csc(N)n1,B,B3DB_classification:1943|B3DB_classification:3304|B3DB_classification:3320|B3DB_classification:4534
nonisomeric_exact_high_conf,train,train:976,CO/N=C(/C(=O)N[C@@H]1C(=O)N(OCC(=O)OCC(=O)OC(C)(C)C)[C@H]1C)c1csc(N)n1,0,CO/N=C(\C(=O)N[C@@H]1C(=O)N(OCC(=O)OCC(=O)OC(C)(C)C)[C@H]1C)c1csc(N)n1,B,B3DB_classification:1945|B3DB_classification:3305|B3DB_classification:3321|B3DB_classification:4535
nonisomeric_exact_high_conf,train,train:977,NC(=O)OCC1[C@H](NC(=O)/C(=N/OCC(=O)O)c2csc(N)n2)C(=O)N1S(=O)(=O)O,0,NC(=O)OCC1[C@H](NC(=O)/C(=N\OCC(=O)O)c2csc(N)n2)C(=O)N1S(=O)(=O)O,B,B3DB_classification:2296|B3DB_classification:3667|B3DB_classification:3668|B3DB_classification:4613
nonisomeric_exact_high_conf,train,train:1067,C[C@H](C(=O)O)c1cccc(C(=O)c2ccccc2)c1,1,CC(C(=O)O)c1cccc(C(=O)c2ccccc2)c1,B,B3DB_classification:3535
nonisomeric_salt_high_conf,train,train:1112,COc1cc(N)c(Cl)cc1C(=O)N[C@H]1CCN(CCCOc2ccc(F)cc2)C[C@@H]1OC,1,COc1cc(N)c(Cl)cc1C(=O)NC1CCN(CCCOc2ccc(F)cc2)CC1OC.O,B,B3DB_classification:3405
nonisomeric_exact_high_conf,train,train:1118,CC[C@@H]1C(C)=NN=C(c2ccc(OC)c(OC)c2)c2cc(OC)c(OC)cc21,1,CCC1C(C)=NN=C(c2ccc(OC)c(OC)c2)c2cc(OC)c(OC)cc21,B,B3DB_classification:3115
nonisomeric_exact_high_conf,train,train:1299,NC1=NC(=O)[C@H](c2ccccc2)O1,1,NC1=NC(=O)C(c2ccccc2)O1,B,B3DB_classification:3664
nonisomeric_exact_high_conf,train,train:1305,Cn1nnnc1SCC1=C(C(=O)O)N2C(=O)C(NC(=O)[C@@H](O)c3ccccc3)[C@@H]2SC1,0,Cn1nnnc1SCC1=C(C(=O)O)N2C(=O)[C@@H](NC(=O)[C@H](O)c3ccccc3)[C@H]2SC1,B,B3DB_classification:3650|B3DB_classification:4606
nonisomeric_exact_high_conf,train,train:1332,COCCCC(=O)OC(C)OC(=O)C1=C(COC(N)=O)CS[C@@H]2[C@H](NC(=O)/C(=N/OC)c3ccco3)C(=O)N12,0,COCCCC(=O)OC(C)OC(=O)C1=C(COC(N)=O)CS[C@@H]2[C@H](NC(=O)/C(=N\OC)c3ccco3)C(=O)N12,B,B3DB_classification:1990|B3DB_classification:3373
nonisomeric_exact_high_conf,train,train:1333,CO/N=C(/C(=O)N[C@@H]1C(=O)N2C(C(=O)O)=C(COC(C)=O)CS[C@H]12)c1ccco1,0,CO/N=C(\C(=O)N[C@@H]1C(=O)N2C(C(=O)O)=C(COC(C)=O)CS[C@H]12)c1ccco1,B,B3DB_classification:1948|B3DB_classification:3308|B3DB_classification:3336|B3DB_classification:4539
nonisomeric_exact_high_conf,train,train:1335,CO/N=C(/C(=O)N[C@@H]1C(=O)N2C(C(=O)OC(C)OC(C)=O)=C(COC(N)=O)CS[C@H]12)c1ccco1,0,CO/N=C(\C(=O)N[C@@H]1C(=O)N2C(C(=O)OC(C)OC(C)=O)=C(COC(N)=O)CS[C@H]12)c1ccco1,B,B3DB_classification:1957|B3DB_classification:3318|B3DB_classification:3334|B3DB_classification:4551
nonisomeric_exact_high_conf,train,train:1372,C[C@]12CC(=O)[C@H]3[C@@H](CCC4=CC(=O)C=C[C@@]43C)[C@@H]1CCC2(O)C(=O)CO,1,C[C@]12CC(=O)[C@H]3[C@@H](CCC4=CC(=O)C=C[C@@]43C)[C@@H]1CC[C@]2(O)C(=O)CO,A,B3DB_classification:158|B3DB_classification:2896|B3DB_classification:4272
nonisomeric_exact_high_conf,train,train:1383,COCC1=C(C(=O)O)N2C(=O)[C@@H](NC(=O)/C(=N/O)c3csc(N)n3)[C@H]2SC1,0,COCC1=C(C(=O)O)N2C(=O)[C@@H](NC(=O)/C(=N\O)c3csc(N)n3)[C@H]2SC1,B,B3DB_classification:1986|B3DB_classification:3370|B3DB_classification:3372|B3DB_classification:4528
nonisomeric_exact_high_conf,train,train:1385,CO/N=C(/C(=O)N[C@@H]1C(=O)N2C(C(=O)O)=C(C)CS[C@H]12)c1csc(N)n1,0,CO/N=C(\C(=O)N[C@@H]1C(=O)N2C(C(=O)O)=C(C)CS[C@H]12)c1csc(N)n1,B,B3DB_classification:1947|B3DB_classification:3324|B3DB_classification:3335|B3DB_classification:4536
nonisomeric_exact_high_conf,train,train:1394,CC12CCC(=O)C=C1CCC1C2CCC2(C)C(O)CCC12,1,C[C@]12CC[C@H]3[C@@H](CCC4=CC(=O)CC[C@@]43C)[C@@H]1CC[C@@H]2O,A,B3DB_classification:549|B3DB_classification:2917
nonisomeric_exact_high_conf,train,train:1406,CC12CCC(=O)C=C1CC[C@H]1[C@@H]3CCC(O)(C(=O)CO)C3(C)C[C@H](O)C12F,1,C[C@]12C[C@H](O)[C@@]3(F)[C@@H](CCC4=CC(=O)CC[C@@]43C)[C@@H]1CC[C@]2(O)C(=O)CO,B,B3DB_classification:2920
nonisomeric_exact_high_conf,valid,valid:20,CC12CCC(=O)C=C1CC[C@@H]1[C@@H]2[C@@H](O)CC2(C)[C@H]1CCC2(O)C(=O)COC(=O)CCC1CCCC1,1,CC12CCC(=O)C=C1CCC1C2C(O)CC2(C)C1CCC2(O)C(=O)COC(=O)CCC1CCCC1,B,B3DB_classification:2914
nonisomeric_exact_high_conf,valid,valid:43,CO[C@H]1/C=C/OC2(C)Oc3c(C)c(O)c4c(c3C2=O)C(=O)/C(=C/NN2CCN(C)CC2)C(=C4O)NC(=O)/C(C)=C\C=C\[C@H](C)[C@H](O)[C@H](C)[C@H](O)[C@H](C)[C@H](OC(C)=O)[C@H]1C,0,COC1C=COC2(C)Oc3c(C)c(O)c4c(c3C2=O)C(=O)C(=CNN2CCN(C)CC2)C(=C4O)NC(=O)C(C)=CC=CC(C)C(O)C(C)C(O)C(C)C(OC(C)=O)C1C,B,B3DB_classification:3391
nonisomeric_exact_high_conf,valid,valid:65,COC1(NC(=O)Cc2cccs2)C(=O)N2C(C(=O)O)=C(COC(N)=O)CS[C@H]21,0,CO[C@@]1(NC(=O)Cc2cccs2)C(=O)N2C(C(=O)O)=C(COC(N)=O)CS[C@@H]21,B,B3DB_classification:3359|B3DB_classification:4508
nonisomeric_exact_high_conf,valid,valid:116,CC[C@H]1OC(=O)[C@H](C)[C@@H](OC2CC(C)(OC)C(O)C(C)O2)C(C)[C@@H](OC2OC(C)CC(N(C)C)C2O)[C@](C)(O)C[C@@H](C)/C(=N/OC)[C@H](C)[C@@H](O)[C@]1(C)O,0,CC[C@H]1OC(=O)[C@H](C)[C@@H](OC2CC(C)(OC)C(O)C(C)O2)C(C)[C@@H](OC2OC(C)CC(N(C)C)C2O)[C@](C)(O)C[C@@H](C)/C(=N\OC)[C@H](C)[C@@H](O)[C@]1(C)O,B,B3DB_classification:1680|B3DB_classification:3125|B3DB_classification:4366
nonisomeric_exact_high_conf,valid,valid:133,CC(=O)SC[C@@H](Cc1ccccc1)C(=O)NCC(=O)OCc1ccccc1,1,CC(=O)SCC(Cc1ccccc1)C(=O)NCC(=O)OCc1ccccc1,B,B3DB_classification:2759
nonisomeric_exact_high_conf,valid,valid:172,CC(Oc1cccc2ccccc12)C(N)=NO,1,CC(Oc1cccc2ccccc12)/C(N)=N/O,B,B3DB_classification:1319|B3DB_classification:3552
nonisomeric_exact_high_conf,valid,valid:194,CC12CCC(=O)C=C1CC[C@@H]1[C@@H]2C(=O)CC2(C)[C@H]1CCC2(O)C(=O)CO,1,C[C@]12CC(=O)[C@H]3[C@@H](CCC4=CC(=O)CC[C@@]43C)[C@@H]1CC[C@]2(O)C(=O)CO,B,B3DB_classification:2909
nonisomeric_exact_high_conf,test,test:5,Cc1onc(-c2ccccc2Cl)c1C(=O)NC1C(=O)N2[C@H]1SC(C)(C)[C@@H]2C(=O)O,0,Cc1onc(-c2ccccc2Cl)c1C(=O)N[C@@H]1C(=O)N2[C@@H](C(=O)O)C(C)(C)S[C@H]12,B,B3DB_classification:3637|B3DB_classification:4602
nonisomeric_exact_high_conf,test,test:8,Nc1nc(Cl)nc2c1ncn2[C@@H]1C[C@H](O)[C@H](CO)O1,1,Nc1nc(Cl)nc2c1ncn2[C@H]1C[C@H](O)[C@@H](CO)O1,B,B3DB_classification:3709|B3DB_classification:4628
nonisomeric_exact_high_conf,test,test:9,Nc1ncnc2c1ncn2[C@H]1O[C@@H](CO)[C@@H](O)[C@@H]1O,1,Nc1ncnc2c1ncn2C1OC(CO)C(O)C1O,B,B3DB_classification:3713
nonisomeric_exact_high_conf,test,test:175,Clc1ccc(CO[C@H](Cn2ccnc2)c2ccc(Cl)cc2Cl)c(Cl)c1,1,Clc1ccc(COC(Cn2ccnc2)c2ccc(Cl)cc2Cl)c(Cl)c1,B,B3DB_classification:3640
nonisomeric_exact_high_conf,test,test:179,C[C@@H]1O[C@H]1P(=O)(O)O,1,C[C@@H]1O[C@@H]1P(=O)(O)O,B,B3DB_classification:3526
nonisomeric_exact_high_conf,test,test:259,CN(C(=O)C(c1ccccc1)c1ccccc1)C(CN1CCC(O)C1)c1ccccc1,1,CN(C(=O)C(c1ccccc1)c1ccccc1)[C@H](CN1CC[C@H](O)C1)c1ccccc1,A,B3DB_classification:276|B3DB_classification:3147
nonisomeric_exact_high_conf,test,test:269,C=CCN1CCC23c4c5ccc(O)c4O[C@@H]2C(=O)CCC3(O)C1C5,1,C=CCN1CC[C@]23c4c5ccc(O)c4O[C@H]2C(=O)CC[C@@]3(O)[C@H]1C5,B,B3DB_classification:2669|B3DB_classification:4121
nonisomeric_exact_high_conf,test,test:284,CN(C)c1ccc(O)c2c1C[C@@H]1C[C@H]3[C@H](N(C)C)C(O)=C(C(N)=O)C(=O)C3(O)C(O)=C1C2=O,1,CN(C)c1ccc(O)c2c1C[C@H]1C[C@H]3[C@H](N(C)C)C(O)=C(C(N)=O)C(=O)[C@@]3(O)C(O)=C1C2=O,B,B3DB_classification:3201
nonisomeric_exact_high_conf,test,test:299,CO/N=C(/C(=O)NC1C(=O)N2C(C(=O)O)=C(/C=C\c3scnc3C)CS[C@H]12)c1csc(N)n1,0,CO/N=C(\C(=O)NC1C(=O)N2C(C(=O)O)=C(/C=C\c3scnc3C)CS[C@H]12)c1csc(N)n1,B,B3DB_classification:1944|B3DB_classification:3307|B3DB_classification:3323|B3DB_classification:4538
nonisomeric_exact_high_conf,test,test:319,CO/N=C(/C(=O)N[C@@H]1C(=O)N2C(C(=O)O)=C(CSc3nnnn3C)CS[C@H]12)c1csc(N)n1,0,CO/N=C(\C(=O)N[C@@H]1C(=O)N2C(C(=O)O)=C(CSc3nnnn3C)CS[C@H]12)c1csc(N)n1,B,B3DB_classification:1954|B3DB_classification:3314|B3DB_classification:3331|B3DB_classification:4547
nonisomeric_exact_high_conf,test,test:376,Nc1ccn([C@H]2O[C@@H](CO)[C@@H](O)[C@@H]2O)c(=O)n1,1,Nc1ccn([C@@H]2O[C@H](CO)[C@@H](O)[C@@H]2O)c(=O)n1,B,B3DB_classification:3706|B3DB_classification:4626
nonisomeric_exact_high_conf,test,test:399,CC(=O)S[C@H]1CC2=CC(=O)CCC2(C)[C@H]2CCC3(C)[C@@H](CCC34CCC(=O)O4)[C@@H]12,0,CC(=O)S[C@@H]1CC2=CC(=O)CC[C@]2(C)[C@H]2CC[C@@]3(C)[C@@H](CC[C@@]34CCC(=O)O4)[C@@H]21,B,B3DB_classification:2760
nonisomeric_exact_high_conf,test,test:400,CO/N=C\C1=CCCN(C)C1,1,CO/N=C/C1=CCCN(C)C1,B,B3DB_classification:1960|B3DB_classification:4553
inchikey_exact_high_conf,train,train:88,NC(N)=NCCCOc1ccccc1,1,N=C(N)NCCCOc1ccccc1,B,B3DB_classification:2308
inchikey_exact_high_conf,train,train:728,CC(=O)N1CCN(C(=O)Cc2ccc([S@@+](C)[O-])cc2)[C@@H](CN2CC[C@H](O)C2)C1,0,CC(=O)N1CCN(C(=O)Cc2ccc([S@@](C)=O)cc2)[C@@H](CN2CC[C@H](O)C2)C1,B,B3DB_classification:1143
inchikey_exact_high_conf,train,train:784,Cc1ccc(CC2=CN=C(NCCSCc3ccc(CN(C)C)o3)NC2)cn1,0,Cc1ccc(CC2=CNC(NCCSCc3ccc(CN(C)C)o3)=NC2)cn1,B,B3DB_classification:2185
inchikey_exact_high_conf,train,train:841,CN1CC(=O)NC1=NC(=O)Nc1cccc(Cl)c1,1,CN1CC(=O)N=C1NC(=O)Nc1cccc(Cl)c1,B,B3DB_classification:1822
inchikey_exact_high_conf,train,train:848,O=C1NC(=NC2CC2)OC1c1ccccc1,1,O=C1N=C(NC2CC2)OC1c1ccccc1,B,B3DB_classification:2471
inchikey_exact_high_conf,train,train:920,CN/C(=N\CCSCc1csc(NC(=N)N)n1)NC#N,1,CN=C(NC#N)NCCSCc1csc(N=C(N)N)n1,A,B3DB_classification:174
inchikey_exact_high_conf,train,train:1008,CN1CCCCC1CCN1c2ccccc2Sc2ccc([S+](C)[O-])cc21,1,CN1CCCCC1CCN1c2ccccc2Sc2ccc(S(C)=O)cc21,A,B3DB_classification:314
inchikey_exact_high_conf,train,train:1061,CN=C(NC#N)Nc1cccc(-c2csc(N=C(N)N)n2)c1,0,CNC(=NC#N)Nc1cccc(-c2csc(N=C(N)N)n2)c1,A,B3DB_classification:35
inchikey_exact_high_conf,train,train:1096,CCNC(=NCCSCc1ncccc1Br)NC#N,0,CCNC(=NC#N)NCCSCc1ncccc1Br,A,B3DB_classification:4
inchikey_exact_high_conf,train,train:1224,Cn1c(=O)c2[nH]cnc2n(C)c1=O,1,Cn1c(=O)c2nc[nH]c2n(C)c1=O,A,B3DB_classification:339
inchikey_exact_high_conf,train,train:1272,COc1ccc2nc([S+]([O-])Cc3ncc(C)c(OC)c3C)[nH]c2c1,1,COc1ccc2nc(S(=O)Cc3ncc(C)c(OC)c3C)[nH]c2c1,A,B3DB_classification:170
inchikey_exact_high_conf,train,train:1284,C[C@@H](O)[C@H]1C(=O)N2C(C(=O)O)=C(SC3CC[S+]([O-])C3)S[C@H]12,0,C[C@@H](O)[C@H]1C(=O)N2C(C(=O)O)=C(SC3CCS(=O)C3)S[C@H]12,B,B3DB_classification:2099
inchikey_exact_high_conf,train,train:1300,CCN=C1NC(=O)C(c2ccccc2)O1,1,CCNC1=NC(=O)C(c2ccccc2)O1,B,B3DB_classification:1617
inchikey_exact_high_conf,valid,valid:40,O=c1[nH]cnc2c1ncn2[C@H]1CC[C@@H](CO)O1,0,O=c1nc[nH]c2c1ncn2[C@H]1CC[C@@H](CO)O1,A,B3DB_classification:85
inchikey_exact_high_conf,test,test:16,Nc1nc2ncc(CNc3ccc(C(=O)N[C@@H](CCC(=O)O)C(=O)O)cc3)nc2c(=O)[nH]1,1,Nc1nc(=O)c2nc(CNc3ccc(C(=O)N[C@@H](CCC(=O)O)C(=O)O)cc3)cnc2[nH]1,B,B3DB_classification:2357
inchikey_exact_high_conf,test,test:224,Nc1nc2c(ncn2CC[C@@H](O)CO)c(=O)[nH]1,1,Nc1nc(=O)c2ncn(CC[C@@H](O)CO)c2[nH]1,B,B3DB_classification:2356
inchikey_exact_high_conf,test,test:228,CC(C)[C@H](N)C(=O)OCC(CO)OCn1cnc2c(=O)[nH]c(N)nc21,1,CC(C)[C@H](N)C(=O)OCC(CO)OCn1cnc2c(=O)nc(N)[nH]c21,B,B3DB_classification:1275
inchikey_exact_high_conf,test,test:237,CCN=C1Nc2ccc(Cl)cc2C(c2ccccc2)S1,1,CCNC1=Nc2ccc(Cl)cc2C(c2ccccc2)S1,B,B3DB_classification:1618
